1 6992
2 6991
3 6991
4 6975
5 6955
6 6955
7 6940
8 6940
9 6940
10 6940
11 6940
12 6915
13 6915
14 6896
15 6896
16 6896
17 6871
18 6865
19 6823
20 6809
21 6796
22 6770
23 6770
24 6770
25 6770
26 6770
27 6770
28 6770
29 6770
30 6770
31 6770
32 6770
33 6759
34 6750
35 6750
36 6750
37 6750
38 6747
39 6747
40 6747
41 6747
42 6731
43 6690
44 6690
45 6690
46 6690
47 6690
48 6685
49 6685
50 6685
51 6652
52 6648
53 6641
54 6641
55 6641
56 6637
57 6602
58 6602
59 6602
60 6590
61 6563
62 6563
63 6548
64 6548
65 6548
66 6548
67 6495
68 6495
69 6491
70 6491
71 6491
72 6491
73 6491
74 6480
75 6480
76 6480
77 6467
78 6467
79 6467
80 6463
81 6463
82 6458
83 6424
84 6424
85 6406
86 6402
87 6402
88 6402
89 6402
90 6402
91 6399
92 6399
93 6399
94 6399
95 6399
96 6399
97 6399
98 6399
99 6399
100 6399
101 6373
102 6373
103 6372
104 6362
105 6359
106 6359
107 6352
108 6340
109 6340
110 6328
111 6328
112 6325
113 6317
114 6292
115 6292
116 6275
117 6275
118 6275
119 6275
120 6275
121 6270
122 6270
123 6270
124 6270
125 6270
126 6270
127 6268
128 6268
129 6268
130 6268
131 6251
132 6251
133 6251
134 6239
135 6239
136 6239
137 6228
138 6228
139 6228
140 6214
141 6211
142 6211
143 6196
144 6188
145 6180
146 6124
147 6124
148 6124
149 6117
150 6110
151 6110
152 6096
153 6089
154 6088
155 6088
156 6088
157 6088
158 6088
159 6088
160 6088
161 6075
162 6050
163 6050
164 6049
165 6049
166 6049
167 6049
168 6049
169 6038
170 6038
171 6038
172 5995
173 5995
174 5995
175 5995
176 5995
177 5995
178 5988
179 5967
180 5967
181 5963
182 5963
183 5963
184 5963
185 5957
186 5941
187 5941
188 5913
189 5913
190 5909
191 5909
192 5909
193 5909
194 5907
195 5907
196 5907
197 5857
198 5857
199 5822
200 5820
201 5789
202 5780
203 5780
204 5767
205 5762
206 5748
207 5748
208 5748
209 5748
210 5748
211 5748
212 5748
213 5736
214 5736
215 5734
216 5734
217 5734
218 5724
219 5724
220 5724
221 5724
222 5724
223 5723
224 5723
225 5723
226 5723
227 5723
228 5723
229 5723
230 5723
231 5723
232 5723
233 5723
234 5694
235 5694
236 5694
237 5694
238 5694
239 5694
240 5694
241 5694
242 5694
243 5694
244 5694
245 5694
246 5694
247 5694
248 5694
249 5686
250 5686
251 5686
252 5674
253 5668
254 5668
255 5668
256 5668
257 5653
258 5653
259 5653
260 5653
261 5648
262 5648
263 5612
264 5612
265 5612
266 5612
267 5612
268 5612
269 5612
270 5612
271 5612
272 5612
273 5612
274 5612
275 5612
276 5612
277 5612
278 5612
279 5612
280 5612
281 5612
282 5612
283 5612
284 5612
285 5612
286 5612
287 5611
288 5611
289 5611
290 5611
291 5611
292 5611
293 5611
294 5611
295 5611
296 5611
297 5611
298 5611
299 5611
300 5611
301 5611
302 5611
303 5600
304 5599
305 5597
306 5564
307 5564
308 5564
309 5528
310 5528
311 5520
312 5520
313 5520
314 5520
315 5520
316 5515
317 5483
318 5483
319 5483
320 5482
321 5470
322 5464
323 5464
324 5462
325 5462
326 5462
327 5462
328 5462
329 5462
330 5462
331 5462
332 5462
333 5462
334 5462
335 5462
336 5462
337 5457
338 5457
339 5457
340 5457
341 5455
342 5455
343 5446
344 5439
345 5439
346 5439
347 5439
348 5439
349 5401
350 5401
351 5401
352 5401
353 5401
354 5401
355 5392
356 5392
357 5392
358 5392
359 5390
360 5390
361 5390
362 5389
363 5389
364 5371
365 5368
366 5355
367 5355
368 5355
369 5355
370 5355
371 5355
372 5355
373 5355
374 5355
375 5355
376 5355
377 5355
378 5337
379 5337
380 5337
381 5336
382 5336
383 5336
384 5335
385 5335
386 5335
387 5335
388 5335
389 5335
390 5335
391 5321
392 5321
393 5321
394 5321
395 5321
396 5321
397 5321
398 5321
399 5321
400 5321
401 5321
402 5321
403 5321
404 5319
405 5319
406 5319
407 5319
408 5319
409 5319
410 5309
411 5309
412 5309
413 5309
414 5309
415 5306
416 5306
417 5306
418 5306
419 5306
420 5306
421 5306
422 5280
423 5280
424 5280
425 5280
426 5280
427 5280
428 5280
429 5280
430 5280
431 5262
432 5262
433 5262
434 5262
435 5262
436 5262
437 5262
438 5247
439 5247
440 5247
441 5247
442 5247
443 5243
444 5243
445 5243
446 5243
447 5243
448 5243
449 5243
450 5243
451 5243
452 5234
453 5234
454 5234
455 5226
456 5226
457 5226
458 5226
459 5226
460 5226
461 5226
462 5222
463 5222
464 5222
465 5222
466 5222
467 5222
468 5222
469 5222
470 5222
471 5212
472 5212
473 5149
474 5149
475 5149
476 5149
477 5149
478 5145
479 5145
480 5128
481 5128
482 5128
483 5128
484 5128
485 5128
486 5128
487 5128
488 5128
489 5128
490 5128
491 5128
492 5128
493 5128
494 5128
495 5128
496 5126
497 5126
498 5116
499 5116
500 5116
501 5099
502 5099
503 5099
504 5099
505 5097
506 5097
507 5097
508 5097
509 5091
510 5091
511 5091
512 5091
513 5091
514 5091
515 5077
516 5077
517 5077
518 5077
519 5077
520 5077
521 5077
522 5077
523 5077
524 5075
525 5075
526 5075
527 5075
528 5075
529 5075
530 5075
531 5075
532 5075
533 5075
534 5075
535 5075
536 5075
537 5067
538 5059
539 5059
540 5059
541 5059
542 5059
543 5059
544 5059
545 5059
546 5059
547 5059
548 5059
549 5059
550 5049
551 5041
552 5041
553 5041
554 5041
555 5041
556 5041
557 5022
558 5022
559 5022
560 5022
561 5022
562 5022
563 5022
564 5022
565 5020
566 5020
567 5020
568 5020
569 5020
570 4978
571 4978
572 4978
573 4978
574 4978
575 4978
576 4955
577 4955
578 4955
579 4938
580 4938
581 4938
582 4938
583 4938
584 4938
585 4938
586 4938
587 4938
588 4933
589 4933
590 4933
591 4933
592 4933
593 4933
594 4933
595 4931
596 4931
597 4931
598 4931
599 4931
600 4927
601 4927
602 4927
603 4927
604 4927
605 4927
606 4914
607 4914
608 4908
609 4908
610 4908
611 4902
612 4902
613 4901
614 4901
615 4901
616 4901
617 4901
618 4901
619 4901
620 4901
621 4901
622 4901
623 4901
624 4874
625 4874
626 4874
627 4874
628 4874
629 4874
630 4874
631 4871
632 4871
633 4871
634 4871
635 4871
636 4864
637 4864
638 4862
639 4847
640 4847
641 4847
642 4847
643 4847
644 4847
645 4847
646 4847
647 4847
648 4847
649 4847
650 4847
651 4847
652 4822
653 4805
654 4805
655 4805
656 4805
657 4803
658 4797
659 4797
660 4797
661 4797
662 4797
663 4797
664 4774
665 4774
666 4774
667 4774
668 4756
669 4746
670 4746
671 4746
672 4746
673 4745
674 4745
675 4743
676 4743
677 4743
678 4743
679 4743
680 4743
681 4729
682 4729
683 4729
684 4729
685 4729
686 4729
687 4729
688 4729
689 4729
690 4729
691 4729
692 4729
693 4729
694 4729
695 4729
696 4729
697 4729
698 4713
699 4692
700 4692
701 4692
702 4692
703 4692
704 4657
705 4657
706 4657
707 4657
708 4631
709 4629
710 4629
711 4629
712 4629
713 4629
714 4629
715 4629
716 4629
717 4629
718 4623
719 4623
720 4623
721 4623
722 4623
723 4623
724 4623
725 4623
726 4623
727 4623
728 4612
729 4612
730 4612
731 4612
732 4612
733 4612
734 4612
735 4612
736 4612
737 4612
738 4612
739 4604
740 4604
741 4604
742 4604
743 4604
744 4604
745 4604
746 4604
747 4604
748 4604
749 4604
750 4604
751 4604
752 4604
753 4604
754 4604
755 4604
756 4604
757 4604
758 4604
759 4599
760 4599
761 4599
762 4599
763 4599
764 4599
765 4599
766 4586
767 4586
768 4586
769 4585
770 4551
771 4551
772 4551
773 4551
774 4551
775 4540
776 4540
777 4540
778 4540
779 4523
780 4523
781 4523
782 4523
783 4520
784 4520
785 4520
786 4512
787 4512
788 4512
789 4512
790 4512
791 4512
792 4512
793 4503
794 4503
795 4503
796 4503
797 4503
798 4503
799 4503
800 4475
801 4475
802 4475
803 4475
804 4475
805 4475
806 4475
807 4475
808 4475
809 4475
810 4475
811 4475
812 4474
813 4474
814 4474
815 4474
816 4474
817 4474
818 4474
819 4470
820 4470
821 4470
822 4470
823 4470
824 4470
825 4470
826 4470
827 4470
828 4461
829 4454
830 4454
831 4454
832 4454
833 4454
834 4454
835 4454
836 4454
837 4454
838 4454
839 4437
840 4437
841 4437
842 4437
843 4437
844 4437
845 4437
846 4437
847 4437
848 4431
849 4431
850 4431
851 4431
852 4431
853 4431
854 4431
855 4431
856 4431
857 4431
858 4431
859 4431
860 4431
861 4431
862 4428
863 4428
864 4428
865 4428
866 4428
867 4428
868 4428
869 4428
870 4428
871 4428
872 4428
873 4428
874 4428
875 4428
876 4428
877 4428
878 4428
879 4417
880 4417
881 4417
882 4417
883 4410
884 4410
885 4410
886 4398
887 4398
888 4393
889 4393
890 4393
891 4393
892 4393
893 4393
894 4381
895 4358
896 4358
897 4358
898 4350
899 4350
900 4350
901 4350
902 4350
903 4350
904 4345
905 4345
906 4345
907 4343
908 4343
909 4343
910 4343
911 4343
912 4343
913 4343
914 4343
915 4343
916 4341
917 4341
918 4341
919 4341
920 4341
921 4341
922 4341
923 4341
924 4341
925 4341
926 4341
927 4341
928 4341
929 4341
930 4341
931 4341
932 4341
933 4341
934 4341
935 4341
936 4335
937 4335
938 4335
939 4335
940 4335
941 4335
942 4335
943 4335
944 4335
945 4334
946 4334
947 4334
948 4334
949 4334
950 4334
951 4334
952 4334
953 4334
954 4334
955 4322
956 4322
957 4322
958 4322
959 4322
960 4322
961 4322
962 4318
963 4318
964 4318
965 4318
966 4316
967 4316
968 4316
969 4316
970 4316
971 4316
972 4316
973 4316
974 4316
975 4316
976 4316
977 4316
978 4316
979 4316
980 4316
981 4316
982 4316
983 4316
984 4316
985 4316
986 4316
987 4316
988 4316
989 4316
990 4316
991 4316
992 4316
993 4316
994 4316
995 4289
996 4289
997 4289
998 4289
999 4289
1000 4289
1001 4289
1002 4289
1003 4289
1004 4289
1005 4289
1006 4289
1007 4289
1008 4289
1009 4289
1010 4289
1011 4289
1012 4289
1013 4289
1014 4289
1015 4289
1016 4287
1017 4287
1018 4284
1019 4272
1020 4272
1021 4272
1022 4272
1023 4272
1024 4272
1025 4269
1026 4269
1027 4269
1028 4269
1029 4269
1030 4269
1031 4269
1032 4269
1033 4269
1034 4269
1035 4269
1036 4269
1037 4269
1038 4269
1039 4269
1040 4269
1041 4269
1042 4269
1043 4269
1044 4269
1045 4269
1046 4269
1047 4269
1048 4269
1049 4269
1050 4269
1051 4253
1052 4253
1053 4253
1054 4253
1055 4253
1056 4253
1057 4253
1058 4253
1059 4253
1060 4250
1061 4250
1062 4250
1063 4250
1064 4246
1065 4246
1066 4246
1067 4246
1068 4246
1069 4246
1070 4246
1071 4246
1072 4246
1073 4246
1074 4246
1075 4246
1076 4246
1077 4246
1078 4246
1079 4246
1080 4246
1081 4246
1082 4246
1083 4246
1084 4246
1085 4246
1086 4246
1087 4246
1088 4246
1089 4246
1090 4246
1091 4246
1092 4246
1093 4246
1094 4225
1095 4225
1096 4225
1097 4225
1098 4225
1099 4225
1100 4225
1101 4225
1102 4225
1103 4225
1104 4225
1105 4225
1106 4225
1107 4225
1108 4225
1109 4225
1110 4225
1111 4225
1112 4225
1113 4225
1114 4225
1115 4225
1116 4225
1117 4225
1118 4225
1119 4225
1120 4225
1121 4225
1122 4225
1123 4225
1124 4225
1125 4225
1126 4225
1127 4218
1128 4218
1129 4216
1130 4216
1131 4213
1132 4213
1133 4213
1134 4213
1135 4213
1136 4213
1137 4213
1138 4213
1139 4213
1140 4213
1141 4213
1142 4213
1143 4209
1144 4209
1145 4209
1146 4209
1147 4209
1148 4204
1149 4204
1150 4204
1151 4204
1152 4204
1153 4204
1154 4204
1155 4204
1156 4198
1157 4198
1158 4198
1159 4198
1160 4198
1161 4198
1162 4198
1163 4198
1164 4198
1165 4198
1166 4198
1167 4198
1168 4198
1169 4198
1170 4198
1171 4198
1172 4198
1173 4198
1174 4198
1175 4198
1176 4198
1177 4198
1178 4198
1179 4198
1180 4198
1181 4198
1182 4198
1183 4198
1184 4198
1185 4198
1186 4198
1187 4198
1188 4198
1189 4198
1190 4198
1191 4198
1192 4198
1193 4198
1194 4198
1195 4198
1196 4198
1197 4198
1198 4198
1199 4198
1200 4198
1201 4198
1202 4198
1203 4198
1204 4198
1205 4198
1206 4198
1207 4198
1208 4198
1209 4198
1210 4198
1211 4198
1212 4196
1213 4196
1214 4196
1215 4196
1216 4196
1217 4196
1218 4196
1219 4196
1220 4185
1221 4182
1222 4182
1223 4182
1224 4182
1225 4182
1226 4182
1227 4182
1228 4182
1229 4182
1230 4182
1231 4182
1232 4182
1233 4182
1234 4182
1235 4182
1236 4182
1237 4182
1238 4182
1239 4182
1240 4170
1241 4170
1242 4143
1243 4143
1244 4143
1245 4143
1246 4143
1247 4128
1248 4128
1249 4128
1250 4128
1251 4128
1252 4128
1253 4128
1254 4128
1255 4128
1256 4128
1257 4128
1258 4128
1259 4128
1260 4128
1261 4128
1262 4128
1263 4128
1264 4128
1265 4128
1266 4128
1267 4128
1268 4128
1269 4128
1270 4128
1271 4120
1272 4120
1273 4120
1274 4120
1275 4120
1276 4120
1277 4120
1278 4120
1279 4091
1280 4090
1281 4090
1282 4090
1283 4077
1284 4077
1285 4077
1286 4077
1287 4077
1288 4077
1289 4077
1290 4077
1291 4077
1292 4077
1293 4077
1294 4077
1295 4054
1296 4054
1297 4054
1298 4054
1299 4054
1300 4054
1301 4054
1302 4054
1303 4054
1304 4054
1305 4054
1306 4054
1307 4047
1308 4047
1309 4047
1310 4047
1311 4047
1312 4047
1313 4047
1314 4047
1315 4047
1316 4047
1317 4047
1318 4047
1319 4047
1320 4047
1321 4041
1322 4029
1323 4029
1324 4029
1325 4021
1326 4021
1327 4021
1328 4021
1329 4021
1330 4021
1331 4021
1332 4021
1333 4021
1334 4021
1335 4021
1336 4021
1337 4021
1338 4021
1339 4021
1340 4021
1341 4021
1342 4021
1343 4021
1344 4021
1345 4021
1346 4021
1347 4021
1348 4021
1349 4021
1350 4021
1351 4021
1352 4021
1353 4021
1354 4021
1355 4021
1356 4021
1357 4009
1358 4006
1359 4003
1360 4003
1361 4003
1362 4003
1363 4003
1364 4003
1365 4003
1366 4003
1367 4003
1368 4003
1369 3993
1370 3993
1371 3993
1372 3993
1373 3993
1374 3993
1375 3993
1376 3993
1377 3992
1378 3992
1379 3992
1380 3992
1381 3992
1382 3992
1383 3992
1384 3992
1385 3992
1386 3992
1387 3992
1388 3992
1389 3992
1390 3992
1391 3992
1392 3992
1393 3992
1394 3992
1395 3992
1396 3992
1397 3992
1398 3992
1399 3992
1400 3989
1401 3989
1402 3989
1403 3989
1404 3989
1405 3989
1406 3989
1407 3989
1408 3989
1409 3989
1410 3989
1411 3989
1412 3989
1413 3989
1414 3989
1415 3985
1416 3985
1417 3985
1418 3985
1419 3985
1420 3985
1421 3985
1422 3985
1423 3985
1424 3985
1425 3985
1426 3985
1427 3985
1428 3985
1429 3985
1430 3985
1431 3985
1432 3985
1433 3985
1434 3985
1435 3985
1436 3985
1437 3985
1438 3985
1439 3975
1440 3975
1441 3975
1442 3975
1443 3975
1444 3975
1445 3975
1446 3975
1447 3975
1448 3963
1449 3963
1450 3963
1451 3963
1452 3963
1453 3963
1454 3963
1455 3963
1456 3963
1457 3963
1458 3963
1459 3963
1460 3963
1461 3963
1462 3963
1463 3963
1464 3963
1465 3963
1466 3950
1467 3950
1468 3950
1469 3950
1470 3950
1471 3950
1472 3950
1473 3950
1474 3948
1475 3948
1476 3937
1477 3937
1478 3937
1479 3937
1480 3933
1481 3933
1482 3933
1483 3933
1484 3933
1485 3933
1486 3933
1487 3933
1488 3933
1489 3933
1490 3933
1491 3933
1492 3933
1493 3933
1494 3933
1495 3933
1496 3933
1497 3933
1498 3933
1499 3933
1500 3933
1501 3933
1502 3933
1503 3933
1504 3933
1505 3933
1506 3933
1507 3933
1508 3933
1509 3933
1510 3933
1511 3933
1512 3933
1513 3933
1514 3933
1515 3933
1516 3933
1517 3933
1518 3933
1519 3933
1520 3933
1521 3933
1522 3933
1523 3931
1524 3931
1525 3924
1526 3924
1527 3924
1528 3924
1529 3924
1530 3924
1531 3915
1532 3915
1533 3915
1534 3915
1535 3915
1536 3915
1537 3915
1538 3915
1539 3915
1540 3915
1541 3915
1542 3915
1543 3915
1544 3915
1545 3915
1546 3915
1547 3915
1548 3915
1549 3915
1550 3915
1551 3915
1552 3915
1553 3915
1554 3908
1555 3908
1556 3908
1557 3908
1558 3908
1559 3908
1560 3908
1561 3908
1562 3908
1563 3908
1564 3908
1565 3908
1566 3908
1567 3908
1568 3908
1569 3908
1570 3908
1571 3908
1572 3908
1573 3908
1574 3908
1575 3908
1576 3908
1577 3908
1578 3908
1579 3903
1580 3903
1581 3903
1582 3903
1583 3903
1584 3903
1585 3903
1586 3903
1587 3903
1588 3903
1589 3903
1590 3903
1591 3903
1592 3903
1593 3903
1594 3903
1595 3903
1596 3903
1597 3903
1598 3903
1599 3903
1600 3903
1601 3903
1602 3903
1603 3903
1604 3903
1605 3903
1606 3903
1607 3903
1608 3903
1609 3903
1610 3903
1611 3903
1612 3903
1613 3903
1614 3903
1615 3903
1616 3903
1617 3903
1618 3903
1619 3903
1620 3903
1621 3903
1622 3903
1623 3903
1624 3903
1625 3903
1626 3903
1627 3903
1628 3903
1629 3903
1630 3903
1631 3903
1632 3903
1633 3903
1634 3903
1635 3903
1636 3903
1637 3903
1638 3903
1639 3903
1640 3903
1641 3903
1642 3903
1643 3903
1644 3902
1645 3902
1646 3902
1647 3902
1648 3902
1649 3902
1650 3902
1651 3902
1652 3902
1653 3902
1654 3902
1655 3901
1656 3901
1657 3901
1658 3901
1659 3901
1660 3901
1661 3895
1662 3895
1663 3895
1664 3895
1665 3895
1666 3895
1667 3895
1668 3895
1669 3895
1670 3895
1671 3895
1672 3895
1673 3895
1674 3895
1675 3895
1676 3895
1677 3895
1678 3895
1679 3895
1680 3895
1681 3895
1682 3895
1683 3895
1684 3895
1685 3895
1686 3895
1687 3895
1688 3895
1689 3895
1690 3895
1691 3895
1692 3895
1693 3895
1694 3895
1695 3895
1696 3887
1697 3887
1698 3887
1699 3887
1700 3887
1701 3887
1702 3887
1703 3887
1704 3887
1705 3882
1706 3882
1707 3882
1708 3882
1709 3882
1710 3882
1711 3882
1712 3882
1713 3882
1714 3860
1715 3860
1716 3860
1717 3860
1718 3860
1719 3860
1720 3860
1721 3860
1722 3828
1723 3828
1724 3824
1725 3824
1726 3824
1727 3824
1728 3824
1729 3824
1730 3824
1731 3824
1732 3824
1733 3824
1734 3824
1735 3824
1736 3824
1737 3824
1738 3824
1739 3824
1740 3824
1741 3824
1742 3824
1743 3824
1744 3824
1745 3824
1746 3824
1747 3824
1748 3824
1749 3821
1750 3821
1751 3821
1752 3817
1753 3817
1754 3810
1755 3810
1756 3810
1757 3810
1758 3810
1759 3810
1760 3810
1761 3810
1762 3810
1763 3810
1764 3810
1765 3810
1766 3810
1767 3810
1768 3810
1769 3810
1770 3810
1771 3810
1772 3810
1773 3810
1774 3810
1775 3810
1776 3810
1777 3791
1778 3791
1779 3791
1780 3791
1781 3791
1782 3791
1783 3791
1784 3791
1785 3791
1786 3791
1787 3791
1788 3791
1789 3791
1790 3791
1791 3791
1792 3791
1793 3791
1794 3791
1795 3791
1796 3791
1797 3767
1798 3767
1799 3767
1800 3767
1801 3767
1802 3767
1803 3767
1804 3767
1805 3767
1806 3767
1807 3767
1808 3767
1809 3767
1810 3767
1811 3762
1812 3762
1813 3762
1814 3762
1815 3762
1816 3762
1817 3762
1818 3762
1819 3762
1820 3762
1821 3762
1822 3762
1823 3762
1824 3755
1825 3755
1826 3755
1827 3755
1828 3755
1829 3755
1830 3755
1831 3755
1832 3755
1833 3755
1834 3755
1835 3755
1836 3755
1837 3755
1838 3755
1839 3755
1840 3755
1841 3755
1842 3755
1843 3755
1844 3755
1845 3755
1846 3755
1847 3755
1848 3755
1849 3755
1850 3755
1851 3739
1852 3739
1853 3739
1854 3739
1855 3739
1856 3739
1857 3739
1858 3739
1859 3737
1860 3737
1861 3737
1862 3737
1863 3737
1864 3737
1865 3737
1866 3737
1867 3737
1868 3737
1869 3737
1870 3737
1871 3737
1872 3737
1873 3737
1874 3737
1875 3737
1876 3737
1877 3737
1878 3737
1879 3737
1880 3737
1881 3737
1882 3737
1883 3737
1884 3737
1885 3737
1886 3737
1887 3737
1888 3737
1889 3737
1890 3737
1891 3737
1892 3737
1893 3737
1894 3737
1895 3737
1896 3737
1897 3737
1898 3737
1899 3735
1900 3735
1901 3735
1902 3735
1903 3735
1904 3735
1905 3735
1906 3735
1907 3735
1908 3735
1909 3735
1910 3735
1911 3735
1912 3735
1913 3735
1914 3735
1915 3735
1916 3735
1917 3734
1918 3734
1919 3734
1920 3734
1921 3734
1922 3734
1923 3734
1924 3734
1925 3734
1926 3734
1927 3734
1928 3734
1929 3734
1930 3733
1931 3720
1932 3720
1933 3720
1934 3720
1935 3720
1936 3720
1937 3720
1938 3720
1939 3720
1940 3720
1941 3720
1942 3720
1943 3713
1944 3713
1945 3713
1946 3713
1947 3713
1948 3712
1949 3712
1950 3712
1951 3712
1952 3712
1953 3712
1954 3712
1955 3712
1956 3712
1957 3712
1958 3712
1959 3712
1960 3712
1961 3712
1962 3712
1963 3712
1964 3712
1965 3712
1966 3712
1967 3712
1968 3712
1969 3712
1970 3712
1971 3712
1972 3712
1973 3712
1974 3712
1975 3712
1976 3712
1977 3700
1978 3700
1979 3700
1980 3700
1981 3700
1982 3700
1983 3700
1984 3700
1985 3700
1986 3700
1987 3700
1988 3700
1989 3700
1990 3700
1991 3700
1992 3700
1993 3700
1994 3700
1995 3700
1996 3700
1997 3700
1998 3700
1999 3700
2000 3693
2001 3693
2002 3693
2003 3677
2004 3677
2005 3677
2006 3677
2007 3675
2008 3675
2009 3675
2010 3675
2011 3675
2012 3675
2013 3675
2014 3675
2015 3675
2016 3675
2017 3675
2018 3675
2019 3675
2020 3675
2021 3675
2022 3675
2023 3675
2024 3675
2025 3675
2026 3675
2027 3675
2028 3675
2029 3675
2030 3675
2031 3675
2032 3675
2033 3675
2034 3675
2035 3675
2036 3675
2037 3675
2038 3675
2039 3675
2040 3675
2041 3675
2042 3675
2043 3675
2044 3675
2045 3675
2046 3675
2047 3675
2048 3675
2049 3675
2050 3675
2051 3675
2052 3675
2053 3675
2054 3675
2055 3675
2056 3675
2057 3675
2058 3675
2059 3675
2060 3673
2061 3673
2062 3673
2063 3673
2064 3673
2065 3673
2066 3673
2067 3673
2068 3673
2069 3673
2070 3673
2071 3673
2072 3673
2073 3673
2074 3673
2075 3673
2076 3673
2077 3662
2078 3662
2079 3662
2080 3662
2081 3662
2082 3662
2083 3662
2084 3662
2085 3662
2086 3662
2087 3662
2088 3662
2089 3662
2090 3662
2091 3662
2092 3662
2093 3662
2094 3662
2095 3662
2096 3662
2097 3662
2098 3662
2099 3662
2100 3662
2101 3662
2102 3662
2103 3662
2104 3662
2105 3662
2106 3662
2107 3647
2108 3647
2109 3647
2110 3647
2111 3647
2112 3647
2113 3647
2114 3647
2115 3647
2116 3647
2117 3647
2118 3647
2119 3647
2120 3647
2121 3647
2122 3647
2123 3647
2124 3647
2125 3647
2126 3647
2127 3647
2128 3647
2129 3647
2130 3647
2131 3647
2132 3647
2133 3647
2134 3647
2135 3647
2136 3647
2137 3647
2138 3647
2139 3647
2140 3645
2141 3645
2142 3645
2143 3645
2144 3645
2145 3643
2146 3643
2147 3643
2148 3643
2149 3643
2150 3643
2151 3643
2152 3643
2153 3643
2154 3643
2155 3626
2156 3602
2157 3602
2158 3602
2159 3602
2160 3602
2161 3602
2162 3602
2163 3602
2164 3602
2165 3602
2166 3602
2167 3602
2168 3602
2169 3602
2170 3602
2171 3588
2172 3588
2173 3588
2174 3588
2175 3588
2176 3588
2177 3588
2178 3588
2179 3588
2180 3588
2181 3588
2182 3588
2183 3588
2184 3588
2185 3585
2186 3585
2187 3585
2188 3585
2189 3585
2190 3585
2191 3585
2192 3585
2193 3585
2194 3585
2195 3585
2196 3585
2197 3585
2198 3585
2199 3585
2200 3585
2201 3585
2202 3585
2203 3585
2204 3585
2205 3585
2206 3585
2207 3572
2208 3572
2209 3572
2210 3572
2211 3572
2212 3572
2213 3572
2214 3572
2215 3572
2216 3572
2217 3572
2218 3572
2219 3572
2220 3572
2221 3562
2222 3562
2223 3562
2224 3562
2225 3562
2226 3562
2227 3562
2228 3562
2229 3562
2230 3562
2231 3562
2232 3562
2233 3562
2234 3562
2235 3562
2236 3562
2237 3562
2238 3562
2239 3562
2240 3562
2241 3562
2242 3562
2243 3562
2244 3562
2245 3562
2246 3562
2247 3562
2248 3562
2249 3562
2250 3562
2251 3562
2252 3562
2253 3558
2254 3558
2255 3558
2256 3558
2257 3558
2258 3558
2259 3558
2260 3558
2261 3558
2262 3558
2263 3558
2264 3558
2265 3558
2266 3558
2267 3558
2268 3552
2269 3552
2270 3552
2271 3552
2272 3551
2273 3551
2274 3551
2275 3551
2276 3551
2277 3551
2278 3551
2279 3551
2280 3551
2281 3551
2282 3551
2283 3551
2284 3551
2285 3551
2286 3551
2287 3551
2288 3551
2289 3551
2290 3551
2291 3551
2292 3551
2293 3551
2294 3551
2295 3551
2296 3551
2297 3551
2298 3551
2299 3550
2300 3550
2301 3550
2302 3550
2303 3550
2304 3550
2305 3550
2306 3550
2307 3550
2308 3550
2309 3550
2310 3550
2311 3550
2312 3546
2313 3546
2314 3546
2315 3546
2316 3546
2317 3546
2318 3546
2319 3546
2320 3546
2321 3546
2322 3546
2323 3546
2324 3546
2325 3546
2326 3546
2327 3546
2328 3546
2329 3546
2330 3546
2331 3546
2332 3546
2333 3546
2334 3546
2335 3546
2336 3546
2337 3546
2338 3546
2339 3546
2340 3546
2341 3546
2342 3546
2343 3546
2344 3546
2345 3546
2346 3546
2347 3546
2348 3546
2349 3546
2350 3546
2351 3546
2352 3546
2353 3546
2354 3546
2355 3546
2356 3546
2357 3546
2358 3546
2359 3546
2360 3546
2361 3546
2362 3546
2363 3546
2364 3546
2365 3546
2366 3546
2367 3546
2368 3546
2369 3546
2370 3546
2371 3546
2372 3546
2373 3522
2374 3522
2375 3522
2376 3522
2377 3522
2378 3522
2379 3522
2380 3522
2381 3522
2382 3521
2383 3521
2384 3521
2385 3521
2386 3521
2387 3521
2388 3521
2389 3521
2390 3521
2391 3521
2392 3521
2393 3521
2394 3520
2395 3520
2396 3520
2397 3520
2398 3520
2399 3520
2400 3520
2401 3520
2402 3520
2403 3520
2404 3520
2405 3520
2406 3520
2407 3520
2408 3520
2409 3517
2410 3517
2411 3517
2412 3517
2413 3517
2414 3517
2415 3517
2416 3517
2417 3516
2418 3516
2419 3516
2420 3516
2421 3516
2422 3516
2423 3508
2424 3508
2425 3508
2426 3508
2427 3508
2428 3508
2429 3508
2430 3508
2431 3508
2432 3508
2433 3508
2434 3508
2435 3508
2436 3508
2437 3508
2438 3508
2439 3508
2440 3508
2441 3508
2442 3508
2443 3508
2444 3508
2445 3508
2446 3508
2447 3508
2448 3508
2449 3508
2450 3508
2451 3508
2452 3508
2453 3508
2454 3508
2455 3508
2456 3508
2457 3508
2458 3508
2459 3508
2460 3508
2461 3508
2462 3508
2463 3508
2464 3508
2465 3499
2466 3498
2467 3498
2468 3498
2469 3498
2470 3498
2471 3490
2472 3490
2473 3490
2474 3490
2475 3490
2476 3490
2477 3490
2478 3490
2479 3490
2480 3490
2481 3490
2482 3490
2483 3490
2484 3490
2485 3490
2486 3490
2487 3490
2488 3488
2489 3488
2490 3488
2491 3488
2492 3488
2493 3488
2494 3488
2495 3488
2496 3479
2497 3479
2498 3479
2499 3479
2500 3479
2501 3479
2502 3479
2503 3479
2504 3479
2505 3479
2506 3479
2507 3479
2508 3479
2509 3479
2510 3479
2511 3479
2512 3479
2513 3479
2514 3479
2515 3479
2516 3479
2517 3479
2518 3479
2519 3479
2520 3479
2521 3479
2522 3479
2523 3479
2524 3479
2525 3479
2526 3479
2527 3479
2528 3479
2529 3479
2530 3479
2531 3479
2532 3479
2533 3479
2534 3479
2535 3479
2536 3479
2537 3479
2538 3479
2539 3479
2540 3479
2541 3479
2542 3479
2543 3479
2544 3479
2545 3479
2546 3479
2547 3479
2548 3479
2549 3479
2550 3479
2551 3479
2552 3479
2553 3479
2554 3479
2555 3479
2556 3479
2557 3479
2558 3479
2559 3479
2560 3479
2561 3473
2562 3473
2563 3473
2564 3473
2565 3473
2566 3473
2567 3469
2568 3469
2569 3469
2570 3469
2571 3469
2572 3469
2573 3469
2574 3469
2575 3467
2576 3467
2577 3467
2578 3467
2579 3467
2580 3467
2581 3467
2582 3465
2583 3455
2584 3455
2585 3455
2586 3455
2587 3455
2588 3455
2589 3455
2590 3455
2591 3455
2592 3455
2593 3455
2594 3455
2595 3455
2596 3455
2597 3455
2598 3455
2599 3455
2600 3455
2601 3455
2602 3455
2603 3455
2604 3455
2605 3455
2606 3455
2607 3455
2608 3455
2609 3455
2610 3455
2611 3455
2612 3455
2613 3455
2614 3455
2615 3455
2616 3455
2617 3455
2618 3455
2619 3455
2620 3455
2621 3455
2622 3455
2623 3455
2624 3455
2625 3455
2626 3455
2627 3455
2628 3455
2629 3455
2630 3455
2631 3455
2632 3455
2633 3455
2634 3455
2635 3455
2636 3455
2637 3455
2638 3455
2639 3455
2640 3455
2641 3455
2642 3455
2643 3455
2644 3455
2645 3455
2646 3455
2647 3455
2648 3455
2649 3455
2650 3455
2651 3455
2652 3455
2653 3448
2654 3448
2655 3448
2656 3448
2657 3448
2658 3446
2659 3446
2660 3446
2661 3446
2662 3446
2663 3446
2664 3446
2665 3446
2666 3446
2667 3446
2668 3446
2669 3446
2670 3446
2671 3446
2672 3446
2673 3446
2674 3446
2675 3446
2676 3446
2677 3446
2678 3446
2679 3446
2680 3446
2681 3446
2682 3446
2683 3446
2684 3446
2685 3446
2686 3446
2687 3446
2688 3446
2689 3446
2690 3446
2691 3446
2692 3446
2693 3446
2694 3446
2695 3446
2696 3446
2697 3446
2698 3446
2699 3446
2700 3446
2701 3446
2702 3446
2703 3446
2704 3446
2705 3446
2706 3446
2707 3446
2708 3446
2709 3446
2710 3446
2711 3446
2712 3446
2713 3446
2714 3446
2715 3443
2716 3443
2717 3443
2718 3443
2719 3443
2720 3443
2721 3443
2722 3443
2723 3443
2724 3443
2725 3443
2726 3443
2727 3443
2728 3443
2729 3443
2730 3443
2731 3443
2732 3443
2733 3443
2734 3443
2735 3443
2736 3443
2737 3443
2738 3443
2739 3443
2740 3443
2741 3443
2742 3443
2743 3443
2744 3443
2745 3443
2746 3443
2747 3443
2748 3443
2749 3443
2750 3443
2751 3443
2752 3443
2753 3443
2754 3443
2755 3443
2756 3443
2757 3443
2758 3443
2759 3434
2760 3434
2761 3434
2762 3434
2763 3434
2764 3434
2765 3434
2766 3434
2767 3434
2768 3434
2769 3434
2770 3434
2771 3434
2772 3434
2773 3434
2774 3434
2775 3434
2776 3434
2777 3434
2778 3434
2779 3434
2780 3434
2781 3434
2782 3434
2783 3434
2784 3434
2785 3434
2786 3427
2787 3427
2788 3427
2789 3427
2790 3427
2791 3427
2792 3427
2793 3427
2794 3427
2795 3427
2796 3427
2797 3427
2798 3427
2799 3427
2800 3427
2801 3427
2802 3427
2803 3427
2804 3427
2805 3427
2806 3427
2807 3427
2808 3427
2809 3427
2810 3427
2811 3427
2812 3427
2813 3427
2814 3427
2815 3425
2816 3425
2817 3425
2818 3425
2819 3421
2820 3421
2821 3421
2822 3421
2823 3421
2824 3421
2825 3421
2826 3421
2827 3421
2828 3421
2829 3421
2830 3421
2831 3421
2832 3421
2833 3421
2834 3421
2835 3421
2836 3421
2837 3421
2838 3421
2839 3421
2840 3421
2841 3421
2842 3421
2843 3420
2844 3420
2845 3420
2846 3420
2847 3420
2848 3420
2849 3420
2850 3420
2851 3420
2852 3420
2853 3420
2854 3420
2855 3420
2856 3420
2857 3420
2858 3420
2859 3418
2860 3418
2861 3418
2862 3418
2863 3418
2864 3418
2865 3418
2866 3418
2867 3418
2868 3418
2869 3418
2870 3418
2871 3418
2872 3418
2873 3418
2874 3418
2875 3418
2876 3418
2877 3418
2878 3418
2879 3418
2880 3418
2881 3418
2882 3418
2883 3418
2884 3410
2885 3410
2886 3410
2887 3410
2888 3410
2889 3410
2890 3410
2891 3410
2892 3410
2893 3410
2894 3410
2895 3410
2896 3410
2897 3410
2898 3409
2899 3409
2900 3409
2901 3390
2902 3390
2903 3390
2904 3390
2905 3390
2906 3390
2907 3388
2908 3388
2909 3388
2910 3388
2911 3388
2912 3388
2913 3388
2914 3388
2915 3388
2916 3388
2917 3388
2918 3388
2919 3388
2920 3388
2921 3388
2922 3388
2923 3388
2924 3388
2925 3388
2926 3388
2927 3388
2928 3388
2929 3388
2930 3388
2931 3388
2932 3388
2933 3388
2934 3388
2935 3388
2936 3388
2937 3388
2938 3388
2939 3388
2940 3388
2941 3388
2942 3388
2943 3388
2944 3388
2945 3388
2946 3388
2947 3388
2948 3388
2949 3388
2950 3388
2951 3388
2952 3388
2953 3388
2954 3388
2955 3388
2956 3388
2957 3388
2958 3388
2959 3388
2960 3388
2961 3388
2962 3388
2963 3388
2964 3388
2965 3388
2966 3388
2967 3388
2968 3388
2969 3388
2970 3388
2971 3388
2972 3388
2973 3388
2974 3388
2975 3388
2976 3388
2977 3388
2978 3388
2979 3388
2980 3388
2981 3388
2982 3388
2983 3388
2984 3388
2985 3374
2986 3374
2987 3374
2988 3374
2989 3374
2990 3374
2991 3374
2992 3374
2993 3374
2994 3374
2995 3374
2996 3374
2997 3372
2998 3372
2999 3372
3000 3372
3001 3372
3002 3372
3003 3372
3004 3372
3005 3372
3006 3372
3007 3372
3008 3372
3009 3372
3010 3372
3011 3372
3012 3372
3013 3372
3014 3372
3015 3372
3016 3372
3017 3372
3018 3372
3019 3372
3020 3372
3021 3372
3022 3372
3023 3372
3024 3372
3025 3372
3026 3372
3027 3372
3028 3372
3029 3372
3030 3372
3031 3372
3032 3372
3033 3372
3034 3372
3035 3372
3036 3372
3037 3372
3038 3372
3039 3372
3040 3372
3041 3372
3042 3372
3043 3372
3044 3372
3045 3372
3046 3372
3047 3372
3048 3372
3049 3372
3050 3372
3051 3372
3052 3372
3053 3372
3054 3372
3055 3372
3056 3372
3057 3372
3058 3372
3059 3372
3060 3372
3061 3363
3062 3363
3063 3363
3064 3363
3065 3363
3066 3363
3067 3363
3068 3363
3069 3363
3070 3363
3071 3363
3072 3363
3073 3363
3074 3358
3075 3358
3076 3358
3077 3358
3078 3358
3079 3358
3080 3358
3081 3358
3082 3358
3083 3358
3084 3358
3085 3358
3086 3358
3087 3358
3088 3358
3089 3358
3090 3358
3091 3358
3092 3358
3093 3358
3094 3358
3095 3358
3096 3358
3097 3358
3098 3358
3099 3358
3100 3358
3101 3358
3102 3358
3103 3358
3104 3358
3105 3358
3106 3358
3107 3358
3108 3358
3109 3358
3110 3358
3111 3358
3112 3358
3113 3358
3114 3358
3115 3358
3116 3358
3117 3358
3118 3358
3119 3358
3120 3358
3121 3358
3122 3358
3123 3358
3124 3358
3125 3358
3126 3358
3127 3358
3128 3357
3129 3357
3130 3357
3131 3357
3132 3357
3133 3357
3134 3357
3135 3357
3136 3357
3137 3357
3138 3357
3139 3357
3140 3357
3141 3357
3142 3357
3143 3357
3144 3357
3145 3357
3146 3357
3147 3355
3148 3343
3149 3343
3150 3343
3151 3343
3152 3343
3153 3343
3154 3343
3155 3343
3156 3343
3157 3343
3158 3343
3159 3343
3160 3343
3161 3343
3162 3343
3163 3343
3164 3343
3165 3343
3166 3343
3167 3343
3168 3343
3169 3343
3170 3343
3171 3343
3172 3343
3173 3343
3174 3343
3175 3343
3176 3343
3177 3343
3178 3343
3179 3343
3180 3343
3181 3343
3182 3343
3183 3343
3184 3343
3185 3343
3186 3343
3187 3343
3188 3343
3189 3343
3190 3336
3191 3336
3192 3336
3193 3336
3194 3336
3195 3336
3196 3336
3197 3336
3198 3336
3199 3327
3200 3327
3201 3327
3202 3327
3203 3327
3204 3327
3205 3327
3206 3327
3207 3327
3208 3327
3209 3327
3210 3327
3211 3327
3212 3327
3213 3327
3214 3327
3215 3327
3216 3327
3217 3327
3218 3327
3219 3327
3220 3327
3221 3327
3222 3327
3223 3327
3224 3322
3225 3322
3226 3322
3227 3322
3228 3322
3229 3322
3230 3322
3231 3322
3232 3322
3233 3322
3234 3322
3235 3322
3236 3322
3237 3322
3238 3322
3239 3322
3240 3322
3241 3322
3242 3322
3243 3322
3244 3322
3245 3322
3246 3322
3247 3322
3248 3322
3249 3322
3250 3322
3251 3322
3252 3322
3253 3322
3254 3322
3255 3322
3256 3322
3257 3322
3258 3322
3259 3322
3260 3322
3261 3322
3262 3322
3263 3322
3264 3322
3265 3322
3266 3322
3267 3322
3268 3322
3269 3322
3270 3322
3271 3322
3272 3322
3273 3322
3274 3322
3275 3322
3276 3322
3277 3322
3278 3322
3279 3322
3280 3322
3281 3322
3282 3322
3283 3322
3284 3322
3285 3322
3286 3322
3287 3322
3288 3322
3289 3322
3290 3322
3291 3322
3292 3322
3293 3322
3294 3322
3295 3312
3296 3312
3297 3312
3298 3312
3299 3312
3300 3312
3301 3312
3302 3312
3303 3312
3304 3312
3305 3312
3306 3312
3307 3312
3308 3312
3309 3312
3310 3312
3311 3312
3312 3312
3313 3312
3314 3312
3315 3312
3316 3312
3317 3312
3318 3312
3319 3312
3320 3312
3321 3312
3322 3312
3323 3312
3324 3312
3325 3312
3326 3312
3327 3312
3328 3312
3329 3312
3330 3312
3331 3312
3332 3312
3333 3312
3334 3312
3335 3312
3336 3312
3337 3312
3338 3312
3339 3312
3340 3312
3341 3312
3342 3312
3343 3312
3344 3296
3345 3296
3346 3296
3347 3296
3348 3296
3349 3296
3350 3296
3351 3296
3352 3296
3353 3296
3354 3296
3355 3296
3356 3296
3357 3296
3358 3296
3359 3296
3360 3296
3361 3296
3362 3296
3363 3296
3364 3296
3365 3296
3366 3296
3367 3296
3368 3296
3369 3296
3370 3296
3371 3296
3372 3296
3373 3296
3374 3296
3375 3296
3376 3296
3377 3296
3378 3296
3379 3296
3380 3296
3381 3296
3382 3296
3383 3296
3384 3296
3385 3296
3386 3296
3387 3296
3388 3296
3389 3296
3390 3296
3391 3296
3392 3292
3393 3292
3394 3292
3395 3292
3396 3292
3397 3292
3398 3291
3399 3291
3400 3291
3401 3291
3402 3291
3403 3291
3404 3291
3405 3291
3406 3291
3407 3291
3408 3291
3409 3291
3410 3291
3411 3291
3412 3291
3413 3291
3414 3291
3415 3291
3416 3291
3417 3291
3418 3291
3419 3291
3420 3291
3421 3291
3422 3291
3423 3291
3424 3283
3425 3283
3426 3283
3427 3283
3428 3283
3429 3283
3430 3283
3431 3283
3432 3283
3433 3283
3434 3283
3435 3283
3436 3283
3437 3283
3438 3283
3439 3283
3440 3283
3441 3283
3442 3283
3443 3283
3444 3278
3445 3278
3446 3278
3447 3278
3448 3278
3449 3278
3450 3278
3451 3278
3452 3278
3453 3278
3454 3278
3455 3278
3456 3278
3457 3278
3458 3278
3459 3278
3460 3278
3461 3278
3462 3278
3463 3278
3464 3278
3465 3278
3466 3278
3467 3278
3468 3278
3469 3278
3470 3278
3471 3278
3472 3278
3473 3278
3474 3278
3475 3278
3476 3278
3477 3278
3478 3278
3479 3278
3480 3278
3481 3278
3482 3278
3483 3278
3484 3278
3485 3278
3486 3278
3487 3278
3488 3278
3489 3278
3490 3278
3491 3278
3492 3278
3493 3278
3494 3278
3495 3278
3496 3278
3497 3278
3498 3278
3499 3278
3500 3278
3501 3278
3502 3278
3503 3278
3504 3278
3505 3278
3506 3278
3507 3278
3508 3276
3509 3276
3510 3276
3511 3276
3512 3276
3513 3276
3514 3276
3515 3276
3516 3276
3517 3276
3518 3276
3519 3276
3520 3276
3521 3276
3522 3276
3523 3276
3524 3276
3525 3276
3526 3276
3527 3276
3528 3276
3529 3276
3530 3276
3531 3276
3532 3276
3533 3276
3534 3276
3535 3276
3536 3276
3537 3276
3538 3276
3539 3276
3540 3276
3541 3276
3542 3276
3543 3276
3544 3276
3545 3276
3546 3276
3547 3276
3548 3276
3549 3276
3550 3276
3551 3276
3552 3276
3553 3276
3554 3276
3555 3276
3556 3276
3557 3276
3558 3276
3559 3276
3560 3276
3561 3276
3562 3276
3563 3276
3564 3276
3565 3276
3566 3276
3567 3276
3568 3276
3569 3276
3570 3276
3571 3276
3572 3276
3573 3276
3574 3276
3575 3276
3576 3276
3577 3271
3578 3271
3579 3271
3580 3271
3581 3266
3582 3266
3583 3251
3584 3251
3585 3251
3586 3251
3587 3251
3588 3251
3589 3251
3590 3251
3591 3251
3592 3251
3593 3251
3594 3251
3595 3251
3596 3251
3597 3251
3598 3251
3599 3251
3600 3251
3601 3251
3602 3251
3603 3251
3604 3251
3605 3251
3606 3251
3607 3251
3608 3251
3609 3251
3610 3251
3611 3251
3612 3251
3613 3251
3614 3251
3615 3251
3616 3251
3617 3251
3618 3251
3619 3251
3620 3251
3621 3251
3622 3251
3623 3251
3624 3251
3625 3251
3626 3251
3627 3249
3628 3249
3629 3249
3630 3249
3631 3249
3632 3249
3633 3249
3634 3249
3635 3249
3636 3249
3637 3249
3638 3249
3639 3249
3640 3249
3641 3249
3642 3249
3643 3249
3644 3249
3645 3244
3646 3244
3647 3244
3648 3244
3649 3244
3650 3244
3651 3244
3652 3244
3653 3244
3654 3244
3655 3244
3656 3244
3657 3244
3658 3240
3659 3240
3660 3230
3661 3230
3662 3230
3663 3230
3664 3230
3665 3230
3666 3230
3667 3230
3668 3230
3669 3230
3670 3230
3671 3230
3672 3230
3673 3230
3674 3230
3675 3230
3676 3230
3677 3230
3678 3230
3679 3230
3680 3230
3681 3230
3682 3230
3683 3230
3684 3230
3685 3230
3686 3230
3687 3230
3688 3230
3689 3230
3690 3230
3691 3230
3692 3230
3693 3230
3694 3230
3695 3230
3696 3230
3697 3230
3698 3230
3699 3230
3700 3230
3701 3230
3702 3230
3703 3230
3704 3230
3705 3230
3706 3230
3707 3230
3708 3230
3709 3230
3710 3230
3711 3230
3712 3230
3713 3230
3714 3230
3715 3230
3716 3230
3717 3230
3718 3230
3719 3230
3720 3230
3721 3229
3722 3229
3723 3229
3724 3229
3725 3229
3726 3229
3727 3229
3728 3229
3729 3229
3730 3229
3731 3229
3732 3229
3733 3229
3734 3229
3735 3229
3736 3229
3737 3229
3738 3229
3739 3229
3740 3229
3741 3229
3742 3229
3743 3229
3744 3229
3745 3229
3746 3229
3747 3229
3748 3229
3749 3229
3750 3229
3751 3229
3752 3229
3753 3229
3754 3229
3755 3229
3756 3229
3757 3229
3758 3229
3759 3229
3760 3229
3761 3229
3762 3229
3763 3229
3764 3229
3765 3229
3766 3229
3767 3229
3768 3229
3769 3229
3770 3229
3771 3229
3772 3229
3773 3229
3774 3229
3775 3229
3776 3229
3777 3229
3778 3229
3779 3229
3780 3229
3781 3229
3782 3229
3783 3229
3784 3229
3785 3229
3786 3228
3787 3228
3788 3228
3789 3228
3790 3228
3791 3228
3792 3228
3793 3220
3794 3220
3795 3220
3796 3220
3797 3220
3798 3220
3799 3216
3800 3216
3801 3216
3802 3216
3803 3216
3804 3216
3805 3216
3806 3216
3807 3216
3808 3216
3809 3216
3810 3216
3811 3216
3812 3216
3813 3216
3814 3216
3815 3216
3816 3216
3817 3216
3818 3216
3819 3216
3820 3216
3821 3216
3822 3216
3823 3216
3824 3216
3825 3216
3826 3216
3827 3216
3828 3216
3829 3216
3830 3216
3831 3216
3832 3216
3833 3216
3834 3216
3835 3216
3836 3216
3837 3216
3838 3216
3839 3216
3840 3216
3841 3216
3842 3216
3843 3216
3844 3216
3845 3216
3846 3216
3847 3216
3848 3216
3849 3216
3850 3216
3851 3216
3852 3216
3853 3216
3854 3216
3855 3216
3856 3216
3857 3216
3858 3216
3859 3216
3860 3216
3861 3216
3862 3216
3863 3216
3864 3216
3865 3216
3866 3216
3867 3216
3868 3216
3869 3216
3870 3216
3871 3216
3872 3216
3873 3216
3874 3216
3875 3216
3876 3212
3877 3212
3878 3212
3879 3212
3880 3212
3881 3212
3882 3212
3883 3212
3884 3212
3885 3212
3886 3212
3887 3212
3888 3212
3889 3212
3890 3212
3891 3212
3892 3212
3893 3212
3894 3212
3895 3212
3896 3212
3897 3212
3898 3212
3899 3212
3900 3212
3901 3212
3902 3212
3903 3212
3904 3212
3905 3212
3906 3212
3907 3212
3908 3212
3909 3212
3910 3212
3911 3212
3912 3212
3913 3212
3914 3212
3915 3212
3916 3212
3917 3212
3918 3212
3919 3212
3920 3212
3921 3212
3922 3212
3923 3212
3924 3212
3925 3212
3926 3212
3927 3212
3928 3212
3929 3212
3930 3212
3931 3212
3932 3212
3933 3212
3934 3212
3935 3212
3936 3212
3937 3212
3938 3212
3939 3212
3940 3212
3941 3212
3942 3212
3943 3212
3944 3212
3945 3212
3946 3212
3947 3212
3948 3212
3949 3212
3950 3212
3951 3212
3952 3212
3953 3212
3954 3188
3955 3188
3956 3188
3957 3188
3958 3188
3959 3188
3960 3188
3961 3188
3962 3188
3963 3188
3964 3188
3965 3188
3966 3188
3967 3188
3968 3188
3969 3188
3970 3188
3971 3188
3972 3188
3973 3188
3974 3188
3975 3188
3976 3188
3977 3188
3978 3188
3979 3188
3980 3188
3981 3188
3982 3188
3983 3188
3984 3188
3985 3188
3986 3188
3987 3188
3988 3188
3989 3188
3990 3188
3991 3188
3992 3188
3993 3188
3994 3188
3995 3188
3996 3188
3997 3188
3998 3188
3999 3188
4000 3188
4001 3186
4002 3186
4003 3186
4004 3186
4005 3186
4006 3160
4007 3160
4008 3160
4009 3160
4010 3160
4011 3160
4012 3160
4013 3160
4014 3160
4015 3160
4016 3160
4017 3160
4018 3160
4019 3160
4020 3160
4021 3160
4022 3160
4023 3160
4024 3160
4025 3160
4026 3160
4027 3160
4028 3160
4029 3160
4030 3160
4031 3160
4032 3160
4033 3160
4034 3160
4035 3160
4036 3160
4037 3160
4038 3160
4039 3160
4040 3160
4041 3160
4042 3160
4043 3160
4044 3160
4045 3160
4046 3160
4047 3160
4048 3160
4049 3160
4050 3160
4051 3160
4052 3160
4053 3160
4054 3160
4055 3160
4056 3160
4057 3160
4058 3160
4059 3160
4060 3160
4061 3160
4062 3160
4063 3160
4064 3160
4065 3160
4066 3160
4067 3160
4068 3160
4069 3160
4070 3160
4071 3160
4072 3160
4073 3160
4074 3160
4075 3160
4076 3160
4077 3160
4078 3160
4079 3160
4080 3160
4081 3160
4082 3160
4083 3160
4084 3160
4085 3160
4086 3160
4087 3160
4088 3160
4089 3160
4090 3160
4091 3160
4092 3160
4093 3160
4094 3160
4095 3160
4096 3160
4097 3160
4098 3160
4099 3160
4100 3160
4101 3160
4102 3160
4103 3160
4104 3160
4105 3160
4106 3160
4107 3160
4108 3155
4109 3155
4110 3155
4111 3155
4112 3155
4113 3155
4114 3155
4115 3155
4116 3155
4117 3155
4118 3155
4119 3155
4120 3155
4121 3155
4122 3155
4123 3155
4124 3155
4125 3155
4126 3155
4127 3155
4128 3155
4129 3155
4130 3155
4131 3155
4132 3155
4133 3155
4134 3155
4135 3155
4136 3155
4137 3155
4138 3155
4139 3155
4140 3155
4141 3155
4142 3155
4143 3155
4144 3155
4145 3155
4146 3155
4147 3155
4148 3155
4149 3155
4150 3155
4151 3155
4152 3155
4153 3155
4154 3155
4155 3155
4156 3155
4157 3155
4158 3155
4159 3155
4160 3155
4161 3155
4162 3155
4163 3155
4164 3155
4165 3155
4166 3155
4167 3155
4168 3155
4169 3155
4170 3155
4171 3155
4172 3155
4173 3155
4174 3155
4175 3155
4176 3155
4177 3155
4178 3155
4179 3155
4180 3155
4181 3155
4182 3155
4183 3155
4184 3155
4185 3155
4186 3155
4187 3155
4188 3155
4189 3155
4190 3155
4191 3155
4192 3155
4193 3155
4194 3155
4195 3155
4196 3155
4197 3155
4198 3155
4199 3155
4200 3155
4201 3155
4202 3155
4203 3155
4204 3155
4205 3155
4206 3155
4207 3155
4208 3155
4209 3155
4210 3155
4211 3155
4212 3155
4213 3155
4214 3139
4215 3139
4216 3139
4217 3139
4218 3139
4219 3139
4220 3139
4221 3139
4222 3139
4223 3139
4224 3139
4225 3139
4226 3139
4227 3139
4228 3139
4229 3139
4230 3139
4231 3139
4232 3139
4233 3139
4234 3139
4235 3139
4236 3139
4237 3139
4238 3139
4239 3139
4240 3139
4241 3139
4242 3139
4243 3139
4244 3139
4245 3139
4246 3139
4247 3139
4248 3139
4249 3139
4250 3139
4251 3139
4252 3139
4253 3139
4254 3139
4255 3139
4256 3139
4257 3139
4258 3139
4259 3139
4260 3139
4261 3139
4262 3139
4263 3139
4264 3139
4265 3139
4266 3139
4267 3139
4268 3139
4269 3139
4270 3139
4271 3139
4272 3139
4273 3139
4274 3139
4275 3139
4276 3139
4277 3139
4278 3139
4279 3139
4280 3139
4281 3139
4282 3139
4283 3139
4284 3139
4285 3139
4286 3139
4287 3139
4288 3139
4289 3139
4290 3139
4291 3139
4292 3139
4293 3139
4294 3139
4295 3139
4296 3139
4297 3139
4298 3139
4299 3139
4300 3139
4301 3139
4302 3139
4303 3139
4304 3139
4305 3139
4306 3139
4307 3139
4308 3139
4309 3139
4310 3139
4311 3139
4312 3139
4313 3139
4314 3139
4315 3139
4316 3139
4317 3139
4318 3139
4319 3139
4320 3139
4321 3139
4322 3139
4323 3139
4324 3139
4325 3139
4326 3139
4327 3139
4328 3139
4329 3139
4330 3139
4331 3139
4332 3139
4333 3139
4334 3138
4335 3138
4336 3138
4337 3138
4338 3138
4339 3138
4340 3138
4341 3138
4342 3138
4343 3138
4344 3138
4345 3138
4346 3138
4347 3135
4348 3135
4349 3135
4350 3135
4351 3135
4352 3135
4353 3135
4354 3135
4355 3135
4356 3135
4357 3135
4358 3135
4359 3135
4360 3135
4361 3135
4362 3135
4363 3135
4364 3135
4365 3135
4366 3135
4367 3135
4368 3129
4369 3129
4370 3129
4371 3129
4372 3129
4373 3129
4374 3129
4375 3129
4376 3129
4377 3129
4378 3129
4379 3129
4380 3129
4381 3129
4382 3129
4383 3129
4384 3129
4385 3129
4386 3129
4387 3129
4388 3098
4389 3098
4390 3098
4391 3098
4392 3098
4393 3098
4394 3098
4395 3098
4396 3098
4397 3098
4398 3098
4399 3098
4400 3098
4401 3098
4402 3098
4403 3098
4404 3098
4405 3098
4406 3098
4407 3098
4408 3098
4409 3098
4410 3098
4411 3098
4412 3098
4413 3098
4414 3098
4415 3098
4416 3098
4417 3098
4418 3098
4419 3098
4420 3098
4421 3098
4422 3098
4423 3098
4424 3098
4425 3098
4426 3098
4427 3098
4428 3098
4429 3098
4430 3098
4431 3098
4432 3098
4433 3098
4434 3098
4435 3098
4436 3098
4437 3098
4438 3098
4439 3098
4440 3098
4441 3098
4442 3098
4443 3098
4444 3098
4445 3098
4446 3098
4447 3098
4448 3098
4449 3098
4450 3098
4451 3098
4452 3098
4453 3098
4454 3098
4455 3098
4456 3098
4457 3098
4458 3098
4459 3098
4460 3098
4461 3095
4462 3095
4463 3095
4464 3095
4465 3095
4466 3095
4467 3095
4468 3095
4469 3095
4470 3095
4471 3095
4472 3095
4473 3095
4474 3095
4475 3095
4476 3095
4477 3095
4478 3095
4479 3095
4480 3095
4481 3095
4482 3095
4483 3095
4484 3095
4485 3095
4486 3095
4487 3095
4488 3095
4489 3095
4490 3095
4491 3095
4492 3095
4493 3095
4494 3095
4495 3095
4496 3095
4497 3095
4498 3095
4499 3095
4500 3095
4501 3095
4502 3095
4503 3095
4504 3095
4505 3095
4506 3095
4507 3095
4508 3095
4509 3095
4510 3095
4511 3095
4512 3095
4513 3095
4514 3095
4515 3094
4516 3094
4517 3094
4518 3094
4519 3094
4520 3094
4521 3094
4522 3094
4523 3094
4524 3094
4525 3094
4526 3094
4527 3094
4528 3094
4529 3094
4530 3094
4531 3094
4532 3094
4533 3094
4534 3094
4535 3094
4536 3091
4537 3091
4538 3091
4539 3091
4540 3091
4541 3091
4542 3091
4543 3091
4544 3091
4545 3091
4546 3091
4547 3091
4548 3091
4549 3091
4550 3091
4551 3091
4552 3091
4553 3091
4554 3091
4555 3091
4556 3091
4557 3091
4558 3091
4559 3091
4560 3091
4561 3091
4562 3091
4563 3091
4564 3091
4565 3091
4566 3091
4567 3091
4568 3091
4569 3091
4570 3091
4571 3091
4572 3091
4573 3091
4574 3091
4575 3091
4576 3091
4577 3091
4578 3083
4579 3083
4580 3083
4581 3083
4582 3083
4583 3083
4584 3083
4585 3083
4586 3083
4587 3083
4588 3083
4589 3083
4590 3083
4591 3083
4592 3083
4593 3083
4594 3083
4595 3083
4596 3083
4597 3083
4598 3083
4599 3083
4600 3083
4601 3083
4602 3083
4603 3083
4604 3083
4605 3083
4606 3083
4607 3083
4608 3083
4609 3083
4610 3083
4611 3083
4612 3083
4613 3083
4614 3083
4615 3083
4616 3083
4617 3083
4618 3083
4619 3083
4620 3083
4621 3083
4622 3083
4623 3083
4624 3083
4625 3083
4626 3083
4627 3083
4628 3083
4629 3083
4630 3083
4631 3083
4632 3083
4633 3083
4634 3083
4635 3083
4636 3083
4637 3083
4638 3083
4639 3083
4640 3083
4641 3083
4642 3083
4643 3083
4644 3083
4645 3083
4646 3083
4647 3083
4648 3083
4649 3083
4650 3083
4651 3083
4652 3083
4653 3083
4654 3083
4655 3083
4656 3077
4657 3077
4658 3077
4659 3077
4660 3077
4661 3077
4662 3077
4663 3077
4664 3077
4665 3077
4666 3077
4667 3077
4668 3077
4669 3077
4670 3077
4671 3077
4672 3077
4673 3077
4674 3077
4675 3077
4676 3077
4677 3077
4678 3077
4679 3077
4680 3077
4681 3077
4682 3077
4683 3077
4684 3077
4685 3077
4686 3077
4687 3077
4688 3077
4689 3077
4690 3077
4691 3077
4692 3077
4693 3077
4694 3077
4695 3077
4696 3077
4697 3077
4698 3077
4699 3077
4700 3077
4701 3077
4702 3077
4703 3077
4704 3077
4705 3077
4706 3077
4707 3077
4708 3077
4709 3077
4710 3077
4711 3077
4712 3077
4713 3077
4714 3077
4715 3077
4716 3077
4717 3077
4718 3077
4719 3077
4720 3077
4721 3077
4722 3077
4723 3077
4724 3077
4725 3077
4726 3077
4727 3077
4728 3077
4729 3077
4730 3077
4731 3077
4732 3077
4733 3066
4734 3066
4735 3066
4736 3066
4737 3066
4738 3066
4739 3066
4740 3066
4741 3066
4742 3066
4743 3066
4744 3066
4745 3066
4746 3066
4747 3066
4748 3066
4749 3066
4750 3066
4751 3066
4752 3066
4753 3066
4754 3066
4755 3066
4756 3066
4757 3066
4758 3066
4759 3066
4760 3066
4761 3066
4762 3066
4763 3066
4764 3066
4765 3066
4766 3066
4767 3066
4768 3066
4769 3066
4770 3066
4771 3066
4772 3066
4773 3066
4774 3066
4775 3066
4776 3066
4777 3066
4778 3066
4779 3066
4780 3066
4781 3066
4782 3066
4783 3066
4784 3066
4785 3066
4786 3066
4787 3066
4788 3066
4789 3066
4790 3066
4791 3066
4792 3066
4793 3066
4794 3066
4795 3066
4796 3066
4797 3066
4798 3066
4799 3066
4800 3066
4801 3066
4802 3066
4803 3066
4804 3066
4805 3066
4806 3066
4807 3066
4808 3066
4809 3066
4810 3066
4811 3066
4812 3066
4813 3066
4814 3066
4815 3066
4816 3066
4817 3066
4818 3066
4819 3066
4820 3066
4821 3066
4822 3066
4823 3066
4824 3066
4825 3066
4826 3066
4827 3066
4828 3066
4829 3066
4830 3066
4831 3066
4832 3066
4833 3066
4834 3066
4835 3066
4836 3066
4837 3066
4838 3066
4839 3066
4840 3066
4841 3066
4842 3066
4843 3066
4844 3066
4845 3066
4846 3066
4847 3066
4848 3066
4849 3066
4850 3066
4851 3066
4852 3066
4853 3066
4854 3066
4855 3066
4856 3066
4857 3066
4858 3066
4859 3066
4860 3066
4861 3066
4862 3066
4863 3066
4864 3066
4865 3066
4866 3066
4867 3066
4868 3066
4869 3066
4870 3066
4871 3066
4872 3066
4873 3066
4874 3066
4875 3066
4876 3066
4877 3066
4878 3066
4879 3066
4880 3066
4881 3066
4882 3066
4883 3066
4884 3066
4885 3066
4886 3066
4887 3066
4888 3066
4889 3066
4890 3066
4891 3066
4892 3066
4893 3066
4894 3066
4895 3066
4896 3066
4897 3066
4898 3066
4899 3066
4900 3066
4901 3066
4902 3066
4903 3066
4904 3066
4905 3066
4906 3066
4907 3066
4908 3066
4909 3066
4910 3066
4911 3066
4912 3066
4913 3066
4914 3066
4915 3066
4916 3066
4917 3066
4918 3066
4919 3066
4920 3066
4921 3066
4922 3066
4923 3066
4924 3066
4925 3066
4926 3066
4927 3066
4928 3066
4929 3066
4930 3066
4931 3066
4932 3066
4933 3066
4934 3066
4935 3066
4936 3066
4937 3066
4938 3066
4939 3066
4940 3066
4941 3066
4942 3066
4943 3066
4944 3066
4945 3066
4946 3066
4947 3066
4948 3066
4949 3066
4950 3066
4951 3066
4952 3066
4953 3066
4954 3066
4955 3066
4956 3061
4957 3061
4958 3061
4959 3061
4960 3061
4961 3061
4962 3061
4963 3061
4964 3061
4965 3061
4966 3061
4967 3061
4968 3047
4969 3047
4970 3015
4971 3015
4972 3014
4973 3014
4974 3014
4975 3014
4976 3014
4977 3014
4978 3014
4979 3014
4980 3014
4981 3014
4982 3014
4983 3014
4984 3014
4985 3014
4986 3014
4987 3014
4988 3014
4989 3014
4990 3014
4991 3014
4992 3014
4993 3014
4994 3014
4995 3014
4996 3014
4997 3014
4998 3014
4999 3014
5000 3014
5001 3014
5002 3014
5003 3014
5004 3014
5005 3014
5006 3014
5007 3014
5008 3014
5009 3014
5010 3014
5011 3014
5012 3014
5013 3014
5014 3014
5015 3014
5016 3014
5017 3014
5018 3014
5019 3014
5020 3014
5021 3014
5022 3014
5023 3014
5024 3014
5025 3014
5026 3014
5027 3014
5028 3014
5029 3014
5030 3014
5031 3014
5032 3014
5033 3014
5034 3014
5035 3014
5036 3014
5037 3014
5038 3014
5039 3014
5040 3014
5041 3014
5042 3014
5043 3014
5044 3014
5045 3014
5046 3014
5047 3014
5048 3014
5049 3014
5050 3014
5051 3014
5052 3014
5053 3014
5054 3014
5055 3014
5056 3014
5057 3014
5058 3014
5059 3014
5060 3014
5061 3009
5062 3009
5063 3009
5064 3009
5065 3009
5066 3009
5067 3009
5068 3009
5069 3009
5070 3009
5071 3009
5072 3009
5073 3009
5074 3009
5075 3009
5076 3009
5077 3009
5078 3009
5079 3009
5080 3009
5081 3009
5082 3009
5083 3009
5084 3009
5085 3009
5086 3009
5087 3009
5088 3009
5089 3009
5090 3009
5091 3009
5092 3009
5093 3009
5094 3009
5095 3009
5096 3009
5097 3009
5098 3009
5099 3009
5100 3009
5101 3009
5102 3009
5103 3009
5104 3009
5105 3009
5106 3009
5107 3009
5108 3009
5109 3009
5110 3009
5111 3009
5112 3009
5113 3009
5114 3009
5115 3009
5116 3009
5117 3009
5118 3009
5119 3009
5120 3009
5121 3009
5122 3009
5123 3009
5124 3009
5125 3009
5126 3009
5127 3009
5128 3009
5129 3009
5130 3009
5131 3009
5132 3009
5133 3009
5134 3009
5135 3009
5136 3009
5137 3009
5138 3009
5139 3009
5140 3009
5141 3009
5142 3009
5143 3009
5144 3009
5145 3009
5146 3009
5147 3009
5148 3009
5149 3009
5150 3009
5151 3009
5152 3009
5153 3009
5154 3009
5155 3009
5156 3009
5157 3009
5158 3009
5159 3009
5160 3009
5161 3009
5162 3009
5163 3009
5164 3009
5165 3009
5166 3009
5167 3009
5168 3009
5169 3009
5170 3009
5171 3009
5172 3009
5173 3009
5174 3009
5175 3009
5176 3009
5177 3009
5178 3009
5179 3009
5180 3009
5181 3009
5182 3009
5183 3009
5184 3009
5185 3009
5186 2985
5187 2985
5188 2985
5189 2985
5190 2985
5191 2985
5192 2985
5193 2985
5194 2985
5195 2985
5196 2985
5197 2985
5198 2985
5199 2985
5200 2985
5201 2985
5202 2985
5203 2985
5204 2985
5205 2985
5206 2985
5207 2985
5208 2985
5209 2985
5210 2985
5211 2985
5212 2985
5213 2985
5214 2985
5215 2985
5216 2985
5217 2985
5218 2985
5219 2985
5220 2985
5221 2985
5222 2985
5223 2985
5224 2985
5225 2985
5226 2984
5227 2984
5228 2984
5229 2984
5230 2984
5231 2984
5232 2984
5233 2984
5234 2984
5235 2984
5236 2984
5237 2984
5238 2984
5239 2984
5240 2984
5241 2984
5242 2984
5243 2984
5244 2984
5245 2984
5246 2984
5247 2984
5248 2984
5249 2984
5250 2984
5251 2984
5252 2984
5253 2984
5254 2984
5255 2984
5256 2984
5257 2984
5258 2984
5259 2984
5260 2984
5261 2984
5262 2984
5263 2984
5264 2984
5265 2984
5266 2984
5267 2984
5268 2984
5269 2984
5270 2984
5271 2984
5272 2984
5273 2984
5274 2984
5275 2984
5276 2984
5277 2984
5278 2984
5279 2984
5280 2984
5281 2984
5282 2984
5283 2984
5284 2984
5285 2984
5286 2984
5287 2984
5288 2984
5289 2984
5290 2984
5291 2984
5292 2984
5293 2984
5294 2984
5295 2984
5296 2984
5297 2984
5298 2982
5299 2982
5300 2982
5301 2982
5302 2982
5303 2982
5304 2982
5305 2982
5306 2982
5307 2982
5308 2982
5309 2982
5310 2982
5311 2982
5312 2982
5313 2982
5314 2982
5315 2982
5316 2982
5317 2982
5318 2979
5319 2979
5320 2979
5321 2979
5322 2979
5323 2979
5324 2979
5325 2979
5326 2979
5327 2979
5328 2979
5329 2979
5330 2979
5331 2979
5332 2979
5333 2979
5334 2979
5335 2979
5336 2979
5337 2979
5338 2979
5339 2979
5340 2979
5341 2979
5342 2979
5343 2979
5344 2979
5345 2979
5346 2979
5347 2979
5348 2979
5349 2979
5350 2979
5351 2979
5352 2979
5353 2979
5354 2979
5355 2979
5356 2979
5357 2979
5358 2979
5359 2979
5360 2979
5361 2979
5362 2979
5363 2979
5364 2979
5365 2979
5366 2979
5367 2979
5368 2979
5369 2979
5370 2979
5371 2976
5372 2976
5373 2976
5374 2976
5375 2976
5376 2976
5377 2976
5378 2976
5379 2976
5380 2976
5381 2976
5382 2976
5383 2976
5384 2976
5385 2976
5386 2976
5387 2976
5388 2976
5389 2976
5390 2976
5391 2976
5392 2976
5393 2976
5394 2976
5395 2976
5396 2976
5397 2976
5398 2976
5399 2976
5400 2976
5401 2976
5402 2976
5403 2976
5404 2976
5405 2976
5406 2976
5407 2976
5408 2976
5409 2976
5410 2976
5411 2976
5412 2976
5413 2976
5414 2976
5415 2976
5416 2976
5417 2976
5418 2976
5419 2976
5420 2976
5421 2976
5422 2976
5423 2976
5424 2976
5425 2976
5426 2976
5427 2976
5428 2972
5429 2972
5430 2972
5431 2972
5432 2972
5433 2972
5434 2972
5435 2972
5436 2972
5437 2972
5438 2972
5439 2972
5440 2972
5441 2972
5442 2972
5443 2972
5444 2972
5445 2972
5446 2972
5447 2972
5448 2972
5449 2972
5450 2972
5451 2972
5452 2972
5453 2972
5454 2972
5455 2972
5456 2972
5457 2972
5458 2972
5459 2972
5460 2972
5461 2972
5462 2972
5463 2972
5464 2972
5465 2972
5466 2972
5467 2972
5468 2972
5469 2972
5470 2972
5471 2972
5472 2972
5473 2972
5474 2972
5475 2972
5476 2972
5477 2972
5478 2968
5479 2968
5480 2968
5481 2968
5482 2968
5483 2968
5484 2968
5485 2968
5486 2968
5487 2955
5488 2955
5489 2955
5490 2955
5491 2955
5492 2955
5493 2955
5494 2955
5495 2955
5496 2955
5497 2955
5498 2955
5499 2955
5500 2955
5501 2955
5502 2955
5503 2955
5504 2955
5505 2955
5506 2955
5507 2955
5508 2955
5509 2955
5510 2955
5511 2955
5512 2955
5513 2955
5514 2955
5515 2955
5516 2955
5517 2955
5518 2955
5519 2955
5520 2955
5521 2955
5522 2955
5523 2955
5524 2955
5525 2955
5526 2955
5527 2955
5528 2955
5529 2955
5530 2955
5531 2955
5532 2954
5533 2954
5534 2954
5535 2954
5536 2954
5537 2954
5538 2954
5539 2954
5540 2954
5541 2954
5542 2954
5543 2954
5544 2952
5545 2952
5546 2944
5547 2944
5548 2944
5549 2944
5550 2944
5551 2944
5552 2944
5553 2944
5554 2944
5555 2944
5556 2944
5557 2944
5558 2944
5559 2944
5560 2944
5561 2944
5562 2944
5563 2944
5564 2944
5565 2944
5566 2944
5567 2944
5568 2944
5569 2944
5570 2944
5571 2944
5572 2944
5573 2944
5574 2944
5575 2944
5576 2944
5577 2944
5578 2944
5579 2944
5580 2944
5581 2944
5582 2944
5583 2944
5584 2944
5585 2944
5586 2944
5587 2944
5588 2944
5589 2944
5590 2944
5591 2944
5592 2944
5593 2944
5594 2944
5595 2944
5596 2944
5597 2944
5598 2944
5599 2944
5600 2944
5601 2944
5602 2944
5603 2943
5604 2943
5605 2943
5606 2943
5607 2943
5608 2943
5609 2943
5610 2943
5611 2943
5612 2943
5613 2943
5614 2943
5615 2943
5616 2943
5617 2943
5618 2943
5619 2943
5620 2943
5621 2933
5622 2933
5623 2933
5624 2933
5625 2933
5626 2933
5627 2933
5628 2933
5629 2933
5630 2933
5631 2933
5632 2933
5633 2933
5634 2933
5635 2933
5636 2933
5637 2933
5638 2933
5639 2933
5640 2933
5641 2933
5642 2933
5643 2933
5644 2933
5645 2933
5646 2933
5647 2933
5648 2933
5649 2933
5650 2933
5651 2933
5652 2933
5653 2933
5654 2933
5655 2933
5656 2933
5657 2933
5658 2933
5659 2933
5660 2933
5661 2933
5662 2933
5663 2933
5664 2933
5665 2933
5666 2933
5667 2933
5668 2933
5669 2933
5670 2933
5671 2933
5672 2933
5673 2933
5674 2933
5675 2933
5676 2933
5677 2933
5678 2933
5679 2933
5680 2933
5681 2933
5682 2933
5683 2933
5684 2933
5685 2933
5686 2933
5687 2933
5688 2933
5689 2933
5690 2933
5691 2933
5692 2933
5693 2933
5694 2933
5695 2933
5696 2933
5697 2933
5698 2933
5699 2933
5700 2933
5701 2933
5702 2933
5703 2933
5704 2933
5705 2933
5706 2933
5707 2933
5708 2933
5709 2933
5710 2933
5711 2933
5712 2933
5713 2933
5714 2933
5715 2933
5716 2933
5717 2933
5718 2932
5719 2932
5720 2932
5721 2932
5722 2932
5723 2932
5724 2932
5725 2932
5726 2932
5727 2932
5728 2932
5729 2932
5730 2932
5731 2932
5732 2932
5733 2921
5734 2921
5735 2921
5736 2921
5737 2921
5738 2921
5739 2921
5740 2921
5741 2921
5742 2921
5743 2921
5744 2921
5745 2921
5746 2921
5747 2921
5748 2921
5749 2921
5750 2921
5751 2921
5752 2921
5753 2921
5754 2921
5755 2921
5756 2921
5757 2921
5758 2921
5759 2921
5760 2921
5761 2921
5762 2921
5763 2921
5764 2921
5765 2921
5766 2921
5767 2921
5768 2921
5769 2921
5770 2921
5771 2921
5772 2921
5773 2921
5774 2921
5775 2921
5776 2921
5777 2921
5778 2921
5779 2921
5780 2921
5781 2921
5782 2921
5783 2921
5784 2921
5785 2921
5786 2921
5787 2921
5788 2921
5789 2921
5790 2921
5791 2921
5792 2921
5793 2921
5794 2921
5795 2921
5796 2921
5797 2916
5798 2916
5799 2916
5800 2916
5801 2916
5802 2916
5803 2916
5804 2916
5805 2916
5806 2916
5807 2916
5808 2916
5809 2916
5810 2916
5811 2916
5812 2916
5813 2916
5814 2916
5815 2916
5816 2916
5817 2916
5818 2916
5819 2916
5820 2916
5821 2916
5822 2916
5823 2916
5824 2916
5825 2916
5826 2916
5827 2916
5828 2916
5829 2914
5830 2914
5831 2914
5832 2914
5833 2914
5834 2914
5835 2914
5836 2914
5837 2910
5838 2910
5839 2910
5840 2910
5841 2910
5842 2910
5843 2910
5844 2910
5845 2910
5846 2910
5847 2910
5848 2910
5849 2910
5850 2910
5851 2910
5852 2910
5853 2910
5854 2910
5855 2910
5856 2910
5857 2910
5858 2910
5859 2910
5860 2910
5861 2910
5862 2910
5863 2910
5864 2910
5865 2910
5866 2910
5867 2910
5868 2910
5869 2910
5870 2910
5871 2910
5872 2910
5873 2910
5874 2910
5875 2910
5876 2910
5877 2910
5878 2910
5879 2909
5880 2909
5881 2909
5882 2909
5883 2909
5884 2909
5885 2909
5886 2909
5887 2909
5888 2909
5889 2909
5890 2909
5891 2909
5892 2909
5893 2909
5894 2909
5895 2909
5896 2909
5897 2909
5898 2909
5899 2909
5900 2909
5901 2909
5902 2909
5903 2909
5904 2909
5905 2906
5906 2906
5907 2906
5908 2906
5909 2906
5910 2906
5911 2906
5912 2906
5913 2906
5914 2906
5915 2906
5916 2906
5917 2906
5918 2906
5919 2906
5920 2906
5921 2906
5922 2906
5923 2906
5924 2906
5925 2906
5926 2906
5927 2906
5928 2906
5929 2906
5930 2906
5931 2906
5932 2906
5933 2906
5934 2906
5935 2906
5936 2906
5937 2906
5938 2906
5939 2906
5940 2906
5941 2906
5942 2906
5943 2906
5944 2906
5945 2906
5946 2906
5947 2906
5948 2906
5949 2906
5950 2906
5951 2906
5952 2906
5953 2906
5954 2906
5955 2906
5956 2906
5957 2906
5958 2906
5959 2906
5960 2906
5961 2906
5962 2904
5963 2904
5964 2904
5965 2904
5966 2904
5967 2904
5968 2904
5969 2904
5970 2904
5971 2904
5972 2904
5973 2904
5974 2904
5975 2904
5976 2904
5977 2904
5978 2904
5979 2904
5980 2904
5981 2904
5982 2904
5983 2904
5984 2904
5985 2904
5986 2904
5987 2904
5988 2904
5989 2904
5990 2904
5991 2904
5992 2904
5993 2904
5994 2904
5995 2903
5996 2903
5997 2903
5998 2903
5999 2900
6000 2900
6001 2900
6002 2900
6003 2900
6004 2900
6005 2900
6006 2900
6007 2900
6008 2900
6009 2900
6010 2900
6011 2900
6012 2900
6013 2900
6014 2900
6015 2900
6016 2900
6017 2900
6018 2900
6019 2900
6020 2900
6021 2900
6022 2900
6023 2900
6024 2900
6025 2900
6026 2900
6027 2900
6028 2900
6029 2900
6030 2900
6031 2900
6032 2900
6033 2900
6034 2900
6035 2900
6036 2900
6037 2900
6038 2900
6039 2900
6040 2900
6041 2900
6042 2900
6043 2900
6044 2900
6045 2900
6046 2900
6047 2900
6048 2900
6049 2900
6050 2900
6051 2900
6052 2900
6053 2900
6054 2900
6055 2900
6056 2900
6057 2894
6058 2894
6059 2894
6060 2894
6061 2894
6062 2894
6063 2894
6064 2894
6065 2894
6066 2894
6067 2894
6068 2894
6069 2894
6070 2894
6071 2894
6072 2894
6073 2894
6074 2894
6075 2894
6076 2894
6077 2894
6078 2894
6079 2894
6080 2894
6081 2894
6082 2894
6083 2894
6084 2894
6085 2894
6086 2894
6087 2894
6088 2894
6089 2894
6090 2894
6091 2894
6092 2894
6093 2894
6094 2894
6095 2894
6096 2894
6097 2894
6098 2894
6099 2894
6100 2894
6101 2894
6102 2894
6103 2894
6104 2894
6105 2894
6106 2894
6107 2894
6108 2894
6109 2894
6110 2894
6111 2894
6112 2894
6113 2894
6114 2894
6115 2894
6116 2894
6117 2894
6118 2894
6119 2894
6120 2894
6121 2894
6122 2894
6123 2894
6124 2894
6125 2894
6126 2894
6127 2894
6128 2894
6129 2894
6130 2894
6131 2894
6132 2894
6133 2894
6134 2894
6135 2894
6136 2894
6137 2894
6138 2894
6139 2894
6140 2894
6141 2894
6142 2894
6143 2894
6144 2894
6145 2894
6146 2894
6147 2894
6148 2894
6149 2894
6150 2894
6151 2894
6152 2894
6153 2894
6154 2894
6155 2894
6156 2894
6157 2894
6158 2894
6159 2894
6160 2894
6161 2894
6162 2894
6163 2894
6164 2894
6165 2894
6166 2894
6167 2894
6168 2894
6169 2894
6170 2894
6171 2894
6172 2894
6173 2894
6174 2894
6175 2894
6176 2894
6177 2894
6178 2894
6179 2894
6180 2894
6181 2894
6182 2894
6183 2894
6184 2894
6185 2894
6186 2894
6187 2894
6188 2894
6189 2894
6190 2894
6191 2894
6192 2894
6193 2894
6194 2894
6195 2894
6196 2894
6197 2894
6198 2894
6199 2894
6200 2894
6201 2894
6202 2894
6203 2894
6204 2894
6205 2894
6206 2894
6207 2894
6208 2894
6209 2894
6210 2894
6211 2894
6212 2894
6213 2894
6214 2894
6215 2894
6216 2894
6217 2894
6218 2894
6219 2894
6220 2894
6221 2894
6222 2894
6223 2894
6224 2894
6225 2894
6226 2894
6227 2894
6228 2894
6229 2894
6230 2894
6231 2894
6232 2894
6233 2894
6234 2894
6235 2894
6236 2894
6237 2894
6238 2894
6239 2894
6240 2894
6241 2894
6242 2894
6243 2894
6244 2894
6245 2894
6246 2894
6247 2894
6248 2894
6249 2894
6250 2894
6251 2894
6252 2894
6253 2894
6254 2893
6255 2893
6256 2893
6257 2893
6258 2893
6259 2893
6260 2893
6261 2893
6262 2893
6263 2893
6264 2893
6265 2893
6266 2893
6267 2893
6268 2893
6269 2893
6270 2893
6271 2893
6272 2893
6273 2892
6274 2892
6275 2892
6276 2892
6277 2892
6278 2892
6279 2892
6280 2892
6281 2892
6282 2891
6283 2891
6284 2891
6285 2891
6286 2891
6287 2891
6288 2891
6289 2891
6290 2891
6291 2891
6292 2891
6293 2891
6294 2891
6295 2891
6296 2891
6297 2891
6298 2891
6299 2891
6300 2891
6301 2891
6302 2891
6303 2891
6304 2891
6305 2891
6306 2891
6307 2891
6308 2891
6309 2891
6310 2891
6311 2891
6312 2891
6313 2891
6314 2891
6315 2891
6316 2891
6317 2891
6318 2891
6319 2891
6320 2891
6321 2891
6322 2891
6323 2891
6324 2891
6325 2891
6326 2891
6327 2891
6328 2891
6329 2891
6330 2891
6331 2891
6332 2891
6333 2891
6334 2891
6335 2891
6336 2891
6337 2891
6338 2891
6339 2891
6340 2891
6341 2891
6342 2891
6343 2891
6344 2891
6345 2891
6346 2891
6347 2891
6348 2887
6349 2887
6350 2887
6351 2887
6352 2887
6353 2887
6354 2887
6355 2887
6356 2887
6357 2887
6358 2887
6359 2887
6360 2887
6361 2887
6362 2887
6363 2887
6364 2887
6365 2887
6366 2887
6367 2887
6368 2887
6369 2887
6370 2887
6371 2887
6372 2887
6373 2887
6374 2887
6375 2887
6376 2887
6377 2887
6378 2887
6379 2887
6380 2887
6381 2887
6382 2887
6383 2887
6384 2887
6385 2887
6386 2887
6387 2887
6388 2887
6389 2887
6390 2887
6391 2887
6392 2887
6393 2887
6394 2887
6395 2887
6396 2887
6397 2887
6398 2887
6399 2887
6400 2887
6401 2887
6402 2887
6403 2887
6404 2887
6405 2887
6406 2887
6407 2887
6408 2887
6409 2887
6410 2887
6411 2887
6412 2887
6413 2887
6414 2887
6415 2887
6416 2887
6417 2887
6418 2887
6419 2887
6420 2887
6421 2887
6422 2887
6423 2887
6424 2887
6425 2887
6426 2887
6427 2887
6428 2887
6429 2887
6430 2887
6431 2887
6432 2887
6433 2887
6434 2887
6435 2887
6436 2887
6437 2887
6438 2887
6439 2887
6440 2887
6441 2887
6442 2887
6443 2887
6444 2887
6445 2887
6446 2887
6447 2887
6448 2887
6449 2887
6450 2887
6451 2887
6452 2887
6453 2887
6454 2887
6455 2887
6456 2887
6457 2887
6458 2887
6459 2887
6460 2887
6461 2887
6462 2887
6463 2887
6464 2887
6465 2887
6466 2887
6467 2887
6468 2887
6469 2887
6470 2887
6471 2887
6472 2887
6473 2887
6474 2884
6475 2884
6476 2884
6477 2884
6478 2884
6479 2884
6480 2884
6481 2884
6482 2884
6483 2884
6484 2884
6485 2884
6486 2884
6487 2884
6488 2884
6489 2884
6490 2884
6491 2884
6492 2884
6493 2884
6494 2884
6495 2884
6496 2884
6497 2884
6498 2884
6499 2884
6500 2884
6501 2884
6502 2872
6503 2872
6504 2872
6505 2872
6506 2872
6507 2872
6508 2872
6509 2872
6510 2872
6511 2872
6512 2872
6513 2872
6514 2872
6515 2872
6516 2872
6517 2872
6518 2872
6519 2872
6520 2872
6521 2872
6522 2872
6523 2872
6524 2872
6525 2872
6526 2872
6527 2872
6528 2872
6529 2872
6530 2872
6531 2872
6532 2872
6533 2872
6534 2872
6535 2872
6536 2872
6537 2872
6538 2872
6539 2872
6540 2872
6541 2872
6542 2872
6543 2872
6544 2872
6545 2872
6546 2872
6547 2872
6548 2872
6549 2872
6550 2872
6551 2872
6552 2872
6553 2872
6554 2872
6555 2872
6556 2872
6557 2872
6558 2872
6559 2872
6560 2872
6561 2872
6562 2872
6563 2872
6564 2872
6565 2872
6566 2872
6567 2872
6568 2872
6569 2872
6570 2872
6571 2872
6572 2872
6573 2872
6574 2872
6575 2872
6576 2872
6577 2872
6578 2872
6579 2872
6580 2872
6581 2872
6582 2872
6583 2872
6584 2872
6585 2872
6586 2872
6587 2872
6588 2872
6589 2872
6590 2872
6591 2872
6592 2872
6593 2872
6594 2872
6595 2872
6596 2872
6597 2872
6598 2872
6599 2872
6600 2872
6601 2872
6602 2872
6603 2872
6604 2872
6605 2872
6606 2872
6607 2872
6608 2872
6609 2872
6610 2872
6611 2872
6612 2872
6613 2872
6614 2872
6615 2872
6616 2872
6617 2872
6618 2872
6619 2872
6620 2872
6621 2872
6622 2872
6623 2872
6624 2872
6625 2872
6626 2872
6627 2872
6628 2872
6629 2872
6630 2872
6631 2872
6632 2872
6633 2872
6634 2872
6635 2872
6636 2872
6637 2872
6638 2872
6639 2872
6640 2872
6641 2872
6642 2872
6643 2872
6644 2872
6645 2872
6646 2872
6647 2872
6648 2868
6649 2868
6650 2868
6651 2868
6652 2868
6653 2868
6654 2868
6655 2868
6656 2868
6657 2868
6658 2868
6659 2868
6660 2866
6661 2866
6662 2866
6663 2866
6664 2866
6665 2866
6666 2866
6667 2866
6668 2866
6669 2866
6670 2866
6671 2866
6672 2866
6673 2866
6674 2866
6675 2866
6676 2866
6677 2866
6678 2866
6679 2866
6680 2866
6681 2866
6682 2866
6683 2866
6684 2866
6685 2866
6686 2866
6687 2866
6688 2866
6689 2866
6690 2866
6691 2866
6692 2866
6693 2866
6694 2866
6695 2866
6696 2866
6697 2866
6698 2866
6699 2866
6700 2866
6701 2866
6702 2866
6703 2866
6704 2866
6705 2866
6706 2866
6707 2866
6708 2866
6709 2866
6710 2866
6711 2866
6712 2866
6713 2866
6714 2866
6715 2866
6716 2866
6717 2866
6718 2866
6719 2866
6720 2866
6721 2866
6722 2866
6723 2866
6724 2866
6725 2866
6726 2866
6727 2866
6728 2862
6729 2862
6730 2862
6731 2862
6732 2862
6733 2862
6734 2862
6735 2862
6736 2861
6737 2861
6738 2861
6739 2861
6740 2861
6741 2861
6742 2861
6743 2861
6744 2861
6745 2861
6746 2861
6747 2861
6748 2861
6749 2861
6750 2861
6751 2861
6752 2861
6753 2861
6754 2861
6755 2861
6756 2861
6757 2861
6758 2861
6759 2861
6760 2861
6761 2861
6762 2861
6763 2861
6764 2861
6765 2861
6766 2861
6767 2861
6768 2861
6769 2861
6770 2861
6771 2861
6772 2861
6773 2861
6774 2861
6775 2861
6776 2861
6777 2861
6778 2861
6779 2861
6780 2861
6781 2861
6782 2861
6783 2861
6784 2861
6785 2861
6786 2861
6787 2861
6788 2861
6789 2861
6790 2861
6791 2861
6792 2861
6793 2861
6794 2861
6795 2861
6796 2861
6797 2861
6798 2861
6799 2861
6800 2861
6801 2861
6802 2861
6803 2861
6804 2861
6805 2861
6806 2861
6807 2861
6808 2861
6809 2861
6810 2861
6811 2861
6812 2861
6813 2861
6814 2861
6815 2861
6816 2861
6817 2861
6818 2861
6819 2861
6820 2861
6821 2861
6822 2861
6823 2861
6824 2861
6825 2861
6826 2861
6827 2861
6828 2861
6829 2861
6830 2861
6831 2861
6832 2861
6833 2861
6834 2861
6835 2861
6836 2861
6837 2861
6838 2861
6839 2861
6840 2861
6841 2861
6842 2861
6843 2861
6844 2861
6845 2861
6846 2861
6847 2861
6848 2861
6849 2861
6850 2861
6851 2861
6852 2861
6853 2861
6854 2861
6855 2861
6856 2861
6857 2861
6858 2861
6859 2861
6860 2861
6861 2861
6862 2861
6863 2861
6864 2861
6865 2861
6866 2861
6867 2861
6868 2861
6869 2861
6870 2861
6871 2861
6872 2861
6873 2861
6874 2861
6875 2861
6876 2861
6877 2861
6878 2861
6879 2861
6880 2861
6881 2861
6882 2861
6883 2861
6884 2861
6885 2861
6886 2861
6887 2861
6888 2861
6889 2861
6890 2861
6891 2861
6892 2861
6893 2861
6894 2861
6895 2861
6896 2861
6897 2861
6898 2861
6899 2861
6900 2861
6901 2861
6902 2861
6903 2861
6904 2861
6905 2861
6906 2861
6907 2861
6908 2861
6909 2861
6910 2861
6911 2861
6912 2861
6913 2860
6914 2860
6915 2860
6916 2860
6917 2860
6918 2860
6919 2860
6920 2860
6921 2860
6922 2860
6923 2860
6924 2860
6925 2860
6926 2860
6927 2860
6928 2860
6929 2860
6930 2860
6931 2860
6932 2860
6933 2860
6934 2860
6935 2860
6936 2860
6937 2860
6938 2860
6939 2860
6940 2860
6941 2860
6942 2860
6943 2860
6944 2860
6945 2860
6946 2860
6947 2860
6948 2860
6949 2860
6950 2860
6951 2860
6952 2860
6953 2860
6954 2860
6955 2860
6956 2860
6957 2860
6958 2860
6959 2860
6960 2860
6961 2860
6962 2860
6963 2860
6964 2860
6965 2860
6966 2860
6967 2860
6968 2851
6969 2851
6970 2851
6971 2851
6972 2831
6973 2831
6974 2831
6975 2831
6976 2831
6977 2831
6978 2831
6979 2831
6980 2831
6981 2831
6982 2831
6983 2831
6984 2831
6985 2831
6986 2831
6987 2831
6988 2831
6989 2831
6990 2821
6991 2821
6992 2821
6993 2821
6994 2821
6995 2821
6996 2821
6997 2821
6998 2821
6999 2821
7000 2820
7001 2820
7002 2820
7003 2820
7004 2820
7005 2820
7006 2820
7007 2820
7008 2820
7009 2820
7010 2820
7011 2820
7012 2820
7013 2818
7014 2818
7015 2818
7016 2818
7017 2818
7018 2818
7019 2818
7020 2818
7021 2818
7022 2818
7023 2818
7024 2817
7025 2817
7026 2817
7027 2817
7028 2817
7029 2817
7030 2817
7031 2817
7032 2817
7033 2817
7034 2817
7035 2817
7036 2817
7037 2817
7038 2817
7039 2817
7040 2817
7041 2817
7042 2817
7043 2817
7044 2817
7045 2817
7046 2817
7047 2817
7048 2817
7049 2817
7050 2817
7051 2817
7052 2817
7053 2817
7054 2817
7055 2817
7056 2817
7057 2817
7058 2817
7059 2817
7060 2817
7061 2817
7062 2817
7063 2817
7064 2817
7065 2817
7066 2817
7067 2817
7068 2817
7069 2817
7070 2817
7071 2817
7072 2817
7073 2817
7074 2817
7075 2817
7076 2817
7077 2817
7078 2817
7079 2817
7080 2817
7081 2817
7082 2817
7083 2817
7084 2817
7085 2817
7086 2817
7087 2817
7088 2817
7089 2817
7090 2817
7091 2817
7092 2817
7093 2817
7094 2817
7095 2817
7096 2817
7097 2817
7098 2817
7099 2817
7100 2817
7101 2817
7102 2817
7103 2817
7104 2817
7105 2817
7106 2817
7107 2817
7108 2817
7109 2817
7110 2817
7111 2817
7112 2817
7113 2817
7114 2817
7115 2817
7116 2817
7117 2817
7118 2817
7119 2817
7120 2817
7121 2817
7122 2817
7123 2817
7124 2817
7125 2817
7126 2817
7127 2817
7128 2817
7129 2817
7130 2817
7131 2817
7132 2817
7133 2813
7134 2813
7135 2813
7136 2813
7137 2813
7138 2813
7139 2813
7140 2813
7141 2813
7142 2813
7143 2813
7144 2813
7145 2813
7146 2813
7147 2813
7148 2813
7149 2813
7150 2813
7151 2813
7152 2813
7153 2813
7154 2813
7155 2813
7156 2813
7157 2813
7158 2813
7159 2813
7160 2813
7161 2813
7162 2813
7163 2813
7164 2813
7165 2813
7166 2813
7167 2813
7168 2813
7169 2813
7170 2813
7171 2813
7172 2813
7173 2813
7174 2813
7175 2813
7176 2813
7177 2813
7178 2813
7179 2813
7180 2813
7181 2813
7182 2803
7183 2803
7184 2803
7185 2803
7186 2803
7187 2803
7188 2803
7189 2803
7190 2803
7191 2803
7192 2803
7193 2803
7194 2803
7195 2803
7196 2803
7197 2803
7198 2803
7199 2803
7200 2803
7201 2803
7202 2803
7203 2803
7204 2803
7205 2803
7206 2803
7207 2803
7208 2803
7209 2803
7210 2803
7211 2803
7212 2803
7213 2803
7214 2803
7215 2803
7216 2803
7217 2803
7218 2803
7219 2803
7220 2803
7221 2803
7222 2803
7223 2803
7224 2803
7225 2803
7226 2803
7227 2803
7228 2803
7229 2803
7230 2803
7231 2803
7232 2803
7233 2803
7234 2803
7235 2803
7236 2803
7237 2803
7238 2803
7239 2803
7240 2803
7241 2803
7242 2803
7243 2803
7244 2803
7245 2803
7246 2803
7247 2803
7248 2803
7249 2803
7250 2803
7251 2803
7252 2803
7253 2803
7254 2803
7255 2803
7256 2803
7257 2803
7258 2803
7259 2803
7260 2803
7261 2803
7262 2803
7263 2803
7264 2803
7265 2803
7266 2803
7267 2803
7268 2803
7269 2803
7270 2803
7271 2803
7272 2803
7273 2803
7274 2803
7275 2803
7276 2803
7277 2803
7278 2803
7279 2803
7280 2803
7281 2803
7282 2803
7283 2803
7284 2803
7285 2803
7286 2803
7287 2803
7288 2803
7289 2803
7290 2803
7291 2803
7292 2803
7293 2803
7294 2803
7295 2803
7296 2803
7297 2803
7298 2803
7299 2803
7300 2803
7301 2803
7302 2803
7303 2803
7304 2803
7305 2803
7306 2803
7307 2803
7308 2803
7309 2803
7310 2803
7311 2803
7312 2803
7313 2803
7314 2803
7315 2803
7316 2803
7317 2803
7318 2803
7319 2803
7320 2803
7321 2803
7322 2803
7323 2803
7324 2803
7325 2803
7326 2803
7327 2803
7328 2803
7329 2803
7330 2803
7331 2803
7332 2803
7333 2803
7334 2803
7335 2803
7336 2803
7337 2803
7338 2803
7339 2803
7340 2803
7341 2803
7342 2803
7343 2803
7344 2803
7345 2803
7346 2803
7347 2803
7348 2803
7349 2803
7350 2803
7351 2803
7352 2803
7353 2803
7354 2803
7355 2803
7356 2803
7357 2803
7358 2803
7359 2803
7360 2803
7361 2803
7362 2803
7363 2803
7364 2803
7365 2803
7366 2803
7367 2803
7368 2803
7369 2803
7370 2803
7371 2803
7372 2803
7373 2803
7374 2803
7375 2803
7376 2803
7377 2803
7378 2803
7379 2803
7380 2803
7381 2803
7382 2803
7383 2803
7384 2803
7385 2803
7386 2803
7387 2803
7388 2803
7389 2803
7390 2803
7391 2803
7392 2803
7393 2803
7394 2803
7395 2803
7396 2803
7397 2803
7398 2803
7399 2803
7400 2803
7401 2803
7402 2803
7403 2803
7404 2803
7405 2803
7406 2803
7407 2803
7408 2803
7409 2803
7410 2803
7411 2803
7412 2803
7413 2803
7414 2803
7415 2803
7416 2803
7417 2803
7418 2803
7419 2803
7420 2803
7421 2803
7422 2803
7423 2803
7424 2803
7425 2803
7426 2803
7427 2803
7428 2803
7429 2803
7430 2803
7431 2803
7432 2803
7433 2803
7434 2803
7435 2803
7436 2803
7437 2803
7438 2803
7439 2803
7440 2803
7441 2803
7442 2803
7443 2803
7444 2803
7445 2803
7446 2803
7447 2803
7448 2803
7449 2803
7450 2803
7451 2803
7452 2803
7453 2803
7454 2803
7455 2803
7456 2803
7457 2803
7458 2803
7459 2803
7460 2803
7461 2803
7462 2803
7463 2803
7464 2803
7465 2803
7466 2803
7467 2803
7468 2803
7469 2803
7470 2803
7471 2803
7472 2803
7473 2803
7474 2803
7475 2803
7476 2803
7477 2803
7478 2803
7479 2803
7480 2803
7481 2803
7482 2803
7483 2803
7484 2803
7485 2803
7486 2803
7487 2803
7488 2803
7489 2803
7490 2803
7491 2803
7492 2803
7493 2803
7494 2803
7495 2803
7496 2803
7497 2803
7498 2803
7499 2803
7500 2803
7501 2803
7502 2803
7503 2803
7504 2803
7505 2803
7506 2803
7507 2803
7508 2803
7509 2803
7510 2803
7511 2803
7512 2803
7513 2803
7514 2803
7515 2803
7516 2803
7517 2803
7518 2803
7519 2803
7520 2803
7521 2803
7522 2803
7523 2803
7524 2803
7525 2803
7526 2803
7527 2803
7528 2803
7529 2803
7530 2803
7531 2803
7532 2803
7533 2803
7534 2803
7535 2803
7536 2803
7537 2803
7538 2803
7539 2803
7540 2803
7541 2803
7542 2803
7543 2803
7544 2803
7545 2803
7546 2803
7547 2803
7548 2803
7549 2803
7550 2803
7551 2803
7552 2803
7553 2803
7554 2803
7555 2803
7556 2803
7557 2803
7558 2803
7559 2803
7560 2803
7561 2803
7562 2803
7563 2803
7564 2803
7565 2803
7566 2803
7567 2803
7568 2803
7569 2803
7570 2803
7571 2803
7572 2803
7573 2803
7574 2803
7575 2803
7576 2803
7577 2803
7578 2803
7579 2803
7580 2803
7581 2803
7582 2803
7583 2803
7584 2803
7585 2803
7586 2803
7587 2803
7588 2803
7589 2803
7590 2803
7591 2803
7592 2803
7593 2803
7594 2803
7595 2803
7596 2803
7597 2803
7598 2803
7599 2803
7600 2803
7601 2803
7602 2803
7603 2803
7604 2803
7605 2803
7606 2803
7607 2800
7608 2800
7609 2800
7610 2800
7611 2800
7612 2800
7613 2800
7614 2800
7615 2800
7616 2800
7617 2800
7618 2800
7619 2800
7620 2800
7621 2800
7622 2800
7623 2800
7624 2800
7625 2800
7626 2800
7627 2800
7628 2800
7629 2800
7630 2800
7631 2800
7632 2800
7633 2800
7634 2800
7635 2800
7636 2799
7637 2799
7638 2799
7639 2799
7640 2799
7641 2799
7642 2799
7643 2799
7644 2799
7645 2799
7646 2799
7647 2799
7648 2799
7649 2799
7650 2799
7651 2799
7652 2799
7653 2799
7654 2790
7655 2790
7656 2790
7657 2790
7658 2790
7659 2790
7660 2790
7661 2790
7662 2790
7663 2790
7664 2790
7665 2790
7666 2790
7667 2790
7668 2790
7669 2790
7670 2790
7671 2790
7672 2790
7673 2790
7674 2790
7675 2790
7676 2790
7677 2790
7678 2790
7679 2790
7680 2790
7681 2790
7682 2790
7683 2790
7684 2790
7685 2790
7686 2790
7687 2790
7688 2790
7689 2790
7690 2790
7691 2790
7692 2790
7693 2790
7694 2790
7695 2790
7696 2790
7697 2790
7698 2790
7699 2790
7700 2790
7701 2790
7702 2790
7703 2790
7704 2790
7705 2790
7706 2790
7707 2790
7708 2790
7709 2790
7710 2790
7711 2790
7712 2790
7713 2790
7714 2790
7715 2790
7716 2790
7717 2790
7718 2790
7719 2790
7720 2790
7721 2790
7722 2790
7723 2790
7724 2790
7725 2790
7726 2790
7727 2790
7728 2790
7729 2790
7730 2790
7731 2790
7732 2790
7733 2790
7734 2790
7735 2790
7736 2790
7737 2790
7738 2790
7739 2790
7740 2790
7741 2790
7742 2790
7743 2790
7744 2790
7745 2790
7746 2790
7747 2790
7748 2790
7749 2790
7750 2790
7751 2790
7752 2790
7753 2790
7754 2790
7755 2790
7756 2790
7757 2790
7758 2790
7759 2790
7760 2790
7761 2790
7762 2790
7763 2790
7764 2790
7765 2790
7766 2790
7767 2790
7768 2790
7769 2790
7770 2790
7771 2790
7772 2790
7773 2790
7774 2790
7775 2790
7776 2790
7777 2790
7778 2790
7779 2790
7780 2790
7781 2790
7782 2790
7783 2790
7784 2790
7785 2790
7786 2790
7787 2790
7788 2790
7789 2790
7790 2790
7791 2790
7792 2790
7793 2790
7794 2790
7795 2790
7796 2790
7797 2790
7798 2790
7799 2790
7800 2790
7801 2790
7802 2790
7803 2790
7804 2790
7805 2790
7806 2790
7807 2790
7808 2790
7809 2790
7810 2790
7811 2790
7812 2790
7813 2790
7814 2790
7815 2790
7816 2790
7817 2790
7818 2790
7819 2790
7820 2790
7821 2790
7822 2790
7823 2790
7824 2790
7825 2790
7826 2790
7827 2790
7828 2790
7829 2790
7830 2790
7831 2790
7832 2790
7833 2790
7834 2790
7835 2790
7836 2790
7837 2790
7838 2790
7839 2790
7840 2790
7841 2790
7842 2790
7843 2790
7844 2790
7845 2790
7846 2790
7847 2790
7848 2790
7849 2790
7850 2790
7851 2790
7852 2790
7853 2790
7854 2790
7855 2790
7856 2790
7857 2790
7858 2790
7859 2790
7860 2790
7861 2790
7862 2790
7863 2790
7864 2790
7865 2790
7866 2790
7867 2790
7868 2790
7869 2790
7870 2790
7871 2790
7872 2790
7873 2790
7874 2790
7875 2790
7876 2790
7877 2790
7878 2790
7879 2790
7880 2790
7881 2790
7882 2790
7883 2790
7884 2790
7885 2790
7886 2790
7887 2790
7888 2790
7889 2790
7890 2790
7891 2790
7892 2790
7893 2790
7894 2790
7895 2790
7896 2790
7897 2790
7898 2790
7899 2790
7900 2790
7901 2790
7902 2790
7903 2790
7904 2790
7905 2790
7906 2790
7907 2790
7908 2790
7909 2790
7910 2790
7911 2790
7912 2790
7913 2790
7914 2790
7915 2790
7916 2790
7917 2790
7918 2790
7919 2790
7920 2790
7921 2790
7922 2790
7923 2790
7924 2790
7925 2790
7926 2790
7927 2790
7928 2790
7929 2790
7930 2790
7931 2790
7932 2790
7933 2790
7934 2790
7935 2790
7936 2790
7937 2790
7938 2790
7939 2790
7940 2790
7941 2790
7942 2790
7943 2790
7944 2790
7945 2790
7946 2790
7947 2790
7948 2790
7949 2790
7950 2790
7951 2790
7952 2790
7953 2790
7954 2790
7955 2790
7956 2790
7957 2790
7958 2790
7959 2790
7960 2790
7961 2790
7962 2790
7963 2790
7964 2790
7965 2790
7966 2787
7967 2787
7968 2787
7969 2787
7970 2787
7971 2787
7972 2787
7973 2787
7974 2787
7975 2787
7976 2787
7977 2787
7978 2787
7979 2787
7980 2787
7981 2787
7982 2787
7983 2787
7984 2787
7985 2787
7986 2787
7987 2787
7988 2787
7989 2787
7990 2787
7991 2787
7992 2787
7993 2787
7994 2787
7995 2787
7996 2787
7997 2787
7998 2787
7999 2787
8000 2787
8001 2785
8002 2785
8003 2785
8004 2785
8005 2785
8006 2785
8007 2785
8008 2785
8009 2778
8010 2778
8011 2778
8012 2778
8013 2778
8014 2778
8015 2778
8016 2778
8017 2778
8018 2778
8019 2778
8020 2778
8021 2778
8022 2778
8023 2778
8024 2778
8025 2778
8026 2778
8027 2778
8028 2778
8029 2778
8030 2778
8031 2778
8032 2778
8033 2778
8034 2778
8035 2778
8036 2774
8037 2774
8038 2774
8039 2774
8040 2774
8041 2774
8042 2774
8043 2774
8044 2774
8045 2774
8046 2774
8047 2774
8048 2774
8049 2774
8050 2774
8051 2774
8052 2774
8053 2774
8054 2774
8055 2774
8056 2774
8057 2774
8058 2774
8059 2774
8060 2774
8061 2774
8062 2774
8063 2774
8064 2774
8065 2774
8066 2774
8067 2774
8068 2774
8069 2774
8070 2774
8071 2774
8072 2774
8073 2774
8074 2774
8075 2774
8076 2774
8077 2774
8078 2774
8079 2774
8080 2774
8081 2774
8082 2774
8083 2774
8084 2774
8085 2774
8086 2774
8087 2774
8088 2774
8089 2774
8090 2774
8091 2774
8092 2774
8093 2774
8094 2774
8095 2774
8096 2774
8097 2774
8098 2774
8099 2774
8100 2774
8101 2774
8102 2774
8103 2774
8104 2774
8105 2774
8106 2774
8107 2774
8108 2774
8109 2774
8110 2774
8111 2774
8112 2774
8113 2774
8114 2774
8115 2774
8116 2774
8117 2774
8118 2774
8119 2774
8120 2774
8121 2774
8122 2774
8123 2774
8124 2774
8125 2774
8126 2774
8127 2774
8128 2774
8129 2774
8130 2774
8131 2774
8132 2774
8133 2774
8134 2774
8135 2774
8136 2774
8137 2774
8138 2774
8139 2774
8140 2774
8141 2774
8142 2774
8143 2774
8144 2774
8145 2774
8146 2774
8147 2774
8148 2774
8149 2774
8150 2774
8151 2774
8152 2774
8153 2774
8154 2774
8155 2774
8156 2774
8157 2774
8158 2774
8159 2774
8160 2774
8161 2774
8162 2774
8163 2774
8164 2774
8165 2774
8166 2774
8167 2774
8168 2774
8169 2774
8170 2774
8171 2774
8172 2774
8173 2774
8174 2774
8175 2774
8176 2774
8177 2774
8178 2774
8179 2774
8180 2774
8181 2774
8182 2774
8183 2774
8184 2774
8185 2774
8186 2774
8187 2774
8188 2774
8189 2774
8190 2774
8191 2774
8192 2774
8193 2774
8194 2774
8195 2774
8196 2774
8197 2774
8198 2774
8199 2774
8200 2774
8201 2774
8202 2774
8203 2774
8204 2774
8205 2774
8206 2774
8207 2774
8208 2774
8209 2774
8210 2774
8211 2774
8212 2774
8213 2774
8214 2774
8215 2774
8216 2774
8217 2774
8218 2774
8219 2774
8220 2774
8221 2774
8222 2774
8223 2774
8224 2774
8225 2774
8226 2774
8227 2774
8228 2774
8229 2774
8230 2774
8231 2774
8232 2774
8233 2774
8234 2774
8235 2774
8236 2774
8237 2774
8238 2767
8239 2767
8240 2767
8241 2767
8242 2767
8243 2767
8244 2767
8245 2767
8246 2767
8247 2767
8248 2767
8249 2767
8250 2767
8251 2767
8252 2767
8253 2767
8254 2767
8255 2764
8256 2764
8257 2764
8258 2764
8259 2764
8260 2764
8261 2764
8262 2764
8263 2764
8264 2764
8265 2764
8266 2764
8267 2764
8268 2764
8269 2764
8270 2764
8271 2746
8272 2746
8273 2746
8274 2746
8275 2746
8276 2746
8277 2746
8278 2746
8279 2746
8280 2746
8281 2746
8282 2746
8283 2746
8284 2746
8285 2746
8286 2746
8287 2746
8288 2746
8289 2746
8290 2746
8291 2746
8292 2746
8293 2746
8294 2746
8295 2746
8296 2746
8297 2746
8298 2746
8299 2746
8300 2746
8301 2746
8302 2746
8303 2746
8304 2746
8305 2746
8306 2746
8307 2746
8308 2746
8309 2746
8310 2746
8311 2746
8312 2746
8313 2746
8314 2746
8315 2746
8316 2746
8317 2746
8318 2746
8319 2746
8320 2746
8321 2746
8322 2746
8323 2746
8324 2746
8325 2746
8326 2746
8327 2746
8328 2746
8329 2746
8330 2746
8331 2746
8332 2746
8333 2746
8334 2746
8335 2746
8336 2746
8337 2746
8338 2740
8339 2740
8340 2740
8341 2740
8342 2740
8343 2740
8344 2740
8345 2740
8346 2740
8347 2740
8348 2740
8349 2740
8350 2740
8351 2740
8352 2740
8353 2740
8354 2740
8355 2740
8356 2740
8357 2740
8358 2740
8359 2740
8360 2740
8361 2740
8362 2740
8363 2740
8364 2740
8365 2740
8366 2740
8367 2740
8368 2740
8369 2740
8370 2740
8371 2740
8372 2740
8373 2740
8374 2740
8375 2740
8376 2740
8377 2740
8378 2740
8379 2740
8380 2740
8381 2740
8382 2740
8383 2740
8384 2740
8385 2740
8386 2740
8387 2740
8388 2740
8389 2740
8390 2740
8391 2740
8392 2740
8393 2740
8394 2740
8395 2740
8396 2740
8397 2740
8398 2740
8399 2740
8400 2740
8401 2740
8402 2740
8403 2740
8404 2740
8405 2740
8406 2740
8407 2740
8408 2740
8409 2740
8410 2740
8411 2740
8412 2740
8413 2740
8414 2740
8415 2740
8416 2740
8417 2740
8418 2740
8419 2740
8420 2735
8421 2735
8422 2735
8423 2735
8424 2735
8425 2735
8426 2735
8427 2735
8428 2735
8429 2735
8430 2735
8431 2735
8432 2735
8433 2735
8434 2735
8435 2735
8436 2735
8437 2735
8438 2735
8439 2735
8440 2735
8441 2735
8442 2735
8443 2735
8444 2735
8445 2735
8446 2735
8447 2735
8448 2735
8449 2735
8450 2735
8451 2735
8452 2735
8453 2735
8454 2735
8455 2735
8456 2735
8457 2735
8458 2735
8459 2735
8460 2735
8461 2735
8462 2735
8463 2735
8464 2735
8465 2735
8466 2735
8467 2735
8468 2735
8469 2735
8470 2730
8471 2730
8472 2730
8473 2730
8474 2730
8475 2730
8476 2730
8477 2730
8478 2730
8479 2730
8480 2730
8481 2730
8482 2730
8483 2730
8484 2730
8485 2730
8486 2730
8487 2730
8488 2730
8489 2730
8490 2730
8491 2730
8492 2730
8493 2730
8494 2730
8495 2730
8496 2730
8497 2730
8498 2730
8499 2730
8500 2730
8501 2730
8502 2730
8503 2730
8504 2730
8505 2730
8506 2730
8507 2730
8508 2730
8509 2730
8510 2730
8511 2730
8512 2730
8513 2730
8514 2730
8515 2730
8516 2730
8517 2730
8518 2730
8519 2730
8520 2730
8521 2730
8522 2730
8523 2730
8524 2730
8525 2730
8526 2730
8527 2730
8528 2730
8529 2730
8530 2730
8531 2730
8532 2730
8533 2730
8534 2730
8535 2730
8536 2730
8537 2730
8538 2730
8539 2730
8540 2730
8541 2729
8542 2729
8543 2729
8544 2729
8545 2729
8546 2729
8547 2729
8548 2729
8549 2729
8550 2729
8551 2729
8552 2729
8553 2729
8554 2729
8555 2729
8556 2729
8557 2729
8558 2729
8559 2729
8560 2729
8561 2729
8562 2729
8563 2729
8564 2729
8565 2729
8566 2729
8567 2729
8568 2729
8569 2729
8570 2729
8571 2729
8572 2728
8573 2728
8574 2728
8575 2728
8576 2728
8577 2728
8578 2728
8579 2728
8580 2728
8581 2728
8582 2728
8583 2728
8584 2728
8585 2728
8586 2728
8587 2728
8588 2728
8589 2728
8590 2728
8591 2728
8592 2728
8593 2728
8594 2728
8595 2728
8596 2728
8597 2728
8598 2728
8599 2728
8600 2728
8601 2728
8602 2728
8603 2728
8604 2728
8605 2728
8606 2728
8607 2728
8608 2728
8609 2728
8610 2728
8611 2728
8612 2728
8613 2728
8614 2728
8615 2728
8616 2728
8617 2728
8618 2728
8619 2728
8620 2728
8621 2728
8622 2728
8623 2728
8624 2728
8625 2728
8626 2728
8627 2728
8628 2728
8629 2728
8630 2728
8631 2728
8632 2728
8633 2728
8634 2728
8635 2728
8636 2728
8637 2728
8638 2728
8639 2728
8640 2728
8641 2728
8642 2728
8643 2728
8644 2728
8645 2728
8646 2728
8647 2728
8648 2728
8649 2728
8650 2728
8651 2728
8652 2728
8653 2728
8654 2728
8655 2728
8656 2728
8657 2728
8658 2728
8659 2728
8660 2728
8661 2728
8662 2728
8663 2728
8664 2728
8665 2728
8666 2728
8667 2728
8668 2728
8669 2728
8670 2728
8671 2728
8672 2728
8673 2728
8674 2728
8675 2728
8676 2728
8677 2728
8678 2728
8679 2728
8680 2728
8681 2728
8682 2728
8683 2728
8684 2728
8685 2728
8686 2728
8687 2728
8688 2728
8689 2728
8690 2728
8691 2728
8692 2728
8693 2728
8694 2728
8695 2728
8696 2728
8697 2728
8698 2728
8699 2728
8700 2728
8701 2728
8702 2728
8703 2728
8704 2728
8705 2728
8706 2728
8707 2728
8708 2728
8709 2728
8710 2728
8711 2728
8712 2728
8713 2728
8714 2728
8715 2728
8716 2728
8717 2728
8718 2728
8719 2728
8720 2728
8721 2728
8722 2728
8723 2728
8724 2728
8725 2728
8726 2728
8727 2728
8728 2728
8729 2728
8730 2728
8731 2728
8732 2728
8733 2728
8734 2728
8735 2728
8736 2727
8737 2727
8738 2727
8739 2727
8740 2727
8741 2717
8742 2717
8743 2717
8744 2717
8745 2717
8746 2717
8747 2717
8748 2717
8749 2717
8750 2717
8751 2717
8752 2717
8753 2717
8754 2717
8755 2717
8756 2717
8757 2717
8758 2717
8759 2717
8760 2717
8761 2717
8762 2717
8763 2717
8764 2717
8765 2717
8766 2717
8767 2717
8768 2717
8769 2717
8770 2717
8771 2717
8772 2717
8773 2717
8774 2717
8775 2717
8776 2717
8777 2717
8778 2717
8779 2717
8780 2717
8781 2717
8782 2717
8783 2717
8784 2717
8785 2717
8786 2717
8787 2717
8788 2714
8789 2714
8790 2714
8791 2714
8792 2714
8793 2714
8794 2714
8795 2714
8796 2714
8797 2714
8798 2714
8799 2714
8800 2714
8801 2714
8802 2714
8803 2714
8804 2714
8805 2714
8806 2714
8807 2714
8808 2714
8809 2714
8810 2714
8811 2713
8812 2713
8813 2713
8814 2713
8815 2713
8816 2713
8817 2713
8818 2713
8819 2713
8820 2713
8821 2713
8822 2713
8823 2713
8824 2713
8825 2713
8826 2713
8827 2713
8828 2713
8829 2713
8830 2713
8831 2713
8832 2713
8833 2713
8834 2713
8835 2713
8836 2713
8837 2713
8838 2713
8839 2713
8840 2713
8841 2713
8842 2713
8843 2713
8844 2713
8845 2713
8846 2713
8847 2713
8848 2713
8849 2713
8850 2713
8851 2713
8852 2713
8853 2713
8854 2713
8855 2713
8856 2713
8857 2713
8858 2713
8859 2713
8860 2713
8861 2713
8862 2713
8863 2713
8864 2713
8865 2713
8866 2713
8867 2713
8868 2713
8869 2713
8870 2713
8871 2713
8872 2713
8873 2713
8874 2713
8875 2713
8876 2713
8877 2713
8878 2713
8879 2713
8880 2713
8881 2713
8882 2713
8883 2713
8884 2713
8885 2713
8886 2713
8887 2713
8888 2705
8889 2705
8890 2705
8891 2705
8892 2705
8893 2705
8894 2705
8895 2705
8896 2705
8897 2705
8898 2705
8899 2705
8900 2705
8901 2705
8902 2705
8903 2705
8904 2705
8905 2705
8906 2705
8907 2705
8908 2705
8909 2705
8910 2705
8911 2705
8912 2705
8913 2705
8914 2705
8915 2705
8916 2705
8917 2705
8918 2705
8919 2705
8920 2705
8921 2705
8922 2705
8923 2705
8924 2705
8925 2698
8926 2698
8927 2698
8928 2698
8929 2698
8930 2698
8931 2698
8932 2698
8933 2698
8934 2698
8935 2698
8936 2698
8937 2698
8938 2698
8939 2698
8940 2698
8941 2698
8942 2698
8943 2698
8944 2698
8945 2698
8946 2698
8947 2698
8948 2698
8949 2698
8950 2698
8951 2698
8952 2698
8953 2698
8954 2698
8955 2698
8956 2698
8957 2698
8958 2698
8959 2692
8960 2692
8961 2692
8962 2692
8963 2692
8964 2692
8965 2692
8966 2692
8967 2692
8968 2692
8969 2692
8970 2692
8971 2692
8972 2692
8973 2692
8974 2692
8975 2692
8976 2692
8977 2692
8978 2692
8979 2692
8980 2692
8981 2692
8982 2692
8983 2692
8984 2692
8985 2692
8986 2692
8987 2692
8988 2692
8989 2692
8990 2692
8991 2692
8992 2692
8993 2692
8994 2692
8995 2692
8996 2692
8997 2692
8998 2692
8999 2692
9000 2692
9001 2692
9002 2692
9003 2692
9004 2692
9005 2692
9006 2692
9007 2692
9008 2692
9009 2692
9010 2692
9011 2692
9012 2692
9013 2692
9014 2692
9015 2692
9016 2692
9017 2692
9018 2692
9019 2692
9020 2692
9021 2692
9022 2692
9023 2692
9024 2692
9025 2692
9026 2692
9027 2692
9028 2692
9029 2692
9030 2692
9031 2692
9032 2692
9033 2692
9034 2692
9035 2692
9036 2692
9037 2692
9038 2692
9039 2692
9040 2692
9041 2692
9042 2692
9043 2692
9044 2678
9045 2678
9046 2678
9047 2678
9048 2678
9049 2678
9050 2678
9051 2678
9052 2678
9053 2678
9054 2678
9055 2678
9056 2678
9057 2678
9058 2678
9059 2676
9060 2676
9061 2676
9062 2676
9063 2676
9064 2676
9065 2676
9066 2676
9067 2676
9068 2676
9069 2676
9070 2676
9071 2676
9072 2676
9073 2676
9074 2676
9075 2676
9076 2676
9077 2676
9078 2676
9079 2676
9080 2676
9081 2676
9082 2676
9083 2676
9084 2676
9085 2676
9086 2676
9087 2676
9088 2676
9089 2676
9090 2676
9091 2676
9092 2676
9093 2676
9094 2676
9095 2676
9096 2676
9097 2676
9098 2676
9099 2676
9100 2676
9101 2676
9102 2676
9103 2676
9104 2676
9105 2676
9106 2676
9107 2676
9108 2676
9109 2676
9110 2676
9111 2676
9112 2676
9113 2676
9114 2676
9115 2676
9116 2676
9117 2676
9118 2676
9119 2676
9120 2676
9121 2676
9122 2676
9123 2676
9124 2676
9125 2676
9126 2676
9127 2676
9128 2676
9129 2676
9130 2676
9131 2676
9132 2676
9133 2676
9134 2676
9135 2676
9136 2676
9137 2676
9138 2676
9139 2676
9140 2676
9141 2676
9142 2676
9143 2676
9144 2676
9145 2676
9146 2676
9147 2676
9148 2676
9149 2676
9150 2676
9151 2676
9152 2676
9153 2676
9154 2676
9155 2676
9156 2676
9157 2676
9158 2676
9159 2676
9160 2676
9161 2676
9162 2676
9163 2676
9164 2676
9165 2676
9166 2676
9167 2676
9168 2676
9169 2676
9170 2676
9171 2676
9172 2676
9173 2676
9174 2676
9175 2676
9176 2676
9177 2676
9178 2676
9179 2676
9180 2676
9181 2676
9182 2676
9183 2676
9184 2676
9185 2676
9186 2676
9187 2676
9188 2676
9189 2676
9190 2676
9191 2676
9192 2676
9193 2676
9194 2676
9195 2676
9196 2676
9197 2676
9198 2676
9199 2676
9200 2676
9201 2676
9202 2676
9203 2676
9204 2676
9205 2676
9206 2676
9207 2676
9208 2676
9209 2676
9210 2676
9211 2676
9212 2676
9213 2676
9214 2676
9215 2676
9216 2676
9217 2676
9218 2676
9219 2676
9220 2676
9221 2676
9222 2676
9223 2676
9224 2676
9225 2676
9226 2676
9227 2676
9228 2676
9229 2676
9230 2676
9231 2676
9232 2676
9233 2676
9234 2676
9235 2676
9236 2676
9237 2676
9238 2676
9239 2676
9240 2676
9241 2676
9242 2676
9243 2676
9244 2676
9245 2676
9246 2676
9247 2676
9248 2676
9249 2676
9250 2668
9251 2668
9252 2668
9253 2668
9254 2668
9255 2668
9256 2668
9257 2668
9258 2668
9259 2668
9260 2668
9261 2668
9262 2668
9263 2668
9264 2668
9265 2668
9266 2668
9267 2668
9268 2668
9269 2668
9270 2668
9271 2668
9272 2668
9273 2668
9274 2668
9275 2668
9276 2668
9277 2668
9278 2668
9279 2668
9280 2668
9281 2668
9282 2668
9283 2668
9284 2668
9285 2668
9286 2668
9287 2668
9288 2668
9289 2668
9290 2668
9291 2668
9292 2668
9293 2668
9294 2668
9295 2668
9296 2668
9297 2668
9298 2668
9299 2668
9300 2668
9301 2668
9302 2668
9303 2668
9304 2668
9305 2668
9306 2668
9307 2668
9308 2668
9309 2668
9310 2668
9311 2668
9312 2668
9313 2668
9314 2668
9315 2668
9316 2668
9317 2668
9318 2668
9319 2668
9320 2668
9321 2668
9322 2668
9323 2668
9324 2668
9325 2668
9326 2668
9327 2668
9328 2668
9329 2668
9330 2668
9331 2668
9332 2668
9333 2668
9334 2668
9335 2668
9336 2668
9337 2668
9338 2668
9339 2668
9340 2668
9341 2668
9342 2668
9343 2668
9344 2668
9345 2668
9346 2668
9347 2668
9348 2668
9349 2668
9350 2668
9351 2668
9352 2668
9353 2668
9354 2668
9355 2668
9356 2668
9357 2668
9358 2667
9359 2667
9360 2667
9361 2667
9362 2667
9363 2667
9364 2667
9365 2667
9366 2667
9367 2667
9368 2667
9369 2667
9370 2667
9371 2667
9372 2667
9373 2667
9374 2667
9375 2667
9376 2667
9377 2667
9378 2667
9379 2667
9380 2665
9381 2665
9382 2665
9383 2665
9384 2665
9385 2665
9386 2665
9387 2665
9388 2665
9389 2665
9390 2665
9391 2665
9392 2665
9393 2665
9394 2665
9395 2665
9396 2665
9397 2665
9398 2665
9399 2665
9400 2665
9401 2665
9402 2665
9403 2665
9404 2665
9405 2665
9406 2665
9407 2665
9408 2665
9409 2665
9410 2665
9411 2665
9412 2665
9413 2665
9414 2665
9415 2665
9416 2665
9417 2665
9418 2665
9419 2665
9420 2665
9421 2665
9422 2665
9423 2665
9424 2665
9425 2665
9426 2665
9427 2665
9428 2665
9429 2665
9430 2665
9431 2665
9432 2665
9433 2665
9434 2665
9435 2665
9436 2665
9437 2665
9438 2665
9439 2665
9440 2665
9441 2665
9442 2665
9443 2665
9444 2665
9445 2665
9446 2665
9447 2665
9448 2665
9449 2665
9450 2665
9451 2665
9452 2665
9453 2665
9454 2665
9455 2665
9456 2665
9457 2665
9458 2665
9459 2665
9460 2665
9461 2665
9462 2665
9463 2665
9464 2665
9465 2665
9466 2665
9467 2665
9468 2665
9469 2665
9470 2665
9471 2665
9472 2665
9473 2665
9474 2665
9475 2665
9476 2665
9477 2665
9478 2665
9479 2665
9480 2665
9481 2665
9482 2665
9483 2665
9484 2665
9485 2665
9486 2665
9487 2665
9488 2665
9489 2665
9490 2665
9491 2665
9492 2665
9493 2665
9494 2665
9495 2665
9496 2665
9497 2665
9498 2665
9499 2665
9500 2665
9501 2665
9502 2665
9503 2665
9504 2665
9505 2665
9506 2665
9507 2665
9508 2665
9509 2665
9510 2665
9511 2665
9512 2665
9513 2665
9514 2665
9515 2665
9516 2653
9517 2653
9518 2653
9519 2653
9520 2653
9521 2653
9522 2653
9523 2653
9524 2653
9525 2653
9526 2653
9527 2653
9528 2653
9529 2653
9530 2653
9531 2653
9532 2653
9533 2653
9534 2653
9535 2653
9536 2653
9537 2653
9538 2653
9539 2653
9540 2653
9541 2653
9542 2653
9543 2653
9544 2653
9545 2653
9546 2653
9547 2653
9548 2653
9549 2653
9550 2653
9551 2653
9552 2653
9553 2653
9554 2653
9555 2653
9556 2653
9557 2653
9558 2653
9559 2653
9560 2653
9561 2653
9562 2653
9563 2653
9564 2653
9565 2653
9566 2653
9567 2653
9568 2653
9569 2653
9570 2653
9571 2653
9572 2653
9573 2653
9574 2653
9575 2653
9576 2653
9577 2653
9578 2653
9579 2653
9580 2653
9581 2653
9582 2653
9583 2653
9584 2653
9585 2653
9586 2653
9587 2653
9588 2653
9589 2653
9590 2653
9591 2653
9592 2653
9593 2653
9594 2653
9595 2653
9596 2653
9597 2653
9598 2651
9599 2651
9600 2651
9601 2651
9602 2651
9603 2651
9604 2651
9605 2651
9606 2651
9607 2651
9608 2651
9609 2651
9610 2651
9611 2651
9612 2651
9613 2651
9614 2651
9615 2651
9616 2651
9617 2651
9618 2651
9619 2651
9620 2651
9621 2651
9622 2651
9623 2651
9624 2651
9625 2651
9626 2651
9627 2651
9628 2651
9629 2651
9630 2651
9631 2651
9632 2651
9633 2651
9634 2651
9635 2651
9636 2651
9637 2651
9638 2651
9639 2651
9640 2651
9641 2651
9642 2651
9643 2651
9644 2651
9645 2651
9646 2651
9647 2651
9648 2651
9649 2651
9650 2651
9651 2651
9652 2651
9653 2651
9654 2651
9655 2651
9656 2651
9657 2651
9658 2651
9659 2651
9660 2651
9661 2651
9662 2651
9663 2651
9664 2651
9665 2651
9666 2651
9667 2651
9668 2651
9669 2651
9670 2651
9671 2651
9672 2651
9673 2651
9674 2651
9675 2651
9676 2651
9677 2651
9678 2651
9679 2651
9680 2651
9681 2651
9682 2651
9683 2651
9684 2651
9685 2651
9686 2651
9687 2651
9688 2651
9689 2651
9690 2651
9691 2651
9692 2651
9693 2651
9694 2651
9695 2651
9696 2651
9697 2651
9698 2651
9699 2651
9700 2651
9701 2651
9702 2651
9703 2651
9704 2651
9705 2651
9706 2651
9707 2651
9708 2651
9709 2651
9710 2651
9711 2651
9712 2651
9713 2651
9714 2651
9715 2651
9716 2651
9717 2651
9718 2651
9719 2651
9720 2651
9721 2651
9722 2651
9723 2651
9724 2651
9725 2651
9726 2651
9727 2651
9728 2651
9729 2651
9730 2651
9731 2651
9732 2651
9733 2651
9734 2651
9735 2651
9736 2651
9737 2651
9738 2651
9739 2651
9740 2651
9741 2651
9742 2651
9743 2651
9744 2651
9745 2651
9746 2651
9747 2651
9748 2651
9749 2651
9750 2651
9751 2651
9752 2651
9753 2651
9754 2651
9755 2651
9756 2651
9757 2651
9758 2651
9759 2651
9760 2651
9761 2651
9762 2651
9763 2651
9764 2651
9765 2651
9766 2651
9767 2651
9768 2651
9769 2651
9770 2651
9771 2651
9772 2651
9773 2651
9774 2651
9775 2651
9776 2651
9777 2651
9778 2651
9779 2651
9780 2651
9781 2651
9782 2651
9783 2651
9784 2651
9785 2651
9786 2651
9787 2651
9788 2651
9789 2651
9790 2651
9791 2651
9792 2651
9793 2651
9794 2651
9795 2651
9796 2651
9797 2651
9798 2651
9799 2651
9800 2651
9801 2651
9802 2651
9803 2651
9804 2651
9805 2651
9806 2651
9807 2651
9808 2651
9809 2651
9810 2651
9811 2651
9812 2651
9813 2651
9814 2651
9815 2651
9816 2651
9817 2651
9818 2651
9819 2651
9820 2651
9821 2651
9822 2651
9823 2651
9824 2651
9825 2651
9826 2651
9827 2651
9828 2651
9829 2651
9830 2651
9831 2651
9832 2651
9833 2651
9834 2651
9835 2651
9836 2651
9837 2651
9838 2651
9839 2651
9840 2651
9841 2651
9842 2651
9843 2651
9844 2651
9845 2651
9846 2651
9847 2651
9848 2651
9849 2651
9850 2651
9851 2651
9852 2651
9853 2651
9854 2651
9855 2651
9856 2651
9857 2651
9858 2651
9859 2651
9860 2651
9861 2651
9862 2651
9863 2651
9864 2651
9865 2651
9866 2651
9867 2651
9868 2646
9869 2646
9870 2646
9871 2646
9872 2646
9873 2646
9874 2646
9875 2646
9876 2646
9877 2646
9878 2646
9879 2646
9880 2643
9881 2643
9882 2643
9883 2642
9884 2642
9885 2642
9886 2642
9887 2642
9888 2642
9889 2642
9890 2642
9891 2642
9892 2642
9893 2642
9894 2642
9895 2642
9896 2642
9897 2642
9898 2642
9899 2642
9900 2642
9901 2642
9902 2642
9903 2642
9904 2642
9905 2642
9906 2642
9907 2642
9908 2642
9909 2642
9910 2642
9911 2642
9912 2642
9913 2632
9914 2632
9915 2632
9916 2632
9917 2632
9918 2632
9919 2632
9920 2632
9921 2632
9922 2632
9923 2632
9924 2632
9925 2632
9926 2632
9927 2632
9928 2632
9929 2632
9930 2632
9931 2632
9932 2632
9933 2632
9934 2632
9935 2632
9936 2632
9937 2632
9938 2632
9939 2632
9940 2632
9941 2632
9942 2632
9943 2632
9944 2632
9945 2632
9946 2632
9947 2632
9948 2632
9949 2632
9950 2632
9951 2632
9952 2632
9953 2632
9954 2632
9955 2632
9956 2632
9957 2632
9958 2632
9959 2632
9960 2632
9961 2632
9962 2632
9963 2632
9964 2632
9965 2632
9966 2632
9967 2632
9968 2632
9969 2632
9970 2632
9971 2632
9972 2632
9973 2632
9974 2632
9975 2632
9976 2632
9977 2632
9978 2632
9979 2632
9980 2632
9981 2632
9982 2632
9983 2632
9984 2632
9985 2632
9986 2632
9987 2632
9988 2632
9989 2632
9990 2632
9991 2632
9992 2632
9993 2632
9994 2632
9995 2632
9996 2632
9997 2632
9998 2632
9999 2632
10000 2632
10001 2632
10002 2632
10003 2632
10004 2632
10005 2632
10006 2632
10007 2632
10008 2632
10009 2632
10010 2632
10011 2632
10012 2632
10013 2632
10014 2632
10015 2632
10016 2632
10017 2632
10018 2632
10019 2632
10020 2632
10021 2632
10022 2632
10023 2632
10024 2632
10025 2632
10026 2632
10027 2632
10028 2632
10029 2632
10030 2632
10031 2632
10032 2632
10033 2632
10034 2632
10035 2632
10036 2632
10037 2632
10038 2632
10039 2632
10040 2632
10041 2632
10042 2632
10043 2632
10044 2632
10045 2632
10046 2632
10047 2632
10048 2632
10049 2632
10050 2632
10051 2632
10052 2632
10053 2632
10054 2632
10055 2632
10056 2632
10057 2632
10058 2632
10059 2632
10060 2632
10061 2632
10062 2632
10063 2632
10064 2632
10065 2632
10066 2632
10067 2632
10068 2632
10069 2632
10070 2632
10071 2632
10072 2632
10073 2632
10074 2632
10075 2632
10076 2632
10077 2632
10078 2632
10079 2632
10080 2632
10081 2632
10082 2632
10083 2632
10084 2632
10085 2632
10086 2632
10087 2632
10088 2632
10089 2632
10090 2632
10091 2632
10092 2632
10093 2632
10094 2632
10095 2632
10096 2632
10097 2632
10098 2632
10099 2632
10100 2632
10101 2632
10102 2632
10103 2632
10104 2632
10105 2632
10106 2632
10107 2632
10108 2632
10109 2632
10110 2632
10111 2632
10112 2632
10113 2632
10114 2621
10115 2621
10116 2621
10117 2621
10118 2621
10119 2621
10120 2621
10121 2621
10122 2621
10123 2621
10124 2621
10125 2621
10126 2621
10127 2621
10128 2621
10129 2621
10130 2621
10131 2621
10132 2621
10133 2621
10134 2621
10135 2621
10136 2621
10137 2621
10138 2621
10139 2621
10140 2621
10141 2621
10142 2621
10143 2621
10144 2621
10145 2621
10146 2621
10147 2621
10148 2621
10149 2621
10150 2621
10151 2621
10152 2621
10153 2621
10154 2621
10155 2621
10156 2621
10157 2621
10158 2621
10159 2621
10160 2621
10161 2621
10162 2621
10163 2621
10164 2621
10165 2621
10166 2621
10167 2621
10168 2621
10169 2621
10170 2621
10171 2621
10172 2621
10173 2621
10174 2621
10175 2621
10176 2621
10177 2621
10178 2621
10179 2621
10180 2621
10181 2621
10182 2621
10183 2621
10184 2621
10185 2621
10186 2621
10187 2621
10188 2621
10189 2621
10190 2621
10191 2621
10192 2621
10193 2621
10194 2621
10195 2621
10196 2621
10197 2621
10198 2621
10199 2621
10200 2621
10201 2621
10202 2621
10203 2621
10204 2621
10205 2621
10206 2621
10207 2621
10208 2621
10209 2621
10210 2621
10211 2620
10212 2620
10213 2620
10214 2620
10215 2620
10216 2620
10217 2620
10218 2620
10219 2620
10220 2620
10221 2620
10222 2620
10223 2620
10224 2620
10225 2620
10226 2620
10227 2620
10228 2620
10229 2620
10230 2620
10231 2620
10232 2620
10233 2620
10234 2620
10235 2620
10236 2620
10237 2620
10238 2620
10239 2620
10240 2620
10241 2620
10242 2620
10243 2620
10244 2620
10245 2620
10246 2620
10247 2620
10248 2620
10249 2620
10250 2620
10251 2620
10252 2620
10253 2620
10254 2620
10255 2620
10256 2620
10257 2620
10258 2620
10259 2620
10260 2620
10261 2620
10262 2620
10263 2620
10264 2620
10265 2620
10266 2620
10267 2620
10268 2620
10269 2620
10270 2620
10271 2620
10272 2620
10273 2620
10274 2620
10275 2620
10276 2620
10277 2620
10278 2620
10279 2620
10280 2620
10281 2620
10282 2620
10283 2620
10284 2620
10285 2620
10286 2620
10287 2620
10288 2620
10289 2620
10290 2620
10291 2620
10292 2620
10293 2620
10294 2620
10295 2620
10296 2620
10297 2620
10298 2620
10299 2620
10300 2620
10301 2620
10302 2620
10303 2620
10304 2620
10305 2620
10306 2620
10307 2620
10308 2620
10309 2620
10310 2620
10311 2620
10312 2620
10313 2620
10314 2620
10315 2620
10316 2620
10317 2620
10318 2620
10319 2620
10320 2620
10321 2620
10322 2620
10323 2620
10324 2620
10325 2620
10326 2620
10327 2620
10328 2620
10329 2620
10330 2620
10331 2620
10332 2620
10333 2620
10334 2620
10335 2620
10336 2620
10337 2620
10338 2620
10339 2620
10340 2620
10341 2620
10342 2620
10343 2620
10344 2620
10345 2620
10346 2620
10347 2620
10348 2620
10349 2620
10350 2620
10351 2620
10352 2620
10353 2620
10354 2620
10355 2620
10356 2620
10357 2620
10358 2620
10359 2620
10360 2620
10361 2620
10362 2620
10363 2620
10364 2620
10365 2620
10366 2620
10367 2620
10368 2620
10369 2620
10370 2620
10371 2620
10372 2620
10373 2620
10374 2620
10375 2620
10376 2620
10377 2620
10378 2620
10379 2620
10380 2620
10381 2620
10382 2620
10383 2620
10384 2620
10385 2620
10386 2620
10387 2620
10388 2620
10389 2620
10390 2620
10391 2620
10392 2620
10393 2620
10394 2620
10395 2620
10396 2620
10397 2620
10398 2620
10399 2620
10400 2620
10401 2620
10402 2620
10403 2620
10404 2620
10405 2620
10406 2620
10407 2620
10408 2620
10409 2620
10410 2620
10411 2620
10412 2620
10413 2620
10414 2620
10415 2620
10416 2620
10417 2620
10418 2620
10419 2620
10420 2620
10421 2620
10422 2620
10423 2620
10424 2620
10425 2620
10426 2620
10427 2620
10428 2620
10429 2620
10430 2620
10431 2620
10432 2620
10433 2620
10434 2620
10435 2620
10436 2620
10437 2620
10438 2620
10439 2620
10440 2620
10441 2620
10442 2620
10443 2620
10444 2620
10445 2620
10446 2620
10447 2620
10448 2620
10449 2620
10450 2620
10451 2620
10452 2620
10453 2620
10454 2620
10455 2620
10456 2620
10457 2620
10458 2620
10459 2620
10460 2620
10461 2620
10462 2620
10463 2620
10464 2620
10465 2620
10466 2620
10467 2620
10468 2620
10469 2620
10470 2620
10471 2620
10472 2620
10473 2620
10474 2620
10475 2620
10476 2620
10477 2620
10478 2620
10479 2620
10480 2620
10481 2620
10482 2620
10483 2620
10484 2620
10485 2620
10486 2620
10487 2620
10488 2617
10489 2617
10490 2617
10491 2617
10492 2617
10493 2617
10494 2617
10495 2617
10496 2617
10497 2617
10498 2617
10499 2617
10500 2617
10501 2617
10502 2617
10503 2617
10504 2617
10505 2617
10506 2617
10507 2617
10508 2617
10509 2617
10510 2617
10511 2617
10512 2617
10513 2617
10514 2617
10515 2617
10516 2617
10517 2617
10518 2617
10519 2617
10520 2617
10521 2617
10522 2617
10523 2617
10524 2617
10525 2617
10526 2617
10527 2617
10528 2617
10529 2617
10530 2617
10531 2617
10532 2617
10533 2617
10534 2617
10535 2617
10536 2617
10537 2617
10538 2617
10539 2617
10540 2617
10541 2617
10542 2617
10543 2617
10544 2617
10545 2617
10546 2617
10547 2617
10548 2617
10549 2617
10550 2617
10551 2617
10552 2617
10553 2617
10554 2617
10555 2617
10556 2617
10557 2617
10558 2617
10559 2617
10560 2617
10561 2617
10562 2617
10563 2617
10564 2617
10565 2617
10566 2617
10567 2617
10568 2617
10569 2617
10570 2617
10571 2617
10572 2617
10573 2617
10574 2617
10575 2617
10576 2617
10577 2617
10578 2617
10579 2617
10580 2617
10581 2617
10582 2617
10583 2617
10584 2617
10585 2617
10586 2617
10587 2617
10588 2617
10589 2617
10590 2617
10591 2617
10592 2616
10593 2616
10594 2616
10595 2616
10596 2616
10597 2616
10598 2616
10599 2610
10600 2610
10601 2610
10602 2610
10603 2610
10604 2610
10605 2610
10606 2610
10607 2610
10608 2610
10609 2610
10610 2610
10611 2610
10612 2610
10613 2610
10614 2610
10615 2610
10616 2610
10617 2610
10618 2610
10619 2610
10620 2610
10621 2610
10622 2610
10623 2610
10624 2610
10625 2610
10626 2610
10627 2610
10628 2610
10629 2610
10630 2610
10631 2610
10632 2610
10633 2610
10634 2610
10635 2610
10636 2610
10637 2610
10638 2610
10639 2610
10640 2610
10641 2610
10642 2610
10643 2610
10644 2610
10645 2610
10646 2610
10647 2610
10648 2610
10649 2610
10650 2610
10651 2610
10652 2610
10653 2610
10654 2610
10655 2610
10656 2610
10657 2610
10658 2610
10659 2610
10660 2610
10661 2610
10662 2610
10663 2610
10664 2610
10665 2610
10666 2610
10667 2610
10668 2610
10669 2610
10670 2610
10671 2610
10672 2610
10673 2610
10674 2610
10675 2610
10676 2610
10677 2610
10678 2610
10679 2610
10680 2610
10681 2610
10682 2610
10683 2610
10684 2610
10685 2610
10686 2610
10687 2610
10688 2610
10689 2610
10690 2610
10691 2610
10692 2610
10693 2610
10694 2610
10695 2610
10696 2610
10697 2610
10698 2610
10699 2610
10700 2610
10701 2610
10702 2610
10703 2610
10704 2610
10705 2610
10706 2610
10707 2610
10708 2610
10709 2610
10710 2610
10711 2610
10712 2610
10713 2610
10714 2610
10715 2610
10716 2610
10717 2610
10718 2610
10719 2610
10720 2610
10721 2610
10722 2610
10723 2610
10724 2610
10725 2610
10726 2610
10727 2610
10728 2610
10729 2610
10730 2610
10731 2610
10732 2610
10733 2610
10734 2610
10735 2610
10736 2610
10737 2610
10738 2610
10739 2610
10740 2610
10741 2610
10742 2610
10743 2610
10744 2610
10745 2610
10746 2610
10747 2610
10748 2610
10749 2610
10750 2610
10751 2610
10752 2610
10753 2610
10754 2610
10755 2610
10756 2610
10757 2610
10758 2610
10759 2610
10760 2610
10761 2610
10762 2610
10763 2610
10764 2610
10765 2610
10766 2610
10767 2610
10768 2610
10769 2610
10770 2610
10771 2610
10772 2610
10773 2610
10774 2610
10775 2610
10776 2610
10777 2610
10778 2610
10779 2610
10780 2610
10781 2610
10782 2610
10783 2610
10784 2610
10785 2610
10786 2610
10787 2610
10788 2610
10789 2610
10790 2610
10791 2610
10792 2610
10793 2610
10794 2610
10795 2610
10796 2610
10797 2610
10798 2610
10799 2610
10800 2610
10801 2610
10802 2610
10803 2610
10804 2610
10805 2610
10806 2610
10807 2610
10808 2610
10809 2610
10810 2610
10811 2610
10812 2610
10813 2610
10814 2610
10815 2610
10816 2610
10817 2610
10818 2610
10819 2610
10820 2610
10821 2610
10822 2610
10823 2610
10824 2610
10825 2610
10826 2610
10827 2610
10828 2610
10829 2610
10830 2610
10831 2610
10832 2610
10833 2610
10834 2610
10835 2610
10836 2610
10837 2610
10838 2610
10839 2610
10840 2610
10841 2610
10842 2610
10843 2610
10844 2610
10845 2610
10846 2610
10847 2610
10848 2610
10849 2610
10850 2610
10851 2610
10852 2610
10853 2610
10854 2610
10855 2610
10856 2610
10857 2610
10858 2610
10859 2610
10860 2610
10861 2610
10862 2610
10863 2610
10864 2610
10865 2610
10866 2610
10867 2610
10868 2610
10869 2610
10870 2610
10871 2610
10872 2610
10873 2610
10874 2610
10875 2610
10876 2610
10877 2610
10878 2610
10879 2610
10880 2610
10881 2610
10882 2610
10883 2610
10884 2610
10885 2610
10886 2610
10887 2610
10888 2610
10889 2610
10890 2610
10891 2610
10892 2610
10893 2610
10894 2610
10895 2610
10896 2610
10897 2610
10898 2610
10899 2610
10900 2610
10901 2610
10902 2610
10903 2610
10904 2610
10905 2610
10906 2610
10907 2610
10908 2610
10909 2610
10910 2610
10911 2610
10912 2610
10913 2610
10914 2610
10915 2610
10916 2610
10917 2610
10918 2610
10919 2610
10920 2610
10921 2610
10922 2610
10923 2610
10924 2610
10925 2610
10926 2610
10927 2610
10928 2610
10929 2610
10930 2610
10931 2610
10932 2610
10933 2610
10934 2610
10935 2610
10936 2610
10937 2610
10938 2610
10939 2610
10940 2610
10941 2610
10942 2610
10943 2610
10944 2610
10945 2610
10946 2610
10947 2610
10948 2610
10949 2610
10950 2610
10951 2610
10952 2610
10953 2610
10954 2610
10955 2610
10956 2610
10957 2610
10958 2610
10959 2610
10960 2610
10961 2610
10962 2610
10963 2610
10964 2610
10965 2610
10966 2610
10967 2610
10968 2610
10969 2610
10970 2610
10971 2610
10972 2610
10973 2610
10974 2610
10975 2610
10976 2610
10977 2610
10978 2610
10979 2610
10980 2610
10981 2610
10982 2610
10983 2610
10984 2610
10985 2610
10986 2610
10987 2610
10988 2610
10989 2610
10990 2610
10991 2610
10992 2610
10993 2610
10994 2610
10995 2610
10996 2610
10997 2610
10998 2610
10999 2610
11000 2610
11001 2610
11002 2610
11003 2610
11004 2607
11005 2607
11006 2607
11007 2607
11008 2607
11009 2607
11010 2607
11011 2607
11012 2607
11013 2607
11014 2607
11015 2607
11016 2607
11017 2607
11018 2607
11019 2607
11020 2607
11021 2607
11022 2607
11023 2607
11024 2607
11025 2607
11026 2607
11027 2607
11028 2607
11029 2607
11030 2607
11031 2607
11032 2607
11033 2607
11034 2607
11035 2607
11036 2607
11037 2607
11038 2607
11039 2607
11040 2607
11041 2607
11042 2607
11043 2607
11044 2607
11045 2607
11046 2607
11047 2607
11048 2607
11049 2607
11050 2607
11051 2607
11052 2607
11053 2607
11054 2607
11055 2607
11056 2607
11057 2607
11058 2607
11059 2607
11060 2607
11061 2607
11062 2607
11063 2607
11064 2607
11065 2607
11066 2607
11067 2607
11068 2607
11069 2607
11070 2607
11071 2607
11072 2607
11073 2607
11074 2607
11075 2607
11076 2607
11077 2607
11078 2607
11079 2607
11080 2607
11081 2607
11082 2607
11083 2607
11084 2607
11085 2607
11086 2607
11087 2607
11088 2607
11089 2607
11090 2607
11091 2607
11092 2607
11093 2607
11094 2607
11095 2607
11096 2607
11097 2607
11098 2606
11099 2606
11100 2606
11101 2606
11102 2606
11103 2606
11104 2606
11105 2606
11106 2606
11107 2606
11108 2606
11109 2606
11110 2606
11111 2606
11112 2606
11113 2606
11114 2606
11115 2606
11116 2606
11117 2606
11118 2606
11119 2606
11120 2606
11121 2606
11122 2606
11123 2606
11124 2606
11125 2606
11126 2606
11127 2606
11128 2606
11129 2606
11130 2606
11131 2606
11132 2606
11133 2606
11134 2606
11135 2606
11136 2606
11137 2606
11138 2606
11139 2606
11140 2606
11141 2606
11142 2606
11143 2606
11144 2606
11145 2606
11146 2606
11147 2606
11148 2606
11149 2600
11150 2600
11151 2600
11152 2600
11153 2600
11154 2600
11155 2600
11156 2600
11157 2600
11158 2600
11159 2600
11160 2600
11161 2600
11162 2600
11163 2600
11164 2600
11165 2600
11166 2600
11167 2600
11168 2600
11169 2600
11170 2600
11171 2600
11172 2598
11173 2598
11174 2598
11175 2598
11176 2598
11177 2598
11178 2598
11179 2598
11180 2598
11181 2598
11182 2598
11183 2598
11184 2598
11185 2598
11186 2598
11187 2598
11188 2598
11189 2598
11190 2598
11191 2598
11192 2598
11193 2598
11194 2598
11195 2598
11196 2598
11197 2598
11198 2598
11199 2598
11200 2598
11201 2598
11202 2598
11203 2598
11204 2598
11205 2598
11206 2598
11207 2598
11208 2598
11209 2598
11210 2598
11211 2598
11212 2598
11213 2598
11214 2598
11215 2598
11216 2598
11217 2598
11218 2598
11219 2598
11220 2598
11221 2598
11222 2595
11223 2595
11224 2595
11225 2595
11226 2595
11227 2595
11228 2595
11229 2595
11230 2595
11231 2595
11232 2595
11233 2595
11234 2595
11235 2595
11236 2595
11237 2595
11238 2595
11239 2595
11240 2595
11241 2595
11242 2595
11243 2595
11244 2595
11245 2595
11246 2595
11247 2595
11248 2595
11249 2595
11250 2595
11251 2595
11252 2595
11253 2595
11254 2595
11255 2595
11256 2595
11257 2595
11258 2595
11259 2595
11260 2595
11261 2595
11262 2595
11263 2595
11264 2595
11265 2595
11266 2595
11267 2595
11268 2595
11269 2595
11270 2595
11271 2595
11272 2595
11273 2595
11274 2595
11275 2595
11276 2595
11277 2595
11278 2595
11279 2595
11280 2595
11281 2595
11282 2595
11283 2595
11284 2595
11285 2595
11286 2595
11287 2595
11288 2595
11289 2595
11290 2595
11291 2595
11292 2595
11293 2595
11294 2595
11295 2595
11296 2595
11297 2595
11298 2595
11299 2595
11300 2595
11301 2595
11302 2595
11303 2595
11304 2595
11305 2595
11306 2595
11307 2595
11308 2595
11309 2595
11310 2595
11311 2595
11312 2595
11313 2595
11314 2595
11315 2595
11316 2595
11317 2595
11318 2595
11319 2595
11320 2595
11321 2595
11322 2595
11323 2595
11324 2595
11325 2595
11326 2588
11327 2588
11328 2588
11329 2588
11330 2588
11331 2588
11332 2588
11333 2588
11334 2588
11335 2588
11336 2588
11337 2588
11338 2588
11339 2588
11340 2588
11341 2588
11342 2588
11343 2588
11344 2588
11345 2588
11346 2588
11347 2588
11348 2588
11349 2588
11350 2588
11351 2588
11352 2588
11353 2588
11354 2588
11355 2588
11356 2588
11357 2588
11358 2588
11359 2588
11360 2588
11361 2588
11362 2588
11363 2588
11364 2588
11365 2588
11366 2588
11367 2588
11368 2588
11369 2588
11370 2588
11371 2588
11372 2588
11373 2588
11374 2588
11375 2588
11376 2588
11377 2588
11378 2588
11379 2588
11380 2588
11381 2588
11382 2588
11383 2588
11384 2588
11385 2588
11386 2588
11387 2588
11388 2588
11389 2588
11390 2588
11391 2588
11392 2588
11393 2588
11394 2588
11395 2588
11396 2588
11397 2588
11398 2588
11399 2588
11400 2588
11401 2588
11402 2588
11403 2588
11404 2588
11405 2588
11406 2588
11407 2588
11408 2588
11409 2588
11410 2588
11411 2588
11412 2588
11413 2588
11414 2588
11415 2588
11416 2588
11417 2588
11418 2588
11419 2588
11420 2588
11421 2588
11422 2588
11423 2588
11424 2588
11425 2588
11426 2588
11427 2588
11428 2588
11429 2588
11430 2588
11431 2588
11432 2588
11433 2588
11434 2588
11435 2588
11436 2588
11437 2588
11438 2588
11439 2588
11440 2588
11441 2588
11442 2588
11443 2588
11444 2588
11445 2588
11446 2588
11447 2588
11448 2588
11449 2588
11450 2588
11451 2588
11452 2588
11453 2588
11454 2588
11455 2588
11456 2588
11457 2588
11458 2587
11459 2587
11460 2587
11461 2587
11462 2587
11463 2587
11464 2587
11465 2587
11466 2587
11467 2587
11468 2587
11469 2587
11470 2587
11471 2587
11472 2587
11473 2587
11474 2587
11475 2587
11476 2587
11477 2587
11478 2587
11479 2587
11480 2587
11481 2587
11482 2587
11483 2587
11484 2587
11485 2587
11486 2587
11487 2587
11488 2587
11489 2587
11490 2587
11491 2587
11492 2587
11493 2587
11494 2587
11495 2587
11496 2587
11497 2587
11498 2587
11499 2587
11500 2587
11501 2587
11502 2587
11503 2587
11504 2587
11505 2587
11506 2587
11507 2587
11508 2587
11509 2587
11510 2587
11511 2587
11512 2587
11513 2587
11514 2587
11515 2587
11516 2587
11517 2587
11518 2587
11519 2587
11520 2587
11521 2587
11522 2587
11523 2587
11524 2587
11525 2587
11526 2581
11527 2581
11528 2581
11529 2581
11530 2581
11531 2581
11532 2581
11533 2581
11534 2581
11535 2581
11536 2581
11537 2581
11538 2581
11539 2581
11540 2581
11541 2581
11542 2581
11543 2581
11544 2581
11545 2581
11546 2581
11547 2581
11548 2581
11549 2581
11550 2581
11551 2581
11552 2581
11553 2581
11554 2581
11555 2581
11556 2581
11557 2581
11558 2581
11559 2581
11560 2581
11561 2581
11562 2581
11563 2581
11564 2581
11565 2581
11566 2581
11567 2581
11568 2581
11569 2581
11570 2581
11571 2581
11572 2581
11573 2581
11574 2581
11575 2581
11576 2581
11577 2581
11578 2581
11579 2581
11580 2581
11581 2581
11582 2581
11583 2581
11584 2581
11585 2581
11586 2581
11587 2581
11588 2581
11589 2581
11590 2581
11591 2581
11592 2581
11593 2581
11594 2581
11595 2581
11596 2581
11597 2581
11598 2581
11599 2581
11600 2581
11601 2581
11602 2581
11603 2581
11604 2581
11605 2581
11606 2581
11607 2581
11608 2581
11609 2581
11610 2581
11611 2581
11612 2581
11613 2581
11614 2581
11615 2581
11616 2581
11617 2581
11618 2581
11619 2581
11620 2581
11621 2581
11622 2581
11623 2581
11624 2581
11625 2581
11626 2581
11627 2581
11628 2581
11629 2581
11630 2581
11631 2581
11632 2581
11633 2581
11634 2581
11635 2581
11636 2581
11637 2581
11638 2581
11639 2581
11640 2581
11641 2581
11642 2581
11643 2581
11644 2581
11645 2581
11646 2581
11647 2581
11648 2581
11649 2581
11650 2581
11651 2581
11652 2581
11653 2581
11654 2581
11655 2581
11656 2581
11657 2581
11658 2581
11659 2581
11660 2581
11661 2581
11662 2581
11663 2581
11664 2581
11665 2581
11666 2581
11667 2581
11668 2581
11669 2581
11670 2581
11671 2581
11672 2581
11673 2581
11674 2581
11675 2581
11676 2581
11677 2581
11678 2581
11679 2581
11680 2581
11681 2581
11682 2581
11683 2581
11684 2581
11685 2581
11686 2581
11687 2581
11688 2581
11689 2581
11690 2581
11691 2581
11692 2581
11693 2581
11694 2581
11695 2581
11696 2581
11697 2581
11698 2581
11699 2581
11700 2581
11701 2581
11702 2581
11703 2581
11704 2581
11705 2581
11706 2581
11707 2581
11708 2581
11709 2581
11710 2581
11711 2581
11712 2581
11713 2581
11714 2581
11715 2581
11716 2581
11717 2581
11718 2581
11719 2581
11720 2581
11721 2581
11722 2581
11723 2581
11724 2581
11725 2581
11726 2581
11727 2581
11728 2581
11729 2581
11730 2581
11731 2581
11732 2581
11733 2581
11734 2581
11735 2581
11736 2581
11737 2581
11738 2581
11739 2581
11740 2581
11741 2581
11742 2581
11743 2581
11744 2581
11745 2581
11746 2581
11747 2581
11748 2581
11749 2581
11750 2581
11751 2581
11752 2581
11753 2581
11754 2581
11755 2581
11756 2581
11757 2581
11758 2581
11759 2581
11760 2581
11761 2581
11762 2581
11763 2581
11764 2581
11765 2581
11766 2581
11767 2581
11768 2581
11769 2581
11770 2581
11771 2581
11772 2581
11773 2581
11774 2581
11775 2581
11776 2581
11777 2581
11778 2581
11779 2581
11780 2581
11781 2581
11782 2581
11783 2581
11784 2581
11785 2581
11786 2581
11787 2581
11788 2581
11789 2581
11790 2581
11791 2581
11792 2581
11793 2581
11794 2581
11795 2581
11796 2581
11797 2581
11798 2581
11799 2581
11800 2581
11801 2581
11802 2581
11803 2581
11804 2581
11805 2581
11806 2581
11807 2581
11808 2581
11809 2581
11810 2581
11811 2581
11812 2581
11813 2581
11814 2581
11815 2581
11816 2581
11817 2581
11818 2581
11819 2581
11820 2581
11821 2581
11822 2581
11823 2581
11824 2581
11825 2581
11826 2581
11827 2581
11828 2581
11829 2581
11830 2581
11831 2581
11832 2581
11833 2581
11834 2581
11835 2581
11836 2581
11837 2581
11838 2581
11839 2581
11840 2581
11841 2581
11842 2581
11843 2581
11844 2581
11845 2581
11846 2581
11847 2581
11848 2581
11849 2581
11850 2581
11851 2581
11852 2581
11853 2581
11854 2581
11855 2581
11856 2581
11857 2581
11858 2581
11859 2581
11860 2581
11861 2581
11862 2581
11863 2581
11864 2581
11865 2581
11866 2581
11867 2581
11868 2581
11869 2581
11870 2581
11871 2581
11872 2581
11873 2581
11874 2581
11875 2581
11876 2581
11877 2581
11878 2581
11879 2581
11880 2581
11881 2581
11882 2581
11883 2581
11884 2581
11885 2581
11886 2581
11887 2581
11888 2581
11889 2581
11890 2581
11891 2581
11892 2581
11893 2581
11894 2581
11895 2581
11896 2581
11897 2581
11898 2581
11899 2581
11900 2581
11901 2581
11902 2581
11903 2581
11904 2581
11905 2581
11906 2581
11907 2581
11908 2581
11909 2581
11910 2581
11911 2581
11912 2581
11913 2581
11914 2581
11915 2581
11916 2581
11917 2581
11918 2581
11919 2581
11920 2581
11921 2581
11922 2581
11923 2581
11924 2581
11925 2581
11926 2581
11927 2581
11928 2581
11929 2581
11930 2581
11931 2581
11932 2581
11933 2581
11934 2581
11935 2581
11936 2581
11937 2581
11938 2581
11939 2581
11940 2581
11941 2581
11942 2581
11943 2581
11944 2581
11945 2581
11946 2581
11947 2581
11948 2581
11949 2581
11950 2581
11951 2581
11952 2581
11953 2581
11954 2581
11955 2581
11956 2581
11957 2581
11958 2581
11959 2581
11960 2581
11961 2581
11962 2581
11963 2581
11964 2581
11965 2581
11966 2581
11967 2581
11968 2581
11969 2581
11970 2581
11971 2581
11972 2581
11973 2581
11974 2581
11975 2581
11976 2581
11977 2581
11978 2581
11979 2581
11980 2581
11981 2581
11982 2581
11983 2581
11984 2581
11985 2581
11986 2581
11987 2581
11988 2581
11989 2581
11990 2581
11991 2581
11992 2581
11993 2581
11994 2581
11995 2581
11996 2581
11997 2581
11998 2581
11999 2581
12000 2581
12001 2581
12002 2581
12003 2581
12004 2581
12005 2581
12006 2581
12007 2581
12008 2581
12009 2581
12010 2581
12011 2581
12012 2581
12013 2581
12014 2581
12015 2581
12016 2581
12017 2581
12018 2581
12019 2581
12020 2581
12021 2581
12022 2581
12023 2581
12024 2581
12025 2581
12026 2581
12027 2581
12028 2581
12029 2581
12030 2581
12031 2581
12032 2581
12033 2581
12034 2581
12035 2581
12036 2581
12037 2581
12038 2581
12039 2581
12040 2581
12041 2581
12042 2581
12043 2581
12044 2581
12045 2581
12046 2581
12047 2581
12048 2581
12049 2581
12050 2581
12051 2581
12052 2581
12053 2581
12054 2581
12055 2581
12056 2581
12057 2581
12058 2581
12059 2581
12060 2581
12061 2581
12062 2581
12063 2581
12064 2581
12065 2581
12066 2581
12067 2581
12068 2581
12069 2581
12070 2581
12071 2581
12072 2581
12073 2581
12074 2581
12075 2581
12076 2581
12077 2581
12078 2581
12079 2581
12080 2581
12081 2581
12082 2581
12083 2581
12084 2581
12085 2581
12086 2581
12087 2581
12088 2581
12089 2581
12090 2581
12091 2581
12092 2581
12093 2581
12094 2581
12095 2581
12096 2581
12097 2581
12098 2581
12099 2581
12100 2581
12101 2581
12102 2581
12103 2581
12104 2581
12105 2581
12106 2581
12107 2581
12108 2581
12109 2581
12110 2581
12111 2581
12112 2581
12113 2581
12114 2581
12115 2581
12116 2581
12117 2581
12118 2581
12119 2581
12120 2574
12121 2574
12122 2574
12123 2574
12124 2574
12125 2574
12126 2574
12127 2574
12128 2574
12129 2574
12130 2574
12131 2574
12132 2574
12133 2574
12134 2574
12135 2574
12136 2574
12137 2574
12138 2574
12139 2574
12140 2574
12141 2574
12142 2574
12143 2574
12144 2574
12145 2574
12146 2574
12147 2574
12148 2574
12149 2574
12150 2574
12151 2574
12152 2574
12153 2574
12154 2574
12155 2574
12156 2574
12157 2574
12158 2574
12159 2574
12160 2574
12161 2574
12162 2574
12163 2574
12164 2574
12165 2574
12166 2574
12167 2574
12168 2574
12169 2574
12170 2574
12171 2574
12172 2574
12173 2574
12174 2574
12175 2574
12176 2574
12177 2574
12178 2574
12179 2574
12180 2574
12181 2574
12182 2574
12183 2574
12184 2574
12185 2574
12186 2574
12187 2574
12188 2574
12189 2574
12190 2574
12191 2574
12192 2574
12193 2574
12194 2574
12195 2574
12196 2574
12197 2574
12198 2574
12199 2574
12200 2574
12201 2574
12202 2574
12203 2574
12204 2574
12205 2574
12206 2574
12207 2574
12208 2574
12209 2574
12210 2574
12211 2574
12212 2574
12213 2574
12214 2574
12215 2574
12216 2574
12217 2574
12218 2574
12219 2574
12220 2574
12221 2574
12222 2574
12223 2574
12224 2574
12225 2574
12226 2574
12227 2574
12228 2574
12229 2574
12230 2574
12231 2574
12232 2574
12233 2574
12234 2574
12235 2574
12236 2574
12237 2574
12238 2574
12239 2574
12240 2574
12241 2574
12242 2574
12243 2574
12244 2574
12245 2574
12246 2574
12247 2574
12248 2574
12249 2574
12250 2574
12251 2574
12252 2574
12253 2574
12254 2574
12255 2574
12256 2574
12257 2574
12258 2574
12259 2574
12260 2574
12261 2574
12262 2574
12263 2574
12264 2574
12265 2574
12266 2574
12267 2574
12268 2574
12269 2574
12270 2574
12271 2574
12272 2574
12273 2574
12274 2574
12275 2574
12276 2574
12277 2574
12278 2574
12279 2574
12280 2574
12281 2574
12282 2574
12283 2574
12284 2574
12285 2574
12286 2574
12287 2574
12288 2574
12289 2574
12290 2574
12291 2574
12292 2574
12293 2574
12294 2574
12295 2574
12296 2574
12297 2574
12298 2574
12299 2574
12300 2574
12301 2574
12302 2574
12303 2574
12304 2574
12305 2574
12306 2574
12307 2574
12308 2574
12309 2574
12310 2574
12311 2574
12312 2574
12313 2574
12314 2574
12315 2574
12316 2574
12317 2574
12318 2574
12319 2574
12320 2574
12321 2574
12322 2574
12323 2574
12324 2574
12325 2574
12326 2574
12327 2574
12328 2574
12329 2574
12330 2574
12331 2574
12332 2574
12333 2574
12334 2574
12335 2574
12336 2574
12337 2574
12338 2574
12339 2574
12340 2574
12341 2574
12342 2574
12343 2574
12344 2574
12345 2574
12346 2574
12347 2574
12348 2574
12349 2574
12350 2574
12351 2574
12352 2574
12353 2574
12354 2574
12355 2574
12356 2574
12357 2574
12358 2574
12359 2574
12360 2574
12361 2574
12362 2574
12363 2574
12364 2574
12365 2574
12366 2574
12367 2574
12368 2574
12369 2574
12370 2574
12371 2574
12372 2574
12373 2574
12374 2574
12375 2574
12376 2574
12377 2574
12378 2574
12379 2574
12380 2574
12381 2574
12382 2574
12383 2574
12384 2574
12385 2574
12386 2574
12387 2574
12388 2574
12389 2574
12390 2574
12391 2574
12392 2574
12393 2574
12394 2574
12395 2574
12396 2574
12397 2574
12398 2574
12399 2574
12400 2574
12401 2574
12402 2574
12403 2574
12404 2574
12405 2574
12406 2574
12407 2574
12408 2574
12409 2574
12410 2574
12411 2574
12412 2574
12413 2574
12414 2574
12415 2574
12416 2574
12417 2574
12418 2574
12419 2574
12420 2574
12421 2574
12422 2574
12423 2574
12424 2574
12425 2574
12426 2574
12427 2574
12428 2574
12429 2574
12430 2574
12431 2574
12432 2574
12433 2574
12434 2574
12435 2571
12436 2571
12437 2571
12438 2571
12439 2571
12440 2571
12441 2571
12442 2571
12443 2571
12444 2571
12445 2571
12446 2571
12447 2571
12448 2571
12449 2571
12450 2571
12451 2571
12452 2571
12453 2571
12454 2571
12455 2571
12456 2571
12457 2571
12458 2571
12459 2571
12460 2571
12461 2571
12462 2571
12463 2571
12464 2571
12465 2571
12466 2571
12467 2571
12468 2571
12469 2571
12470 2571
12471 2571
12472 2571
12473 2571
12474 2571
12475 2571
12476 2571
12477 2571
12478 2571
12479 2571
12480 2571
12481 2571
12482 2571
12483 2571
12484 2571
12485 2571
12486 2571
12487 2571
12488 2571
12489 2571
12490 2571
12491 2571
12492 2571
12493 2571
12494 2571
12495 2571
12496 2571
12497 2571
12498 2571
12499 2571
12500 2571
12501 2571
12502 2571
12503 2571
12504 2571
12505 2571
12506 2571
12507 2571
12508 2571
12509 2571
12510 2571
12511 2571
12512 2571
12513 2571
12514 2571
12515 2571
12516 2571
12517 2571
12518 2571
12519 2571
12520 2571
12521 2571
12522 2571
12523 2571
12524 2571
12525 2571
12526 2571
12527 2571
12528 2571
12529 2571
12530 2571
12531 2571
12532 2571
12533 2571
12534 2571
12535 2571
12536 2571
12537 2571
12538 2571
12539 2571
12540 2571
12541 2571
12542 2571
12543 2571
12544 2571
12545 2571
12546 2571
12547 2571
12548 2571
12549 2571
12550 2571
12551 2571
12552 2571
12553 2571
12554 2571
12555 2571
12556 2571
12557 2571
12558 2571
12559 2571
12560 2571
12561 2571
12562 2571
12563 2571
12564 2571
12565 2571
12566 2571
12567 2571
12568 2571
12569 2571
12570 2571
12571 2571
12572 2571
12573 2571
12574 2571
12575 2571
12576 2571
12577 2571
12578 2571
12579 2571
12580 2571
12581 2571
12582 2571
12583 2571
12584 2571
12585 2571
12586 2571
12587 2571
12588 2571
12589 2571
12590 2571
12591 2571
12592 2571
12593 2571
12594 2571
12595 2571
12596 2571
12597 2571
12598 2571
12599 2571
12600 2571
12601 2571
12602 2571
12603 2571
12604 2571
12605 2571
12606 2571
12607 2571
12608 2571
12609 2571
12610 2571
12611 2571
12612 2571
12613 2571
12614 2571
12615 2571
12616 2571
12617 2571
12618 2571
12619 2571
12620 2571
12621 2570
12622 2570
12623 2570
12624 2570
12625 2570
12626 2570
12627 2570
12628 2570
12629 2570
12630 2570
12631 2570
12632 2570
12633 2570
12634 2570
12635 2570
12636 2570
12637 2570
12638 2570
12639 2570
12640 2570
12641 2570
12642 2570
12643 2570
12644 2570
12645 2570
12646 2570
12647 2570
12648 2570
12649 2570
12650 2570
12651 2570
12652 2570
12653 2570
12654 2570
12655 2570
12656 2570
12657 2570
12658 2570
12659 2570
12660 2570
12661 2570
12662 2570
12663 2570
12664 2570
12665 2570
12666 2570
12667 2570
12668 2570
12669 2570
12670 2570
12671 2570
12672 2570
12673 2570
12674 2570
12675 2570
12676 2570
12677 2570
12678 2570
12679 2570
12680 2570
12681 2570
12682 2570
12683 2570
12684 2570
12685 2570
12686 2570
12687 2570
12688 2570
12689 2570
12690 2570
12691 2570
12692 2570
12693 2570
12694 2570
12695 2570
12696 2570
12697 2570
12698 2570
12699 2570
12700 2570
12701 2570
12702 2570
12703 2570
12704 2570
12705 2570
12706 2570
12707 2570
12708 2570
12709 2570
12710 2570
12711 2570
12712 2570
12713 2570
12714 2570
12715 2570
12716 2570
12717 2570
12718 2570
12719 2570
12720 2570
12721 2570
12722 2570
12723 2570
12724 2570
12725 2570
12726 2570
12727 2570
12728 2570
12729 2570
12730 2570
12731 2570
12732 2570
12733 2570
12734 2570
12735 2570
12736 2570
12737 2570
12738 2570
12739 2570
12740 2570
12741 2570
12742 2570
12743 2570
12744 2570
12745 2570
12746 2570
12747 2570
12748 2570
12749 2570
12750 2570
12751 2570
12752 2570
12753 2570
12754 2570
12755 2570
12756 2570
12757 2570
12758 2570
12759 2570
12760 2570
12761 2570
12762 2570
12763 2570
12764 2570
12765 2570
12766 2570
12767 2570
12768 2570
12769 2570
12770 2570
12771 2570
12772 2570
12773 2570
12774 2570
12775 2570
12776 2570
12777 2570
12778 2570
12779 2570
12780 2570
12781 2570
12782 2570
12783 2570
12784 2570
12785 2570
12786 2570
12787 2570
12788 2570
12789 2570
12790 2570
12791 2570
12792 2570
12793 2570
12794 2570
12795 2570
12796 2570
12797 2570
12798 2570
12799 2570
12800 2570
12801 2570
12802 2570
12803 2570
12804 2570
12805 2570
12806 2570
12807 2570
12808 2570
12809 2570
12810 2570
12811 2570
12812 2570
12813 2570
12814 2570
12815 2570
12816 2570
12817 2570
12818 2570
12819 2570
12820 2570
12821 2570
12822 2570
12823 2570
12824 2570
12825 2570
12826 2570
12827 2570
12828 2570
12829 2570
12830 2570
12831 2570
12832 2570
12833 2570
12834 2570
12835 2570
12836 2570
12837 2570
12838 2570
12839 2570
12840 2570
12841 2570
12842 2570
12843 2570
12844 2570
12845 2570
12846 2570
12847 2570
12848 2570
12849 2570
12850 2570
12851 2570
12852 2570
12853 2570
12854 2570
12855 2570
12856 2570
12857 2570
12858 2570
12859 2570
12860 2570
12861 2570
12862 2570
12863 2570
12864 2570
12865 2570
12866 2570
12867 2570
12868 2570
12869 2570
12870 2570
12871 2570
12872 2570
12873 2570
12874 2570
12875 2570
12876 2570
12877 2570
12878 2570
12879 2570
12880 2570
12881 2570
12882 2570
12883 2570
12884 2570
12885 2570
12886 2570
12887 2570
12888 2570
12889 2570
12890 2570
12891 2570
12892 2570
12893 2570
12894 2570
12895 2570
12896 2570
12897 2570
12898 2570
12899 2570
12900 2570
12901 2570
12902 2570
12903 2570
12904 2570
12905 2570
12906 2570
12907 2570
12908 2570
12909 2570
12910 2570
12911 2570
12912 2570
12913 2570
12914 2570
12915 2570
12916 2570
12917 2570
12918 2570
12919 2570
12920 2570
12921 2570
12922 2570
12923 2570
12924 2570
12925 2570
12926 2570
12927 2570
12928 2570
12929 2570
12930 2570
12931 2570
12932 2570
12933 2570
12934 2570
12935 2570
12936 2570
12937 2570
12938 2570
12939 2570
12940 2570
12941 2570
12942 2570
12943 2570
12944 2570
12945 2570
12946 2570
12947 2570
12948 2570
12949 2570
12950 2570
12951 2570
12952 2570
12953 2570
12954 2570
12955 2570
12956 2570
12957 2570
12958 2570
12959 2570
12960 2570
12961 2570
12962 2570
12963 2570
12964 2570
12965 2570
12966 2570
12967 2570
12968 2570
12969 2570
12970 2570
12971 2570
12972 2570
12973 2570
12974 2570
12975 2570
12976 2570
12977 2570
12978 2570
12979 2570
12980 2570
12981 2570
12982 2570
12983 2570
12984 2570
12985 2570
12986 2570
12987 2570
12988 2570
12989 2570
12990 2570
12991 2570
12992 2570
12993 2570
12994 2570
12995 2570
12996 2570
12997 2570
12998 2570
12999 2570
13000 2570
13001 2570
13002 2570
13003 2570
13004 2570
13005 2570
13006 2570
13007 2570
13008 2570
13009 2570
13010 2570
13011 2570
13012 2570
13013 2570
13014 2570
13015 2570
13016 2570
13017 2570
13018 2570
13019 2570
13020 2570
13021 2570
13022 2570
13023 2570
13024 2570
13025 2570
13026 2570
13027 2570
13028 2570
13029 2570
13030 2570
13031 2570
13032 2570
13033 2570
13034 2570
13035 2570
13036 2570
13037 2570
13038 2570
13039 2570
13040 2570
13041 2570
13042 2570
13043 2570
13044 2570
13045 2570
13046 2570
13047 2570
13048 2570
13049 2570
13050 2570
13051 2570
13052 2570
13053 2570
13054 2570
13055 2570
13056 2570
13057 2570
13058 2570
13059 2570
13060 2570
13061 2570
13062 2570
13063 2570
13064 2570
13065 2570
13066 2570
13067 2570
13068 2570
13069 2570
13070 2570
13071 2570
13072 2570
13073 2570
13074 2570
13075 2570
13076 2570
13077 2570
13078 2570
13079 2570
13080 2570
13081 2570
13082 2570
13083 2570
13084 2570
13085 2570
13086 2570
13087 2570
13088 2570
13089 2570
13090 2570
13091 2570
13092 2570
13093 2570
13094 2570
13095 2570
13096 2570
13097 2570
13098 2570
13099 2570
13100 2570
13101 2570
13102 2570
13103 2570
13104 2570
13105 2570
13106 2570
13107 2570
13108 2570
13109 2570
13110 2570
13111 2570
13112 2570
13113 2570
13114 2570
13115 2570
13116 2570
13117 2570
13118 2570
13119 2570
13120 2570
13121 2570
13122 2570
13123 2570
13124 2570
13125 2570
13126 2570
13127 2570
13128 2570
13129 2570
13130 2570
13131 2570
13132 2570
13133 2570
13134 2570
13135 2570
13136 2570
13137 2570
13138 2570
13139 2570
13140 2570
13141 2570
13142 2570
13143 2570
13144 2570
13145 2570
13146 2570
13147 2570
13148 2570
13149 2570
13150 2570
13151 2570
13152 2570
13153 2570
13154 2570
13155 2570
13156 2570
13157 2570
13158 2570
13159 2570
13160 2570
13161 2570
13162 2570
13163 2570
13164 2570
13165 2570
13166 2570
13167 2570
13168 2570
13169 2570
13170 2570
13171 2570
13172 2570
13173 2570
13174 2570
13175 2570
13176 2570
13177 2570
13178 2570
13179 2570
13180 2570
13181 2570
13182 2570
13183 2570
13184 2570
13185 2570
13186 2570
13187 2570
13188 2570
13189 2570
13190 2570
13191 2570
13192 2570
13193 2570
13194 2570
13195 2570
13196 2570
13197 2570
13198 2570
13199 2570
13200 2570
13201 2570
13202 2570
13203 2570
13204 2570
13205 2570
13206 2570
13207 2570
13208 2570
13209 2570
13210 2570
13211 2570
13212 2570
13213 2570
13214 2570
13215 2570
13216 2570
13217 2570
13218 2570
13219 2570
13220 2570
13221 2570
13222 2570
13223 2570
13224 2570
13225 2570
13226 2570
13227 2570
13228 2568
13229 2568
13230 2568
13231 2568
13232 2568
13233 2568
13234 2568
13235 2568
13236 2568
13237 2568
13238 2568
13239 2568
13240 2568
13241 2568
13242 2568
13243 2568
13244 2568
13245 2568
13246 2568
13247 2568
13248 2568
13249 2568
13250 2568
13251 2568
13252 2568
13253 2568
13254 2568
13255 2568
13256 2568
13257 2568
13258 2568
13259 2568
13260 2568
13261 2568
13262 2568
13263 2568
13264 2568
13265 2568
13266 2568
13267 2568
13268 2568
13269 2568
13270 2568
13271 2568
13272 2568
13273 2568
13274 2568
13275 2568
13276 2568
13277 2568
13278 2568
13279 2568
13280 2568
13281 2568
13282 2568
13283 2568
13284 2568
13285 2568
13286 2568
13287 2568
13288 2568
13289 2568
13290 2568
13291 2568
13292 2568
13293 2568
13294 2568
13295 2568
13296 2568
13297 2568
13298 2568
13299 2561
13300 2561
13301 2561
13302 2561
13303 2561
13304 2561
13305 2561
13306 2561
13307 2561
13308 2561
13309 2561
13310 2561
13311 2561
13312 2561
13313 2561
13314 2561
13315 2561
13316 2561
13317 2561
13318 2561
13319 2561
13320 2561
13321 2561
13322 2561
13323 2561
13324 2561
13325 2561
13326 2561
13327 2561
13328 2561
13329 2561
13330 2561
13331 2561
13332 2561
13333 2561
13334 2561
13335 2561
13336 2561
13337 2561
13338 2561
13339 2561
13340 2561
13341 2561
13342 2561
13343 2561
13344 2561
13345 2561
13346 2561
13347 2561
13348 2561
13349 2561
13350 2561
13351 2561
13352 2561
13353 2561
13354 2561
13355 2561
13356 2561
13357 2561
13358 2561
13359 2561
13360 2561
13361 2561
13362 2561
13363 2561
13364 2561
13365 2561
13366 2561
13367 2561
13368 2561
13369 2561
13370 2561
13371 2561
13372 2561
13373 2561
13374 2561
13375 2561
13376 2561
13377 2561
13378 2561
13379 2561
13380 2561
13381 2561
13382 2561
13383 2561
13384 2561
13385 2561
13386 2561
13387 2561
13388 2561
13389 2561
13390 2561
13391 2561
13392 2561
13393 2561
13394 2561
13395 2561
13396 2561
13397 2561
13398 2561
13399 2561
13400 2561
13401 2561
13402 2561
13403 2561
13404 2561
13405 2561
13406 2561
13407 2561
13408 2561
13409 2561
13410 2561
13411 2561
13412 2561
13413 2561
13414 2561
13415 2561
13416 2561
13417 2561
13418 2561
13419 2561
13420 2561
13421 2561
13422 2561
13423 2561
13424 2561
13425 2561
13426 2561
13427 2561
13428 2561
13429 2561
13430 2561
13431 2561
13432 2561
13433 2561
13434 2561
13435 2561
13436 2561
13437 2561
13438 2561
13439 2561
13440 2561
13441 2561
13442 2561
13443 2561
13444 2561
13445 2561
13446 2561
13447 2561
13448 2561
13449 2561
13450 2561
13451 2561
13452 2561
13453 2561
13454 2561
13455 2561
13456 2561
13457 2561
13458 2561
13459 2561
13460 2561
13461 2561
13462 2561
13463 2561
13464 2561
13465 2561
13466 2561
13467 2561
13468 2561
13469 2561
13470 2561
13471 2561
13472 2561
13473 2561
13474 2561
13475 2561
13476 2561
13477 2561
13478 2561
13479 2561
13480 2561
13481 2561
13482 2561
13483 2561
13484 2561
13485 2561
13486 2561
13487 2561
13488 2561
13489 2561
13490 2561
13491 2561
13492 2561
13493 2561
13494 2561
13495 2561
13496 2561
13497 2561
13498 2561
13499 2561
13500 2561
13501 2561
13502 2561
13503 2561
13504 2561
13505 2561
13506 2561
13507 2561
13508 2561
13509 2561
13510 2561
13511 2561
13512 2561
13513 2561
13514 2561
13515 2561
13516 2561
13517 2561
13518 2561
13519 2561
13520 2561
13521 2561
13522 2561
13523 2561
13524 2561
13525 2561
13526 2561
13527 2561
13528 2553
13529 2553
13530 2553
13531 2553
13532 2553
13533 2553
13534 2553
13535 2553
13536 2553
13537 2553
13538 2553
13539 2553
13540 2553
13541 2553
13542 2553
13543 2553
13544 2553
13545 2553
13546 2553
13547 2553
13548 2553
13549 2553
13550 2553
13551 2553
13552 2553
13553 2553
13554 2553
13555 2553
13556 2553
13557 2553
13558 2553
13559 2553
13560 2553
13561 2553
13562 2553
13563 2553
13564 2553
13565 2553
13566 2553
13567 2553
13568 2553
13569 2553
13570 2553
13571 2553
13572 2553
13573 2553
13574 2553
13575 2553
13576 2553
13577 2553
13578 2553
13579 2553
13580 2553
13581 2553
13582 2553
13583 2553
13584 2553
13585 2553
13586 2553
13587 2553
13588 2553
13589 2553
13590 2553
13591 2553
13592 2553
13593 2553
13594 2553
13595 2553
13596 2553
13597 2553
13598 2553
13599 2553
13600 2553
13601 2553
13602 2553
13603 2553
13604 2553
13605 2553
13606 2553
13607 2553
13608 2553
13609 2553
13610 2553
13611 2553
13612 2553
13613 2553
13614 2553
13615 2553
13616 2553
13617 2553
13618 2553
13619 2553
13620 2553
13621 2553
13622 2553
13623 2553
13624 2553
13625 2553
13626 2553
13627 2553
13628 2553
13629 2553
13630 2553
13631 2553
13632 2553
13633 2553
13634 2553
13635 2553
13636 2553
13637 2553
13638 2553
13639 2553
13640 2553
13641 2553
13642 2553
13643 2553
13644 2553
13645 2553
13646 2553
13647 2553
13648 2553
13649 2553
13650 2553
13651 2553
13652 2553
13653 2553
13654 2553
13655 2553
13656 2553
13657 2553
13658 2553
13659 2553
13660 2553
13661 2553
13662 2553
13663 2553
13664 2553
13665 2553
13666 2553
13667 2553
13668 2553
13669 2553
13670 2553
13671 2553
13672 2553
13673 2553
13674 2553
13675 2553
13676 2553
13677 2543
13678 2543
13679 2543
13680 2543
13681 2543
13682 2543
13683 2543
13684 2543
13685 2543
13686 2543
13687 2543
13688 2543
13689 2543
13690 2543
13691 2543
13692 2543
13693 2543
13694 2543
13695 2543
13696 2543
13697 2543
13698 2543
13699 2543
13700 2543
13701 2543
13702 2543
13703 2543
13704 2543
13705 2543
13706 2543
13707 2543
13708 2543
13709 2543
13710 2543
13711 2543
13712 2543
13713 2543
13714 2543
13715 2543
13716 2543
13717 2543
13718 2543
13719 2543
13720 2543
13721 2543
13722 2543
13723 2543
13724 2543
13725 2543
13726 2543
13727 2543
13728 2543
13729 2543
13730 2543
13731 2543
13732 2543
13733 2543
13734 2543
13735 2543
13736 2543
13737 2543
13738 2543
13739 2543
13740 2543
13741 2543
13742 2543
13743 2543
13744 2543
13745 2543
13746 2543
13747 2543
13748 2543
13749 2543
13750 2543
13751 2543
13752 2543
13753 2543
13754 2543
13755 2543
13756 2543
13757 2543
13758 2543
13759 2543
13760 2543
13761 2535
13762 2535
13763 2535
13764 2535
13765 2535
13766 2535
13767 2535
13768 2535
13769 2535
13770 2535
13771 2535
13772 2535
13773 2535
13774 2535
13775 2535
13776 2535
13777 2535
13778 2535
13779 2535
13780 2535
13781 2535
13782 2535
13783 2535
13784 2535
13785 2535
13786 2535
13787 2535
13788 2535
13789 2535
13790 2535
13791 2535
13792 2535
13793 2535
13794 2535
13795 2535
13796 2535
13797 2535
13798 2535
13799 2535
13800 2535
13801 2535
13802 2535
13803 2535
13804 2535
13805 2535
13806 2535
13807 2535
13808 2535
13809 2535
13810 2535
13811 2535
13812 2535
13813 2535
13814 2535
13815 2535
13816 2535
13817 2535
13818 2532
13819 2532
13820 2532
13821 2532
13822 2532
13823 2532
13824 2532
13825 2532
13826 2532
13827 2532
13828 2532
13829 2532
13830 2532
13831 2532
13832 2532
13833 2532
13834 2532
13835 2532
13836 2532
13837 2532
13838 2532
13839 2532
13840 2532
13841 2532
13842 2532
13843 2532
13844 2532
13845 2532
13846 2532
13847 2532
13848 2532
13849 2532
13850 2532
13851 2532
13852 2532
13853 2532
13854 2532
13855 2532
13856 2532
13857 2532
13858 2532
13859 2532
13860 2532
13861 2532
13862 2532
13863 2532
13864 2532
13865 2532
13866 2532
13867 2532
13868 2532
13869 2532
13870 2532
13871 2532
13872 2532
13873 2532
13874 2532
13875 2532
13876 2532
13877 2532
13878 2532
13879 2532
13880 2532
13881 2532
13882 2532
13883 2532
13884 2532
13885 2532
13886 2532
13887 2532
13888 2532
13889 2532
13890 2532
13891 2532
13892 2532
13893 2532
13894 2532
13895 2532
13896 2532
13897 2532
13898 2532
13899 2532
13900 2532
13901 2531
13902 2531
13903 2531
13904 2531
13905 2531
13906 2531
13907 2531
13908 2531
13909 2531
13910 2531
13911 2531
13912 2531
13913 2531
13914 2531
13915 2531
13916 2531
13917 2531
13918 2531
13919 2531
13920 2531
13921 2531
13922 2531
13923 2531
13924 2531
13925 2531
13926 2531
13927 2531
13928 2531
13929 2531
13930 2531
13931 2531
13932 2531
13933 2531
13934 2531
13935 2531
13936 2531
13937 2531
13938 2531
13939 2531
13940 2531
13941 2531
13942 2531
13943 2531
13944 2531
13945 2531
13946 2531
13947 2531
13948 2531
13949 2531
13950 2531
13951 2531
13952 2531
13953 2531
13954 2531
13955 2531
13956 2531
13957 2531
13958 2531
13959 2531
13960 2531
13961 2531
13962 2531
13963 2531
13964 2531
13965 2531
13966 2531
13967 2531
13968 2531
13969 2531
13970 2531
13971 2531
13972 2531
13973 2531
13974 2531
13975 2531
13976 2531
13977 2531
13978 2531
13979 2531
13980 2531
13981 2531
13982 2531
13983 2531
13984 2531
13985 2531
13986 2531
13987 2531
13988 2531
13989 2531
13990 2531
13991 2531
13992 2531
13993 2531
13994 2531
13995 2531
13996 2531
13997 2531
13998 2531
13999 2531
14000 2531
14001 2531
14002 2531
14003 2531
14004 2531
14005 2531
14006 2531
14007 2531
14008 2531
14009 2531
14010 2531
14011 2531
14012 2531
14013 2531
14014 2531
14015 2531
14016 2531
14017 2531
14018 2531
14019 2531
14020 2531
14021 2531
14022 2531
14023 2531
14024 2531
14025 2531
14026 2531
14027 2531
14028 2531
14029 2531
14030 2531
14031 2531
14032 2531
14033 2531
14034 2531
14035 2531
14036 2531
14037 2531
14038 2531
14039 2531
14040 2531
14041 2531
14042 2531
14043 2531
14044 2531
14045 2531
14046 2531
14047 2531
14048 2531
14049 2531
14050 2531
14051 2531
14052 2531
14053 2531
14054 2531
14055 2531
14056 2531
14057 2531
14058 2531
14059 2531
14060 2531
14061 2531
14062 2531
14063 2531
14064 2531
14065 2531
14066 2531
14067 2531
14068 2531
14069 2531
14070 2531
14071 2531
14072 2531
14073 2531
14074 2531
14075 2531
14076 2531
14077 2531
14078 2531
14079 2531
14080 2531
14081 2531
14082 2531
14083 2531
14084 2531
14085 2531
14086 2531
14087 2531
14088 2531
14089 2531
14090 2531
14091 2531
14092 2531
14093 2531
14094 2531
14095 2531
14096 2531
14097 2531
14098 2531
14099 2531
14100 2531
14101 2531
14102 2531
14103 2531
14104 2531
14105 2531
14106 2531
14107 2531
14108 2531
14109 2531
14110 2531
14111 2531
14112 2531
14113 2531
14114 2531
14115 2531
14116 2531
14117 2531
14118 2531
14119 2531
14120 2531
14121 2531
14122 2531
14123 2531
14124 2531
14125 2531
14126 2531
14127 2531
14128 2531
14129 2531
14130 2531
14131 2531
14132 2531
14133 2531
14134 2531
14135 2531
14136 2531
14137 2531
14138 2531
14139 2531
14140 2531
14141 2531
14142 2531
14143 2531
14144 2531
14145 2531
14146 2531
14147 2531
14148 2531
14149 2531
14150 2531
14151 2531
14152 2531
14153 2531
14154 2531
14155 2531
14156 2531
14157 2531
14158 2531
14159 2531
14160 2531
14161 2531
14162 2531
14163 2531
14164 2531
14165 2531
14166 2531
14167 2531
14168 2531
14169 2531
14170 2531
14171 2531
14172 2531
14173 2531
14174 2531
14175 2531
14176 2531
14177 2531
14178 2531
14179 2531
14180 2531
14181 2531
14182 2531
14183 2531
14184 2531
14185 2531
14186 2531
14187 2531
14188 2531
14189 2531
14190 2531
14191 2531
14192 2531
14193 2531
14194 2531
14195 2531
14196 2531
14197 2531
14198 2531
14199 2531
14200 2531
14201 2531
14202 2531
14203 2531
14204 2531
14205 2531
14206 2531
14207 2531
14208 2531
14209 2531
14210 2531
14211 2531
14212 2531
14213 2531
14214 2531
14215 2531
14216 2531
14217 2531
14218 2531
14219 2531
14220 2531
14221 2531
14222 2531
14223 2531
14224 2531
14225 2531
14226 2531
14227 2531
14228 2531
14229 2531
14230 2531
14231 2531
14232 2531
14233 2531
14234 2531
14235 2531
14236 2531
14237 2531
14238 2531
14239 2531
14240 2531
14241 2531
14242 2531
14243 2531
14244 2531
14245 2531
14246 2531
14247 2531
14248 2531
14249 2531
14250 2531
14251 2531
14252 2531
14253 2531
14254 2531
14255 2531
14256 2531
14257 2531
14258 2531
14259 2531
14260 2531
14261 2531
14262 2531
14263 2531
14264 2531
14265 2531
14266 2531
14267 2531
14268 2531
14269 2531
14270 2531
14271 2531
14272 2531
14273 2531
14274 2531
14275 2531
14276 2531
14277 2531
14278 2531
14279 2531
14280 2531
14281 2531
14282 2531
14283 2531
14284 2531
14285 2531
14286 2531
14287 2531
14288 2531
14289 2531
14290 2531
14291 2531
14292 2531
14293 2531
14294 2531
14295 2531
14296 2531
14297 2531
14298 2531
14299 2531
14300 2531
14301 2531
14302 2531
14303 2531
14304 2531
14305 2531
14306 2531
14307 2531
14308 2531
14309 2531
14310 2531
14311 2531
14312 2531
14313 2531
14314 2531
14315 2531
14316 2531
14317 2531
14318 2531
14319 2531
14320 2531
14321 2531
14322 2531
14323 2531
14324 2531
14325 2531
14326 2531
14327 2531
14328 2531
14329 2531
14330 2531
14331 2531
14332 2531
14333 2531
14334 2526
14335 2526
14336 2526
14337 2526
14338 2526
14339 2526
14340 2526
14341 2526
14342 2526
14343 2526
14344 2526
14345 2526
14346 2526
14347 2526
14348 2526
14349 2526
14350 2526
14351 2526
14352 2526
14353 2526
14354 2526
14355 2526
14356 2526
14357 2526
14358 2526
14359 2526
14360 2526
14361 2526
14362 2526
14363 2526
14364 2526
14365 2526
14366 2526
14367 2526
14368 2526
14369 2526
14370 2526
14371 2526
14372 2526
14373 2526
14374 2526
14375 2526
14376 2526
14377 2526
14378 2526
14379 2526
14380 2526
14381 2526
14382 2526
14383 2526
14384 2526
14385 2526
14386 2526
14387 2526
14388 2526
14389 2526
14390 2526
14391 2526
14392 2526
14393 2526
14394 2526
14395 2526
14396 2526
14397 2526
14398 2526
14399 2526
14400 2526
14401 2526
14402 2526
14403 2526
14404 2526
14405 2526
14406 2526
14407 2526
14408 2526
14409 2526
14410 2526
14411 2526
14412 2526
14413 2526
14414 2526
14415 2526
14416 2526
14417 2526
14418 2526
14419 2526
14420 2526
14421 2526
14422 2526
14423 2526
14424 2526
14425 2526
14426 2526
14427 2526
14428 2526
14429 2526
14430 2526
14431 2526
14432 2526
14433 2526
14434 2526
14435 2526
14436 2526
14437 2526
14438 2526
14439 2526
14440 2526
14441 2526
14442 2526
14443 2526
14444 2526
14445 2526
14446 2526
14447 2526
14448 2526
14449 2526
14450 2526
14451 2526
14452 2526
14453 2526
14454 2526
14455 2526
14456 2526
14457 2526
14458 2526
14459 2526
14460 2526
14461 2526
14462 2526
14463 2526
14464 2526
14465 2526
14466 2526
14467 2526
14468 2526
14469 2526
14470 2526
14471 2526
14472 2526
14473 2526
14474 2526
14475 2526
14476 2526
14477 2526
14478 2526
14479 2526
14480 2526
14481 2526
14482 2526
14483 2526
14484 2526
14485 2526
14486 2526
14487 2526
14488 2526
14489 2526
14490 2526
14491 2526
14492 2526
14493 2526
14494 2526
14495 2526
14496 2526
14497 2526
14498 2525
14499 2525
14500 2525
14501 2525
14502 2525
14503 2525
14504 2525
14505 2525
14506 2525
14507 2525
14508 2525
14509 2525
14510 2525
14511 2525
14512 2525
14513 2525
14514 2525
14515 2525
14516 2525
14517 2525
14518 2525
14519 2525
14520 2525
14521 2525
14522 2525
14523 2525
14524 2525
14525 2525
14526 2525
14527 2525
14528 2525
14529 2525
14530 2525
14531 2525
14532 2525
14533 2525
14534 2525
14535 2525
14536 2525
14537 2525
14538 2525
14539 2525
14540 2525
14541 2525
14542 2525
14543 2525
14544 2525
14545 2525
14546 2524
14547 2524
14548 2524
14549 2524
14550 2524
14551 2524
14552 2524
14553 2524
14554 2524
14555 2524
14556 2524
14557 2524
14558 2524
14559 2524
14560 2524
14561 2524
14562 2524
14563 2524
14564 2524
14565 2524
14566 2524
14567 2524
14568 2524
14569 2517
14570 2517
14571 2517
14572 2517
14573 2517
14574 2517
14575 2517
14576 2517
14577 2517
14578 2517
14579 2517
14580 2517
14581 2517
14582 2517
14583 2517
14584 2517
14585 2517
14586 2517
14587 2517
14588 2517
14589 2517
14590 2517
14591 2517
14592 2517
14593 2517
14594 2517
14595 2517
14596 2517
14597 2517
14598 2517
14599 2517
14600 2517
14601 2517
14602 2517
14603 2517
14604 2517
14605 2517
14606 2517
14607 2517
14608 2517
14609 2517
14610 2517
14611 2517
14612 2517
14613 2517
14614 2517
14615 2517
14616 2517
14617 2517
14618 2517
14619 2517
14620 2517
14621 2517
14622 2517
14623 2517
14624 2517
14625 2517
14626 2517
14627 2517
14628 2517
14629 2517
14630 2517
14631 2517
14632 2517
14633 2517
14634 2517
14635 2517
14636 2517
14637 2517
14638 2517
14639 2517
14640 2517
14641 2517
14642 2517
14643 2517
14644 2517
14645 2517
14646 2517
14647 2517
14648 2517
14649 2517
14650 2517
14651 2517
14652 2517
14653 2517
14654 2517
14655 2517
14656 2517
14657 2517
14658 2517
14659 2517
14660 2517
14661 2517
14662 2517
14663 2517
14664 2517
14665 2517
14666 2517
14667 2517
14668 2517
14669 2517
14670 2517
14671 2517
14672 2517
14673 2517
14674 2517
14675 2517
14676 2517
14677 2517
14678 2517
14679 2517
14680 2517
14681 2517
14682 2517
14683 2517
14684 2517
14685 2517
14686 2517
14687 2517
14688 2517
14689 2517
14690 2517
14691 2517
14692 2517
14693 2517
14694 2517
14695 2517
14696 2517
14697 2517
14698 2517
14699 2517
14700 2517
14701 2517
14702 2517
14703 2517
14704 2517
14705 2517
14706 2517
14707 2517
14708 2517
14709 2517
14710 2517
14711 2517
14712 2517
14713 2517
14714 2517
14715 2517
14716 2517
14717 2517
14718 2517
14719 2517
14720 2517
14721 2517
14722 2517
14723 2517
14724 2517
14725 2517
14726 2517
14727 2517
14728 2517
14729 2517
14730 2517
14731 2517
14732 2517
14733 2517
14734 2517
14735 2517
14736 2517
14737 2517
14738 2517
14739 2517
14740 2517
14741 2517
14742 2517
14743 2517
14744 2517
14745 2517
14746 2517
14747 2517
14748 2517
14749 2517
14750 2517
14751 2517
14752 2517
14753 2517
14754 2517
14755 2517
14756 2517
14757 2517
14758 2517
14759 2517
14760 2517
14761 2517
14762 2517
14763 2517
14764 2517
14765 2517
14766 2517
14767 2517
14768 2517
14769 2517
14770 2517
14771 2517
14772 2517
14773 2517
14774 2517
14775 2517
14776 2517
14777 2517
14778 2517
14779 2517
14780 2517
14781 2517
14782 2517
14783 2517
14784 2517
14785 2517
14786 2517
14787 2516
14788 2516
14789 2516
14790 2516
14791 2516
14792 2516
14793 2516
14794 2516
14795 2516
14796 2516
14797 2516
14798 2516
14799 2516
14800 2516
14801 2516
14802 2516
14803 2516
14804 2516
14805 2516
14806 2516
14807 2516
14808 2516
14809 2516
14810 2516
14811 2516
14812 2516
14813 2516
14814 2516
14815 2516
14816 2516
14817 2516
14818 2516
14819 2516
14820 2516
14821 2516
14822 2516
14823 2516
14824 2516
14825 2516
14826 2516
14827 2516
14828 2516
14829 2516
14830 2516
14831 2516
14832 2516
14833 2516
14834 2516
14835 2516
14836 2516
14837 2516
14838 2516
14839 2516
14840 2516
14841 2516
14842 2516
14843 2516
14844 2516
14845 2516
14846 2516
14847 2516
14848 2516
14849 2516
14850 2516
14851 2516
14852 2516
14853 2516
14854 2516
14855 2516
14856 2516
14857 2516
14858 2516
14859 2516
14860 2516
14861 2516
14862 2516
14863 2516
14864 2516
14865 2516
14866 2516
14867 2516
14868 2516
14869 2516
14870 2516
14871 2516
14872 2516
14873 2516
14874 2516
14875 2516
14876 2516
14877 2516
14878 2516
14879 2516
14880 2516
14881 2516
14882 2516
14883 2516
14884 2516
14885 2516
14886 2516
14887 2516
14888 2516
14889 2516
14890 2516
14891 2516
14892 2516
14893 2516
14894 2516
14895 2516
14896 2516
14897 2516
14898 2516
14899 2516
14900 2516
14901 2516
14902 2516
14903 2516
14904 2516
14905 2516
14906 2516
14907 2516
14908 2516
14909 2516
14910 2516
14911 2516
14912 2516
14913 2516
14914 2516
14915 2516
14916 2516
14917 2516
14918 2516
14919 2516
14920 2516
14921 2516
14922 2516
14923 2516
14924 2516
14925 2516
14926 2516
14927 2516
14928 2516
14929 2516
14930 2516
14931 2516
14932 2516
14933 2516
14934 2516
14935 2516
14936 2516
14937 2516
14938 2516
14939 2516
14940 2516
14941 2516
14942 2516
14943 2516
14944 2516
14945 2516
14946 2516
14947 2516
14948 2516
14949 2516
14950 2516
14951 2516
14952 2516
14953 2516
14954 2516
14955 2516
14956 2516
14957 2516
14958 2516
14959 2516
14960 2516
14961 2516
14962 2516
14963 2516
14964 2516
14965 2516
14966 2516
14967 2516
14968 2516
14969 2516
14970 2516
14971 2516
14972 2516
14973 2516
14974 2516
14975 2516
14976 2516
14977 2516
14978 2516
14979 2516
14980 2516
14981 2516
14982 2516
14983 2516
14984 2516
14985 2516
14986 2516
14987 2516
14988 2516
14989 2516
14990 2516
14991 2516
14992 2516
14993 2516
14994 2516
14995 2516
14996 2516
14997 2516
14998 2516
14999 2516
15000 2516
15001 2516
15002 2516
15003 2516
15004 2516
15005 2516
15006 2516
15007 2516
15008 2516
15009 2516
15010 2516
15011 2516
15012 2516
15013 2516
15014 2516
15015 2516
15016 2516
15017 2516
15018 2516
15019 2516
15020 2516
15021 2516
15022 2516
15023 2516
15024 2516
15025 2516
15026 2516
15027 2516
15028 2516
15029 2516
15030 2516
15031 2516
15032 2516
15033 2516
15034 2516
15035 2516
15036 2516
15037 2516
15038 2516
15039 2516
15040 2516
15041 2516
15042 2516
15043 2516
15044 2516
15045 2516
15046 2516
15047 2516
15048 2516
15049 2516
15050 2516
15051 2516
15052 2516
15053 2516
15054 2516
15055 2516
15056 2516
15057 2516
15058 2516
15059 2516
15060 2516
15061 2516
15062 2516
15063 2516
15064 2516
15065 2516
15066 2516
15067 2516
15068 2516
15069 2516
15070 2516
15071 2516
15072 2516
15073 2516
15074 2516
15075 2516
15076 2516
15077 2516
15078 2516
15079 2516
15080 2516
15081 2516
15082 2516
15083 2516
15084 2516
15085 2516
15086 2516
15087 2516
15088 2516
15089 2516
15090 2513
15091 2513
15092 2510
15093 2510
15094 2510
15095 2510
15096 2510
15097 2510
15098 2510
15099 2510
15100 2510
15101 2510
15102 2501
15103 2501
15104 2501
15105 2501
15106 2499
15107 2499
15108 2499
15109 2499
15110 2499
15111 2499
15112 2499
15113 2499
15114 2499
15115 2499
15116 2499
15117 2499
15118 2499
15119 2499
15120 2499
15121 2499
15122 2499
15123 2499
15124 2499
15125 2499
15126 2499
15127 2499
15128 2499
15129 2499
15130 2499
15131 2499
15132 2499
15133 2499
15134 2499
15135 2499
15136 2499
15137 2499
15138 2499
15139 2499
15140 2499
15141 2499
15142 2499
15143 2499
15144 2499
15145 2499
15146 2499
15147 2499
15148 2499
15149 2499
15150 2499
15151 2499
15152 2499
15153 2499
15154 2499
15155 2499
15156 2499
15157 2499
15158 2499
15159 2499
15160 2499
15161 2499
15162 2499
15163 2499
15164 2499
15165 2499
15166 2499
15167 2499
15168 2499
15169 2499
15170 2499
15171 2499
15172 2499
15173 2499
15174 2499
15175 2499
15176 2499
15177 2499
15178 2499
15179 2499
15180 2499
15181 2499
15182 2499
15183 2499
15184 2499
15185 2499
15186 2499
15187 2499
15188 2499
15189 2499
15190 2499
15191 2499
15192 2499
15193 2499
15194 2499
15195 2499
15196 2499
15197 2499
15198 2499
15199 2499
15200 2499
15201 2499
15202 2499
15203 2499
15204 2499
15205 2499
15206 2499
15207 2499
15208 2499
15209 2499
15210 2499
15211 2499
15212 2499
15213 2499
15214 2499
15215 2499
15216 2499
15217 2499
15218 2499
15219 2499
15220 2499
15221 2499
15222 2499
15223 2499
15224 2499
15225 2499
15226 2499
15227 2499
15228 2499
15229 2499
15230 2499
15231 2499
15232 2499
15233 2499
15234 2499
15235 2499
15236 2499
15237 2499
15238 2499
15239 2499
15240 2499
15241 2499
15242 2499
15243 2499
15244 2499
15245 2499
15246 2499
15247 2499
15248 2499
15249 2499
15250 2499
15251 2499
15252 2499
15253 2499
15254 2499
15255 2499
15256 2499
15257 2499
15258 2499
15259 2499
15260 2499
15261 2499
15262 2499
15263 2499
15264 2496
15265 2496
15266 2496
15267 2496
15268 2496
15269 2496
15270 2496
15271 2496
15272 2496
15273 2496
15274 2496
15275 2496
15276 2496
15277 2496
15278 2496
15279 2496
15280 2496
15281 2496
15282 2496
15283 2496
15284 2496
15285 2496
15286 2496
15287 2496
15288 2496
15289 2496
15290 2496
15291 2496
15292 2496
15293 2496
15294 2496
15295 2496
15296 2496
15297 2493
15298 2493
15299 2493
15300 2493
15301 2493
15302 2493
15303 2493
15304 2493
15305 2493
15306 2493
15307 2493
15308 2493
15309 2493
15310 2493
15311 2493
15312 2493
15313 2493
15314 2493
15315 2493
15316 2493
15317 2493
15318 2493
15319 2493
15320 2493
15321 2493
15322 2493
15323 2493
15324 2493
15325 2493
15326 2493
15327 2493
15328 2493
15329 2493
15330 2493
15331 2493
15332 2493
15333 2493
15334 2493
15335 2493
15336 2493
15337 2493
15338 2493
15339 2493
15340 2493
15341 2493
15342 2493
15343 2493
15344 2493
15345 2493
15346 2493
15347 2493
15348 2493
15349 2493
15350 2493
15351 2493
15352 2493
15353 2493
15354 2493
15355 2493
15356 2493
15357 2493
15358 2493
15359 2493
15360 2493
15361 2493
15362 2493
15363 2493
15364 2493
15365 2493
15366 2493
15367 2493
15368 2493
15369 2493
15370 2493
15371 2493
15372 2493
15373 2493
15374 2493
15375 2493
15376 2493
15377 2493
15378 2493
15379 2493
15380 2493
15381 2493
15382 2482
15383 2482
15384 2482
15385 2482
15386 2482
15387 2482
15388 2482
15389 2482
15390 2482
15391 2482
15392 2482
15393 2482
15394 2482
15395 2482
15396 2482
15397 2482
15398 2482
15399 2482
15400 2482
15401 2482
15402 2482
15403 2482
15404 2482
15405 2482
15406 2482
15407 2482
15408 2482
15409 2482
15410 2482
15411 2482
15412 2482
15413 2482
15414 2482
15415 2482
15416 2482
15417 2482
15418 2482
15419 2482
15420 2482
15421 2482
15422 2482
15423 2482
15424 2482
15425 2482
15426 2482
15427 2482
15428 2482
15429 2482
15430 2482
15431 2482
15432 2482
15433 2482
15434 2482
15435 2482
15436 2482
15437 2482
15438 2482
15439 2482
15440 2482
15441 2482
15442 2482
15443 2482
15444 2482
15445 2482
15446 2482
15447 2482
15448 2482
15449 2482
15450 2482
15451 2482
15452 2482
15453 2482
15454 2482
15455 2482
15456 2482
15457 2482
15458 2482
15459 2482
15460 2482
15461 2482
15462 2482
15463 2482
15464 2482
15465 2482
15466 2482
15467 2482
15468 2482
15469 2482
15470 2482
15471 2482
15472 2482
15473 2482
15474 2482
15475 2482
15476 2482
15477 2482
15478 2482
15479 2482
15480 2482
15481 2482
15482 2482
15483 2482
15484 2482
15485 2482
15486 2482
15487 2482
15488 2482
15489 2482
15490 2482
15491 2482
15492 2482
15493 2482
15494 2482
15495 2482
15496 2482
15497 2482
15498 2482
15499 2482
15500 2482
15501 2482
15502 2482
15503 2482
15504 2482
15505 2482
15506 2482
15507 2482
15508 2482
15509 2482
15510 2479
15511 2479
15512 2479
15513 2479
15514 2479
15515 2479
15516 2479
15517 2479
15518 2479
15519 2479
15520 2479
15521 2479
15522 2479
15523 2479
15524 2479
15525 2479
15526 2479
15527 2479
15528 2479
15529 2479
15530 2479
15531 2479
15532 2479
15533 2479
15534 2479
15535 2479
15536 2479
15537 2479
15538 2479
15539 2479
15540 2479
15541 2479
15542 2479
15543 2479
15544 2479
15545 2479
15546 2479
15547 2479
15548 2479
15549 2479
15550 2479
15551 2479
15552 2479
15553 2479
15554 2479
15555 2479
15556 2479
15557 2475
15558 2475
15559 2475
15560 2475
15561 2475
15562 2475
15563 2475
15564 2475
15565 2475
15566 2475
15567 2475
15568 2475
15569 2475
15570 2475
15571 2475
15572 2475
15573 2475
15574 2475
15575 2475
15576 2475
15577 2475
15578 2475
15579 2475
15580 2475
15581 2475
15582 2475
15583 2475
15584 2475
15585 2475
15586 2475
15587 2475
15588 2475
15589 2473
15590 2473
15591 2473
15592 2473
15593 2473
15594 2473
15595 2473
15596 2473
15597 2473
15598 2473
15599 2473
15600 2473
15601 2473
15602 2473
15603 2473
15604 2473
15605 2473
15606 2473
15607 2473
15608 2473
15609 2473
15610 2473
15611 2473
15612 2473
15613 2473
15614 2473
15615 2473
15616 2473
15617 2473
15618 2473
15619 2473
15620 2473
15621 2473
15622 2473
15623 2473
15624 2473
15625 2473
15626 2468
15627 2468
15628 2468
15629 2468
15630 2468
15631 2468
15632 2468
15633 2468
15634 2464
15635 2464
15636 2464
15637 2464
15638 2464
15639 2464
15640 2464
15641 2464
15642 2464
15643 2464
15644 2464
15645 2464
15646 2464
15647 2464
15648 2464
15649 2464
15650 2464
15651 2464
15652 2464
15653 2464
15654 2464
15655 2464
15656 2464
15657 2464
15658 2464
15659 2464
15660 2464
15661 2464
15662 2464
15663 2464
15664 2464
15665 2464
15666 2464
15667 2464
15668 2464
15669 2464
15670 2464
15671 2464
15672 2464
15673 2464
15674 2464
15675 2464
15676 2464
15677 2464
15678 2464
15679 2464
15680 2464
15681 2464
15682 2464
15683 2464
15684 2464
15685 2464
15686 2464
15687 2464
15688 2464
15689 2464
15690 2464
15691 2464
15692 2464
15693 2464
15694 2464
15695 2464
15696 2464
15697 2464
15698 2464
15699 2464
15700 2464
15701 2464
15702 2464
15703 2464
15704 2464
15705 2464
15706 2464
15707 2464
15708 2464
15709 2464
15710 2464
15711 2464
15712 2464
15713 2464
15714 2464
15715 2464
15716 2464
15717 2464
15718 2464
15719 2464
15720 2464
15721 2464
15722 2464
15723 2464
15724 2464
15725 2464
15726 2464
15727 2464
15728 2464
15729 2464
15730 2464
15731 2464
15732 2464
15733 2464
15734 2464
15735 2464
15736 2464
15737 2464
15738 2464
15739 2464
15740 2464
15741 2464
15742 2464
15743 2464
15744 2464
15745 2464
15746 2464
15747 2464
15748 2464
15749 2464
15750 2464
15751 2464
15752 2464
15753 2464
15754 2464
15755 2464
15756 2464
15757 2464
15758 2464
15759 2464
15760 2464
15761 2464
15762 2464
15763 2464
15764 2464
15765 2464
15766 2464
15767 2464
15768 2464
15769 2464
15770 2464
15771 2464
15772 2464
15773 2464
15774 2464
15775 2464
15776 2464
15777 2464
15778 2464
15779 2464
15780 2464
15781 2464
15782 2464
15783 2464
15784 2464
15785 2464
15786 2464
15787 2464
15788 2464
15789 2464
15790 2464
15791 2464
15792 2464
15793 2464
15794 2464
15795 2464
15796 2464
15797 2464
15798 2464
15799 2464
15800 2464
15801 2464
15802 2464
15803 2464
15804 2464
15805 2464
15806 2464
15807 2464
15808 2464
15809 2464
15810 2464
15811 2464
15812 2464
15813 2464
15814 2464
15815 2464
15816 2464
15817 2464
15818 2464
15819 2464
15820 2464
15821 2464
15822 2464
15823 2464
15824 2464
15825 2464
15826 2464
15827 2464
15828 2464
15829 2464
15830 2464
15831 2464
15832 2464
15833 2464
15834 2464
15835 2464
15836 2464
15837 2464
15838 2464
15839 2464
15840 2464
15841 2464
15842 2464
15843 2464
15844 2464
15845 2464
15846 2464
15847 2464
15848 2464
15849 2464
15850 2464
15851 2464
15852 2464
15853 2464
15854 2464
15855 2464
15856 2464
15857 2464
15858 2464
15859 2464
15860 2464
15861 2464
15862 2464
15863 2464
15864 2464
15865 2464
15866 2464
15867 2464
15868 2464
15869 2464
15870 2464
15871 2464
15872 2464
15873 2464
15874 2464
15875 2464
15876 2464
15877 2464
15878 2464
15879 2464
15880 2464
15881 2464
15882 2464
15883 2464
15884 2464
15885 2464
15886 2464
15887 2464
15888 2464
15889 2464
15890 2464
15891 2464
15892 2464
15893 2464
15894 2464
15895 2464
15896 2464
15897 2464
15898 2464
15899 2464
15900 2464
15901 2464
15902 2464
15903 2464
15904 2464
15905 2464
15906 2464
15907 2464
15908 2464
15909 2464
15910 2464
15911 2464
15912 2464
15913 2464
15914 2464
15915 2464
15916 2464
15917 2464
15918 2464
15919 2464
15920 2464
15921 2464
15922 2464
15923 2464
15924 2464
15925 2464
15926 2464
15927 2464
15928 2464
15929 2464
15930 2464
15931 2464
15932 2464
15933 2464
15934 2464
15935 2464
15936 2464
15937 2464
15938 2464
15939 2464
15940 2464
15941 2464
15942 2464
15943 2464
15944 2464
15945 2464
15946 2464
15947 2464
15948 2459
15949 2459
15950 2459
15951 2459
15952 2459
15953 2459
15954 2459
15955 2459
15956 2459
15957 2459
15958 2459
15959 2459
15960 2459
15961 2459
15962 2459
15963 2459
15964 2459
15965 2459
15966 2459
15967 2459
15968 2459
15969 2459
15970 2459
15971 2459
15972 2459
15973 2459
15974 2459
15975 2459
15976 2459
15977 2459
15978 2459
15979 2459
15980 2459
15981 2459
15982 2459
15983 2459
15984 2459
15985 2459
15986 2459
15987 2459
15988 2459
15989 2459
15990 2459
15991 2459
15992 2459
15993 2459
15994 2459
15995 2459
15996 2459
15997 2459
15998 2459
15999 2459
16000 2459
16001 2459
16002 2459
16003 2459
16004 2459
16005 2459
16006 2459
16007 2459
16008 2459
16009 2459
16010 2459
16011 2459
16012 2459
16013 2459
16014 2459
16015 2459
16016 2459
16017 2459
16018 2459
16019 2459
16020 2459
16021 2459
16022 2459
16023 2459
16024 2459
16025 2459
16026 2459
16027 2459
16028 2459
16029 2459
16030 2459
16031 2459
16032 2459
16033 2459
16034 2459
16035 2459
16036 2459
16037 2455
16038 2455
16039 2455
16040 2455
16041 2455
16042 2455
16043 2455
16044 2455
16045 2455
16046 2455
16047 2455
16048 2455
16049 2455
16050 2455
16051 2455
16052 2455
16053 2455
16054 2455
16055 2455
16056 2455
16057 2455
16058 2455
16059 2455
16060 2455
16061 2455
16062 2455
16063 2455
16064 2455
16065 2455
16066 2455
16067 2455
16068 2455
16069 2455
16070 2455
16071 2455
16072 2455
16073 2455
16074 2455
16075 2455
16076 2455
16077 2455
16078 2455
16079 2455
16080 2455
16081 2455
16082 2455
16083 2455
16084 2455
16085 2455
16086 2455
16087 2455
16088 2455
16089 2455
16090 2455
16091 2455
16092 2455
16093 2455
16094 2455
16095 2455
16096 2455
16097 2455
16098 2455
16099 2455
16100 2455
16101 2455
16102 2455
16103 2455
16104 2455
16105 2455
16106 2455
16107 2455
16108 2455
16109 2455
16110 2455
16111 2455
16112 2455
16113 2455
16114 2455
16115 2455
16116 2455
16117 2455
16118 2455
16119 2455
16120 2455
16121 2455
16122 2455
16123 2455
16124 2455
16125 2455
16126 2455
16127 2455
16128 2455
16129 2455
16130 2455
16131 2455
16132 2455
16133 2455
16134 2455
16135 2455
16136 2455
16137 2455
16138 2455
16139 2455
16140 2455
16141 2455
16142 2455
16143 2455
16144 2455
16145 2455
16146 2455
16147 2455
16148 2455
16149 2455
16150 2455
16151 2455
16152 2455
16153 2455
16154 2455
16155 2455
16156 2455
16157 2455
16158 2455
16159 2455
16160 2455
16161 2455
16162 2455
16163 2455
16164 2455
16165 2455
16166 2455
16167 2455
16168 2455
16169 2455
16170 2455
16171 2455
16172 2455
16173 2455
16174 2455
16175 2455
16176 2455
16177 2455
16178 2455
16179 2455
16180 2455
16181 2455
16182 2455
16183 2455
16184 2455
16185 2455
16186 2455
16187 2455
16188 2455
16189 2455
16190 2455
16191 2455
16192 2455
16193 2455
16194 2455
16195 2455
16196 2455
16197 2455
16198 2455
16199 2455
16200 2455
16201 2455
16202 2455
16203 2455
16204 2455
16205 2455
16206 2455
16207 2455
16208 2455
16209 2455
16210 2455
16211 2455
16212 2455
16213 2455
16214 2455
16215 2455
16216 2455
16217 2455
16218 2455
16219 2455
16220 2455
16221 2455
16222 2455
16223 2455
16224 2455
16225 2455
16226 2455
16227 2455
16228 2455
16229 2455
16230 2455
16231 2455
16232 2455
16233 2455
16234 2455
16235 2455
16236 2455
16237 2455
16238 2455
16239 2455
16240 2455
16241 2455
16242 2455
16243 2455
16244 2455
16245 2455
16246 2455
16247 2455
16248 2455
16249 2455
16250 2455
16251 2455
16252 2455
16253 2455
16254 2455
16255 2455
16256 2455
16257 2455
16258 2455
16259 2455
16260 2455
16261 2455
16262 2455
16263 2455
16264 2455
16265 2455
16266 2455
16267 2455
16268 2455
16269 2455
16270 2455
16271 2455
16272 2455
16273 2455
16274 2455
16275 2455
16276 2455
16277 2455
16278 2455
16279 2455
16280 2455
16281 2455
16282 2455
16283 2455
16284 2455
16285 2455
16286 2455
16287 2455
16288 2455
16289 2455
16290 2455
16291 2455
16292 2455
16293 2455
16294 2455
16295 2455
16296 2455
16297 2455
16298 2455
16299 2455
16300 2455
16301 2455
16302 2455
16303 2455
16304 2455
16305 2455
16306 2455
16307 2455
16308 2455
16309 2455
16310 2452
16311 2452
16312 2452
16313 2452
16314 2452
16315 2452
16316 2452
16317 2452
16318 2452
16319 2452
16320 2452
16321 2452
16322 2452
16323 2452
16324 2452
16325 2452
16326 2452
16327 2452
16328 2452
16329 2452
16330 2452
16331 2452
16332 2452
16333 2452
16334 2452
16335 2452
16336 2452
16337 2452
16338 2452
16339 2452
16340 2452
16341 2452
16342 2452
16343 2452
16344 2452
16345 2452
16346 2452
16347 2452
16348 2452
16349 2452
16350 2452
16351 2452
16352 2452
16353 2452
16354 2452
16355 2452
16356 2452
16357 2452
16358 2452
16359 2452
16360 2452
16361 2452
16362 2452
16363 2452
16364 2452
16365 2452
16366 2452
16367 2452
16368 2452
16369 2452
16370 2452
16371 2452
16372 2452
16373 2452
16374 2452
16375 2452
16376 2452
16377 2452
16378 2452
16379 2452
16380 2452
16381 2452
16382 2452
16383 2452
16384 2452
16385 2452
16386 2452
16387 2452
16388 2452
16389 2452
16390 2452
16391 2452
16392 2452
16393 2452
16394 2452
16395 2452
16396 2452
16397 2452
16398 2452
16399 2452
16400 2452
16401 2452
16402 2452
16403 2452
16404 2452
16405 2452
16406 2452
16407 2452
16408 2452
16409 2452
16410 2452
16411 2452
16412 2452
16413 2452
16414 2452
16415 2452
16416 2452
16417 2452
16418 2452
16419 2452
16420 2452
16421 2452
16422 2452
16423 2452
16424 2452
16425 2452
16426 2452
16427 2452
16428 2452
16429 2452
16430 2452
16431 2452
16432 2452
16433 2452
16434 2452
16435 2452
16436 2452
16437 2452
16438 2452
16439 2452
16440 2452
16441 2452
16442 2452
16443 2452
16444 2452
16445 2452
16446 2452
16447 2452
16448 2452
16449 2452
16450 2452
16451 2452
16452 2452
16453 2452
16454 2452
16455 2452
16456 2452
16457 2452
16458 2452
16459 2452
16460 2452
16461 2452
16462 2452
16463 2452
16464 2452
16465 2452
16466 2452
16467 2452
16468 2452
16469 2452
16470 2452
16471 2452
16472 2452
16473 2452
16474 2452
16475 2452
16476 2452
16477 2452
16478 2452
16479 2452
16480 2452
16481 2452
16482 2452
16483 2452
16484 2452
16485 2452
16486 2452
16487 2452
16488 2452
16489 2452
16490 2452
16491 2452
16492 2452
16493 2452
16494 2452
16495 2452
16496 2452
16497 2452
16498 2452
16499 2452
16500 2452
16501 2452
16502 2452
16503 2452
16504 2452
16505 2452
16506 2452
16507 2452
16508 2452
16509 2452
16510 2452
16511 2452
16512 2452
16513 2452
16514 2452
16515 2452
16516 2452
16517 2452
16518 2452
16519 2452
16520 2452
16521 2452
16522 2452
16523 2452
16524 2452
16525 2452
16526 2452
16527 2452
16528 2452
16529 2452
16530 2452
16531 2452
16532 2452
16533 2452
16534 2452
16535 2452
16536 2452
16537 2452
16538 2452
16539 2452
16540 2452
16541 2452
16542 2452
16543 2452
16544 2452
16545 2452
16546 2452
16547 2452
16548 2452
16549 2452
16550 2452
16551 2452
16552 2452
16553 2452
16554 2452
16555 2452
16556 2452
16557 2452
16558 2452
16559 2452
16560 2452
16561 2452
16562 2452
16563 2452
16564 2452
16565 2452
16566 2452
16567 2452
16568 2452
16569 2452
16570 2452
16571 2452
16572 2452
16573 2452
16574 2452
16575 2452
16576 2452
16577 2452
16578 2452
16579 2452
16580 2452
16581 2452
16582 2452
16583 2452
16584 2452
16585 2452
16586 2452
16587 2452
16588 2452
16589 2452
16590 2452
16591 2452
16592 2452
16593 2452
16594 2452
16595 2452
16596 2452
16597 2452
16598 2452
16599 2452
16600 2452
16601 2452
16602 2452
16603 2452
16604 2452
16605 2438
16606 2438
16607 2438
16608 2438
16609 2438
16610 2438
16611 2438
16612 2438
16613 2438
16614 2438
16615 2438
16616 2438
16617 2438
16618 2438
16619 2438
16620 2438
16621 2438
16622 2438
16623 2438
16624 2438
16625 2438
16626 2438
16627 2438
16628 2438
16629 2438
16630 2438
16631 2438
16632 2438
16633 2438
16634 2438
16635 2438
16636 2438
16637 2438
16638 2438
16639 2438
16640 2438
16641 2438
16642 2438
16643 2438
16644 2438
16645 2438
16646 2438
16647 2438
16648 2438
16649 2438
16650 2438
16651 2438
16652 2438
16653 2438
16654 2438
16655 2438
16656 2438
16657 2438
16658 2438
16659 2438
16660 2438
16661 2438
16662 2438
16663 2438
16664 2438
16665 2438
16666 2438
16667 2438
16668 2438
16669 2438
16670 2438
16671 2438
16672 2438
16673 2438
16674 2438
16675 2438
16676 2438
16677 2438
16678 2438
16679 2438
16680 2438
16681 2438
16682 2438
16683 2438
16684 2438
16685 2438
16686 2438
16687 2438
16688 2438
16689 2438
16690 2438
16691 2438
16692 2438
16693 2438
16694 2438
16695 2438
16696 2438
16697 2438
16698 2438
16699 2438
16700 2438
16701 2438
16702 2438
16703 2438
16704 2438
16705 2438
16706 2438
16707 2438
16708 2438
16709 2438
16710 2438
16711 2438
16712 2438
16713 2438
16714 2438
16715 2438
16716 2438
16717 2438
16718 2438
16719 2438
16720 2438
16721 2438
16722 2438
16723 2438
16724 2438
16725 2438
16726 2438
16727 2438
16728 2438
16729 2438
16730 2438
16731 2438
16732 2438
16733 2438
16734 2438
16735 2438
16736 2438
16737 2438
16738 2438
16739 2438
16740 2438
16741 2438
16742 2438
16743 2438
16744 2438
16745 2438
16746 2438
16747 2438
16748 2438
16749 2438
16750 2438
16751 2426
16752 2426
16753 2426
16754 2426
16755 2426
16756 2426
16757 2426
16758 2426
16759 2426
16760 2426
16761 2426
16762 2426
16763 2426
16764 2426
16765 2426
16766 2426
16767 2426
16768 2426
16769 2426
16770 2426
16771 2426
16772 2426
16773 2426
16774 2426
16775 2426
16776 2426
16777 2426
16778 2426
16779 2426
16780 2426
16781 2426
16782 2426
16783 2426
16784 2426
16785 2426
16786 2426
16787 2426
16788 2426
16789 2426
16790 2426
16791 2426
16792 2426
16793 2426
16794 2426
16795 2426
16796 2426
16797 2426
16798 2426
16799 2426
16800 2426
16801 2426
16802 2426
16803 2426
16804 2426
16805 2426
16806 2426
16807 2426
16808 2426
16809 2426
16810 2426
16811 2426
16812 2426
16813 2426
16814 2426
16815 2426
16816 2426
16817 2426
16818 2426
16819 2426
16820 2426
16821 2426
16822 2426
16823 2426
16824 2426
16825 2426
16826 2426
16827 2426
16828 2426
16829 2426
16830 2426
16831 2426
16832 2426
16833 2426
16834 2426
16835 2426
16836 2426
16837 2426
16838 2426
16839 2426
16840 2426
16841 2426
16842 2426
16843 2426
16844 2426
16845 2426
16846 2426
16847 2426
16848 2426
16849 2426
16850 2426
16851 2426
16852 2426
16853 2426
16854 2426
16855 2426
16856 2426
16857 2426
16858 2426
16859 2426
16860 2426
16861 2426
16862 2426
16863 2426
16864 2426
16865 2426
16866 2426
16867 2426
16868 2426
16869 2426
16870 2426
16871 2426
16872 2426
16873 2426
16874 2426
16875 2426
16876 2426
16877 2426
16878 2426
16879 2426
16880 2426
16881 2426
16882 2424
16883 2424
16884 2424
16885 2424
16886 2424
16887 2424
16888 2424
16889 2424
16890 2424
16891 2424
16892 2424
16893 2424
16894 2424
16895 2424
16896 2424
16897 2424
16898 2424
16899 2424
16900 2424
16901 2424
16902 2420
16903 2420
16904 2420
16905 2420
16906 2420
16907 2420
16908 2420
16909 2420
16910 2420
16911 2420
16912 2420
16913 2420
16914 2420
16915 2420
16916 2420
16917 2420
16918 2420
16919 2420
16920 2420
16921 2420
16922 2420
16923 2420
16924 2420
16925 2420
16926 2420
16927 2420
16928 2420
16929 2420
16930 2420
16931 2420
16932 2420
16933 2420
16934 2420
16935 2420
16936 2420
16937 2420
16938 2420
16939 2420
16940 2420
16941 2420
16942 2420
16943 2420
16944 2420
16945 2420
16946 2420
16947 2420
16948 2420
16949 2420
16950 2420
16951 2420
16952 2420
16953 2420
16954 2420
16955 2420
16956 2420
16957 2420
16958 2420
16959 2420
16960 2420
16961 2420
16962 2420
16963 2420
16964 2420
16965 2420
16966 2420
16967 2420
16968 2420
16969 2420
16970 2420
16971 2420
16972 2420
16973 2420
16974 2420
16975 2420
16976 2420
16977 2420
16978 2420
16979 2420
16980 2420
16981 2420
16982 2420
16983 2420
16984 2420
16985 2420
16986 2420
16987 2420
16988 2420
16989 2420
16990 2420
16991 2420
16992 2420
16993 2420
16994 2420
16995 2420
16996 2420
16997 2420
16998 2420
16999 2420
17000 2420
17001 2420
17002 2420
17003 2420
17004 2420
17005 2420
17006 2420
17007 2420
17008 2420
17009 2420
17010 2420
17011 2420
17012 2420
17013 2420
17014 2420
17015 2420
17016 2420
17017 2420
17018 2420
17019 2420
17020 2420
17021 2420
17022 2420
17023 2420
17024 2420
17025 2420
17026 2420
17027 2420
17028 2420
17029 2420
17030 2420
17031 2420
17032 2420
17033 2420
17034 2420
17035 2420
17036 2420
17037 2420
17038 2420
17039 2420
17040 2420
17041 2420
17042 2420
17043 2420
17044 2420
17045 2420
17046 2420
17047 2420
17048 2420
17049 2420
17050 2420
17051 2420
17052 2420
17053 2420
17054 2420
17055 2420
17056 2420
17057 2420
17058 2420
17059 2420
17060 2420
17061 2420
17062 2420
17063 2420
17064 2420
17065 2420
17066 2420
17067 2420
17068 2420
17069 2420
17070 2420
17071 2420
17072 2420
17073 2420
17074 2420
17075 2420
17076 2420
17077 2420
17078 2420
17079 2420
17080 2420
17081 2420
17082 2420
17083 2420
17084 2420
17085 2420
17086 2420
17087 2420
17088 2420
17089 2420
17090 2420
17091 2420
17092 2420
17093 2420
17094 2420
17095 2420
17096 2420
17097 2420
17098 2420
17099 2420
17100 2420
17101 2420
17102 2420
17103 2420
17104 2420
17105 2420
17106 2420
17107 2420
17108 2420
17109 2420
17110 2420
17111 2420
17112 2420
17113 2420
17114 2420
17115 2420
17116 2420
17117 2420
17118 2420
17119 2420
17120 2420
17121 2420
17122 2420
17123 2420
17124 2420
17125 2420
17126 2420
17127 2420
17128 2420
17129 2420
17130 2420
17131 2420
17132 2420
17133 2420
17134 2420
17135 2420
17136 2420
17137 2420
17138 2420
17139 2420
17140 2420
17141 2420
17142 2420
17143 2420
17144 2420
17145 2420
17146 2420
17147 2420
17148 2420
17149 2420
17150 2420
17151 2420
17152 2420
17153 2420
17154 2420
17155 2420
17156 2420
17157 2420
17158 2420
17159 2420
17160 2420
17161 2420
17162 2420
17163 2420
17164 2420
17165 2420
17166 2420
17167 2420
17168 2420
17169 2420
17170 2420
17171 2420
17172 2420
17173 2420
17174 2420
17175 2420
17176 2420
17177 2420
17178 2420
17179 2420
17180 2420
17181 2420
17182 2420
17183 2420
17184 2420
17185 2420
17186 2420
17187 2420
17188 2420
17189 2420
17190 2420
17191 2420
17192 2420
17193 2420
17194 2420
17195 2420
17196 2420
17197 2420
17198 2420
17199 2420
17200 2420
17201 2420
17202 2420
17203 2420
17204 2420
17205 2420
17206 2420
17207 2420
17208 2420
17209 2420
17210 2420
17211 2420
17212 2420
17213 2420
17214 2420
17215 2420
17216 2420
17217 2420
17218 2420
17219 2420
17220 2420
17221 2420
17222 2420
17223 2420
17224 2420
17225 2419
17226 2419
17227 2419
17228 2419
17229 2419
17230 2419
17231 2419
17232 2419
17233 2419
17234 2419
17235 2419
17236 2419
17237 2419
17238 2419
17239 2419
17240 2419
17241 2419
17242 2419
17243 2419
17244 2414
17245 2414
17246 2414
17247 2414
17248 2414
17249 2414
17250 2414
17251 2414
17252 2414
17253 2414
17254 2414
17255 2414
17256 2414
17257 2414
17258 2414
17259 2414
17260 2414
17261 2414
17262 2414
17263 2414
17264 2414
17265 2414
17266 2414
17267 2414
17268 2414
17269 2414
17270 2414
17271 2414
17272 2414
17273 2414
17274 2414
17275 2413
17276 2413
17277 2413
17278 2413
17279 2413
17280 2413
17281 2413
17282 2413
17283 2413
17284 2413
17285 2413
17286 2413
17287 2413
17288 2413
17289 2413
17290 2413
17291 2413
17292 2413
17293 2413
17294 2413
17295 2413
17296 2413
17297 2413
17298 2413
17299 2413
17300 2413
17301 2413
17302 2413
17303 2413
17304 2413
17305 2413
17306 2413
17307 2413
17308 2413
17309 2413
17310 2413
17311 2413
17312 2413
17313 2413
17314 2413
17315 2413
17316 2413
17317 2413
17318 2413
17319 2413
17320 2413
17321 2413
17322 2413
17323 2413
17324 2413
17325 2413
17326 2413
17327 2413
17328 2413
17329 2413
17330 2413
17331 2413
17332 2413
17333 2413
17334 2413
17335 2413
17336 2413
17337 2413
17338 2413
17339 2413
17340 2413
17341 2413
17342 2413
17343 2413
17344 2413
17345 2413
17346 2413
17347 2413
17348 2413
17349 2413
17350 2413
17351 2413
17352 2413
17353 2413
17354 2413
17355 2413
17356 2413
17357 2413
17358 2413
17359 2413
17360 2413
17361 2413
17362 2413
17363 2413
17364 2413
17365 2413
17366 2413
17367 2413
17368 2413
17369 2413
17370 2413
17371 2413
17372 2413
17373 2413
17374 2413
17375 2413
17376 2413
17377 2413
17378 2413
17379 2413
17380 2413
17381 2413
17382 2413
17383 2407
17384 2407
17385 2407
17386 2407
17387 2407
17388 2407
17389 2407
17390 2407
17391 2407
17392 2407
17393 2407
17394 2407
17395 2407
17396 2407
17397 2407
17398 2407
17399 2407
17400 2407
17401 2407
17402 2407
17403 2407
17404 2407
17405 2407
17406 2407
17407 2407
17408 2407
17409 2407
17410 2407
17411 2407
17412 2407
17413 2407
17414 2407
17415 2407
17416 2407
17417 2407
17418 2407
17419 2407
17420 2407
17421 2407
17422 2407
17423 2407
17424 2407
17425 2407
17426 2407
17427 2407
17428 2407
17429 2407
17430 2407
17431 2407
17432 2407
17433 2407
17434 2407
17435 2407
17436 2407
17437 2407
17438 2407
17439 2407
17440 2407
17441 2407
17442 2407
17443 2407
17444 2407
17445 2407
17446 2407
17447 2407
17448 2407
17449 2407
17450 2407
17451 2407
17452 2407
17453 2407
17454 2407
17455 2407
17456 2407
17457 2407
17458 2407
17459 2407
17460 2407
17461 2407
17462 2407
17463 2407
17464 2407
17465 2407
17466 2407
17467 2407
17468 2407
17469 2407
17470 2407
17471 2407
17472 2407
17473 2407
17474 2407
17475 2407
17476 2407
17477 2407
17478 2407
17479 2407
17480 2407
17481 2407
17482 2407
17483 2407
17484 2407
17485 2407
17486 2407
17487 2407
17488 2407
17489 2407
17490 2407
17491 2407
17492 2407
17493 2407
17494 2407
17495 2407
17496 2407
17497 2407
17498 2407
17499 2407
17500 2407
17501 2407
17502 2407
17503 2407
17504 2407
17505 2407
17506 2407
17507 2407
17508 2407
17509 2407
17510 2407
17511 2407
17512 2407
17513 2406
17514 2406
17515 2406
17516 2406
17517 2406
17518 2406
17519 2406
17520 2406
17521 2406
17522 2406
17523 2406
17524 2406
17525 2406
17526 2406
17527 2406
17528 2406
17529 2406
17530 2406
17531 2406
17532 2406
17533 2406
17534 2406
17535 2406
17536 2406
17537 2406
17538 2406
17539 2406
17540 2406
17541 2406
17542 2406
17543 2406
17544 2406
17545 2406
17546 2406
17547 2406
17548 2406
17549 2406
17550 2406
17551 2406
17552 2406
17553 2406
17554 2406
17555 2406
17556 2406
17557 2406
17558 2406
17559 2406
17560 2406
17561 2406
17562 2406
17563 2406
17564 2406
17565 2406
17566 2406
17567 2406
17568 2406
17569 2406
17570 2406
17571 2406
17572 2406
17573 2406
17574 2406
17575 2406
17576 2406
17577 2406
17578 2403
17579 2403
17580 2403
17581 2403
17582 2403
17583 2403
17584 2403
17585 2403
17586 2403
17587 2403
17588 2403
17589 2403
17590 2403
17591 2403
17592 2403
17593 2403
17594 2403
17595 2403
17596 2403
17597 2403
17598 2403
17599 2403
17600 2403
17601 2403
17602 2403
17603 2403
17604 2403
17605 2403
17606 2403
17607 2403
17608 2403
17609 2403
17610 2403
17611 2403
17612 2403
17613 2403
17614 2403
17615 2403
17616 2403
17617 2403
17618 2403
17619 2403
17620 2403
17621 2403
17622 2403
17623 2403
17624 2403
17625 2403
17626 2403
17627 2403
17628 2403
17629 2403
17630 2403
17631 2403
17632 2403
17633 2403
17634 2403
17635 2403
17636 2403
17637 2403
17638 2403
17639 2403
17640 2403
17641 2403
17642 2403
17643 2403
17644 2403
17645 2403
17646 2403
17647 2403
17648 2403
17649 2403
17650 2403
17651 2403
17652 2403
17653 2403
17654 2403
17655 2403
17656 2403
17657 2403
17658 2403
17659 2403
17660 2403
17661 2403
17662 2403
17663 2403
17664 2403
17665 2403
17666 2403
17667 2403
17668 2403
17669 2403
17670 2403
17671 2403
17672 2403
17673 2403
17674 2403
17675 2403
17676 2403
17677 2403
17678 2403
17679 2403
17680 2403
17681 2403
17682 2403
17683 2403
17684 2403
17685 2403
17686 2403
17687 2403
17688 2403
17689 2403
17690 2403
17691 2403
17692 2403
17693 2403
17694 2403
17695 2403
17696 2403
17697 2403
17698 2403
17699 2403
17700 2403
17701 2403
17702 2403
17703 2403
17704 2403
17705 2403
17706 2403
17707 2403
17708 2403
17709 2403
17710 2403
17711 2403
17712 2403
17713 2403
17714 2403
17715 2403
17716 2403
17717 2403
17718 2403
17719 2403
17720 2403
17721 2403
17722 2403
17723 2403
17724 2403
17725 2403
17726 2403
17727 2403
17728 2403
17729 2403
17730 2403
17731 2403
17732 2403
17733 2403
17734 2403
17735 2403
17736 2403
17737 2403
17738 2403
17739 2403
17740 2403
17741 2403
17742 2403
17743 2403
17744 2403
17745 2403
17746 2403
17747 2403
17748 2403
17749 2403
17750 2403
17751 2403
17752 2403
17753 2403
17754 2403
17755 2403
17756 2403
17757 2403
17758 2403
17759 2403
17760 2403
17761 2403
17762 2403
17763 2403
17764 2403
17765 2403
17766 2403
17767 2403
17768 2403
17769 2403
17770 2403
17771 2403
17772 2403
17773 2403
17774 2403
17775 2403
17776 2403
17777 2403
17778 2403
17779 2403
17780 2403
17781 2403
17782 2403
17783 2403
17784 2403
17785 2403
17786 2403
17787 2403
17788 2403
17789 2403
17790 2403
17791 2403
17792 2403
17793 2403
17794 2403
17795 2403
17796 2403
17797 2403
17798 2403
17799 2403
17800 2403
17801 2403
17802 2403
17803 2403
17804 2403
17805 2403
17806 2403
17807 2403
17808 2403
17809 2403
17810 2403
17811 2403
17812 2399
17813 2399
17814 2399
17815 2399
17816 2399
17817 2399
17818 2399
17819 2399
17820 2399
17821 2399
17822 2399
17823 2399
17824 2399
17825 2399
17826 2399
17827 2399
17828 2399
17829 2399
17830 2399
17831 2399
17832 2399
17833 2399
17834 2399
17835 2399
17836 2399
17837 2399
17838 2399
17839 2399
17840 2399
17841 2399
17842 2399
17843 2399
17844 2399
17845 2399
17846 2399
17847 2399
17848 2399
17849 2399
17850 2399
17851 2399
17852 2399
17853 2399
17854 2399
17855 2399
17856 2399
17857 2399
17858 2399
17859 2399
17860 2399
17861 2399
17862 2399
17863 2399
17864 2399
17865 2399
17866 2399
17867 2399
17868 2399
17869 2399
17870 2399
17871 2399
17872 2399
17873 2399
17874 2399
17875 2399
17876 2399
17877 2399
17878 2399
17879 2399
17880 2399
17881 2399
17882 2399
17883 2399
17884 2399
17885 2399
17886 2399
17887 2399
17888 2399
17889 2399
17890 2399
17891 2399
17892 2399
17893 2399
17894 2399
17895 2399
17896 2399
17897 2399
17898 2399
17899 2399
17900 2399
17901 2399
17902 2399
17903 2399
17904 2399
17905 2399
17906 2399
17907 2399
17908 2399
17909 2399
17910 2399
17911 2399
17912 2399
17913 2399
17914 2399
17915 2399
17916 2399
17917 2399
17918 2399
17919 2399
17920 2399
17921 2399
17922 2399
17923 2399
17924 2399
17925 2399
17926 2399
17927 2399
17928 2399
17929 2399
17930 2399
17931 2399
17932 2399
17933 2399
17934 2399
17935 2399
17936 2399
17937 2399
17938 2399
17939 2399
17940 2399
17941 2399
17942 2399
17943 2399
17944 2399
17945 2399
17946 2399
17947 2399
17948 2399
17949 2399
17950 2399
17951 2399
17952 2399
17953 2399
17954 2399
17955 2399
17956 2399
17957 2399
17958 2399
17959 2399
17960 2399
17961 2399
17962 2399
17963 2399
17964 2399
17965 2399
17966 2399
17967 2399
17968 2399
17969 2399
17970 2399
17971 2399
17972 2399
17973 2399
17974 2399
17975 2399
17976 2399
17977 2399
17978 2399
17979 2399
17980 2399
17981 2399
17982 2399
17983 2399
17984 2399
17985 2399
17986 2399
17987 2399
17988 2399
17989 2399
17990 2399
17991 2399
17992 2399
17993 2399
17994 2399
17995 2399
17996 2399
17997 2399
17998 2399
17999 2399
18000 2399
18001 2399
18002 2399
18003 2399
18004 2399
18005 2399
18006 2399
18007 2399
18008 2399
18009 2399
18010 2399
18011 2399
18012 2399
18013 2399
18014 2399
18015 2399
18016 2399
18017 2399
18018 2399
18019 2399
18020 2399
18021 2399
18022 2399
18023 2399
18024 2399
18025 2399
18026 2399
18027 2399
18028 2399
18029 2399
18030 2399
18031 2399
18032 2399
18033 2399
18034 2399
18035 2399
18036 2399
18037 2399
18038 2399
18039 2399
18040 2399
18041 2399
18042 2399
18043 2399
18044 2399
18045 2399
18046 2399
18047 2399
18048 2399
18049 2399
18050 2399
18051 2399
18052 2399
18053 2399
18054 2399
18055 2399
18056 2399
18057 2399
18058 2399
18059 2399
18060 2399
18061 2399
18062 2399
18063 2399
18064 2399
18065 2399
18066 2399
18067 2399
18068 2399
18069 2399
18070 2399
18071 2399
18072 2399
18073 2399
18074 2399
18075 2399
18076 2399
18077 2399
18078 2399
18079 2399
18080 2399
18081 2399
18082 2399
18083 2399
18084 2399
18085 2399
18086 2399
18087 2399
18088 2399
18089 2399
18090 2399
18091 2399
18092 2399
18093 2399
18094 2399
18095 2399
18096 2399
18097 2399
18098 2399
18099 2399
18100 2399
18101 2399
18102 2399
18103 2399
18104 2399
18105 2399
18106 2399
18107 2399
18108 2399
18109 2399
18110 2399
18111 2399
18112 2399
18113 2399
18114 2399
18115 2397
18116 2397
18117 2397
18118 2397
18119 2397
18120 2397
18121 2397
18122 2397
18123 2397
18124 2397
18125 2397
18126 2397
18127 2397
18128 2397
18129 2397
18130 2397
18131 2397
18132 2397
18133 2397
18134 2397
18135 2397
18136 2397
18137 2397
18138 2397
18139 2397
18140 2397
18141 2397
18142 2397
18143 2397
18144 2397
18145 2397
18146 2397
18147 2397
18148 2397
18149 2397
18150 2397
18151 2397
18152 2397
18153 2397
18154 2397
18155 2397
18156 2397
18157 2397
18158 2397
18159 2397
18160 2397
18161 2397
18162 2397
18163 2397
18164 2397
18165 2397
18166 2397
18167 2397
18168 2397
18169 2397
18170 2397
18171 2397
18172 2397
18173 2397
18174 2397
18175 2397
18176 2397
18177 2397
18178 2397
18179 2397
18180 2397
18181 2397
18182 2397
18183 2397
18184 2397
18185 2397
18186 2397
18187 2397
18188 2397
18189 2397
18190 2397
18191 2397
18192 2397
18193 2397
18194 2397
18195 2397
18196 2397
18197 2397
18198 2397
18199 2397
18200 2397
18201 2397
18202 2397
18203 2397
18204 2397
18205 2397
18206 2397
18207 2397
18208 2397
18209 2397
18210 2397
18211 2397
18212 2397
18213 2397
18214 2397
18215 2397
18216 2397
18217 2397
18218 2397
18219 2397
18220 2397
18221 2397
18222 2397
18223 2397
18224 2397
18225 2397
18226 2397
18227 2397
18228 2397
18229 2397
18230 2397
18231 2397
18232 2397
18233 2397
18234 2397
18235 2397
18236 2397
18237 2397
18238 2397
18239 2397
18240 2397
18241 2397
18242 2397
18243 2397
18244 2397
18245 2397
18246 2397
18247 2397
18248 2397
18249 2397
18250 2396
18251 2396
18252 2396
18253 2396
18254 2396
18255 2396
18256 2396
18257 2396
18258 2396
18259 2396
18260 2396
18261 2396
18262 2396
18263 2396
18264 2396
18265 2396
18266 2396
18267 2396
18268 2396
18269 2396
18270 2396
18271 2396
18272 2396
18273 2396
18274 2396
18275 2396
18276 2396
18277 2396
18278 2396
18279 2396
18280 2396
18281 2396
18282 2396
18283 2396
18284 2396
18285 2396
18286 2396
18287 2396
18288 2396
18289 2396
18290 2396
18291 2396
18292 2396
18293 2396
18294 2396
18295 2396
18296 2396
18297 2396
18298 2396
18299 2396
18300 2396
18301 2396
18302 2396
18303 2396
18304 2396
18305 2393
18306 2393
18307 2393
18308 2393
18309 2393
18310 2393
18311 2393
18312 2393
18313 2393
18314 2393
18315 2393
18316 2393
18317 2393
18318 2393
18319 2393
18320 2393
18321 2393
18322 2393
18323 2393
18324 2393
18325 2393
18326 2393
18327 2393
18328 2393
18329 2393
18330 2393
18331 2393
18332 2393
18333 2393
18334 2393
18335 2393
18336 2393
18337 2393
18338 2393
18339 2393
18340 2393
18341 2393
18342 2393
18343 2393
18344 2393
18345 2393
18346 2393
18347 2393
18348 2393
18349 2393
18350 2393
18351 2393
18352 2393
18353 2393
18354 2393
18355 2393
18356 2393
18357 2393
18358 2393
18359 2393
18360 2393
18361 2393
18362 2393
18363 2393
18364 2393
18365 2393
18366 2393
18367 2393
18368 2393
18369 2393
18370 2393
18371 2393
18372 2393
18373 2393
18374 2393
18375 2393
18376 2393
18377 2393
18378 2393
18379 2393
18380 2393
18381 2393
18382 2393
18383 2393
18384 2393
18385 2393
18386 2393
18387 2393
18388 2393
18389 2393
18390 2393
18391 2393
18392 2393
18393 2393
18394 2393
18395 2393
18396 2393
18397 2393
18398 2393
18399 2393
18400 2393
18401 2393
18402 2393
18403 2393
18404 2393
18405 2393
18406 2393
18407 2393
18408 2393
18409 2393
18410 2393
18411 2393
18412 2393
18413 2393
18414 2393
18415 2393
18416 2393
18417 2393
18418 2393
18419 2393
18420 2393
18421 2393
18422 2393
18423 2393
18424 2393
18425 2393
18426 2393
18427 2393
18428 2393
18429 2393
18430 2393
18431 2393
18432 2393
18433 2393
18434 2393
18435 2393
18436 2393
18437 2393
18438 2393
18439 2393
18440 2393
18441 2393
18442 2393
18443 2393
18444 2393
18445 2393
18446 2393
18447 2393
18448 2393
18449 2393
18450 2393
18451 2393
18452 2393
18453 2393
18454 2393
18455 2393
18456 2393
18457 2393
18458 2393
18459 2393
18460 2393
18461 2393
18462 2393
18463 2393
18464 2393
18465 2393
18466 2393
18467 2393
18468 2393
18469 2393
18470 2393
18471 2393
18472 2393
18473 2393
18474 2393
18475 2393
18476 2393
18477 2393
18478 2393
18479 2393
18480 2393
18481 2393
18482 2393
18483 2393
18484 2393
18485 2393
18486 2393
18487 2393
18488 2393
18489 2393
18490 2393
18491 2393
18492 2393
18493 2393
18494 2393
18495 2393
18496 2393
18497 2393
18498 2393
18499 2393
18500 2393
18501 2393
18502 2393
18503 2393
18504 2393
18505 2393
18506 2393
18507 2393
18508 2393
18509 2393
18510 2393
18511 2393
18512 2393
18513 2393
18514 2393
18515 2393
18516 2393
18517 2393
18518 2393
18519 2393
18520 2393
18521 2393
18522 2393
18523 2393
18524 2393
18525 2393
18526 2393
18527 2393
18528 2393
18529 2393
18530 2393
18531 2393
18532 2393
18533 2393
18534 2393
18535 2393
18536 2393
18537 2393
18538 2393
18539 2393
18540 2393
18541 2393
18542 2393
18543 2393
18544 2393
18545 2393
18546 2393
18547 2393
18548 2393
18549 2393
18550 2393
18551 2393
18552 2393
18553 2393
18554 2385
18555 2385
18556 2385
18557 2385
18558 2385
18559 2385
18560 2385
18561 2385
18562 2385
18563 2385
18564 2385
18565 2385
18566 2385
18567 2385
18568 2385
18569 2385
18570 2385
18571 2385
18572 2385
18573 2385
18574 2385
18575 2385
18576 2385
18577 2385
18578 2385
18579 2385
18580 2385
18581 2385
18582 2385
18583 2385
18584 2385
18585 2385
18586 2385
18587 2385
18588 2385
18589 2385
18590 2385
18591 2385
18592 2385
18593 2385
18594 2385
18595 2385
18596 2385
18597 2385
18598 2385
18599 2385
18600 2385
18601 2385
18602 2385
18603 2385
18604 2385
18605 2385
18606 2385
18607 2385
18608 2385
18609 2385
18610 2385
18611 2385
18612 2385
18613 2385
18614 2385
18615 2385
18616 2385
18617 2385
18618 2385
18619 2385
18620 2385
18621 2385
18622 2385
18623 2385
18624 2385
18625 2385
18626 2385
18627 2385
18628 2385
18629 2385
18630 2385
18631 2385
18632 2385
18633 2385
18634 2385
18635 2385
18636 2385
18637 2385
18638 2385
18639 2385
18640 2385
18641 2385
18642 2385
18643 2385
18644 2385
18645 2385
18646 2385
18647 2385
18648 2385
18649 2385
18650 2385
18651 2385
18652 2385
18653 2385
18654 2385
18655 2385
18656 2385
18657 2385
18658 2385
18659 2385
18660 2385
18661 2385
18662 2385
18663 2385
18664 2385
18665 2385
18666 2385
18667 2385
18668 2385
18669 2385
18670 2385
18671 2385
18672 2385
18673 2385
18674 2385
18675 2385
18676 2385
18677 2385
18678 2385
18679 2385
18680 2385
18681 2385
18682 2385
18683 2385
18684 2385
18685 2385
18686 2385
18687 2385
18688 2385
18689 2385
18690 2385
18691 2385
18692 2385
18693 2385
18694 2385
18695 2385
18696 2385
18697 2384
18698 2384
18699 2384
18700 2384
18701 2384
18702 2384
18703 2384
18704 2384
18705 2384
18706 2384
18707 2384
18708 2384
18709 2384
18710 2384
18711 2384
18712 2384
18713 2384
18714 2384
18715 2384
18716 2384
18717 2384
18718 2384
18719 2384
18720 2384
18721 2384
18722 2384
18723 2384
18724 2384
18725 2384
18726 2384
18727 2384
18728 2384
18729 2384
18730 2384
18731 2384
18732 2384
18733 2384
18734 2384
18735 2384
18736 2384
18737 2384
18738 2384
18739 2384
18740 2384
18741 2384
18742 2384
18743 2384
18744 2384
18745 2384
18746 2384
18747 2384
18748 2384
18749 2384
18750 2384
18751 2384
18752 2384
18753 2384
18754 2384
18755 2384
18756 2384
18757 2384
18758 2384
18759 2384
18760 2384
18761 2384
18762 2384
18763 2384
18764 2384
18765 2384
18766 2384
18767 2384
18768 2384
18769 2384
18770 2384
18771 2384
18772 2384
18773 2384
18774 2384
18775 2384
18776 2384
18777 2384
18778 2384
18779 2384
18780 2384
18781 2384
18782 2384
18783 2384
18784 2384
18785 2384
18786 2384
18787 2384
18788 2384
18789 2384
18790 2384
18791 2384
18792 2384
18793 2384
18794 2384
18795 2384
18796 2384
18797 2384
18798 2384
18799 2384
18800 2384
18801 2384
18802 2384
18803 2384
18804 2384
18805 2373
18806 2373
18807 2373
18808 2373
18809 2373
18810 2373
18811 2373
18812 2373
18813 2373
18814 2373
18815 2373
18816 2373
18817 2373
18818 2373
18819 2373
18820 2373
18821 2373
18822 2373
18823 2373
18824 2373
18825 2373
18826 2373
18827 2373
18828 2373
18829 2373
18830 2373
18831 2373
18832 2373
18833 2373
18834 2373
18835 2373
18836 2373
18837 2373
18838 2373
18839 2373
18840 2373
18841 2373
18842 2373
18843 2373
18844 2373
18845 2373
18846 2373
18847 2373
18848 2373
18849 2373
18850 2373
18851 2373
18852 2373
18853 2373
18854 2373
18855 2373
18856 2373
18857 2373
18858 2373
18859 2373
18860 2373
18861 2373
18862 2373
18863 2373
18864 2373
18865 2373
18866 2373
18867 2373
18868 2373
18869 2373
18870 2373
18871 2373
18872 2373
18873 2373
18874 2373
18875 2373
18876 2373
18877 2373
18878 2373
18879 2373
18880 2373
18881 2373
18882 2373
18883 2373
18884 2373
18885 2373
18886 2373
18887 2373
18888 2373
18889 2373
18890 2373
18891 2373
18892 2373
18893 2373
18894 2373
18895 2373
18896 2373
18897 2373
18898 2373
18899 2373
18900 2373
18901 2373
18902 2373
18903 2373
18904 2373
18905 2373
18906 2373
18907 2373
18908 2373
18909 2373
18910 2373
18911 2373
18912 2373
18913 2373
18914 2373
18915 2373
18916 2373
18917 2373
18918 2373
18919 2373
18920 2373
18921 2373
18922 2373
18923 2373
18924 2373
18925 2373
18926 2373
18927 2373
18928 2373
18929 2373
18930 2373
18931 2373
18932 2373
18933 2373
18934 2373
18935 2373
18936 2373
18937 2373
18938 2373
18939 2373
18940 2373
18941 2373
18942 2373
18943 2373
18944 2373
18945 2373
18946 2373
18947 2373
18948 2373
18949 2373
18950 2373
18951 2373
18952 2373
18953 2373
18954 2373
18955 2373
18956 2373
18957 2373
18958 2373
18959 2373
18960 2373
18961 2373
18962 2373
18963 2373
18964 2373
18965 2373
18966 2373
18967 2373
18968 2373
18969 2373
18970 2373
18971 2373
18972 2373
18973 2373
18974 2373
18975 2373
18976 2373
18977 2373
18978 2373
18979 2373
18980 2373
18981 2373
18982 2373
18983 2373
18984 2373
18985 2373
18986 2373
18987 2373
18988 2373
18989 2373
18990 2373
18991 2373
18992 2373
18993 2373
18994 2373
18995 2373
18996 2373
18997 2373
18998 2373
18999 2373
19000 2373
19001 2373
19002 2373
19003 2373
19004 2373
19005 2373
19006 2373
19007 2373
19008 2373
19009 2373
19010 2373
19011 2373
19012 2373
19013 2373
19014 2373
19015 2373
19016 2373
19017 2373
19018 2373
19019 2373
19020 2373
19021 2373
19022 2373
19023 2373
19024 2373
19025 2373
19026 2373
19027 2373
19028 2373
19029 2373
19030 2373
19031 2373
19032 2373
19033 2373
19034 2373
19035 2373
19036 2373
19037 2373
19038 2373
19039 2373
19040 2373
19041 2373
19042 2373
19043 2373
19044 2373
19045 2373
19046 2373
19047 2373
19048 2373
19049 2373
19050 2373
19051 2373
19052 2373
19053 2373
19054 2373
19055 2373
19056 2373
19057 2373
19058 2373
19059 2373
19060 2373
19061 2373
19062 2373
19063 2373
19064 2373
19065 2373
19066 2373
19067 2373
19068 2373
19069 2373
19070 2373
19071 2373
19072 2373
19073 2373
19074 2373
19075 2373
19076 2373
19077 2373
19078 2373
19079 2373
19080 2373
19081 2373
19082 2373
19083 2373
19084 2373
19085 2373
19086 2373
19087 2373
19088 2373
19089 2373
19090 2373
19091 2373
19092 2373
19093 2373
19094 2373
19095 2373
19096 2373
19097 2373
19098 2373
19099 2373
19100 2373
19101 2373
19102 2373
19103 2373
19104 2373
19105 2373
19106 2373
19107 2373
19108 2373
19109 2373
19110 2373
19111 2373
19112 2373
19113 2373
19114 2373
19115 2373
19116 2373
19117 2373
19118 2373
19119 2373
19120 2373
19121 2373
19122 2373
19123 2373
19124 2373
19125 2373
19126 2373
19127 2373
19128 2373
19129 2373
19130 2373
19131 2373
19132 2373
19133 2372
19134 2372
19135 2372
19136 2372
19137 2372
19138 2372
19139 2372
19140 2372
19141 2372
19142 2372
19143 2372
19144 2372
19145 2372
19146 2372
19147 2372
19148 2372
19149 2372
19150 2372
19151 2372
19152 2372
19153 2372
19154 2372
19155 2372
19156 2372
19157 2372
19158 2372
19159 2372
19160 2372
19161 2372
19162 2372
19163 2372
19164 2372
19165 2372
19166 2372
19167 2372
19168 2372
19169 2372
19170 2372
19171 2372
19172 2372
19173 2372
19174 2372
19175 2372
19176 2372
19177 2372
19178 2372
19179 2372
19180 2372
19181 2372
19182 2372
19183 2372
19184 2372
19185 2372
19186 2372
19187 2372
19188 2372
19189 2372
19190 2372
19191 2372
19192 2372
19193 2372
19194 2372
19195 2372
19196 2372
19197 2372
19198 2372
19199 2372
19200 2372
19201 2372
19202 2372
19203 2372
19204 2372
19205 2372
19206 2372
19207 2372
19208 2372
19209 2372
19210 2372
19211 2372
19212 2372
19213 2372
19214 2372
19215 2372
19216 2372
19217 2372
19218 2372
19219 2372
19220 2372
19221 2372
19222 2372
19223 2372
19224 2372
19225 2372
19226 2372
19227 2372
19228 2372
19229 2372
19230 2372
19231 2372
19232 2372
19233 2372
19234 2372
19235 2372
19236 2372
19237 2372
19238 2372
19239 2372
19240 2372
19241 2372
19242 2372
19243 2372
19244 2372
19245 2372
19246 2372
19247 2372
19248 2372
19249 2372
19250 2372
19251 2372
19252 2372
19253 2372
19254 2372
19255 2372
19256 2372
19257 2372
19258 2372
19259 2372
19260 2372
19261 2372
19262 2372
19263 2372
19264 2372
19265 2372
19266 2372
19267 2372
19268 2372
19269 2372
19270 2372
19271 2372
19272 2372
19273 2372
19274 2372
19275 2372
19276 2372
19277 2372
19278 2372
19279 2372
19280 2372
19281 2372
19282 2372
19283 2372
19284 2372
19285 2372
19286 2372
19287 2372
19288 2372
19289 2372
19290 2372
19291 2372
19292 2372
19293 2372
19294 2372
19295 2372
19296 2372
19297 2372
19298 2372
19299 2372
19300 2372
19301 2372
19302 2372
19303 2372
19304 2372
19305 2372
19306 2372
19307 2372
19308 2372
19309 2372
19310 2372
19311 2372
19312 2372
19313 2372
19314 2372
19315 2372
19316 2372
19317 2372
19318 2372
19319 2372
19320 2372
19321 2372
19322 2372
19323 2372
19324 2372
19325 2372
19326 2372
19327 2372
19328 2372
19329 2372
19330 2372
19331 2372
19332 2372
19333 2372
19334 2372
19335 2372
19336 2372
19337 2372
19338 2372
19339 2372
19340 2372
19341 2372
19342 2372
19343 2372
19344 2372
19345 2372
19346 2372
19347 2372
19348 2372
19349 2372
19350 2372
19351 2372
19352 2372
19353 2372
19354 2372
19355 2372
19356 2372
19357 2372
19358 2372
19359 2372
19360 2372
19361 2372
19362 2372
19363 2372
19364 2372
19365 2372
19366 2372
19367 2372
19368 2372
19369 2366
19370 2366
19371 2366
19372 2366
19373 2366
19374 2366
19375 2366
19376 2366
19377 2366
19378 2366
19379 2366
19380 2366
19381 2366
19382 2366
19383 2366
19384 2366
19385 2366
19386 2366
19387 2366
19388 2366
19389 2366
19390 2366
19391 2366
19392 2366
19393 2366
19394 2366
19395 2366
19396 2366
19397 2366
19398 2366
19399 2366
19400 2366
19401 2366
19402 2366
19403 2366
19404 2366
19405 2366
19406 2366
19407 2366
19408 2366
19409 2366
19410 2366
19411 2366
19412 2366
19413 2366
19414 2366
19415 2366
19416 2366
19417 2366
19418 2363
19419 2363
19420 2363
19421 2363
19422 2363
19423 2363
19424 2363
19425 2363
19426 2363
19427 2363
19428 2363
19429 2363
19430 2363
19431 2363
19432 2363
19433 2363
19434 2363
19435 2363
19436 2363
19437 2363
19438 2363
19439 2363
19440 2363
19441 2363
19442 2363
19443 2363
19444 2363
19445 2363
19446 2363
19447 2363
19448 2363
19449 2363
19450 2363
19451 2363
19452 2363
19453 2363
19454 2363
19455 2363
19456 2363
19457 2363
19458 2363
19459 2363
19460 2363
19461 2363
19462 2363
19463 2363
19464 2363
19465 2363
19466 2363
19467 2363
19468 2363
19469 2363
19470 2363
19471 2363
19472 2363
19473 2363
19474 2363
19475 2363
19476 2363
19477 2363
19478 2363
19479 2363
19480 2363
19481 2363
19482 2363
19483 2363
19484 2363
19485 2363
19486 2363
19487 2363
19488 2363
19489 2363
19490 2363
19491 2363
19492 2363
19493 2363
19494 2363
19495 2363
19496 2363
19497 2363
19498 2363
19499 2363
19500 2363
19501 2363
19502 2363
19503 2363
19504 2363
19505 2363
19506 2363
19507 2363
19508 2363
19509 2363
19510 2363
19511 2363
19512 2363
19513 2363
19514 2363
19515 2363
19516 2363
19517 2363
19518 2363
19519 2363
19520 2363
19521 2363
19522 2363
19523 2363
19524 2363
19525 2363
19526 2363
19527 2363
19528 2363
19529 2363
19530 2363
19531 2363
19532 2363
19533 2363
19534 2363
19535 2363
19536 2363
19537 2363
19538 2363
19539 2363
19540 2363
19541 2363
19542 2363
19543 2363
19544 2363
19545 2363
19546 2363
19547 2363
19548 2363
19549 2363
19550 2363
19551 2363
19552 2363
19553 2363
19554 2363
19555 2363
19556 2363
19557 2363
19558 2363
19559 2363
19560 2363
19561 2363
19562 2363
19563 2363
19564 2363
19565 2363
19566 2363
19567 2363
19568 2363
19569 2363
19570 2363
19571 2363
19572 2363
19573 2363
19574 2363
19575 2363
19576 2363
19577 2363
19578 2363
19579 2363
19580 2363
19581 2363
19582 2363
19583 2363
19584 2363
19585 2363
19586 2363
19587 2363
19588 2363
19589 2363
19590 2363
19591 2363
19592 2363
19593 2363
19594 2363
19595 2363
19596 2363
19597 2363
19598 2363
19599 2363
19600 2363
19601 2363
19602 2363
19603 2363
19604 2363
19605 2363
19606 2363
19607 2363
19608 2363
19609 2363
19610 2363
19611 2363
19612 2363
19613 2363
19614 2363
19615 2363
19616 2363
19617 2363
19618 2363
19619 2363
19620 2363
19621 2363
19622 2363
19623 2363
19624 2363
19625 2363
19626 2363
19627 2363
19628 2363
19629 2363
19630 2363
19631 2363
19632 2363
19633 2363
19634 2363
19635 2363
19636 2363
19637 2363
19638 2363
19639 2363
19640 2363
19641 2363
19642 2363
19643 2363
19644 2363
19645 2363
19646 2363
19647 2363
19648 2363
19649 2363
19650 2363
19651 2363
19652 2363
19653 2363
19654 2363
19655 2363
19656 2363
19657 2363
19658 2363
19659 2363
19660 2363
19661 2363
19662 2363
19663 2363
19664 2363
19665 2363
19666 2363
19667 2363
19668 2363
19669 2363
19670 2363
19671 2363
19672 2363
19673 2363
19674 2363
19675 2363
19676 2363
19677 2363
19678 2363
19679 2363
19680 2363
19681 2363
19682 2363
19683 2363
19684 2363
19685 2363
19686 2363
19687 2363
19688 2363
19689 2363
19690 2363
19691 2363
19692 2363
19693 2363
19694 2363
19695 2363
19696 2363
19697 2363
19698 2363
19699 2363
19700 2363
19701 2363
19702 2363
19703 2363
19704 2363
19705 2363
19706 2363
19707 2363
19708 2360
19709 2360
19710 2360
19711 2360
19712 2360
19713 2360
19714 2360
19715 2360
19716 2360
19717 2360
19718 2360
19719 2360
19720 2360
19721 2360
19722 2360
19723 2360
19724 2360
19725 2360
19726 2360
19727 2360
19728 2360
19729 2360
19730 2360
19731 2360
19732 2360
19733 2360
19734 2360
19735 2360
19736 2360
19737 2360
19738 2360
19739 2360
19740 2360
19741 2360
19742 2360
19743 2360
19744 2360
19745 2360
19746 2360
19747 2360
19748 2360
19749 2360
19750 2360
19751 2360
19752 2360
19753 2360
19754 2360
19755 2360
19756 2360
19757 2360
19758 2360
19759 2360
19760 2360
19761 2360
19762 2360
19763 2360
19764 2360
19765 2360
19766 2360
19767 2360
19768 2360
19769 2360
19770 2360
19771 2360
19772 2360
19773 2360
19774 2360
19775 2360
19776 2360
19777 2360
19778 2360
19779 2360
19780 2360
19781 2360
19782 2360
19783 2360
19784 2360
19785 2360
19786 2360
19787 2360
19788 2360
19789 2360
19790 2360
19791 2360
19792 2360
19793 2360
19794 2360
19795 2360
19796 2360
19797 2360
19798 2360
19799 2360
19800 2360
19801 2360
19802 2360
19803 2360
19804 2360
19805 2360
19806 2360
19807 2360
19808 2360
19809 2360
19810 2360
19811 2360
19812 2360
19813 2360
19814 2360
19815 2360
19816 2360
19817 2360
19818 2360
19819 2360
19820 2360
19821 2360
19822 2360
19823 2360
19824 2360
19825 2360
19826 2360
19827 2360
19828 2360
19829 2360
19830 2360
19831 2360
19832 2360
19833 2360
19834 2360
19835 2360
19836 2360
19837 2360
19838 2360
19839 2360
19840 2360
19841 2360
19842 2360
19843 2360
19844 2360
19845 2360
19846 2360
19847 2360
19848 2360
19849 2360
19850 2360
19851 2360
19852 2360
19853 2360
19854 2360
19855 2360
19856 2360
19857 2360
19858 2360
19859 2360
19860 2360
19861 2360
19862 2360
19863 2360
19864 2360
19865 2360
19866 2360
19867 2360
19868 2360
19869 2360
19870 2360
19871 2360
19872 2360
19873 2360
19874 2360
19875 2360
19876 2360
19877 2360
19878 2360
19879 2360
19880 2360
19881 2360
19882 2360
19883 2360
19884 2360
19885 2360
19886 2360
19887 2360
19888 2360
19889 2360
19890 2360
19891 2360
19892 2360
19893 2360
19894 2360
19895 2360
19896 2360
19897 2360
19898 2360
19899 2360
19900 2360
19901 2360
19902 2360
19903 2360
19904 2360
19905 2360
19906 2360
19907 2360
19908 2360
19909 2360
19910 2360
19911 2360
19912 2360
19913 2360
19914 2360
19915 2360
19916 2360
19917 2360
19918 2360
19919 2360
19920 2360
19921 2360
19922 2360
19923 2360
19924 2360
19925 2360
19926 2360
19927 2360
19928 2360
19929 2360
19930 2360
19931 2360
19932 2360
19933 2360
19934 2360
19935 2360
19936 2360
19937 2360
19938 2360
19939 2360
19940 2360
19941 2360
19942 2360
19943 2360
19944 2360
19945 2360
19946 2360
19947 2360
19948 2360
19949 2360
19950 2360
19951 2360
19952 2360
19953 2360
19954 2360
19955 2360
19956 2360
19957 2360
19958 2360
19959 2360
19960 2360
19961 2360
19962 2360
19963 2360
19964 2360
19965 2360
19966 2360
19967 2360
19968 2360
19969 2360
19970 2360
19971 2360
19972 2360
19973 2360
19974 2360
19975 2360
19976 2360
19977 2360
19978 2360
19979 2360
19980 2360
19981 2360
19982 2360
19983 2360
19984 2360
19985 2360
19986 2360
19987 2360
19988 2360
19989 2360
19990 2360
19991 2360
19992 2360
19993 2360
19994 2360
19995 2360
19996 2360
19997 2360
19998 2360
19999 2360
20000 2360
20001 2360
20002 2360
20003 2360
20004 2360
20005 2360
20006 2360
20007 2360
20008 2360
20009 2360
20010 2360
20011 2360
20012 2360
20013 2360
20014 2360
20015 2360
20016 2360
20017 2360
20018 2360
20019 2360
20020 2360
20021 2360
20022 2360
20023 2360
20024 2360
20025 2360
20026 2360
20027 2360
20028 2360
20029 2360
20030 2360
20031 2360
20032 2360
20033 2360
20034 2360
20035 2360
20036 2360
20037 2360
20038 2360
20039 2360
20040 2360
20041 2360
20042 2360
20043 2360
20044 2360
20045 2360
20046 2360
20047 2360
20048 2360
20049 2360
20050 2360
20051 2360
20052 2360
20053 2360
20054 2360
20055 2360
20056 2360
20057 2360
20058 2360
20059 2360
20060 2360
20061 2360
20062 2360
20063 2360
20064 2360
20065 2360
20066 2360
20067 2360
20068 2360
20069 2360
20070 2360
20071 2360
20072 2360
20073 2360
20074 2360
20075 2360
20076 2360
20077 2360
20078 2360
20079 2360
20080 2360
20081 2360
20082 2360
20083 2360
20084 2360
20085 2360
20086 2360
20087 2360
20088 2360
20089 2360
20090 2360
20091 2360
20092 2360
20093 2360
20094 2360
20095 2360
20096 2360
20097 2360
20098 2360
20099 2360
20100 2360
20101 2360
20102 2360
20103 2360
20104 2360
20105 2360
20106 2360
20107 2360
20108 2360
20109 2360
20110 2360
20111 2360
20112 2360
20113 2360
20114 2360
20115 2360
20116 2360
20117 2360
20118 2360
20119 2360
20120 2360
20121 2360
20122 2360
20123 2360
20124 2360
20125 2360
20126 2360
20127 2360
20128 2360
20129 2360
20130 2360
20131 2360
20132 2360
20133 2360
20134 2360
20135 2360
20136 2360
20137 2360
20138 2360
20139 2360
20140 2360
20141 2360
20142 2360
20143 2360
20144 2360
20145 2360
20146 2360
20147 2360
20148 2360
20149 2360
20150 2360
20151 2360
20152 2360
20153 2360
20154 2360
20155 2360
20156 2360
20157 2360
20158 2360
20159 2360
20160 2360
20161 2360
20162 2360
20163 2360
20164 2360
20165 2360
20166 2360
20167 2360
20168 2360
20169 2360
20170 2360
20171 2360
20172 2360
20173 2360
20174 2360
20175 2360
20176 2360
20177 2360
20178 2360
20179 2360
20180 2360
20181 2360
20182 2360
20183 2360
20184 2360
20185 2360
20186 2360
20187 2360
20188 2359
20189 2359
20190 2359
20191 2359
20192 2359
20193 2359
20194 2359
20195 2359
20196 2359
20197 2359
20198 2359
20199 2359
20200 2359
20201 2359
20202 2359
20203 2359
20204 2359
20205 2359
20206 2359
20207 2359
20208 2359
20209 2359
20210 2359
20211 2359
20212 2359
20213 2359
20214 2359
20215 2359
20216 2359
20217 2359
20218 2359
20219 2359
20220 2359
20221 2359
20222 2359
20223 2359
20224 2359
20225 2359
20226 2359
20227 2359
20228 2359
20229 2359
20230 2359
20231 2359
20232 2359
20233 2359
20234 2359
20235 2359
20236 2359
20237 2359
20238 2359
20239 2359
20240 2359
20241 2359
20242 2359
20243 2359
20244 2359
20245 2359
20246 2359
20247 2359
20248 2359
20249 2359
20250 2359
20251 2359
20252 2359
20253 2359
20254 2359
20255 2359
20256 2359
20257 2359
20258 2359
20259 2359
20260 2359
20261 2359
20262 2359
20263 2359
20264 2359
20265 2359
20266 2359
20267 2359
20268 2359
20269 2359
20270 2359
20271 2359
20272 2359
20273 2359
20274 2359
20275 2359
20276 2359
20277 2359
20278 2359
20279 2359
20280 2359
20281 2359
20282 2359
20283 2359
20284 2359
20285 2359
20286 2359
20287 2359
20288 2359
20289 2357
20290 2357
20291 2357
20292 2357
20293 2357
20294 2357
20295 2357
20296 2357
20297 2357
20298 2357
20299 2357
20300 2357
20301 2357
20302 2357
20303 2357
20304 2357
20305 2357
20306 2357
20307 2357
20308 2357
20309 2357
20310 2357
20311 2351
20312 2351
20313 2351
20314 2351
20315 2351
20316 2351
20317 2351
20318 2351
20319 2351
20320 2351
20321 2351
20322 2351
20323 2351
20324 2351
20325 2351
20326 2351
20327 2351
20328 2351
20329 2351
20330 2351
20331 2351
20332 2351
20333 2351
20334 2351
20335 2351
20336 2351
20337 2351
20338 2351
20339 2351
20340 2351
20341 2351
20342 2351
20343 2351
20344 2351
20345 2351
20346 2351
20347 2351
20348 2351
20349 2351
20350 2351
20351 2351
20352 2351
20353 2351
20354 2351
20355 2351
20356 2351
20357 2351
20358 2351
20359 2351
20360 2351
20361 2351
20362 2351
20363 2351
20364 2351
20365 2351
20366 2351
20367 2351
20368 2351
20369 2351
20370 2351
20371 2351
20372 2351
20373 2351
20374 2351
20375 2351
20376 2351
20377 2351
20378 2351
20379 2351
20380 2351
20381 2351
20382 2351
20383 2351
20384 2351
20385 2351
20386 2351
20387 2351
20388 2351
20389 2351
20390 2351
20391 2351
20392 2351
20393 2351
20394 2351
20395 2351
20396 2351
20397 2351
20398 2351
20399 2351
20400 2351
20401 2351
20402 2351
20403 2351
20404 2351
20405 2351
20406 2351
20407 2351
20408 2351
20409 2351
20410 2351
20411 2350
20412 2350
20413 2350
20414 2350
20415 2350
20416 2350
20417 2350
20418 2350
20419 2350
20420 2350
20421 2350
20422 2350
20423 2350
20424 2350
20425 2350
20426 2350
20427 2350
20428 2350
20429 2350
20430 2350
20431 2350
20432 2350
20433 2350
20434 2350
20435 2350
20436 2350
20437 2350
20438 2350
20439 2350
20440 2350
20441 2350
20442 2350
20443 2350
20444 2350
20445 2350
20446 2350
20447 2350
20448 2350
20449 2350
20450 2350
20451 2350
20452 2350
20453 2350
20454 2350
20455 2350
20456 2350
20457 2350
20458 2350
20459 2350
20460 2350
20461 2350
20462 2350
20463 2350
20464 2350
20465 2350
20466 2350
20467 2350
20468 2350
20469 2350
20470 2350
20471 2350
20472 2350
20473 2350
20474 2350
20475 2350
20476 2350
20477 2350
20478 2350
20479 2350
20480 2350
20481 2350
20482 2350
20483 2350
20484 2350
20485 2350
20486 2350
20487 2350
20488 2350
20489 2350
20490 2350
20491 2350
20492 2350
20493 2350
20494 2350
20495 2350
20496 2350
20497 2350
20498 2350
20499 2350
20500 2350
20501 2350
20502 2350
20503 2350
20504 2350
20505 2350
20506 2350
20507 2350
20508 2350
20509 2350
20510 2350
20511 2350
20512 2350
20513 2350
20514 2350
20515 2350
20516 2350
20517 2350
20518 2350
20519 2350
20520 2350
20521 2350
20522 2350
20523 2350
20524 2350
20525 2350
20526 2350
20527 2350
20528 2350
20529 2350
20530 2350
20531 2350
20532 2350
20533 2350
20534 2350
20535 2350
20536 2350
20537 2350
20538 2350
20539 2350
20540 2350
20541 2350
20542 2350
20543 2350
20544 2350
20545 2350
20546 2350
20547 2350
20548 2350
20549 2350
20550 2350
20551 2350
20552 2350
20553 2350
20554 2350
20555 2350
20556 2350
20557 2350
20558 2350
20559 2350
20560 2350
20561 2350
20562 2350
20563 2350
20564 2350
20565 2350
20566 2350
20567 2350
20568 2350
20569 2350
20570 2350
20571 2350
20572 2350
20573 2350
20574 2350
20575 2350
20576 2350
20577 2350
20578 2350
20579 2350
20580 2350
20581 2350
20582 2350
20583 2350
20584 2350
20585 2350
20586 2350
20587 2350
20588 2350
20589 2350
20590 2350
20591 2350
20592 2350
20593 2350
20594 2350
20595 2350
20596 2350
20597 2350
20598 2350
20599 2350
20600 2350
20601 2350
20602 2350
20603 2350
20604 2350
20605 2349
20606 2349
20607 2349
20608 2349
20609 2349
20610 2349
20611 2349
20612 2349
20613 2349
20614 2349
20615 2349
20616 2349
20617 2349
20618 2349
20619 2349
20620 2349
20621 2349
20622 2349
20623 2349
20624 2349
20625 2349
20626 2349
20627 2349
20628 2349
20629 2349
20630 2349
20631 2349
20632 2349
20633 2349
20634 2349
20635 2349
20636 2349
20637 2349
20638 2349
20639 2349
20640 2349
20641 2349
20642 2349
20643 2349
20644 2349
20645 2349
20646 2349
20647 2349
20648 2349
20649 2349
20650 2349
20651 2349
20652 2349
20653 2349
20654 2349
20655 2349
20656 2349
20657 2349
20658 2349
20659 2349
20660 2349
20661 2349
20662 2349
20663 2349
20664 2349
20665 2349
20666 2349
20667 2349
20668 2349
20669 2349
20670 2349
20671 2349
20672 2349
20673 2349
20674 2349
20675 2349
20676 2349
20677 2349
20678 2349
20679 2349
20680 2349
20681 2349
20682 2349
20683 2349
20684 2349
20685 2349
20686 2349
20687 2349
20688 2338
20689 2338
20690 2338
20691 2338
20692 2338
20693 2338
20694 2338
20695 2338
20696 2338
20697 2338
20698 2338
20699 2338
20700 2338
20701 2338
20702 2338
20703 2338
20704 2338
20705 2338
20706 2338
20707 2338
20708 2338
20709 2338
20710 2338
20711 2338
20712 2338
20713 2338
20714 2338
20715 2337
20716 2337
20717 2337
20718 2337
20719 2337
20720 2337
20721 2337
20722 2337
20723 2337
20724 2336
20725 2336
20726 2336
20727 2336
20728 2336
20729 2336
20730 2336
20731 2336
20732 2336
20733 2336
20734 2336
20735 2336
20736 2336
20737 2336
20738 2336
20739 2336
20740 2336
20741 2336
20742 2336
20743 2336
20744 2336
20745 2336
20746 2336
20747 2336
20748 2336
20749 2336
20750 2336
20751 2336
20752 2336
20753 2336
20754 2336
20755 2336
20756 2336
20757 2336
20758 2336
20759 2336
20760 2336
20761 2336
20762 2336
20763 2336
20764 2336
20765 2336
20766 2336
20767 2336
20768 2336
20769 2336
20770 2336
20771 2336
20772 2336
20773 2336
20774 2336
20775 2336
20776 2336
20777 2336
20778 2336
20779 2336
20780 2336
20781 2336
20782 2336
20783 2336
20784 2336
20785 2336
20786 2336
20787 2336
20788 2336
20789 2336
20790 2336
20791 2336
20792 2336
20793 2336
20794 2336
20795 2336
20796 2336
20797 2336
20798 2336
20799 2336
20800 2336
20801 2336
20802 2336
20803 2336
20804 2336
20805 2336
20806 2336
20807 2336
20808 2336
20809 2336
20810 2336
20811 2336
20812 2336
20813 2336
20814 2336
20815 2336
20816 2336
20817 2336
20818 2336
20819 2336
20820 2336
20821 2336
20822 2336
20823 2336
20824 2336
20825 2336
20826 2336
20827 2336
20828 2336
20829 2336
20830 2336
20831 2336
20832 2336
20833 2336
20834 2336
20835 2336
20836 2336
20837 2336
20838 2336
20839 2336
20840 2336
20841 2336
20842 2336
20843 2336
20844 2336
20845 2336
20846 2336
20847 2336
20848 2336
20849 2336
20850 2336
20851 2336
20852 2336
20853 2336
20854 2336
20855 2336
20856 2336
20857 2336
20858 2336
20859 2336
20860 2336
20861 2336
20862 2336
20863 2336
20864 2336
20865 2336
20866 2336
20867 2336
20868 2336
20869 2336
20870 2336
20871 2336
20872 2336
20873 2336
20874 2336
20875 2336
20876 2336
20877 2336
20878 2336
20879 2336
20880 2336
20881 2336
20882 2336
20883 2336
20884 2336
20885 2336
20886 2336
20887 2336
20888 2336
20889 2336
20890 2336
20891 2336
20892 2336
20893 2336
20894 2336
20895 2336
20896 2336
20897 2336
20898 2336
20899 2336
20900 2336
20901 2336
20902 2336
20903 2336
20904 2336
20905 2336
20906 2336
20907 2336
20908 2336
20909 2336
20910 2336
20911 2336
20912 2336
20913 2336
20914 2336
20915 2336
20916 2336
20917 2336
20918 2336
20919 2336
20920 2336
20921 2336
20922 2336
20923 2336
20924 2336
20925 2336
20926 2336
20927 2336
20928 2336
20929 2336
20930 2336
20931 2336
20932 2336
20933 2336
20934 2336
20935 2336
20936 2336
20937 2336
20938 2336
20939 2336
20940 2336
20941 2336
20942 2336
20943 2336
20944 2336
20945 2336
20946 2336
20947 2336
20948 2336
20949 2336
20950 2336
20951 2336
20952 2336
20953 2336
20954 2336
20955 2336
20956 2336
20957 2336
20958 2336
20959 2336
20960 2336
20961 2336
20962 2336
20963 2336
20964 2336
20965 2336
20966 2336
20967 2336
20968 2336
20969 2336
20970 2336
20971 2336
20972 2336
20973 2336
20974 2336
20975 2336
20976 2336
20977 2336
20978 2336
20979 2333
20980 2333
20981 2333
20982 2333
20983 2333
20984 2333
20985 2333
20986 2333
20987 2333
20988 2333
20989 2333
20990 2333
20991 2333
20992 2333
20993 2333
20994 2333
20995 2333
20996 2333
20997 2333
20998 2333
20999 2333
21000 2333
21001 2333
21002 2333
21003 2333
21004 2333
21005 2333
21006 2333
21007 2333
21008 2333
21009 2333
21010 2333
21011 2333
21012 2333
21013 2333
21014 2333
21015 2333
21016 2333
21017 2333
21018 2333
21019 2333
21020 2333
21021 2333
21022 2333
21023 2333
21024 2333
21025 2333
21026 2333
21027 2333
21028 2333
21029 2333
21030 2333
21031 2333
21032 2333
21033 2333
21034 2333
21035 2333
21036 2333
21037 2333
21038 2332
21039 2332
21040 2332
21041 2332
21042 2332
21043 2332
21044 2332
21045 2332
21046 2332
21047 2332
21048 2332
21049 2332
21050 2332
21051 2332
21052 2332
21053 2332
21054 2332
21055 2332
21056 2332
21057 2332
21058 2332
21059 2332
21060 2332
21061 2332
21062 2332
21063 2332
21064 2332
21065 2332
21066 2332
21067 2332
21068 2332
21069 2332
21070 2332
21071 2332
21072 2332
21073 2332
21074 2332
21075 2332
21076 2332
21077 2332
21078 2332
21079 2332
21080 2332
21081 2332
21082 2332
21083 2332
21084 2332
21085 2332
21086 2332
21087 2332
21088 2332
21089 2332
21090 2332
21091 2332
21092 2332
21093 2332
21094 2332
21095 2332
21096 2332
21097 2332
21098 2332
21099 2332
21100 2332
21101 2332
21102 2332
21103 2332
21104 2332
21105 2332
21106 2332
21107 2332
21108 2332
21109 2332
21110 2332
21111 2332
21112 2332
21113 2332
21114 2332
21115 2332
21116 2332
21117 2332
21118 2332
21119 2332
21120 2332
21121 2332
21122 2332
21123 2332
21124 2332
21125 2332
21126 2332
21127 2332
21128 2332
21129 2332
21130 2332
21131 2332
21132 2332
21133 2332
21134 2332
21135 2332
21136 2332
21137 2332
21138 2332
21139 2332
21140 2332
21141 2332
21142 2332
21143 2332
21144 2332
21145 2332
21146 2332
21147 2332
21148 2332
21149 2332
21150 2332
21151 2332
21152 2332
21153 2332
21154 2332
21155 2332
21156 2332
21157 2332
21158 2332
21159 2332
21160 2332
21161 2332
21162 2332
21163 2332
21164 2332
21165 2332
21166 2332
21167 2332
21168 2332
21169 2332
21170 2332
21171 2332
21172 2332
21173 2332
21174 2332
21175 2332
21176 2332
21177 2332
21178 2332
21179 2332
21180 2332
21181 2332
21182 2332
21183 2332
21184 2332
21185 2332
21186 2332
21187 2332
21188 2332
21189 2332
21190 2332
21191 2332
21192 2332
21193 2324
21194 2324
21195 2324
21196 2324
21197 2324
21198 2324
21199 2324
21200 2324
21201 2324
21202 2324
21203 2324
21204 2324
21205 2324
21206 2324
21207 2324
21208 2324
21209 2324
21210 2324
21211 2324
21212 2324
21213 2324
21214 2324
21215 2324
21216 2324
21217 2324
21218 2324
21219 2324
21220 2324
21221 2324
21222 2324
21223 2324
21224 2324
21225 2324
21226 2324
21227 2324
21228 2324
21229 2324
21230 2324
21231 2324
21232 2324
21233 2324
21234 2324
21235 2324
21236 2324
21237 2324
21238 2321
21239 2321
21240 2321
21241 2321
21242 2321
21243 2321
21244 2321
21245 2321
21246 2321
21247 2321
21248 2321
21249 2321
21250 2321
21251 2321
21252 2321
21253 2321
21254 2321
21255 2321
21256 2321
21257 2321
21258 2321
21259 2321
21260 2321
21261 2321
21262 2321
21263 2321
21264 2321
21265 2321
21266 2321
21267 2321
21268 2321
21269 2321
21270 2321
21271 2321
21272 2321
21273 2321
21274 2321
21275 2321
21276 2321
21277 2321
21278 2321
21279 2321
21280 2321
21281 2321
21282 2321
21283 2321
21284 2321
21285 2321
21286 2321
21287 2321
21288 2321
21289 2321
21290 2321
21291 2321
21292 2321
21293 2321
21294 2321
21295 2321
21296 2321
21297 2321
21298 2321
21299 2321
21300 2321
21301 2321
21302 2321
21303 2321
21304 2321
21305 2321
21306 2321
21307 2321
21308 2321
21309 2321
21310 2321
21311 2321
21312 2321
21313 2321
21314 2321
21315 2321
21316 2321
21317 2321
21318 2321
21319 2321
21320 2321
21321 2321
21322 2321
21323 2321
21324 2321
21325 2321
21326 2321
21327 2321
21328 2321
21329 2321
21330 2321
21331 2321
21332 2321
21333 2321
21334 2321
21335 2321
21336 2321
21337 2321
21338 2321
21339 2321
21340 2321
21341 2321
21342 2321
21343 2321
21344 2321
21345 2321
21346 2321
21347 2321
21348 2321
21349 2321
21350 2321
21351 2321
21352 2321
21353 2321
21354 2321
21355 2321
21356 2321
21357 2321
21358 2321
21359 2321
21360 2321
21361 2321
21362 2321
21363 2321
21364 2321
21365 2321
21366 2321
21367 2321
21368 2321
21369 2321
21370 2321
21371 2321
21372 2321
21373 2321
21374 2321
21375 2321
21376 2321
21377 2321
21378 2321
21379 2321
21380 2321
21381 2321
21382 2321
21383 2321
21384 2321
21385 2321
21386 2321
21387 2321
21388 2321
21389 2321
21390 2321
21391 2321
21392 2321
21393 2321
21394 2321
21395 2321
21396 2321
21397 2321
21398 2321
21399 2321
21400 2321
21401 2321
21402 2321
21403 2321
21404 2321
21405 2321
21406 2321
21407 2321
21408 2321
21409 2321
21410 2321
21411 2321
21412 2321
21413 2321
21414 2321
21415 2321
21416 2321
21417 2321
21418 2321
21419 2321
21420 2321
21421 2321
21422 2321
21423 2321
21424 2321
21425 2321
21426 2321
21427 2321
21428 2321
21429 2321
21430 2321
21431 2321
21432 2321
21433 2321
21434 2321
21435 2321
21436 2321
21437 2321
21438 2321
21439 2321
21440 2321
21441 2321
21442 2321
21443 2321
21444 2321
21445 2321
21446 2321
21447 2321
21448 2321
21449 2321
21450 2321
21451 2321
21452 2321
21453 2321
21454 2321
21455 2321
21456 2321
21457 2321
21458 2321
21459 2321
21460 2321
21461 2321
21462 2321
21463 2321
21464 2321
21465 2321
21466 2321
21467 2321
21468 2321
21469 2321
21470 2321
21471 2321
21472 2321
21473 2321
21474 2321
21475 2321
21476 2321
21477 2321
21478 2321
21479 2321
21480 2321
21481 2321
21482 2321
21483 2321
21484 2321
21485 2321
21486 2321
21487 2321
21488 2321
21489 2321
21490 2321
21491 2321
21492 2321
21493 2321
21494 2321
21495 2321
21496 2321
21497 2321
21498 2321
21499 2321
21500 2321
21501 2321
21502 2321
21503 2321
21504 2321
21505 2321
21506 2321
21507 2321
21508 2321
21509 2321
21510 2321
21511 2321
21512 2321
21513 2321
21514 2321
21515 2321
21516 2321
21517 2321
21518 2321
21519 2321
21520 2321
21521 2321
21522 2321
21523 2321
21524 2321
21525 2321
21526 2321
21527 2321
21528 2321
21529 2321
21530 2321
21531 2321
21532 2321
21533 2321
21534 2321
21535 2321
21536 2321
21537 2321
21538 2321
21539 2321
21540 2321
21541 2321
21542 2321
21543 2321
21544 2321
21545 2321
21546 2321
21547 2321
21548 2321
21549 2321
21550 2321
21551 2321
21552 2321
21553 2321
21554 2321
21555 2321
21556 2321
21557 2321
21558 2321
21559 2321
21560 2321
21561 2321
21562 2321
21563 2321
21564 2321
21565 2321
21566 2321
21567 2321
21568 2321
21569 2321
21570 2321
21571 2321
21572 2321
21573 2321
21574 2321
21575 2321
21576 2321
21577 2321
21578 2321
21579 2321
21580 2321
21581 2321
21582 2321
21583 2321
21584 2321
21585 2321
21586 2321
21587 2321
21588 2321
21589 2321
21590 2321
21591 2321
21592 2321
21593 2321
21594 2321
21595 2321
21596 2321
21597 2321
21598 2321
21599 2321
21600 2321
21601 2321
21602 2321
21603 2321
21604 2321
21605 2321
21606 2321
21607 2321
21608 2321
21609 2321
21610 2321
21611 2321
21612 2321
21613 2321
21614 2321
21615 2321
21616 2321
21617 2321
21618 2321
21619 2321
21620 2321
21621 2321
21622 2321
21623 2321
21624 2321
21625 2321
21626 2321
21627 2321
21628 2321
21629 2321
21630 2321
21631 2321
21632 2319
21633 2319
21634 2319
21635 2319
21636 2319
21637 2319
21638 2319
21639 2319
21640 2319
21641 2319
21642 2319
21643 2319
21644 2319
21645 2319
21646 2319
21647 2319
21648 2319
21649 2319
21650 2319
21651 2319
21652 2319
21653 2319
21654 2319
21655 2319
21656 2319
21657 2319
21658 2319
21659 2319
21660 2319
21661 2319
21662 2319
21663 2319
21664 2319
21665 2319
21666 2319
21667 2319
21668 2319
21669 2319
21670 2319
21671 2319
21672 2319
21673 2319
21674 2319
21675 2319
21676 2319
21677 2319
21678 2319
21679 2319
21680 2319
21681 2319
21682 2319
21683 2319
21684 2319
21685 2319
21686 2319
21687 2319
21688 2319
21689 2319
21690 2319
21691 2319
21692 2319
21693 2319
21694 2319
21695 2319
21696 2319
21697 2319
21698 2319
21699 2319
21700 2319
21701 2319
21702 2319
21703 2319
21704 2319
21705 2319
21706 2319
21707 2319
21708 2319
21709 2319
21710 2319
21711 2319
21712 2319
21713 2319
21714 2319
21715 2319
21716 2319
21717 2319
21718 2319
21719 2319
21720 2319
21721 2319
21722 2319
21723 2319
21724 2319
21725 2319
21726 2319
21727 2319
21728 2319
21729 2319
21730 2319
21731 2319
21732 2319
21733 2319
21734 2319
21735 2319
21736 2319
21737 2319
21738 2319
21739 2319
21740 2319
21741 2319
21742 2319
21743 2319
21744 2319
21745 2319
21746 2319
21747 2319
21748 2319
21749 2319
21750 2319
21751 2319
21752 2319
21753 2319
21754 2319
21755 2319
21756 2319
21757 2319
21758 2319
21759 2319
21760 2319
21761 2319
21762 2319
21763 2319
21764 2319
21765 2319
21766 2319
21767 2319
21768 2319
21769 2319
21770 2319
21771 2319
21772 2319
21773 2319
21774 2319
21775 2319
21776 2319
21777 2319
21778 2319
21779 2319
21780 2319
21781 2319
21782 2319
21783 2319
21784 2319
21785 2319
21786 2319
21787 2319
21788 2319
21789 2319
21790 2319
21791 2319
21792 2319
21793 2319
21794 2319
21795 2319
21796 2319
21797 2319
21798 2319
21799 2319
21800 2319
21801 2319
21802 2319
21803 2319
21804 2319
21805 2319
21806 2319
21807 2319
21808 2319
21809 2319
21810 2319
21811 2319
21812 2319
21813 2319
21814 2319
21815 2319
21816 2319
21817 2319
21818 2319
21819 2319
21820 2319
21821 2319
21822 2319
21823 2319
21824 2319
21825 2319
21826 2319
21827 2319
21828 2319
21829 2319
21830 2319
21831 2319
21832 2319
21833 2319
21834 2319
21835 2319
21836 2319
21837 2319
21838 2319
21839 2319
21840 2319
21841 2319
21842 2319
21843 2319
21844 2319
21845 2319
21846 2319
21847 2319
21848 2319
21849 2319
21850 2319
21851 2319
21852 2319
21853 2319
21854 2319
21855 2319
21856 2319
21857 2319
21858 2319
21859 2319
21860 2319
21861 2319
21862 2319
21863 2319
21864 2319
21865 2319
21866 2319
21867 2319
21868 2319
21869 2319
21870 2319
21871 2319
21872 2319
21873 2319
21874 2319
21875 2319
21876 2319
21877 2319
21878 2319
21879 2319
21880 2319
21881 2319
21882 2319
21883 2319
21884 2319
21885 2319
21886 2319
21887 2319
21888 2319
21889 2319
21890 2319
21891 2319
21892 2319
21893 2319
21894 2319
21895 2319
21896 2319
21897 2319
21898 2319
21899 2319
21900 2319
21901 2319
21902 2319
21903 2319
21904 2319
21905 2319
21906 2319
21907 2319
21908 2319
21909 2319
21910 2319
21911 2319
21912 2319
21913 2319
21914 2319
21915 2319
21916 2319
21917 2319
21918 2319
21919 2319
21920 2319
21921 2319
21922 2319
21923 2319
21924 2319
21925 2319
21926 2319
21927 2319
21928 2319
21929 2319
21930 2319
21931 2313
21932 2313
21933 2313
21934 2313
21935 2313
21936 2313
21937 2313
21938 2313
21939 2313
21940 2313
21941 2313
21942 2313
21943 2313
21944 2313
21945 2313
21946 2313
21947 2313
21948 2313
21949 2313
21950 2313
21951 2313
21952 2313
21953 2313
21954 2313
21955 2313
21956 2313
21957 2313
21958 2313
21959 2313
21960 2313
21961 2313
21962 2313
21963 2313
21964 2313
21965 2313
21966 2313
21967 2313
21968 2313
21969 2313
21970 2313
21971 2313
21972 2313
21973 2313
21974 2313
21975 2313
21976 2313
21977 2313
21978 2313
21979 2313
21980 2313
21981 2313
21982 2313
21983 2313
21984 2313
21985 2313
21986 2313
21987 2313
21988 2313
21989 2313
21990 2313
21991 2313
21992 2313
21993 2313
21994 2313
21995 2313
21996 2313
21997 2313
21998 2313
21999 2313
22000 2313
22001 2313
22002 2313
22003 2309
22004 2309
22005 2309
22006 2309
22007 2309
22008 2309
22009 2309
22010 2309
22011 2309
22012 2309
22013 2309
22014 2309
22015 2309
22016 2309
22017 2309
22018 2309
22019 2309
22020 2309
22021 2309
22022 2309
22023 2309
22024 2309
22025 2309
22026 2309
22027 2309
22028 2309
22029 2309
22030 2309
22031 2309
22032 2309
22033 2309
22034 2309
22035 2309
22036 2309
22037 2309
22038 2309
22039 2309
22040 2309
22041 2309
22042 2309
22043 2309
22044 2309
22045 2309
22046 2309
22047 2309
22048 2309
22049 2309
22050 2309
22051 2309
22052 2309
22053 2309
22054 2309
22055 2309
22056 2309
22057 2309
22058 2309
22059 2309
22060 2309
22061 2309
22062 2309
22063 2309
22064 2309
22065 2309
22066 2309
22067 2309
22068 2309
22069 2309
22070 2309
22071 2309
22072 2309
22073 2309
22074 2309
22075 2309
22076 2309
22077 2309
22078 2309
22079 2309
22080 2309
22081 2309
22082 2309
22083 2309
22084 2309
22085 2309
22086 2309
22087 2303
22088 2303
22089 2303
22090 2303
22091 2303
22092 2303
22093 2303
22094 2303
22095 2303
22096 2303
22097 2303
22098 2303
22099 2303
22100 2303
22101 2303
22102 2303
22103 2303
22104 2303
22105 2303
22106 2303
22107 2303
22108 2303
22109 2303
22110 2303
22111 2303
22112 2303
22113 2303
22114 2303
22115 2303
22116 2303
22117 2303
22118 2303
22119 2303
22120 2303
22121 2303
22122 2303
22123 2303
22124 2303
22125 2303
22126 2303
22127 2303
22128 2303
22129 2303
22130 2303
22131 2303
22132 2303
22133 2303
22134 2303
22135 2303
22136 2303
22137 2303
22138 2303
22139 2303
22140 2303
22141 2303
22142 2303
22143 2303
22144 2303
22145 2303
22146 2303
22147 2303
22148 2303
22149 2303
22150 2303
22151 2303
22152 2303
22153 2303
22154 2303
22155 2303
22156 2303
22157 2303
22158 2303
22159 2303
22160 2303
22161 2303
22162 2303
22163 2303
22164 2303
22165 2303
22166 2303
22167 2303
22168 2303
22169 2303
22170 2303
22171 2303
22172 2303
22173 2303
22174 2303
22175 2303
22176 2303
22177 2303
22178 2303
22179 2303
22180 2303
22181 2303
22182 2303
22183 2303
22184 2303
22185 2303
22186 2303
22187 2303
22188 2303
22189 2303
22190 2303
22191 2303
22192 2303
22193 2303
22194 2303
22195 2303
22196 2303
22197 2303
22198 2303
22199 2303
22200 2303
22201 2303
22202 2303
22203 2303
22204 2303
22205 2303
22206 2303
22207 2303
22208 2303
22209 2303
22210 2303
22211 2303
22212 2303
22213 2303
22214 2303
22215 2303
22216 2303
22217 2303
22218 2303
22219 2303
22220 2303
22221 2303
22222 2303
22223 2303
22224 2303
22225 2303
22226 2303
22227 2303
22228 2303
22229 2303
22230 2303
22231 2303
22232 2303
22233 2303
22234 2303
22235 2298
22236 2298
22237 2298
22238 2298
22239 2298
22240 2298
22241 2298
22242 2298
22243 2298
22244 2298
22245 2298
22246 2298
22247 2298
22248 2298
22249 2298
22250 2298
22251 2298
22252 2298
22253 2298
22254 2298
22255 2298
22256 2298
22257 2298
22258 2298
22259 2298
22260 2298
22261 2298
22262 2298
22263 2298
22264 2298
22265 2298
22266 2298
22267 2298
22268 2298
22269 2298
22270 2298
22271 2298
22272 2298
22273 2298
22274 2298
22275 2298
22276 2298
22277 2298
22278 2298
22279 2298
22280 2298
22281 2298
22282 2298
22283 2298
22284 2298
22285 2298
22286 2298
22287 2298
22288 2298
22289 2298
22290 2298
22291 2298
22292 2298
22293 2298
22294 2298
22295 2298
22296 2293
22297 2293
22298 2293
22299 2293
22300 2293
22301 2293
22302 2293
22303 2293
22304 2293
22305 2293
22306 2293
22307 2293
22308 2293
22309 2293
22310 2293
22311 2293
22312 2293
22313 2293
22314 2293
22315 2293
22316 2293
22317 2293
22318 2293
22319 2293
22320 2293
22321 2293
22322 2293
22323 2293
22324 2293
22325 2293
22326 2293
22327 2293
22328 2293
22329 2293
22330 2293
22331 2293
22332 2293
22333 2293
22334 2293
22335 2293
22336 2293
22337 2290
22338 2290
22339 2290
22340 2290
22341 2290
22342 2290
22343 2290
22344 2290
22345 2290
22346 2290
22347 2290
22348 2290
22349 2290
22350 2290
22351 2290
22352 2290
22353 2290
22354 2290
22355 2290
22356 2290
22357 2290
22358 2290
22359 2290
22360 2290
22361 2290
22362 2290
22363 2290
22364 2290
22365 2290
22366 2290
22367 2290
22368 2290
22369 2290
22370 2290
22371 2290
22372 2290
22373 2290
22374 2290
22375 2290
22376 2290
22377 2290
22378 2290
22379 2290
22380 2290
22381 2290
22382 2290
22383 2290
22384 2290
22385 2290
22386 2290
22387 2290
22388 2290
22389 2290
22390 2290
22391 2290
22392 2290
22393 2290
22394 2290
22395 2290
22396 2290
22397 2290
22398 2290
22399 2290
22400 2290
22401 2290
22402 2290
22403 2290
22404 2290
22405 2290
22406 2290
22407 2290
22408 2290
22409 2290
22410 2290
22411 2290
22412 2290
22413 2290
22414 2290
22415 2290
22416 2290
22417 2290
22418 2290
22419 2290
22420 2290
22421 2290
22422 2290
22423 2290
22424 2290
22425 2290
22426 2290
22427 2290
22428 2290
22429 2290
22430 2290
22431 2290
22432 2290
22433 2290
22434 2290
22435 2290
22436 2290
22437 2290
22438 2290
22439 2290
22440 2290
22441 2290
22442 2290
22443 2290
22444 2290
22445 2290
22446 2290
22447 2290
22448 2290
22449 2290
22450 2290
22451 2290
22452 2290
22453 2290
22454 2290
22455 2290
22456 2290
22457 2290
22458 2290
22459 2290
22460 2290
22461 2290
22462 2290
22463 2290
22464 2290
22465 2290
22466 2290
22467 2290
22468 2290
22469 2290
22470 2290
22471 2290
22472 2290
22473 2290
22474 2290
22475 2290
22476 2290
22477 2290
22478 2290
22479 2290
22480 2290
22481 2290
22482 2290
22483 2290
22484 2290
22485 2290
22486 2290
22487 2290
22488 2290
22489 2290
22490 2290
22491 2290
22492 2290
22493 2290
22494 2290
22495 2290
22496 2290
22497 2290
22498 2290
22499 2290
22500 2290
22501 2290
22502 2290
22503 2290
22504 2290
22505 2290
22506 2290
22507 2290
22508 2290
22509 2290
22510 2290
22511 2290
22512 2290
22513 2290
22514 2290
22515 2290
22516 2290
22517 2290
22518 2290
22519 2290
22520 2290
22521 2290
22522 2290
22523 2290
22524 2290
22525 2290
22526 2290
22527 2290
22528 2290
22529 2290
22530 2290
22531 2290
22532 2290
22533 2290
22534 2290
22535 2290
22536 2290
22537 2290
22538 2290
22539 2290
22540 2290
22541 2290
22542 2290
22543 2290
22544 2290
22545 2290
22546 2290
22547 2290
22548 2290
22549 2290
22550 2290
22551 2290
22552 2290
22553 2290
22554 2290
22555 2290
22556 2290
22557 2290
22558 2290
22559 2290
22560 2290
22561 2290
22562 2290
22563 2290
22564 2290
22565 2290
22566 2290
22567 2290
22568 2290
22569 2290
22570 2290
22571 2290
22572 2290
22573 2290
22574 2290
22575 2290
22576 2290
22577 2290
22578 2290
22579 2290
22580 2290
22581 2290
22582 2290
22583 2290
22584 2290
22585 2290
22586 2290
22587 2290
22588 2290
22589 2290
22590 2290
22591 2290
22592 2290
22593 2290
22594 2290
22595 2290
22596 2290
22597 2290
22598 2290
22599 2290
22600 2290
22601 2290
22602 2290
22603 2290
22604 2290
22605 2290
22606 2290
22607 2290
22608 2290
22609 2290
22610 2290
22611 2290
22612 2290
22613 2290
22614 2290
22615 2290
22616 2290
22617 2290
22618 2290
22619 2290
22620 2290
22621 2290
22622 2290
22623 2290
22624 2290
22625 2290
22626 2290
22627 2290
22628 2290
22629 2290
22630 2290
22631 2290
22632 2290
22633 2290
22634 2290
22635 2290
22636 2290
22637 2290
22638 2290
22639 2290
22640 2290
22641 2290
22642 2290
22643 2290
22644 2290
22645 2290
22646 2290
22647 2290
22648 2290
22649 2290
22650 2290
22651 2290
22652 2290
22653 2290
22654 2290
22655 2290
22656 2290
22657 2290
22658 2290
22659 2290
22660 2290
22661 2290
22662 2290
22663 2283
22664 2283
22665 2283
22666 2283
22667 2283
22668 2283
22669 2283
22670 2283
22671 2283
22672 2283
22673 2283
22674 2283
22675 2283
22676 2283
22677 2283
22678 2283
22679 2283
22680 2283
22681 2283
22682 2283
22683 2283
22684 2283
22685 2283
22686 2283
22687 2283
22688 2283
22689 2283
22690 2283
22691 2283
22692 2283
22693 2283
22694 2283
22695 2283
22696 2283
22697 2283
22698 2283
22699 2283
22700 2283
22701 2283
22702 2283
22703 2283
22704 2283
22705 2283
22706 2283
22707 2283
22708 2283
22709 2283
22710 2283
22711 2283
22712 2283
22713 2283
22714 2283
22715 2283
22716 2283
22717 2283
22718 2283
22719 2283
22720 2283
22721 2283
22722 2283
22723 2283
22724 2283
22725 2283
22726 2283
22727 2283
22728 2283
22729 2283
22730 2283
22731 2283
22732 2283
22733 2274
22734 2274
22735 2274
22736 2274
22737 2274
22738 2274
22739 2274
22740 2274
22741 2274
22742 2274
22743 2274
22744 2274
22745 2274
22746 2274
22747 2274
22748 2270
22749 2270
22750 2270
22751 2270
22752 2270
22753 2270
22754 2270
22755 2260
22756 2260
22757 2260
22758 2260
22759 2260
22760 2260
22761 2260
22762 2260
22763 2260
22764 2260
22765 2260
22766 2260
22767 2260
22768 2260
22769 2260
22770 2260
22771 2260
22772 2260
22773 2260
22774 2260
22775 2260
22776 2260
22777 2260
22778 2260
22779 2260
22780 2260
22781 2260
22782 2260
22783 2260
22784 2260
22785 2260
22786 2260
22787 2260
22788 2260
22789 2260
22790 2260
22791 2260
22792 2260
22793 2260
22794 2259
22795 2259
22796 2259
22797 2259
22798 2259
22799 2259
22800 2259
22801 2259
22802 2259
22803 2259
22804 2259
22805 2259
22806 2259
22807 2259
22808 2259
22809 2259
22810 2259
22811 2259
22812 2259
22813 2259
22814 2259
22815 2259
22816 2259
22817 2259
22818 2259
22819 2259
22820 2259
22821 2259
22822 2259
22823 2259
22824 2259
22825 2259
22826 2259
22827 2259
22828 2259
22829 2259
22830 2259
22831 2259
22832 2259
22833 2259
22834 2259
22835 2259
22836 2259
22837 2259
22838 2259
22839 2259
22840 2259
22841 2259
22842 2259
22843 2259
22844 2259
22845 2259
22846 2259
22847 2259
22848 2259
22849 2259
22850 2259
22851 2259
22852 2259
22853 2259
22854 2259
22855 2259
22856 2259
22857 2259
22858 2259
22859 2259
22860 2259
22861 2259
22862 2259
22863 2259
22864 2259
22865 2259
22866 2259
22867 2259
22868 2259
22869 2259
22870 2259
22871 2259
22872 2259
22873 2259
22874 2259
22875 2259
22876 2259
22877 2259
22878 2259
22879 2259
22880 2259
22881 2259
22882 2259
22883 2259
22884 2259
22885 2259
22886 2259
22887 2259
22888 2259
22889 2259
22890 2259
22891 2259
22892 2259
22893 2259
22894 2259
22895 2259
22896 2259
22897 2259
22898 2259
22899 2259
22900 2259
22901 2259
22902 2259
22903 2259
22904 2259
22905 2259
22906 2259
22907 2259
22908 2259
22909 2259
22910 2259
22911 2259
22912 2259
22913 2259
22914 2259
22915 2259
22916 2259
22917 2259
22918 2259
22919 2259
22920 2259
22921 2259
22922 2259
22923 2259
22924 2259
22925 2259
22926 2259
22927 2259
22928 2259
22929 2259
22930 2259
22931 2259
22932 2259
22933 2259
22934 2259
22935 2259
22936 2259
22937 2259
22938 2259
22939 2259
22940 2259
22941 2259
22942 2259
22943 2259
22944 2259
22945 2259
22946 2259
22947 2259
22948 2259
22949 2259
22950 2259
22951 2259
22952 2259
22953 2259
22954 2259
22955 2259
22956 2259
22957 2259
22958 2259
22959 2259
22960 2259
22961 2259
22962 2259
22963 2259
22964 2259
22965 2259
22966 2259
22967 2259
22968 2259
22969 2259
22970 2259
22971 2259
22972 2259
22973 2259
22974 2259
22975 2259
22976 2259
22977 2259
22978 2259
22979 2259
22980 2259
22981 2259
22982 2259
22983 2259
22984 2259
22985 2259
22986 2259
22987 2259
22988 2259
22989 2259
22990 2259
22991 2259
22992 2259
22993 2259
22994 2259
22995 2259
22996 2259
22997 2259
22998 2259
22999 2259
23000 2259
23001 2259
23002 2259
23003 2259
23004 2259
23005 2259
23006 2259
23007 2259
23008 2259
23009 2259
23010 2259
23011 2259
23012 2259
23013 2259
23014 2259
23015 2259
23016 2259
23017 2259
23018 2259
23019 2259
23020 2259
23021 2259
23022 2259
23023 2259
23024 2259
23025 2259
23026 2259
23027 2259
23028 2259
23029 2259
23030 2259
23031 2259
23032 2259
23033 2259
23034 2259
23035 2259
23036 2259
23037 2259
23038 2259
23039 2259
23040 2259
23041 2259
23042 2259
23043 2259
23044 2259
23045 2259
23046 2259
23047 2259
23048 2259
23049 2259
23050 2259
23051 2259
23052 2259
23053 2259
23054 2259
23055 2259
23056 2259
23057 2259
23058 2259
23059 2259
23060 2259
23061 2259
23062 2259
23063 2259
23064 2259
23065 2259
23066 2259
23067 2259
23068 2259
23069 2259
23070 2259
23071 2259
23072 2259
23073 2259
23074 2259
23075 2259
23076 2259
23077 2259
23078 2259
23079 2259
23080 2259
23081 2259
23082 2259
23083 2259
23084 2259
23085 2259
23086 2259
23087 2259
23088 2259
23089 2259
23090 2259
23091 2259
23092 2259
23093 2259
23094 2259
23095 2259
23096 2259
23097 2259
23098 2259
23099 2259
23100 2259
23101 2259
23102 2259
23103 2259
23104 2259
23105 2259
23106 2259
23107 2259
23108 2259
23109 2259
23110 2259
23111 2259
23112 2259
23113 2259
23114 2259
23115 2259
23116 2259
23117 2259
23118 2259
23119 2259
23120 2259
23121 2259
23122 2259
23123 2259
23124 2259
23125 2259
23126 2259
23127 2259
23128 2259
23129 2259
23130 2259
23131 2259
23132 2259
23133 2259
23134 2259
23135 2259
23136 2259
23137 2259
23138 2259
23139 2259
23140 2259
23141 2259
23142 2259
23143 2259
23144 2259
23145 2259
23146 2259
23147 2259
23148 2259
23149 2259
23150 2259
23151 2259
23152 2259
23153 2259
23154 2259
23155 2259
23156 2259
23157 2259
23158 2259
23159 2259
23160 2259
23161 2259
23162 2259
23163 2259
23164 2259
23165 2259
23166 2259
23167 2259
23168 2259
23169 2259
23170 2259
23171 2259
23172 2259
23173 2259
23174 2259
23175 2259
23176 2259
23177 2259
23178 2259
23179 2259
23180 2259
23181 2259
23182 2259
23183 2259
23184 2259
23185 2259
23186 2259
23187 2259
23188 2259
23189 2259
23190 2259
23191 2259
23192 2259
23193 2259
23194 2259
23195 2259
23196 2259
23197 2259
23198 2259
23199 2259
23200 2259
23201 2259
23202 2259
23203 2259
23204 2259
23205 2259
23206 2259
23207 2259
23208 2259
23209 2259
23210 2259
23211 2259
23212 2259
23213 2259
23214 2259
23215 2259
23216 2259
23217 2259
23218 2259
23219 2259
23220 2259
23221 2259
23222 2259
23223 2259
23224 2259
23225 2259
23226 2259
23227 2259
23228 2259
23229 2259
23230 2259
23231 2259
23232 2259
23233 2259
23234 2259
23235 2259
23236 2259
23237 2259
23238 2259
23239 2259
23240 2259
23241 2259
23242 2259
23243 2259
23244 2259
23245 2259
23246 2259
23247 2259
23248 2259
23249 2259
23250 2259
23251 2259
23252 2259
23253 2259
23254 2259
23255 2259
23256 2259
23257 2259
23258 2259
23259 2259
23260 2259
23261 2259
23262 2259
23263 2259
23264 2259
23265 2259
23266 2259
23267 2259
23268 2259
23269 2259
23270 2259
23271 2259
23272 2259
23273 2259
23274 2259
23275 2259
23276 2259
23277 2259
23278 2259
23279 2259
23280 2259
23281 2259
23282 2259
23283 2259
23284 2259
23285 2259
23286 2259
23287 2259
23288 2259
23289 2259
23290 2259
23291 2259
23292 2259
23293 2259
23294 2259
23295 2259
23296 2259
23297 2259
23298 2259
23299 2259
23300 2259
23301 2259
23302 2259
23303 2259
23304 2259
23305 2259
23306 2259
23307 2259
23308 2259
23309 2259
23310 2259
23311 2259
23312 2259
23313 2259
23314 2259
23315 2259
23316 2259
23317 2259
23318 2259
23319 2254
23320 2254
23321 2254
23322 2254
23323 2254
23324 2254
23325 2254
23326 2254
23327 2254
23328 2254
23329 2254
23330 2254
23331 2254
23332 2254
23333 2254
23334 2254
23335 2254
23336 2254
23337 2254
23338 2254
23339 2254
23340 2254
23341 2254
23342 2254
23343 2254
23344 2254
23345 2254
23346 2254
23347 2254
23348 2254
23349 2254
23350 2254
23351 2254
23352 2254
23353 2254
23354 2254
23355 2254
23356 2254
23357 2254
23358 2254
23359 2254
23360 2254
23361 2254
23362 2254
23363 2254
23364 2254
23365 2254
23366 2254
23367 2254
23368 2254
23369 2254
23370 2254
23371 2254
23372 2254
23373 2254
23374 2254
23375 2254
23376 2254
23377 2254
23378 2254
23379 2254
23380 2254
23381 2254
23382 2254
23383 2254
23384 2254
23385 2254
23386 2254
23387 2254
23388 2254
23389 2254
23390 2254
23391 2254
23392 2254
23393 2254
23394 2254
23395 2254
23396 2254
23397 2254
23398 2254
23399 2254
23400 2254
23401 2254
23402 2254
23403 2254
23404 2254
23405 2254
23406 2254
23407 2254
23408 2254
23409 2254
23410 2254
23411 2254
23412 2254
23413 2254
23414 2254
23415 2254
23416 2254
23417 2254
23418 2254
23419 2250
23420 2250
23421 2250
23422 2250
23423 2250
23424 2250
23425 2250
23426 2250
23427 2250
23428 2250
23429 2250
23430 2250
23431 2250
23432 2250
23433 2250
23434 2250
23435 2250
23436 2250
23437 2250
23438 2250
23439 2250
23440 2250
23441 2250
23442 2250
23443 2250
23444 2250
23445 2250
23446 2250
23447 2250
23448 2250
23449 2250
23450 2250
23451 2250
23452 2250
23453 2250
23454 2250
23455 2250
23456 2250
23457 2250
23458 2250
23459 2250
23460 2250
23461 2250
23462 2250
23463 2250
23464 2250
23465 2250
23466 2250
23467 2250
23468 2250
23469 2250
23470 2250
23471 2250
23472 2250
23473 2250
23474 2250
23475 2250
23476 2250
23477 2250
23478 2250
23479 2250
23480 2250
23481 2250
23482 2250
23483 2250
23484 2250
23485 2250
23486 2250
23487 2250
23488 2250
23489 2250
23490 2250
23491 2250
23492 2250
23493 2250
23494 2250
23495 2250
23496 2250
23497 2250
23498 2250
23499 2250
23500 2250
23501 2250
23502 2250
23503 2250
23504 2250
23505 2250
23506 2250
23507 2250
23508 2250
23509 2250
23510 2250
23511 2250
23512 2250
23513 2250
23514 2250
23515 2250
23516 2250
23517 2250
23518 2250
23519 2250
23520 2250
23521 2250
23522 2250
23523 2250
23524 2250
23525 2250
23526 2250
23527 2250
23528 2250
23529 2250
23530 2250
23531 2250
23532 2250
23533 2250
23534 2250
23535 2250
23536 2250
23537 2250
23538 2250
23539 2250
23540 2250
23541 2250
23542 2250
23543 2250
23544 2250
23545 2250
23546 2250
23547 2250
23548 2250
23549 2250
23550 2250
23551 2250
23552 2250
23553 2250
23554 2250
23555 2250
23556 2250
23557 2250
23558 2250
23559 2250
23560 2250
23561 2250
23562 2250
23563 2250
23564 2250
23565 2250
23566 2250
23567 2250
23568 2250
23569 2250
23570 2250
23571 2250
23572 2250
23573 2250
23574 2250
23575 2249
23576 2249
23577 2249
23578 2249
23579 2249
23580 2249
23581 2249
23582 2249
23583 2249
23584 2249
23585 2249
23586 2249
23587 2249
23588 2249
23589 2249
23590 2249
23591 2249
23592 2249
23593 2249
23594 2249
23595 2249
23596 2249
23597 2249
23598 2249
23599 2249
23600 2249
23601 2249
23602 2249
23603 2249
23604 2249
23605 2249
23606 2249
23607 2249
23608 2249
23609 2249
23610 2249
23611 2249
23612 2249
23613 2249
23614 2249
23615 2249
23616 2249
23617 2249
23618 2249
23619 2249
23620 2249
23621 2249
23622 2249
23623 2249
23624 2249
23625 2249
23626 2249
23627 2249
23628 2249
23629 2249
23630 2249
23631 2249
23632 2249
23633 2249
23634 2249
23635 2249
23636 2249
23637 2249
23638 2249
23639 2249
23640 2249
23641 2249
23642 2249
23643 2249
23644 2249
23645 2249
23646 2249
23647 2249
23648 2249
23649 2249
23650 2249
23651 2249
23652 2249
23653 2249
23654 2249
23655 2249
23656 2249
23657 2249
23658 2249
23659 2249
23660 2249
23661 2249
23662 2249
23663 2249
23664 2249
23665 2249
23666 2249
23667 2249
23668 2249
23669 2249
23670 2249
23671 2249
23672 2249
23673 2249
23674 2249
23675 2249
23676 2249
23677 2249
23678 2249
23679 2249
23680 2249
23681 2249
23682 2249
23683 2249
23684 2249
23685 2249
23686 2249
23687 2249
23688 2249
23689 2249
23690 2249
23691 2249
23692 2249
23693 2249
23694 2249
23695 2249
23696 2249
23697 2249
23698 2249
23699 2249
23700 2249
23701 2249
23702 2249
23703 2249
23704 2249
23705 2249
23706 2249
23707 2249
23708 2249
23709 2249
23710 2249
23711 2249
23712 2249
23713 2249
23714 2249
23715 2249
23716 2249
23717 2249
23718 2249
23719 2249
23720 2249
23721 2249
23722 2249
23723 2249
23724 2249
23725 2249
23726 2249
23727 2249
23728 2249
23729 2249
23730 2249
23731 2249
23732 2249
23733 2249
23734 2249
23735 2249
23736 2249
23737 2249
23738 2249
23739 2249
23740 2249
23741 2249
23742 2249
23743 2249
23744 2249
23745 2249
23746 2249
23747 2249
23748 2249
23749 2249
23750 2249
23751 2249
23752 2249
23753 2249
23754 2249
23755 2249
23756 2249
23757 2249
23758 2249
23759 2249
23760 2249
23761 2249
23762 2249
23763 2249
23764 2249
23765 2249
23766 2249
23767 2249
23768 2249
23769 2249
23770 2249
23771 2249
23772 2249
23773 2249
23774 2249
23775 2249
23776 2249
23777 2249
23778 2249
23779 2249
23780 2249
23781 2249
23782 2249
23783 2249
23784 2249
23785 2249
23786 2249
23787 2249
23788 2249
23789 2249
23790 2249
23791 2249
23792 2249
23793 2249
23794 2249
23795 2249
23796 2249
23797 2249
23798 2249
23799 2249
23800 2249
23801 2249
23802 2249
23803 2249
23804 2249
23805 2249
23806 2249
23807 2249
23808 2249
23809 2249
23810 2249
23811 2249
23812 2249
23813 2249
23814 2249
23815 2249
23816 2249
23817 2249
23818 2249
23819 2249
23820 2249
23821 2249
23822 2249
23823 2249
23824 2249
23825 2249
23826 2249
23827 2249
23828 2249
23829 2249
23830 2249
23831 2249
23832 2249
23833 2249
23834 2249
23835 2249
23836 2249
23837 2249
23838 2249
23839 2249
23840 2249
23841 2249
23842 2249
23843 2249
23844 2249
23845 2249
23846 2249
23847 2248
23848 2248
23849 2248
23850 2248
23851 2248
23852 2248
23853 2248
23854 2248
23855 2248
23856 2248
23857 2248
23858 2248
23859 2248
23860 2248
23861 2248
23862 2248
23863 2248
23864 2248
23865 2248
23866 2248
23867 2248
23868 2248
23869 2248
23870 2248
23871 2248
23872 2248
23873 2248
23874 2248
23875 2248
23876 2248
23877 2248
23878 2248
23879 2248
23880 2248
23881 2248
23882 2248
23883 2248
23884 2248
23885 2248
23886 2248
23887 2248
23888 2248
23889 2248
23890 2248
23891 2248
23892 2248
23893 2248
23894 2248
23895 2248
23896 2248
23897 2248
23898 2248
23899 2248
23900 2248
23901 2248
23902 2248
23903 2248
23904 2248
23905 2248
23906 2248
23907 2241
23908 2241
23909 2241
23910 2241
23911 2241
23912 2241
23913 2241
23914 2241
23915 2241
23916 2241
23917 2241
23918 2241
23919 2241
23920 2241
23921 2241
23922 2241
23923 2241
23924 2241
23925 2241
23926 2241
23927 2241
23928 2241
23929 2241
23930 2241
23931 2241
23932 2241
23933 2241
23934 2241
23935 2241
23936 2241
23937 2241
23938 2241
23939 2241
23940 2241
23941 2241
23942 2241
23943 2241
23944 2241
23945 2241
23946 2241
23947 2241
23948 2241
23949 2241
23950 2241
23951 2241
23952 2241
23953 2241
23954 2241
23955 2241
23956 2241
23957 2241
23958 2241
23959 2241
23960 2241
23961 2241
23962 2241
23963 2241
23964 2241
23965 2241
23966 2241
23967 2241
23968 2241
23969 2241
23970 2241
23971 2241
23972 2241
23973 2241
23974 2241
23975 2241
23976 2241
23977 2241
23978 2241
23979 2241
23980 2241
23981 2241
23982 2241
23983 2241
23984 2241
23985 2241
23986 2241
23987 2241
23988 2241
23989 2241
23990 2241
23991 2241
23992 2241
23993 2241
23994 2241
23995 2241
23996 2241
23997 2241
23998 2241
23999 2241
24000 2241
24001 2241
24002 2241
24003 2241
24004 2241
24005 2241
24006 2241
24007 2241
24008 2241
24009 2241
24010 2241
24011 2241
24012 2241
24013 2241
24014 2241
24015 2241
24016 2241
24017 2241
24018 2241
24019 2241
24020 2241
24021 2241
24022 2241
24023 2241
24024 2241
24025 2241
24026 2241
24027 2241
24028 2241
24029 2241
24030 2241
24031 2241
24032 2241
24033 2241
24034 2241
24035 2241
24036 2241
24037 2241
24038 2241
24039 2241
24040 2241
24041 2241
24042 2241
24043 2241
24044 2241
24045 2241
24046 2241
24047 2241
24048 2241
24049 2241
24050 2241
24051 2241
24052 2241
24053 2241
24054 2241
24055 2241
24056 2241
24057 2241
24058 2241
24059 2241
24060 2241
24061 2241
24062 2241
24063 2241
24064 2241
24065 2241
24066 2241
24067 2241
24068 2241
24069 2241
24070 2241
24071 2241
24072 2241
24073 2241
24074 2241
24075 2241
24076 2241
24077 2241
24078 2241
24079 2241
24080 2241
24081 2241
24082 2241
24083 2241
24084 2241
24085 2241
24086 2241
24087 2241
24088 2241
24089 2241
24090 2241
24091 2241
24092 2241
24093 2241
24094 2241
24095 2241
24096 2241
24097 2241
24098 2241
24099 2241
24100 2241
24101 2241
24102 2241
24103 2241
24104 2241
24105 2241
24106 2241
24107 2238
24108 2238
24109 2238
24110 2238
24111 2238
24112 2238
24113 2238
24114 2238
24115 2238
24116 2238
24117 2238
24118 2238
24119 2238
24120 2238
24121 2238
24122 2238
24123 2238
24124 2238
24125 2238
24126 2238
24127 2238
24128 2238
24129 2238
24130 2238
24131 2238
24132 2238
24133 2238
24134 2238
24135 2238
24136 2238
24137 2238
24138 2238
24139 2238
24140 2238
24141 2238
24142 2238
24143 2238
24144 2238
24145 2238
24146 2238
24147 2238
24148 2238
24149 2238
24150 2238
24151 2238
24152 2238
24153 2238
24154 2238
24155 2238
24156 2238
24157 2238
24158 2238
24159 2238
24160 2238
24161 2238
24162 2238
24163 2238
24164 2238
24165 2238
24166 2238
24167 2238
24168 2238
24169 2238
24170 2238
24171 2238
24172 2238
24173 2238
24174 2238
24175 2238
24176 2238
24177 2238
24178 2238
24179 2238
24180 2238
24181 2238
24182 2238
24183 2238
24184 2238
24185 2238
24186 2238
24187 2238
24188 2238
24189 2238
24190 2238
24191 2238
24192 2238
24193 2238
24194 2238
24195 2238
24196 2238
24197 2238
24198 2238
24199 2238
24200 2238
24201 2238
24202 2238
24203 2238
24204 2238
24205 2238
24206 2238
24207 2238
24208 2238
24209 2238
24210 2238
24211 2238
24212 2238
24213 2238
24214 2238
24215 2238
24216 2238
24217 2238
24218 2238
24219 2238
24220 2238
24221 2238
24222 2238
24223 2238
24224 2238
24225 2238
24226 2238
24227 2238
24228 2238
24229 2238
24230 2238
24231 2238
24232 2238
24233 2238
24234 2238
24235 2238
24236 2238
24237 2238
24238 2238
24239 2238
24240 2238
24241 2238
24242 2238
24243 2238
24244 2238
24245 2238
24246 2238
24247 2238
24248 2238
24249 2238
24250 2238
24251 2238
24252 2238
24253 2238
24254 2238
24255 2238
24256 2238
24257 2238
24258 2238
24259 2238
24260 2238
24261 2238
24262 2238
24263 2238
24264 2238
24265 2238
24266 2238
24267 2238
24268 2238
24269 2238
24270 2238
24271 2238
24272 2238
24273 2238
24274 2238
24275 2238
24276 2238
24277 2238
24278 2238
24279 2238
24280 2238
24281 2238
24282 2238
24283 2238
24284 2238
24285 2238
24286 2238
24287 2238
24288 2238
24289 2238
24290 2238
24291 2238
24292 2238
24293 2238
24294 2238
24295 2238
24296 2238
24297 2238
24298 2238
24299 2238
24300 2238
24301 2238
24302 2231
24303 2231
24304 2231
24305 2231
24306 2231
24307 2231
24308 2231
24309 2231
24310 2231
24311 2231
24312 2231
24313 2231
24314 2231
24315 2231
24316 2231
24317 2231
24318 2231
24319 2231
24320 2231
24321 2231
24322 2231
24323 2231
24324 2231
24325 2231
24326 2231
24327 2231
24328 2231
24329 2231
24330 2231
24331 2231
24332 2231
24333 2231
24334 2231
24335 2231
24336 2231
24337 2228
24338 2228
24339 2228
24340 2228
24341 2228
24342 2228
24343 2228
24344 2228
24345 2228
24346 2228
24347 2228
24348 2228
24349 2228
24350 2228
24351 2228
24352 2228
24353 2228
24354 2228
24355 2228
24356 2228
24357 2228
24358 2228
24359 2228
24360 2228
24361 2228
24362 2228
24363 2228
24364 2228
24365 2228
24366 2228
24367 2228
24368 2228
24369 2228
24370 2228
24371 2228
24372 2228
24373 2228
24374 2228
24375 2228
24376 2228
24377 2228
24378 2228
24379 2228
24380 2228
24381 2228
24382 2228
24383 2228
24384 2228
24385 2228
24386 2228
24387 2228
24388 2228
24389 2228
24390 2228
24391 2228
24392 2228
24393 2228
24394 2228
24395 2228
24396 2228
24397 2228
24398 2228
24399 2228
24400 2228
24401 2228
24402 2228
24403 2228
24404 2228
24405 2228
24406 2228
24407 2228
24408 2228
24409 2228
24410 2228
24411 2228
24412 2228
24413 2228
24414 2228
24415 2228
24416 2228
24417 2228
24418 2228
24419 2228
24420 2228
24421 2228
24422 2228
24423 2228
24424 2228
24425 2228
24426 2228
24427 2228
24428 2228
24429 2228
24430 2228
24431 2228
24432 2228
24433 2228
24434 2228
24435 2228
24436 2228
24437 2228
24438 2228
24439 2228
24440 2228
24441 2228
24442 2228
24443 2228
24444 2228
24445 2228
24446 2228
24447 2228
24448 2228
24449 2228
24450 2228
24451 2228
24452 2228
24453 2228
24454 2228
24455 2228
24456 2228
24457 2228
24458 2228
24459 2228
24460 2228
24461 2228
24462 2228
24463 2228
24464 2228
24465 2228
24466 2228
24467 2228
24468 2228
24469 2228
24470 2228
24471 2228
24472 2228
24473 2228
24474 2228
24475 2228
24476 2228
24477 2228
24478 2228
24479 2228
24480 2228
24481 2228
24482 2228
24483 2228
24484 2228
24485 2228
24486 2228
24487 2228
24488 2228
24489 2228
24490 2228
24491 2228
24492 2228
24493 2228
24494 2228
24495 2228
24496 2228
24497 2228
24498 2228
24499 2228
24500 2228
24501 2228
24502 2228
24503 2226
24504 2226
24505 2226
24506 2226
24507 2226
24508 2226
24509 2226
24510 2226
24511 2226
24512 2226
24513 2226
24514 2226
24515 2226
24516 2226
24517 2226
24518 2226
24519 2226
24520 2226
24521 2226
24522 2226
24523 2226
24524 2226
24525 2226
24526 2226
24527 2226
24528 2226
24529 2226
24530 2226
24531 2226
24532 2226
24533 2226
24534 2226
24535 2226
24536 2226
24537 2226
24538 2226
24539 2226
24540 2226
24541 2226
24542 2226
24543 2226
24544 2226
24545 2226
24546 2226
24547 2226
24548 2226
24549 2226
24550 2226
24551 2226
24552 2226
24553 2226
24554 2226
24555 2226
24556 2226
24557 2226
24558 2226
24559 2226
24560 2226
24561 2226
24562 2226
24563 2226
24564 2226
24565 2226
24566 2226
24567 2226
24568 2226
24569 2226
24570 2226
24571 2226
24572 2226
24573 2226
24574 2226
24575 2226
24576 2226
24577 2226
24578 2226
24579 2226
24580 2226
24581 2226
24582 2226
24583 2226
24584 2226
24585 2226
24586 2226
24587 2226
24588 2226
24589 2226
24590 2226
24591 2226
24592 2226
24593 2226
24594 2226
24595 2226
24596 2226
24597 2226
24598 2226
24599 2226
24600 2226
24601 2226
24602 2226
24603 2226
24604 2226
24605 2226
24606 2226
24607 2226
24608 2226
24609 2226
24610 2226
24611 2226
24612 2226
24613 2226
24614 2226
24615 2226
24616 2226
24617 2226
24618 2226
24619 2226
24620 2226
24621 2226
24622 2226
24623 2226
24624 2226
24625 2226
24626 2226
24627 2226
24628 2226
24629 2226
24630 2226
24631 2226
24632 2226
24633 2226
24634 2226
24635 2226
24636 2226
24637 2226
24638 2226
24639 2226
24640 2226
24641 2226
24642 2226
24643 2226
24644 2226
24645 2226
24646 2226
24647 2226
24648 2226
24649 2226
24650 2226
24651 2226
24652 2226
24653 2226
24654 2226
24655 2226
24656 2226
24657 2226
24658 2226
24659 2226
24660 2226
24661 2226
24662 2226
24663 2226
24664 2226
24665 2226
24666 2226
24667 2226
24668 2226
24669 2226
24670 2226
24671 2226
24672 2226
24673 2226
24674 2226
24675 2226
24676 2226
24677 2226
24678 2226
24679 2226
24680 2226
24681 2226
24682 2226
24683 2226
24684 2226
24685 2226
24686 2226
24687 2226
24688 2226
24689 2226
24690 2226
24691 2226
24692 2226
24693 2226
24694 2226
24695 2226
24696 2226
24697 2226
24698 2226
24699 2226
24700 2226
24701 2226
24702 2226
24703 2226
24704 2226
24705 2226
24706 2226
24707 2226
24708 2226
24709 2226
24710 2226
24711 2226
24712 2226
24713 2226
24714 2226
24715 2226
24716 2226
24717 2226
24718 2226
24719 2226
24720 2226
24721 2226
24722 2226
24723 2226
24724 2226
24725 2226
24726 2226
24727 2226
24728 2226
24729 2226
24730 2226
24731 2226
24732 2226
24733 2226
24734 2226
24735 2226
24736 2226
24737 2226
24738 2226
24739 2226
24740 2226
24741 2226
24742 2226
24743 2226
24744 2226
24745 2226
24746 2226
24747 2226
24748 2226
24749 2226
24750 2226
24751 2226
24752 2226
24753 2226
24754 2226
24755 2226
24756 2226
24757 2226
24758 2226
24759 2226
24760 2226
24761 2226
24762 2226
24763 2226
24764 2226
24765 2226
24766 2226
24767 2226
24768 2226
24769 2226
24770 2226
24771 2226
24772 2226
24773 2226
24774 2226
24775 2226
24776 2226
24777 2226
24778 2226
24779 2226
24780 2226
24781 2226
24782 2226
24783 2226
24784 2226
24785 2226
24786 2226
24787 2226
24788 2226
24789 2226
24790 2226
24791 2226
24792 2226
24793 2226
24794 2226
24795 2226
24796 2226
24797 2226
24798 2226
24799 2226
24800 2226
24801 2226
24802 2226
24803 2226
24804 2226
24805 2226
24806 2225
24807 2225
24808 2225
24809 2225
24810 2225
24811 2225
24812 2225
24813 2225
24814 2225
24815 2225
24816 2225
24817 2225
24818 2225
24819 2225
24820 2225
24821 2225
24822 2225
24823 2225
24824 2225
24825 2225
24826 2225
24827 2225
24828 2225
24829 2225
24830 2225
24831 2225
24832 2225
24833 2225
24834 2225
24835 2225
24836 2225
24837 2225
24838 2225
24839 2225
24840 2225
24841 2225
24842 2225
24843 2225
24844 2225
24845 2225
24846 2225
24847 2225
24848 2225
24849 2225
24850 2225
24851 2225
24852 2225
24853 2225
24854 2225
24855 2225
24856 2225
24857 2225
24858 2225
24859 2225
24860 2225
24861 2225
24862 2225
24863 2225
24864 2225
24865 2225
24866 2225
24867 2225
24868 2225
24869 2225
24870 2225
24871 2225
24872 2225
24873 2225
24874 2225
24875 2225
24876 2225
24877 2225
24878 2225
24879 2225
24880 2225
24881 2225
24882 2225
24883 2225
24884 2225
24885 2225
24886 2225
24887 2225
24888 2225
24889 2225
24890 2225
24891 2225
24892 2225
24893 2225
24894 2225
24895 2225
24896 2225
24897 2225
24898 2225
24899 2225
24900 2225
24901 2225
24902 2225
24903 2225
24904 2225
24905 2225
24906 2225
24907 2225
24908 2225
24909 2225
24910 2225
24911 2225
24912 2225
24913 2225
24914 2225
24915 2225
24916 2225
24917 2225
24918 2225
24919 2225
24920 2225
24921 2225
24922 2225
24923 2225
24924 2225
24925 2225
24926 2225
24927 2225
24928 2225
24929 2225
24930 2225
24931 2225
24932 2225
24933 2225
24934 2225
24935 2225
24936 2225
24937 2225
24938 2225
24939 2225
24940 2225
24941 2225
24942 2225
24943 2225
24944 2225
24945 2225
24946 2225
24947 2225
24948 2225
24949 2225
24950 2225
24951 2225
24952 2225
24953 2225
24954 2225
24955 2225
24956 2225
24957 2225
24958 2225
24959 2225
24960 2225
24961 2225
24962 2225
24963 2225
24964 2225
24965 2225
24966 2225
24967 2225
24968 2225
24969 2225
24970 2225
24971 2225
24972 2225
24973 2225
24974 2225
24975 2225
24976 2225
24977 2225
24978 2225
24979 2225
24980 2225
24981 2225
24982 2225
24983 2225
24984 2225
24985 2225
24986 2225
24987 2225
24988 2225
24989 2225
24990 2225
24991 2225
24992 2225
24993 2225
24994 2225
24995 2225
24996 2225
24997 2225
24998 2225
24999 2225
25000 2225
25001 2225
25002 2225
25003 2225
25004 2225
25005 2225
25006 2225
25007 2225
25008 2225
25009 2225
25010 2225
25011 2225
25012 2225
25013 2225
25014 2225
25015 2225
25016 2225
25017 2225
25018 2225
25019 2225
25020 2225
25021 2225
25022 2225
25023 2225
25024 2225
25025 2225
25026 2225
25027 2225
25028 2225
25029 2225
25030 2225
25031 2225
25032 2225
25033 2225
25034 2225
25035 2225
25036 2225
25037 2225
25038 2225
25039 2225
25040 2225
25041 2225
25042 2225
25043 2225
25044 2225
25045 2225
25046 2225
25047 2225
25048 2225
25049 2225
25050 2225
25051 2225
25052 2225
25053 2225
25054 2225
25055 2225
25056 2225
25057 2225
25058 2225
25059 2225
25060 2225
25061 2225
25062 2225
25063 2225
25064 2225
25065 2225
25066 2225
25067 2225
25068 2225
25069 2225
25070 2225
25071 2225
25072 2225
25073 2225
25074 2225
25075 2225
25076 2225
25077 2225
25078 2225
25079 2225
25080 2225
25081 2225
25082 2225
25083 2225
25084 2225
25085 2225
25086 2225
25087 2225
25088 2225
25089 2225
25090 2225
25091 2225
25092 2225
25093 2225
25094 2225
25095 2225
25096 2225
25097 2225
25098 2225
25099 2225
25100 2225
25101 2225
25102 2225
25103 2225
25104 2225
25105 2225
25106 2225
25107 2225
25108 2225
25109 2225
25110 2225
25111 2225
25112 2225
25113 2225
25114 2225
25115 2225
25116 2225
25117 2225
25118 2225
25119 2225
25120 2225
25121 2225
25122 2225
25123 2225
25124 2225
25125 2225
25126 2225
25127 2225
25128 2225
25129 2225
25130 2225
25131 2225
25132 2225
25133 2225
25134 2225
25135 2225
25136 2225
25137 2225
25138 2225
25139 2225
25140 2225
25141 2225
25142 2225
25143 2225
25144 2225
25145 2225
25146 2225
25147 2225
25148 2225
25149 2225
25150 2225
25151 2216
25152 2216
25153 2216
25154 2216
25155 2216
25156 2216
25157 2216
25158 2216
25159 2216
25160 2216
25161 2216
25162 2216
25163 2216
25164 2216
25165 2216
25166 2216
25167 2216
25168 2216
25169 2216
25170 2216
25171 2216
25172 2216
25173 2216
25174 2216
25175 2216
25176 2216
25177 2216
25178 2216
25179 2216
25180 2216
25181 2216
25182 2216
25183 2216
25184 2216
25185 2216
25186 2216
25187 2216
25188 2216
25189 2216
25190 2216
25191 2216
25192 2216
25193 2216
25194 2216
25195 2216
25196 2216
25197 2216
25198 2216
25199 2216
25200 2216
25201 2216
25202 2216
25203 2216
25204 2216
25205 2216
25206 2216
25207 2216
25208 2216
25209 2216
25210 2216
25211 2216
25212 2216
25213 2216
25214 2216
25215 2216
25216 2216
25217 2216
25218 2216
25219 2216
25220 2216
25221 2216
25222 2216
25223 2216
25224 2216
25225 2216
25226 2216
25227 2216
25228 2216
25229 2216
25230 2216
25231 2216
25232 2216
25233 2216
25234 2216
25235 2216
25236 2216
25237 2216
25238 2216
25239 2216
25240 2216
25241 2216
25242 2216
25243 2216
25244 2216
25245 2216
25246 2216
25247 2216
25248 2216
25249 2216
25250 2216
25251 2216
25252 2216
25253 2216
25254 2216
25255 2216
25256 2216
25257 2216
25258 2216
25259 2216
25260 2216
25261 2216
25262 2216
25263 2216
25264 2216
25265 2216
25266 2216
25267 2216
25268 2216
25269 2216
25270 2216
25271 2216
25272 2216
25273 2216
25274 2216
25275 2216
25276 2216
25277 2216
25278 2216
25279 2216
25280 2216
25281 2216
25282 2216
25283 2216
25284 2216
25285 2216
25286 2216
25287 2216
25288 2216
25289 2216
25290 2216
25291 2216
25292 2216
25293 2216
25294 2216
25295 2216
25296 2216
25297 2216
25298 2216
25299 2216
25300 2216
25301 2216
25302 2216
25303 2216
25304 2216
25305 2216
25306 2216
25307 2216
25308 2216
25309 2216
25310 2216
25311 2216
25312 2216
25313 2216
25314 2216
25315 2216
25316 2216
25317 2216
25318 2216
25319 2216
25320 2216
25321 2216
25322 2216
25323 2216
25324 2216
25325 2216
25326 2216
25327 2216
25328 2216
25329 2216
25330 2216
25331 2216
25332 2216
25333 2216
25334 2216
25335 2216
25336 2216
25337 2216
25338 2216
25339 2216
25340 2216
25341 2216
25342 2216
25343 2216
25344 2216
25345 2216
25346 2216
25347 2216
25348 2216
25349 2216
25350 2216
25351 2216
25352 2216
25353 2216
25354 2216
25355 2216
25356 2216
25357 2216
25358 2216
25359 2216
25360 2216
25361 2216
25362 2216
25363 2216
25364 2216
25365 2216
25366 2216
25367 2216
25368 2216
25369 2216
25370 2216
25371 2216
25372 2216
25373 2216
25374 2216
25375 2216
25376 2216
25377 2216
25378 2216
25379 2216
25380 2216
25381 2216
25382 2216
25383 2216
25384 2216
25385 2216
25386 2216
25387 2216
25388 2216
25389 2216
25390 2216
25391 2216
25392 2216
25393 2216
25394 2216
25395 2216
25396 2216
25397 2216
25398 2216
25399 2216
25400 2216
25401 2216
25402 2216
25403 2216
25404 2216
25405 2216
25406 2216
25407 2216
25408 2216
25409 2216
25410 2216
25411 2216
25412 2216
25413 2216
25414 2216
25415 2216
25416 2216
25417 2216
25418 2216
25419 2216
25420 2216
25421 2216
25422 2216
25423 2216
25424 2216
25425 2216
25426 2216
25427 2216
25428 2216
25429 2216
25430 2216
25431 2216
25432 2216
25433 2216
25434 2216
25435 2216
25436 2216
25437 2216
25438 2216
25439 2216
25440 2216
25441 2216
25442 2216
25443 2216
25444 2216
25445 2216
25446 2216
25447 2216
25448 2216
25449 2216
25450 2216
25451 2216
25452 2216
25453 2216
25454 2216
25455 2216
25456 2216
25457 2216
25458 2216
25459 2216
25460 2216
25461 2216
25462 2216
25463 2216
25464 2216
25465 2216
25466 2216
25467 2216
25468 2216
25469 2216
25470 2216
25471 2216
25472 2216
25473 2216
25474 2216
25475 2216
25476 2216
25477 2216
25478 2216
25479 2216
25480 2216
25481 2216
25482 2216
25483 2216
25484 2216
25485 2216
25486 2216
25487 2216
25488 2216
25489 2216
25490 2216
25491 2216
25492 2216
25493 2216
25494 2216
25495 2216
25496 2216
25497 2216
25498 2216
25499 2216
25500 2216
25501 2216
25502 2216
25503 2216
25504 2216
25505 2216
25506 2216
25507 2216
25508 2216
25509 2216
25510 2216
25511 2216
25512 2216
25513 2216
25514 2216
25515 2216
25516 2216
25517 2216
25518 2216
25519 2216
25520 2216
25521 2216
25522 2216
25523 2216
25524 2216
25525 2216
25526 2216
25527 2216
25528 2216
25529 2216
25530 2216
25531 2216
25532 2216
25533 2216
25534 2216
25535 2216
25536 2216
25537 2216
25538 2216
25539 2216
25540 2216
25541 2216
25542 2216
25543 2216
25544 2216
25545 2216
25546 2216
25547 2216
25548 2216
25549 2216
25550 2216
25551 2216
25552 2216
25553 2216
25554 2216
25555 2216
25556 2216
25557 2216
25558 2216
25559 2216
25560 2216
25561 2216
25562 2216
25563 2216
25564 2216
25565 2216
25566 2216
25567 2216
25568 2216
25569 2216
25570 2216
25571 2216
25572 2216
25573 2216
25574 2216
25575 2216
25576 2216
25577 2216
25578 2216
25579 2216
25580 2216
25581 2216
25582 2216
25583 2216
25584 2216
25585 2216
25586 2216
25587 2216
25588 2216
25589 2216
25590 2216
25591 2216
25592 2216
25593 2216
25594 2216
25595 2216
25596 2216
25597 2216
25598 2216
25599 2216
25600 2216
25601 2216
25602 2216
25603 2216
25604 2216
25605 2216
25606 2216
25607 2216
25608 2216
25609 2216
25610 2216
25611 2216
25612 2216
25613 2216
25614 2216
25615 2216
25616 2216
25617 2216
25618 2216
25619 2216
25620 2216
25621 2216
25622 2216
25623 2216
25624 2216
25625 2216
25626 2216
25627 2216
25628 2216
25629 2216
25630 2216
25631 2216
25632 2216
25633 2216
25634 2216
25635 2216
25636 2216
25637 2216
25638 2216
25639 2216
25640 2216
25641 2216
25642 2216
25643 2216
25644 2216
25645 2216
25646 2216
25647 2216
25648 2216
25649 2216
25650 2216
25651 2216
25652 2216
25653 2216
25654 2216
25655 2216
25656 2216
25657 2216
25658 2216
25659 2216
25660 2216
25661 2216
25662 2216
25663 2216
25664 2216
25665 2216
25666 2216
25667 2216
25668 2216
25669 2216
25670 2216
25671 2216
25672 2216
25673 2216
25674 2216
25675 2216
25676 2216
25677 2216
25678 2216
25679 2216
25680 2216
25681 2216
25682 2216
25683 2216
25684 2216
25685 2216
25686 2216
25687 2216
25688 2216
25689 2216
25690 2216
25691 2216
25692 2216
25693 2216
25694 2216
25695 2216
25696 2216
25697 2216
25698 2216
25699 2216
25700 2216
25701 2216
25702 2216
25703 2216
25704 2216
25705 2216
25706 2216
25707 2216
25708 2216
25709 2216
25710 2216
25711 2216
25712 2216
25713 2216
25714 2216
25715 2216
25716 2216
25717 2216
25718 2216
25719 2216
25720 2216
25721 2216
25722 2216
25723 2216
25724 2216
25725 2216
25726 2216
25727 2216
25728 2216
25729 2216
25730 2216
25731 2216
25732 2216
25733 2216
25734 2216
25735 2216
25736 2216
25737 2216
25738 2216
25739 2216
25740 2215
25741 2215
25742 2215
25743 2215
25744 2215
25745 2215
25746 2215
25747 2215
25748 2215
25749 2215
25750 2215
25751 2215
25752 2215
25753 2215
25754 2215
25755 2215
25756 2215
25757 2215
25758 2215
25759 2215
25760 2215
25761 2215
25762 2215
25763 2215
25764 2215
25765 2215
25766 2215
25767 2215
25768 2215
25769 2215
25770 2215
25771 2215
25772 2215
25773 2215
25774 2215
25775 2215
25776 2215
25777 2215
25778 2215
25779 2215
25780 2215
25781 2215
25782 2215
25783 2215
25784 2215
25785 2215
25786 2215
25787 2215
25788 2215
25789 2215
25790 2215
25791 2215
25792 2215
25793 2215
25794 2215
25795 2215
25796 2215
25797 2215
25798 2215
25799 2215
25800 2215
25801 2215
25802 2215
25803 2215
25804 2215
25805 2215
25806 2215
25807 2215
25808 2215
25809 2215
25810 2215
25811 2215
25812 2215
25813 2215
25814 2215
25815 2215
25816 2215
25817 2215
25818 2215
25819 2215
25820 2215
25821 2215
25822 2215
25823 2215
25824 2215
25825 2215
25826 2215
25827 2215
25828 2215
25829 2215
25830 2215
25831 2215
25832 2215
25833 2215
25834 2215
25835 2215
25836 2215
25837 2215
25838 2215
25839 2215
25840 2215
25841 2215
25842 2215
25843 2215
25844 2215
25845 2215
25846 2215
25847 2215
25848 2215
25849 2215
25850 2215
25851 2215
25852 2215
25853 2215
25854 2215
25855 2215
25856 2215
25857 2215
25858 2215
25859 2215
25860 2215
25861 2215
25862 2215
25863 2215
25864 2215
25865 2215
25866 2215
25867 2215
25868 2215
25869 2215
25870 2215
25871 2215
25872 2215
25873 2215
25874 2215
25875 2215
25876 2215
25877 2215
25878 2215
25879 2215
25880 2215
25881 2215
25882 2215
25883 2215
25884 2215
25885 2215
25886 2215
25887 2215
25888 2215
25889 2215
25890 2215
25891 2215
25892 2215
25893 2215
25894 2215
25895 2215
25896 2215
25897 2215
25898 2215
25899 2215
25900 2215
25901 2215
25902 2215
25903 2215
25904 2215
25905 2215
25906 2215
25907 2215
25908 2215
25909 2215
25910 2215
25911 2215
25912 2215
25913 2215
25914 2215
25915 2215
25916 2215
25917 2215
25918 2215
25919 2215
25920 2215
25921 2215
25922 2215
25923 2215
25924 2215
25925 2215
25926 2215
25927 2215
25928 2215
25929 2215
25930 2215
25931 2215
25932 2215
25933 2215
25934 2215
25935 2215
25936 2215
25937 2215
25938 2215
25939 2215
25940 2215
25941 2215
25942 2215
25943 2215
25944 2215
25945 2215
25946 2215
25947 2215
25948 2215
25949 2215
25950 2215
25951 2215
25952 2215
25953 2215
25954 2215
25955 2215
25956 2215
25957 2215
25958 2215
25959 2215
25960 2215
25961 2215
25962 2215
25963 2215
25964 2215
25965 2215
25966 2215
25967 2215
25968 2215
25969 2215
25970 2215
25971 2215
25972 2215
25973 2215
25974 2215
25975 2215
25976 2215
25977 2215
25978 2215
25979 2215
25980 2215
25981 2215
25982 2215
25983 2215
25984 2215
25985 2215
25986 2215
25987 2215
25988 2215
25989 2215
25990 2215
25991 2215
25992 2215
25993 2215
25994 2215
25995 2215
25996 2215
25997 2215
25998 2215
25999 2215
26000 2215
26001 2215
26002 2215
26003 2215
26004 2215
26005 2215
26006 2215
26007 2215
26008 2215
26009 2215
26010 2215
26011 2215
26012 2215
26013 2215
26014 2215
26015 2215
26016 2215
26017 2215
26018 2215
26019 2215
26020 2215
26021 2215
26022 2215
26023 2215
26024 2215
26025 2215
26026 2215
26027 2215
26028 2215
26029 2215
26030 2215
26031 2215
26032 2215
26033 2215
26034 2215
26035 2215
26036 2215
26037 2215
26038 2215
26039 2215
26040 2215
26041 2215
26042 2215
26043 2215
26044 2215
26045 2215
26046 2215
26047 2215
26048 2215
26049 2215
26050 2215
26051 2215
26052 2215
26053 2215
26054 2215
26055 2215
26056 2215
26057 2215
26058 2215
26059 2215
26060 2215
26061 2215
26062 2215
26063 2215
26064 2215
26065 2215
26066 2215
26067 2215
26068 2215
26069 2215
26070 2215
26071 2208
26072 2208
26073 2208
26074 2208
26075 2208
26076 2208
26077 2208
26078 2208
26079 2208
26080 2208
26081 2208
26082 2208
26083 2208
26084 2208
26085 2208
26086 2208
26087 2208
26088 2208
26089 2208
26090 2208
26091 2208
26092 2208
26093 2208
26094 2208
26095 2208
26096 2208
26097 2208
26098 2208
26099 2208
26100 2208
26101 2208
26102 2208
26103 2208
26104 2208
26105 2208
26106 2208
26107 2208
26108 2208
26109 2208
26110 2208
26111 2208
26112 2208
26113 2208
26114 2208
26115 2208
26116 2208
26117 2208
26118 2208
26119 2208
26120 2208
26121 2208
26122 2208
26123 2208
26124 2208
26125 2208
26126 2208
26127 2208
26128 2208
26129 2208
26130 2208
26131 2208
26132 2208
26133 2208
26134 2208
26135 2208
26136 2208
26137 2208
26138 2208
26139 2208
26140 2208
26141 2208
26142 2208
26143 2208
26144 2208
26145 2208
26146 2208
26147 2208
26148 2208
26149 2208
26150 2208
26151 2208
26152 2208
26153 2208
26154 2208
26155 2208
26156 2208
26157 2208
26158 2208
26159 2208
26160 2208
26161 2208
26162 2208
26163 2208
26164 2208
26165 2208
26166 2208
26167 2208
26168 2208
26169 2208
26170 2208
26171 2208
26172 2208
26173 2208
26174 2208
26175 2208
26176 2208
26177 2208
26178 2208
26179 2208
26180 2208
26181 2208
26182 2208
26183 2208
26184 2208
26185 2208
26186 2208
26187 2208
26188 2208
26189 2205
26190 2205
26191 2205
26192 2205
26193 2205
26194 2205
26195 2205
26196 2205
26197 2205
26198 2202
26199 2202
26200 2202
26201 2202
26202 2202
26203 2202
26204 2202
26205 2202
26206 2202
26207 2202
26208 2202
26209 2202
26210 2202
26211 2202
26212 2202
26213 2202
26214 2202
26215 2202
26216 2202
26217 2202
26218 2202
26219 2202
26220 2202
26221 2202
26222 2202
26223 2202
26224 2202
26225 2202
26226 2202
26227 2202
26228 2202
26229 2202
26230 2202
26231 2202
26232 2202
26233 2202
26234 2202
26235 2202
26236 2202
26237 2202
26238 2202
26239 2202
26240 2202
26241 2202
26242 2202
26243 2202
26244 2202
26245 2202
26246 2202
26247 2202
26248 2202
26249 2202
26250 2202
26251 2202
26252 2202
26253 2202
26254 2202
26255 2202
26256 2202
26257 2202
26258 2202
26259 2202
26260 2202
26261 2202
26262 2202
26263 2202
26264 2202
26265 2202
26266 2202
26267 2202
26268 2202
26269 2202
26270 2202
26271 2202
26272 2202
26273 2202
26274 2202
26275 2202
26276 2202
26277 2202
26278 2202
26279 2202
26280 2202
26281 2202
26282 2202
26283 2202
26284 2202
26285 2202
26286 2202
26287 2202
26288 2202
26289 2202
26290 2202
26291 2202
26292 2202
26293 2202
26294 2202
26295 2202
26296 2202
26297 2202
26298 2202
26299 2202
26300 2202
26301 2202
26302 2202
26303 2202
26304 2202
26305 2202
26306 2202
26307 2202
26308 2202
26309 2202
26310 2202
26311 2202
26312 2202
26313 2202
26314 2202
26315 2202
26316 2202
26317 2202
26318 2202
26319 2202
26320 2202
26321 2202
26322 2202
26323 2202
26324 2202
26325 2202
26326 2202
26327 2202
26328 2202
26329 2202
26330 2202
26331 2202
26332 2202
26333 2202
26334 2202
26335 2202
26336 2202
26337 2202
26338 2202
26339 2202
26340 2202
26341 2202
26342 2202
26343 2202
26344 2202
26345 2202
26346 2202
26347 2202
26348 2202
26349 2202
26350 2202
26351 2202
26352 2202
26353 2202
26354 2202
26355 2202
26356 2202
26357 2202
26358 2202
26359 2202
26360 2202
26361 2202
26362 2202
26363 2202
26364 2202
26365 2202
26366 2202
26367 2202
26368 2202
26369 2202
26370 2202
26371 2202
26372 2202
26373 2202
26374 2202
26375 2202
26376 2202
26377 2202
26378 2202
26379 2202
26380 2202
26381 2202
26382 2202
26383 2196
26384 2196
26385 2196
26386 2196
26387 2196
26388 2196
26389 2196
26390 2196
26391 2196
26392 2196
26393 2196
26394 2196
26395 2196
26396 2196
26397 2196
26398 2196
26399 2196
26400 2196
26401 2196
26402 2196
26403 2196
26404 2196
26405 2196
26406 2196
26407 2196
26408 2196
26409 2196
26410 2196
26411 2196
26412 2196
26413 2196
26414 2196
26415 2196
26416 2196
26417 2196
26418 2196
26419 2196
26420 2196
26421 2196
26422 2196
26423 2196
26424 2196
26425 2196
26426 2196
26427 2196
26428 2196
26429 2196
26430 2196
26431 2196
26432 2196
26433 2196
26434 2196
26435 2196
26436 2196
26437 2196
26438 2196
26439 2196
26440 2196
26441 2196
26442 2196
26443 2196
26444 2196
26445 2196
26446 2196
26447 2196
26448 2196
26449 2196
26450 2196
26451 2196
26452 2196
26453 2196
26454 2196
26455 2196
26456 2196
26457 2196
26458 2196
26459 2196
26460 2196
26461 2196
26462 2196
26463 2196
26464 2196
26465 2196
26466 2196
26467 2196
26468 2196
26469 2196
26470 2196
26471 2196
26472 2196
26473 2196
26474 2196
26475 2196
26476 2196
26477 2196
26478 2196
26479 2196
26480 2196
26481 2196
26482 2196
26483 2196
26484 2196
26485 2196
26486 2196
26487 2196
26488 2196
26489 2196
26490 2196
26491 2196
26492 2196
26493 2196
26494 2196
26495 2196
26496 2196
26497 2196
26498 2196
26499 2196
26500 2196
26501 2196
26502 2196
26503 2196
26504 2196
26505 2196
26506 2196
26507 2196
26508 2196
26509 2196
26510 2196
26511 2196
26512 2196
26513 2196
26514 2196
26515 2196
26516 2196
26517 2196
26518 2196
26519 2196
26520 2196
26521 2196
26522 2194
26523 2194
26524 2194
26525 2194
26526 2194
26527 2194
26528 2194
26529 2194
26530 2194
26531 2194
26532 2194
26533 2194
26534 2194
26535 2194
26536 2194
26537 2194
26538 2194
26539 2194
26540 2194
26541 2194
26542 2194
26543 2194
26544 2194
26545 2194
26546 2194
26547 2194
26548 2194
26549 2194
26550 2194
26551 2194
26552 2194
26553 2194
26554 2194
26555 2194
26556 2194
26557 2194
26558 2194
26559 2194
26560 2194
26561 2194
26562 2194
26563 2194
26564 2194
26565 2194
26566 2194
26567 2194
26568 2194
26569 2194
26570 2194
26571 2194
26572 2194
26573 2194
26574 2194
26575 2194
26576 2194
26577 2194
26578 2194
26579 2194
26580 2194
26581 2194
26582 2194
26583 2194
26584 2194
26585 2194
26586 2194
26587 2194
26588 2194
26589 2194
26590 2194
26591 2194
26592 2194
26593 2194
26594 2194
26595 2194
26596 2194
26597 2194
26598 2194
26599 2194
26600 2194
26601 2194
26602 2194
26603 2194
26604 2194
26605 2194
26606 2194
26607 2194
26608 2194
26609 2194
26610 2194
26611 2194
26612 2194
26613 2194
26614 2194
26615 2194
26616 2194
26617 2194
26618 2194
26619 2194
26620 2194
26621 2194
26622 2194
26623 2194
26624 2194
26625 2194
26626 2194
26627 2194
26628 2194
26629 2194
26630 2194
26631 2194
26632 2194
26633 2194
26634 2194
26635 2194
26636 2194
26637 2194
26638 2194
26639 2194
26640 2194
26641 2194
26642 2194
26643 2194
26644 2194
26645 2194
26646 2194
26647 2194
26648 2194
26649 2194
26650 2194
26651 2194
26652 2194
26653 2194
26654 2194
26655 2194
26656 2194
26657 2194
26658 2194
26659 2194
26660 2194
26661 2194
26662 2194
26663 2194
26664 2194
26665 2194
26666 2194
26667 2194
26668 2194
26669 2194
26670 2194
26671 2194
26672 2194
26673 2194
26674 2194
26675 2194
26676 2194
26677 2194
26678 2194
26679 2194
26680 2194
26681 2194
26682 2194
26683 2194
26684 2194
26685 2194
26686 2194
26687 2194
26688 2194
26689 2194
26690 2194
26691 2194
26692 2194
26693 2194
26694 2194
26695 2194
26696 2194
26697 2194
26698 2194
26699 2194
26700 2194
26701 2194
26702 2194
26703 2194
26704 2194
26705 2194
26706 2194
26707 2194
26708 2194
26709 2194
26710 2194
26711 2194
26712 2194
26713 2194
26714 2194
26715 2194
26716 2194
26717 2194
26718 2194
26719 2194
26720 2194
26721 2194
26722 2194
26723 2194
26724 2194
26725 2194
26726 2194
26727 2194
26728 2194
26729 2194
26730 2194
26731 2194
26732 2194
26733 2194
26734 2194
26735 2194
26736 2194
26737 2194
26738 2194
26739 2194
26740 2194
26741 2194
26742 2194
26743 2194
26744 2194
26745 2194
26746 2194
26747 2194
26748 2194
26749 2194
26750 2194
26751 2194
26752 2194
26753 2194
26754 2194
26755 2194
26756 2194
26757 2194
26758 2194
26759 2194
26760 2194
26761 2194
26762 2194
26763 2194
26764 2194
26765 2194
26766 2194
26767 2194
26768 2194
26769 2194
26770 2194
26771 2194
26772 2194
26773 2194
26774 2194
26775 2194
26776 2194
26777 2194
26778 2194
26779 2194
26780 2194
26781 2194
26782 2194
26783 2194
26784 2194
26785 2194
26786 2194
26787 2194
26788 2194
26789 2194
26790 2194
26791 2194
26792 2194
26793 2194
26794 2194
26795 2194
26796 2194
26797 2194
26798 2194
26799 2194
26800 2194
26801 2194
26802 2194
26803 2194
26804 2194
26805 2194
26806 2194
26807 2194
26808 2194
26809 2194
26810 2194
26811 2194
26812 2194
26813 2194
26814 2194
26815 2194
26816 2194
26817 2194
26818 2194
26819 2194
26820 2194
26821 2194
26822 2194
26823 2194
26824 2194
26825 2194
26826 2194
26827 2194
26828 2194
26829 2194
26830 2194
26831 2194
26832 2194
26833 2194
26834 2194
26835 2194
26836 2194
26837 2194
26838 2194
26839 2194
26840 2194
26841 2194
26842 2194
26843 2194
26844 2194
26845 2194
26846 2194
26847 2194
26848 2194
26849 2194
26850 2194
26851 2194
26852 2194
26853 2194
26854 2194
26855 2194
26856 2194
26857 2194
26858 2194
26859 2194
26860 2194
26861 2194
26862 2194
26863 2194
26864 2194
26865 2194
26866 2194
26867 2194
26868 2194
26869 2194
26870 2194
26871 2194
26872 2194
26873 2194
26874 2194
26875 2194
26876 2194
26877 2194
26878 2194
26879 2194
26880 2194
26881 2194
26882 2194
26883 2194
26884 2194
26885 2194
26886 2194
26887 2194
26888 2194
26889 2194
26890 2194
26891 2194
26892 2194
26893 2194
26894 2194
26895 2194
26896 2194
26897 2194
26898 2194
26899 2194
26900 2194
26901 2194
26902 2194
26903 2194
26904 2194
26905 2194
26906 2194
26907 2194
26908 2194
26909 2194
26910 2194
26911 2194
26912 2194
26913 2194
26914 2194
26915 2194
26916 2194
26917 2194
26918 2194
26919 2194
26920 2194
26921 2194
26922 2194
26923 2194
26924 2194
26925 2194
26926 2194
26927 2194
26928 2194
26929 2194
26930 2194
26931 2194
26932 2194
26933 2194
26934 2194
26935 2194
26936 2194
26937 2194
26938 2194
26939 2194
26940 2194
26941 2194
26942 2194
26943 2194
26944 2194
26945 2194
26946 2194
26947 2194
26948 2194
26949 2194
26950 2194
26951 2194
26952 2194
26953 2194
26954 2194
26955 2194
26956 2194
26957 2194
26958 2194
26959 2194
26960 2194
26961 2194
26962 2194
26963 2194
26964 2194
26965 2194
26966 2194
26967 2194
26968 2194
26969 2194
26970 2194
26971 2194
26972 2194
26973 2194
26974 2194
26975 2194
26976 2194
26977 2194
26978 2194
26979 2194
26980 2194
26981 2194
26982 2194
26983 2194
26984 2194
26985 2194
26986 2194
26987 2194
26988 2194
26989 2194
26990 2194
26991 2194
26992 2194
26993 2194
26994 2194
26995 2194
26996 2194
26997 2194
26998 2194
26999 2194
27000 2194
27001 2194
27002 2194
27003 2194
27004 2194
27005 2194
27006 2194
27007 2194
27008 2194
27009 2194
27010 2194
27011 2194
27012 2194
27013 2194
27014 2194
27015 2194
27016 2194
27017 2194
27018 2194
27019 2194
27020 2194
27021 2194
27022 2194
27023 2194
27024 2194
27025 2194
27026 2194
27027 2194
27028 2194
27029 2194
27030 2194
27031 2194
27032 2194
27033 2194
27034 2194
27035 2194
27036 2194
27037 2194
27038 2194
27039 2194
27040 2194
27041 2194
27042 2194
27043 2194
27044 2194
27045 2194
27046 2194
27047 2194
27048 2194
27049 2194
27050 2194
27051 2194
27052 2194
27053 2194
27054 2194
27055 2194
27056 2194
27057 2194
27058 2194
27059 2194
27060 2194
27061 2194
27062 2194
27063 2194
27064 2194
27065 2194
27066 2194
27067 2194
27068 2194
27069 2194
27070 2194
27071 2194
27072 2194
27073 2194
27074 2194
27075 2194
27076 2194
27077 2194
27078 2194
27079 2194
27080 2194
27081 2194
27082 2194
27083 2194
27084 2194
27085 2194
27086 2194
27087 2194
27088 2194
27089 2194
27090 2194
27091 2194
27092 2194
27093 2194
27094 2194
27095 2194
27096 2194
27097 2194
27098 2194
27099 2194
27100 2194
27101 2194
27102 2194
27103 2194
27104 2194
27105 2194
27106 2194
27107 2194
27108 2194
27109 2194
27110 2194
27111 2194
27112 2194
27113 2194
27114 2194
27115 2194
27116 2194
27117 2194
27118 2194
27119 2194
27120 2194
27121 2194
27122 2194
27123 2194
27124 2194
27125 2194
27126 2194
27127 2194
27128 2194
27129 2194
27130 2194
27131 2194
27132 2194
27133 2194
27134 2194
27135 2194
27136 2194
27137 2194
27138 2194
27139 2194
27140 2194
27141 2194
27142 2194
27143 2194
27144 2194
27145 2194
27146 2194
27147 2194
27148 2194
27149 2194
27150 2194
27151 2194
27152 2194
27153 2194
27154 2194
27155 2194
27156 2194
27157 2194
27158 2194
27159 2194
27160 2194
27161 2194
27162 2194
27163 2194
27164 2194
27165 2194
27166 2194
27167 2194
27168 2194
27169 2194
27170 2194
27171 2194
27172 2194
27173 2194
27174 2194
27175 2194
27176 2194
27177 2194
27178 2194
27179 2194
27180 2194
27181 2194
27182 2194
27183 2194
27184 2194
27185 2194
27186 2194
27187 2194
27188 2194
27189 2194
27190 2194
27191 2194
27192 2194
27193 2194
27194 2194
27195 2194
27196 2194
27197 2194
27198 2194
27199 2194
27200 2194
27201 2194
27202 2194
27203 2194
27204 2194
27205 2194
27206 2194
27207 2194
27208 2194
27209 2194
27210 2194
27211 2194
27212 2194
27213 2194
27214 2194
27215 2194
27216 2194
27217 2194
27218 2194
27219 2194
27220 2194
27221 2194
27222 2194
27223 2194
27224 2194
27225 2194
27226 2194
27227 2194
27228 2194
27229 2194
27230 2194
27231 2194
27232 2194
27233 2194
27234 2194
27235 2194
27236 2194
27237 2194
27238 2194
27239 2194
27240 2194
27241 2194
27242 2194
27243 2194
27244 2194
27245 2194
27246 2194
27247 2194
27248 2194
27249 2194
27250 2194
27251 2194
27252 2194
27253 2194
27254 2194
27255 2194
27256 2194
27257 2194
27258 2194
27259 2194
27260 2194
27261 2194
27262 2194
27263 2194
27264 2194
27265 2194
27266 2194
27267 2194
27268 2194
27269 2194
27270 2194
27271 2194
27272 2194
27273 2194
27274 2194
27275 2194
27276 2194
27277 2194
27278 2194
27279 2194
27280 2194
27281 2194
27282 2194
27283 2194
27284 2194
27285 2194
27286 2194
27287 2194
27288 2194
27289 2194
27290 2194
27291 2194
27292 2194
27293 2193
27294 2193
27295 2193
27296 2193
27297 2193
27298 2193
27299 2193
27300 2193
27301 2193
27302 2193
27303 2193
27304 2193
27305 2193
27306 2193
27307 2193
27308 2193
27309 2193
27310 2193
27311 2193
27312 2193
27313 2193
27314 2193
27315 2193
27316 2193
27317 2193
27318 2193
27319 2193
27320 2193
27321 2193
27322 2193
27323 2193
27324 2193
27325 2193
27326 2193
27327 2193
27328 2193
27329 2193
27330 2193
27331 2193
27332 2193
27333 2193
27334 2193
27335 2193
27336 2193
27337 2193
27338 2193
27339 2193
27340 2193
27341 2193
27342 2193
27343 2193
27344 2193
27345 2193
27346 2193
27347 2193
27348 2193
27349 2193
27350 2193
27351 2193
27352 2193
27353 2193
27354 2193
27355 2193
27356 2193
27357 2193
27358 2193
27359 2193
27360 2193
27361 2193
27362 2193
27363 2193
27364 2193
27365 2193
27366 2193
27367 2193
27368 2193
27369 2193
27370 2193
27371 2193
27372 2193
27373 2193
27374 2193
27375 2193
27376 2193
27377 2193
27378 2193
27379 2193
27380 2193
27381 2193
27382 2193
27383 2193
27384 2193
27385 2193
27386 2193
27387 2193
27388 2193
27389 2193
27390 2193
27391 2193
27392 2193
27393 2193
27394 2193
27395 2193
27396 2193
27397 2193
27398 2193
27399 2193
27400 2193
27401 2193
27402 2193
27403 2193
27404 2193
27405 2193
27406 2193
27407 2193
27408 2193
27409 2193
27410 2193
27411 2193
27412 2193
27413 2193
27414 2193
27415 2193
27416 2193
27417 2193
27418 2193
27419 2193
27420 2193
27421 2193
27422 2193
27423 2193
27424 2193
27425 2193
27426 2193
27427 2193
27428 2193
27429 2193
27430 2193
27431 2193
27432 2193
27433 2193
27434 2193
27435 2193
27436 2193
27437 2193
27438 2193
27439 2193
27440 2193
27441 2193
27442 2193
27443 2193
27444 2193
27445 2193
27446 2193
27447 2193
27448 2193
27449 2193
27450 2193
27451 2193
27452 2193
27453 2193
27454 2193
27455 2193
27456 2193
27457 2193
27458 2193
27459 2193
27460 2193
27461 2193
27462 2193
27463 2193
27464 2193
27465 2193
27466 2193
27467 2193
27468 2193
27469 2193
27470 2193
27471 2193
27472 2193
27473 2193
27474 2193
27475 2193
27476 2193
27477 2193
27478 2193
27479 2193
27480 2193
27481 2193
27482 2193
27483 2193
27484 2193
27485 2193
27486 2193
27487 2193
27488 2193
27489 2193
27490 2193
27491 2193
27492 2193
27493 2193
27494 2193
27495 2193
27496 2193
27497 2193
27498 2193
27499 2193
27500 2193
27501 2193
27502 2193
27503 2193
27504 2193
27505 2193
27506 2193
27507 2193
27508 2193
27509 2193
27510 2193
27511 2193
27512 2193
27513 2193
27514 2193
27515 2193
27516 2193
27517 2193
27518 2193
27519 2193
27520 2193
27521 2193
27522 2193
27523 2193
27524 2193
27525 2193
27526 2193
27527 2193
27528 2193
27529 2193
27530 2193
27531 2193
27532 2193
27533 2193
27534 2193
27535 2193
27536 2193
27537 2193
27538 2193
27539 2193
27540 2193
27541 2193
27542 2193
27543 2193
27544 2193
27545 2193
27546 2193
27547 2193
27548 2193
27549 2193
27550 2193
27551 2193
27552 2193
27553 2193
27554 2193
27555 2193
27556 2193
27557 2193
27558 2193
27559 2193
27560 2193
27561 2193
27562 2193
27563 2193
27564 2193
27565 2193
27566 2193
27567 2193
27568 2193
27569 2193
27570 2193
27571 2193
27572 2193
27573 2193
27574 2193
27575 2193
27576 2193
27577 2193
27578 2193
27579 2193
27580 2193
27581 2193
27582 2193
27583 2193
27584 2193
27585 2193
27586 2193
27587 2193
27588 2193
27589 2193
27590 2193
27591 2193
27592 2193
27593 2193
27594 2193
27595 2193
27596 2193
27597 2193
27598 2193
27599 2193
27600 2193
27601 2193
27602 2193
27603 2193
27604 2193
27605 2193
27606 2193
27607 2193
27608 2193
27609 2193
27610 2193
27611 2193
27612 2193
27613 2193
27614 2193
27615 2193
27616 2193
27617 2193
27618 2193
27619 2193
27620 2193
27621 2193
27622 2193
27623 2193
27624 2193
27625 2193
27626 2193
27627 2193
27628 2193
27629 2193
27630 2193
27631 2193
27632 2193
27633 2193
27634 2193
27635 2193
27636 2193
27637 2193
27638 2193
27639 2193
27640 2193
27641 2193
27642 2193
27643 2193
27644 2193
27645 2193
27646 2193
27647 2193
27648 2193
27649 2193
27650 2193
27651 2193
27652 2193
27653 2193
27654 2193
27655 2193
27656 2193
27657 2193
27658 2193
27659 2193
27660 2193
27661 2193
27662 2193
27663 2193
27664 2193
27665 2193
27666 2193
27667 2193
27668 2193
27669 2193
27670 2193
27671 2193
27672 2193
27673 2193
27674 2193
27675 2193
27676 2193
27677 2193
27678 2193
27679 2193
27680 2193
27681 2193
27682 2193
27683 2193
27684 2193
27685 2193
27686 2193
27687 2193
27688 2193
27689 2193
27690 2193
27691 2193
27692 2193
27693 2193
27694 2193
27695 2193
27696 2193
27697 2193
27698 2193
27699 2193
27700 2193
27701 2193
27702 2193
27703 2193
27704 2193
27705 2193
27706 2193
27707 2193
27708 2193
27709 2193
27710 2193
27711 2193
27712 2193
27713 2193
27714 2193
27715 2193
27716 2193
27717 2193
27718 2193
27719 2193
27720 2193
27721 2193
27722 2193
27723 2193
27724 2193
27725 2193
27726 2193
27727 2193
27728 2193
27729 2193
27730 2193
27731 2193
27732 2193
27733 2193
27734 2193
27735 2193
27736 2193
27737 2193
27738 2193
27739 2193
27740 2193
27741 2193
27742 2193
27743 2193
27744 2193
27745 2193
27746 2193
27747 2193
27748 2193
27749 2193
27750 2193
27751 2193
27752 2193
27753 2193
27754 2193
27755 2193
27756 2193
27757 2193
27758 2193
27759 2193
27760 2193
27761 2193
27762 2193
27763 2193
27764 2193
27765 2193
27766 2193
27767 2193
27768 2193
27769 2193
27770 2193
27771 2193
27772 2193
27773 2193
27774 2193
27775 2193
27776 2193
27777 2193
27778 2193
27779 2193
27780 2193
27781 2193
27782 2193
27783 2193
27784 2192
27785 2192
27786 2192
27787 2192
27788 2192
27789 2192
27790 2192
27791 2192
27792 2192
27793 2192
27794 2192
27795 2192
27796 2192
27797 2192
27798 2192
27799 2192
27800 2192
27801 2192
27802 2192
27803 2192
27804 2192
27805 2192
27806 2192
27807 2192
27808 2192
27809 2192
27810 2192
27811 2192
27812 2192
27813 2192
27814 2192
27815 2192
27816 2192
27817 2192
27818 2192
27819 2192
27820 2192
27821 2192
27822 2192
27823 2192
27824 2192
27825 2192
27826 2192
27827 2192
27828 2192
27829 2192
27830 2192
27831 2192
27832 2192
27833 2192
27834 2192
27835 2192
27836 2192
27837 2192
27838 2192
27839 2192
27840 2192
27841 2192
27842 2192
27843 2192
27844 2192
27845 2192
27846 2192
27847 2192
27848 2192
27849 2192
27850 2192
27851 2192
27852 2192
27853 2192
27854 2192
27855 2192
27856 2192
27857 2192
27858 2192
27859 2192
27860 2192
27861 2192
27862 2192
27863 2192
27864 2192
27865 2192
27866 2192
27867 2192
27868 2192
27869 2192
27870 2192
27871 2192
27872 2192
27873 2192
27874 2192
27875 2192
27876 2192
27877 2192
27878 2192
27879 2192
27880 2192
27881 2192
27882 2192
27883 2192
27884 2192
27885 2192
27886 2192
27887 2192
27888 2192
27889 2192
27890 2192
27891 2192
27892 2192
27893 2192
27894 2192
27895 2192
27896 2192
27897 2192
27898 2192
27899 2192
27900 2192
27901 2192
27902 2192
27903 2192
27904 2192
27905 2192
27906 2192
27907 2192
27908 2192
27909 2192
27910 2192
27911 2192
27912 2192
27913 2192
27914 2192
27915 2192
27916 2192
27917 2192
27918 2192
27919 2192
27920 2192
27921 2192
27922 2192
27923 2192
27924 2192
27925 2192
27926 2192
27927 2192
27928 2192
27929 2192
27930 2192
27931 2192
27932 2192
27933 2192
27934 2192
27935 2192
27936 2192
27937 2192
27938 2192
27939 2192
27940 2192
27941 2192
27942 2192
27943 2192
27944 2192
27945 2192
27946 2192
27947 2192
27948 2192
27949 2192
27950 2192
27951 2192
27952 2192
27953 2192
27954 2192
27955 2192
27956 2192
27957 2192
27958 2192
27959 2192
27960 2192
27961 2192
27962 2192
27963 2192
27964 2192
27965 2192
27966 2192
27967 2192
27968 2192
27969 2192
27970 2192
27971 2192
27972 2192
27973 2192
27974 2192
27975 2192
27976 2192
27977 2192
27978 2192
27979 2192
27980 2192
27981 2192
27982 2192
27983 2192
27984 2192
27985 2192
27986 2192
27987 2192
27988 2190
27989 2190
27990 2190
27991 2190
27992 2190
27993 2190
27994 2190
27995 2190
27996 2190
27997 2190
27998 2190
27999 2190
28000 2190
28001 2190
28002 2190
28003 2190
28004 2190
28005 2190
28006 2190
28007 2190
28008 2190
28009 2190
28010 2190
28011 2190
28012 2190
28013 2190
28014 2190
28015 2190
28016 2190
28017 2190
28018 2190
28019 2190
28020 2190
28021 2190
28022 2190
28023 2190
28024 2190
28025 2190
28026 2190
28027 2190
28028 2190
28029 2190
28030 2190
28031 2190
28032 2190
28033 2190
28034 2190
28035 2190
28036 2190
28037 2190
28038 2190
28039 2190
28040 2190
28041 2190
28042 2190
28043 2190
28044 2190
28045 2190
28046 2190
28047 2190
28048 2190
28049 2190
28050 2190
28051 2190
28052 2190
28053 2190
28054 2190
28055 2190
28056 2190
28057 2190
28058 2190
28059 2190
28060 2190
28061 2190
28062 2190
28063 2190
28064 2190
28065 2190
28066 2190
28067 2190
28068 2190
28069 2190
28070 2190
28071 2190
28072 2190
28073 2190
28074 2190
28075 2190
28076 2190
28077 2190
28078 2190
28079 2190
28080 2190
28081 2190
28082 2190
28083 2190
28084 2190
28085 2190
28086 2190
28087 2190
28088 2190
28089 2190
28090 2190
28091 2190
28092 2190
28093 2190
28094 2190
28095 2190
28096 2190
28097 2190
28098 2190
28099 2190
28100 2190
28101 2190
28102 2190
28103 2190
28104 2190
28105 2190
28106 2190
28107 2190
28108 2190
28109 2190
28110 2190
28111 2190
28112 2190
28113 2190
28114 2190
28115 2190
28116 2190
28117 2190
28118 2190
28119 2190
28120 2190
28121 2190
28122 2190
28123 2190
28124 2190
28125 2190
28126 2190
28127 2190
28128 2190
28129 2190
28130 2190
28131 2190
28132 2190
28133 2190
28134 2190
28135 2190
28136 2190
28137 2190
28138 2190
28139 2190
28140 2190
28141 2190
28142 2190
28143 2190
28144 2190
28145 2190
28146 2190
28147 2190
28148 2190
28149 2190
28150 2190
28151 2190
28152 2190
28153 2190
28154 2190
28155 2190
28156 2190
28157 2190
28158 2190
28159 2190
28160 2190
28161 2186
28162 2186
28163 2186
28164 2186
28165 2186
28166 2186
28167 2186
28168 2186
28169 2186
28170 2186
28171 2186
28172 2186
28173 2186
28174 2186
28175 2186
28176 2186
28177 2186
28178 2186
28179 2186
28180 2186
28181 2186
28182 2186
28183 2186
28184 2186
28185 2186
28186 2186
28187 2186
28188 2186
28189 2186
28190 2186
28191 2186
28192 2186
28193 2186
28194 2186
28195 2186
28196 2186
28197 2186
28198 2186
28199 2186
28200 2186
28201 2186
28202 2186
28203 2186
28204 2186
28205 2186
28206 2186
28207 2186
28208 2186
28209 2186
28210 2186
28211 2186
28212 2186
28213 2186
28214 2186
28215 2186
28216 2186
28217 2186
28218 2186
28219 2186
28220 2181
28221 2181
28222 2181
28223 2181
28224 2181
28225 2181
28226 2181
28227 2181
28228 2181
28229 2181
28230 2181
28231 2181
28232 2181
28233 2181
28234 2181
28235 2181
28236 2181
28237 2181
28238 2181
28239 2181
28240 2181
28241 2181
28242 2181
28243 2181
28244 2181
28245 2181
28246 2181
28247 2181
28248 2181
28249 2181
28250 2181
28251 2181
28252 2181
28253 2181
28254 2181
28255 2181
28256 2181
28257 2181
28258 2181
28259 2181
28260 2181
28261 2181
28262 2181
28263 2181
28264 2181
28265 2181
28266 2181
28267 2181
28268 2181
28269 2181
28270 2181
28271 2181
28272 2181
28273 2181
28274 2181
28275 2181
28276 2181
28277 2181
28278 2181
28279 2181
28280 2181
28281 2181
28282 2181
28283 2181
28284 2181
28285 2181
28286 2181
28287 2181
28288 2181
28289 2181
28290 2181
28291 2181
28292 2181
28293 2181
28294 2181
28295 2181
28296 2181
28297 2181
28298 2181
28299 2181
28300 2181
28301 2181
28302 2181
28303 2181
28304 2181
28305 2181
28306 2181
28307 2181
28308 2181
28309 2181
28310 2181
28311 2181
28312 2181
28313 2181
28314 2181
28315 2181
28316 2181
28317 2181
28318 2181
28319 2181
28320 2181
28321 2181
28322 2181
28323 2181
28324 2181
28325 2181
28326 2181
28327 2181
28328 2181
28329 2181
28330 2181
28331 2181
28332 2181
28333 2181
28334 2181
28335 2181
28336 2181
28337 2181
28338 2181
28339 2181
28340 2181
28341 2181
28342 2181
28343 2181
28344 2181
28345 2181
28346 2181
28347 2181
28348 2181
28349 2181
28350 2181
28351 2181
28352 2181
28353 2181
28354 2181
28355 2181
28356 2181
28357 2181
28358 2181
28359 2181
28360 2181
28361 2181
28362 2181
28363 2181
28364 2181
28365 2181
28366 2181
28367 2181
28368 2181
28369 2181
28370 2181
28371 2181
28372 2181
28373 2181
28374 2181
28375 2181
28376 2181
28377 2181
28378 2181
28379 2181
28380 2181
28381 2181
28382 2181
28383 2181
28384 2181
28385 2181
28386 2181
28387 2181
28388 2181
28389 2181
28390 2181
28391 2181
28392 2181
28393 2181
28394 2181
28395 2181
28396 2181
28397 2181
28398 2181
28399 2181
28400 2181
28401 2181
28402 2181
28403 2181
28404 2181
28405 2181
28406 2181
28407 2181
28408 2181
28409 2181
28410 2181
28411 2181
28412 2181
28413 2181
28414 2181
28415 2181
28416 2181
28417 2181
28418 2181
28419 2181
28420 2181
28421 2181
28422 2181
28423 2181
28424 2181
28425 2181
28426 2181
28427 2181
28428 2181
28429 2181
28430 2181
28431 2181
28432 2181
28433 2181
28434 2181
28435 2181
28436 2181
28437 2181
28438 2181
28439 2181
28440 2181
28441 2181
28442 2181
28443 2181
28444 2181
28445 2181
28446 2181
28447 2181
28448 2181
28449 2181
28450 2181
28451 2181
28452 2181
28453 2181
28454 2181
28455 2181
28456 2181
28457 2181
28458 2181
28459 2181
28460 2181
28461 2181
28462 2181
28463 2181
28464 2181
28465 2181
28466 2181
28467 2181
28468 2181
28469 2181
28470 2181
28471 2181
28472 2181
28473 2181
28474 2181
28475 2181
28476 2181
28477 2181
28478 2181
28479 2181
28480 2181
28481 2181
28482 2181
28483 2181
28484 2181
28485 2181
28486 2181
28487 2181
28488 2181
28489 2181
28490 2181
28491 2181
28492 2181
28493 2181
28494 2181
28495 2181
28496 2181
28497 2181
28498 2181
28499 2181
28500 2181
28501 2181
28502 2181
28503 2181
28504 2181
28505 2181
28506 2181
28507 2181
28508 2181
28509 2181
28510 2181
28511 2181
28512 2181
28513 2181
28514 2181
28515 2181
28516 2181
28517 2181
28518 2181
28519 2181
28520 2181
28521 2181
28522 2181
28523 2181
28524 2181
28525 2181
28526 2181
28527 2181
28528 2181
28529 2181
28530 2181
28531 2181
28532 2181
28533 2181
28534 2181
28535 2181
28536 2181
28537 2181
28538 2181
28539 2181
28540 2181
28541 2181
28542 2181
28543 2181
28544 2181
28545 2181
28546 2181
28547 2181
28548 2181
28549 2181
28550 2181
28551 2181
28552 2181
28553 2181
28554 2181
28555 2181
28556 2181
28557 2181
28558 2181
28559 2181
28560 2181
28561 2181
28562 2181
28563 2181
28564 2181
28565 2181
28566 2181
28567 2181
28568 2181
28569 2181
28570 2181
28571 2181
28572 2181
28573 2181
28574 2181
28575 2181
28576 2181
28577 2181
28578 2181
28579 2181
28580 2181
28581 2181
28582 2181
28583 2181
28584 2181
28585 2181
28586 2181
28587 2181
28588 2181
28589 2181
28590 2181
28591 2180
28592 2180
28593 2180
28594 2180
28595 2180
28596 2180
28597 2180
28598 2180
28599 2180
28600 2180
28601 2180
28602 2180
28603 2180
28604 2180
28605 2180
28606 2180
28607 2180
28608 2180
28609 2180
28610 2180
28611 2180
28612 2180
28613 2180
28614 2180
28615 2180
28616 2180
28617 2180
28618 2180
28619 2180
28620 2180
28621 2180
28622 2180
28623 2180
28624 2180
28625 2180
28626 2180
28627 2180
28628 2180
28629 2180
28630 2180
28631 2180
28632 2180
28633 2180
28634 2180
28635 2180
28636 2180
28637 2180
28638 2180
28639 2180
28640 2180
28641 2180
28642 2180
28643 2180
28644 2180
28645 2180
28646 2180
28647 2180
28648 2180
28649 2180
28650 2180
28651 2180
28652 2180
28653 2180
28654 2180
28655 2180
28656 2180
28657 2180
28658 2180
28659 2180
28660 2180
28661 2180
28662 2180
28663 2180
28664 2180
28665 2180
28666 2180
28667 2180
28668 2180
28669 2180
28670 2180
28671 2180
28672 2180
28673 2180
28674 2180
28675 2180
28676 2180
28677 2180
28678 2180
28679 2180
28680 2180
28681 2180
28682 2180
28683 2180
28684 2180
28685 2180
28686 2180
28687 2180
28688 2180
28689 2180
28690 2180
28691 2180
28692 2180
28693 2180
28694 2180
28695 2180
28696 2180
28697 2180
28698 2180
28699 2180
28700 2180
28701 2180
28702 2180
28703 2180
28704 2180
28705 2180
28706 2180
28707 2180
28708 2180
28709 2180
28710 2180
28711 2180
28712 2180
28713 2180
28714 2180
28715 2180
28716 2180
28717 2180
28718 2180
28719 2180
28720 2180
28721 2180
28722 2180
28723 2180
28724 2180
28725 2180
28726 2180
28727 2180
28728 2180
28729 2180
28730 2180
28731 2180
28732 2180
28733 2180
28734 2180
28735 2180
28736 2180
28737 2180
28738 2180
28739 2180
28740 2180
28741 2180
28742 2180
28743 2180
28744 2180
28745 2180
28746 2180
28747 2180
28748 2180
28749 2180
28750 2180
28751 2180
28752 2180
28753 2180
28754 2180
28755 2180
28756 2180
28757 2180
28758 2180
28759 2180
28760 2180
28761 2180
28762 2180
28763 2180
28764 2180
28765 2180
28766 2180
28767 2180
28768 2180
28769 2180
28770 2180
28771 2180
28772 2180
28773 2180
28774 2180
28775 2171
28776 2171
28777 2171
28778 2171
28779 2171
28780 2171
28781 2171
28782 2171
28783 2171
28784 2171
28785 2171
28786 2171
28787 2171
28788 2171
28789 2171
28790 2171
28791 2171
28792 2171
28793 2171
28794 2171
28795 2171
28796 2171
28797 2171
28798 2171
28799 2171
28800 2171
28801 2171
28802 2171
28803 2171
28804 2171
28805 2171
28806 2171
28807 2171
28808 2171
28809 2171
28810 2171
28811 2171
28812 2171
28813 2171
28814 2171
28815 2171
28816 2171
28817 2171
28818 2171
28819 2171
28820 2171
28821 2171
28822 2171
28823 2171
28824 2171
28825 2171
28826 2171
28827 2171
28828 2171
28829 2171
28830 2171
28831 2171
28832 2171
28833 2171
28834 2171
28835 2171
28836 2171
28837 2171
28838 2171
28839 2171
28840 2171
28841 2171
28842 2171
28843 2171
28844 2171
28845 2171
28846 2171
28847 2171
28848 2171
28849 2171
28850 2171
28851 2171
28852 2171
28853 2171
28854 2171
28855 2171
28856 2171
28857 2171
28858 2171
28859 2171
28860 2171
28861 2171
28862 2171
28863 2171
28864 2171
28865 2171
28866 2171
28867 2171
28868 2171
28869 2171
28870 2171
28871 2171
28872 2171
28873 2171
28874 2171
28875 2171
28876 2171
28877 2171
28878 2171
28879 2171
28880 2171
28881 2171
28882 2171
28883 2171
28884 2171
28885 2171
28886 2171
28887 2171
28888 2171
28889 2171
28890 2171
28891 2171
28892 2171
28893 2171
28894 2171
28895 2171
28896 2171
28897 2171
28898 2171
28899 2171
28900 2171
28901 2171
28902 2171
28903 2171
28904 2171
28905 2171
28906 2171
28907 2171
28908 2171
28909 2171
28910 2171
28911 2171
28912 2171
28913 2171
28914 2171
28915 2171
28916 2171
28917 2171
28918 2171
28919 2171
28920 2171
28921 2171
28922 2171
28923 2171
28924 2171
28925 2171
28926 2171
28927 2171
28928 2171
28929 2171
28930 2171
28931 2171
28932 2171
28933 2171
28934 2171
28935 2171
28936 2171
28937 2171
28938 2171
28939 2171
28940 2171
28941 2171
28942 2171
28943 2171
28944 2171
28945 2171
28946 2171
28947 2171
28948 2171
28949 2171
28950 2171
28951 2171
28952 2171
28953 2171
28954 2171
28955 2171
28956 2171
28957 2171
28958 2171
28959 2171
28960 2171
28961 2171
28962 2171
28963 2171
28964 2171
28965 2171
28966 2171
28967 2171
28968 2171
28969 2171
28970 2171
28971 2165
28972 2165
28973 2165
28974 2165
28975 2165
28976 2165
28977 2165
28978 2165
28979 2165
28980 2165
28981 2165
28982 2165
28983 2165
28984 2165
28985 2165
28986 2165
28987 2165
28988 2165
28989 2165
28990 2165
28991 2165
28992 2165
28993 2165
28994 2165
28995 2165
28996 2165
28997 2165
28998 2165
28999 2165
29000 2165
29001 2165
29002 2165
29003 2165
29004 2165
29005 2165
29006 2165
29007 2165
29008 2165
29009 2165
29010 2165
29011 2165
29012 2165
29013 2165
29014 2165
29015 2165
29016 2165
29017 2165
29018 2165
29019 2165
29020 2165
29021 2165
29022 2165
29023 2165
29024 2165
29025 2165
29026 2165
29027 2165
29028 2165
29029 2165
29030 2165
29031 2165
29032 2165
29033 2165
29034 2165
29035 2165
29036 2165
29037 2165
29038 2165
29039 2165
29040 2165
29041 2165
29042 2165
29043 2165
29044 2165
29045 2165
29046 2165
29047 2165
29048 2165
29049 2165
29050 2165
29051 2165
29052 2165
29053 2165
29054 2165
29055 2165
29056 2165
29057 2165
29058 2165
29059 2165
29060 2165
29061 2165
29062 2165
29063 2165
29064 2165
29065 2165
29066 2165
29067 2165
29068 2165
29069 2165
29070 2165
29071 2165
29072 2165
29073 2165
29074 2165
29075 2165
29076 2165
29077 2165
29078 2165
29079 2165
29080 2165
29081 2165
29082 2165
29083 2165
29084 2165
29085 2165
29086 2165
29087 2165
29088 2165
29089 2165
29090 2165
29091 2165
29092 2165
29093 2165
29094 2165
29095 2165
29096 2165
29097 2165
29098 2165
29099 2165
29100 2165
29101 2165
29102 2165
29103 2165
29104 2165
29105 2165
29106 2165
29107 2165
29108 2165
29109 2165
29110 2165
29111 2165
29112 2165
29113 2165
29114 2165
29115 2165
29116 2165
29117 2165
29118 2165
29119 2165
29120 2165
29121 2165
29122 2165
29123 2165
29124 2165
29125 2165
29126 2165
29127 2165
29128 2165
29129 2165
29130 2165
29131 2165
29132 2165
29133 2165
29134 2165
29135 2165
29136 2165
29137 2165
29138 2165
29139 2165
29140 2165
29141 2165
29142 2165
29143 2165
29144 2165
29145 2165
29146 2165
29147 2165
29148 2165
29149 2165
29150 2165
29151 2165
29152 2165
29153 2165
29154 2165
29155 2165
29156 2165
29157 2165
29158 2165
29159 2165
29160 2165
29161 2165
29162 2165
29163 2165
29164 2165
29165 2165
29166 2165
29167 2165
29168 2165
29169 2165
29170 2165
29171 2165
29172 2165
29173 2165
29174 2165
29175 2165
29176 2157
29177 2157
29178 2157
29179 2157
29180 2157
29181 2157
29182 2157
29183 2157
29184 2157
29185 2157
29186 2157
29187 2157
29188 2157
29189 2157
29190 2157
29191 2157
29192 2157
29193 2157
29194 2157
29195 2157
29196 2157
29197 2157
29198 2157
29199 2157
29200 2157
29201 2157
29202 2157
29203 2157
29204 2157
29205 2157
29206 2157
29207 2157
29208 2157
29209 2157
29210 2157
29211 2157
29212 2157
29213 2157
29214 2157
29215 2157
29216 2157
29217 2157
29218 2157
29219 2157
29220 2157
29221 2157
29222 2157
29223 2157
29224 2157
29225 2157
29226 2157
29227 2157
29228 2157
29229 2157
29230 2157
29231 2157
29232 2157
29233 2157
29234 2157
29235 2157
29236 2157
29237 2157
29238 2157
29239 2157
29240 2157
29241 2157
29242 2157
29243 2157
29244 2157
29245 2157
29246 2157
29247 2157
29248 2157
29249 2157
29250 2157
29251 2157
29252 2157
29253 2157
29254 2157
29255 2157
29256 2157
29257 2157
29258 2157
29259 2157
29260 2157
29261 2157
29262 2157
29263 2157
29264 2157
29265 2157
29266 2157
29267 2157
29268 2157
29269 2157
29270 2157
29271 2157
29272 2157
29273 2157
29274 2157
29275 2157
29276 2157
29277 2157
29278 2157
29279 2157
29280 2157
29281 2157
29282 2157
29283 2157
29284 2157
29285 2157
29286 2157
29287 2157
29288 2157
29289 2157
29290 2157
29291 2157
29292 2157
29293 2157
29294 2157
29295 2157
29296 2157
29297 2157
29298 2157
29299 2157
29300 2157
29301 2157
29302 2157
29303 2157
29304 2157
29305 2157
29306 2157
29307 2157
29308 2157
29309 2157
29310 2157
29311 2157
29312 2157
29313 2157
29314 2157
29315 2157
29316 2157
29317 2157
29318 2157
29319 2157
29320 2157
29321 2157
29322 2157
29323 2157
29324 2157
29325 2157
29326 2157
29327 2157
29328 2157
29329 2157
29330 2157
29331 2157
29332 2157
29333 2157
29334 2157
29335 2157
29336 2157
29337 2157
29338 2157
29339 2157
29340 2157
29341 2157
29342 2157
29343 2157
29344 2157
29345 2157
29346 2157
29347 2157
29348 2157
29349 2157
29350 2157
29351 2157
29352 2157
29353 2157
29354 2157
29355 2157
29356 2157
29357 2157
29358 2157
29359 2157
29360 2157
29361 2157
29362 2157
29363 2157
29364 2157
29365 2157
29366 2157
29367 2157
29368 2157
29369 2157
29370 2157
29371 2157
29372 2157
29373 2157
29374 2157
29375 2157
29376 2157
29377 2157
29378 2157
29379 2157
29380 2157
29381 2157
29382 2157
29383 2157
29384 2157
29385 2157
29386 2157
29387 2157
29388 2157
29389 2157
29390 2157
29391 2157
29392 2157
29393 2157
29394 2157
29395 2157
29396 2157
29397 2157
29398 2157
29399 2157
29400 2157
29401 2157
29402 2157
29403 2157
29404 2157
29405 2157
29406 2157
29407 2157
29408 2157
29409 2157
29410 2157
29411 2157
29412 2157
29413 2157
29414 2157
29415 2157
29416 2157
29417 2157
29418 2157
29419 2157
29420 2157
29421 2157
29422 2157
29423 2157
29424 2157
29425 2157
29426 2157
29427 2157
29428 2157
29429 2157
29430 2157
29431 2157
29432 2157
29433 2157
29434 2157
29435 2157
29436 2157
29437 2157
29438 2157
29439 2157
29440 2157
29441 2157
29442 2157
29443 2157
29444 2157
29445 2157
29446 2157
29447 2157
29448 2157
29449 2157
29450 2157
29451 2157
29452 2157
29453 2157
29454 2157
29455 2157
29456 2157
29457 2157
29458 2157
29459 2157
29460 2157
29461 2157
29462 2157
29463 2157
29464 2157
29465 2147
29466 2147
29467 2147
29468 2147
29469 2147
29470 2147
29471 2147
29472 2147
29473 2147
29474 2147
29475 2147
29476 2147
29477 2147
29478 2147
29479 2147
29480 2147
29481 2147
29482 2147
29483 2147
29484 2147
29485 2147
29486 2147
29487 2147
29488 2147
29489 2147
29490 2147
29491 2147
29492 2147
29493 2147
29494 2147
29495 2147
29496 2147
29497 2147
29498 2147
29499 2147
29500 2147
29501 2147
29502 2147
29503 2147
29504 2147
29505 2147
29506 2147
29507 2147
29508 2147
29509 2147
29510 2147
29511 2147
29512 2147
29513 2147
29514 2147
29515 2147
29516 2147
29517 2147
29518 2147
29519 2147
29520 2147
29521 2147
29522 2147
29523 2147
29524 2147
29525 2147
29526 2147
29527 2147
29528 2147
29529 2147
29530 2147
29531 2147
29532 2147
29533 2147
29534 2147
29535 2147
29536 2147
29537 2147
29538 2147
29539 2147
29540 2147
29541 2147
29542 2147
29543 2147
29544 2147
29545 2147
29546 2147
29547 2147
29548 2147
29549 2147
29550 2147
29551 2147
29552 2147
29553 2147
29554 2147
29555 2147
29556 2147
29557 2147
29558 2147
29559 2147
29560 2147
29561 2147
29562 2147
29563 2147
29564 2147
29565 2147
29566 2147
29567 2147
29568 2147
29569 2147
29570 2147
29571 2147
29572 2147
29573 2147
29574 2147
29575 2147
29576 2147
29577 2147
29578 2147
29579 2147
29580 2147
29581 2147
29582 2147
29583 2147
29584 2147
29585 2147
29586 2147
29587 2147
29588 2147
29589 2147
29590 2147
29591 2147
29592 2147
29593 2147
29594 2147
29595 2147
29596 2147
29597 2147
29598 2147
29599 2147
29600 2147
29601 2147
29602 2147
29603 2147
29604 2147
29605 2147
29606 2147
29607 2147
29608 2147
29609 2147
29610 2147
29611 2147
29612 2147
29613 2147
29614 2147
29615 2147
29616 2147
29617 2147
29618 2147
29619 2147
29620 2147
29621 2147
29622 2147
29623 2147
29624 2147
29625 2147
29626 2147
29627 2147
29628 2147
29629 2147
29630 2147
29631 2147
29632 2147
29633 2147
29634 2147
29635 2147
29636 2147
29637 2147
29638 2147
29639 2147
29640 2147
29641 2147
29642 2147
29643 2147
29644 2147
29645 2147
29646 2147
29647 2147
29648 2147
29649 2147
29650 2147
29651 2147
29652 2147
29653 2147
29654 2147
29655 2147
29656 2147
29657 2147
29658 2147
29659 2147
29660 2147
29661 2147
29662 2147
29663 2147
29664 2147
29665 2147
29666 2147
29667 2147
29668 2147
29669 2147
29670 2147
29671 2147
29672 2147
29673 2147
29674 2147
29675 2147
29676 2147
29677 2147
29678 2147
29679 2147
29680 2147
29681 2147
29682 2147
29683 2147
29684 2147
29685 2147
29686 2147
29687 2147
29688 2147
29689 2147
29690 2147
29691 2147
29692 2147
29693 2147
29694 2147
29695 2147
29696 2147
29697 2147
29698 2147
29699 2147
29700 2147
29701 2147
29702 2147
29703 2147
29704 2147
29705 2147
29706 2147
29707 2147
29708 2147
29709 2147
29710 2147
29711 2147
29712 2147
29713 2147
29714 2147
29715 2147
29716 2147
29717 2147
29718 2147
29719 2147
29720 2147
29721 2147
29722 2147
29723 2147
29724 2147
29725 2147
29726 2147
29727 2147
29728 2147
29729 2147
29730 2147
29731 2147
29732 2147
29733 2147
29734 2147
29735 2147
29736 2147
29737 2147
29738 2147
29739 2147
29740 2147
29741 2147
29742 2147
29743 2147
29744 2147
29745 2147
29746 2147
29747 2147
29748 2147
29749 2147
29750 2147
29751 2147
29752 2147
29753 2147
29754 2147
29755 2147
29756 2147
29757 2147
29758 2147
29759 2147
29760 2147
29761 2147
29762 2147
29763 2147
29764 2147
29765 2147
29766 2147
29767 2147
29768 2147
29769 2147
29770 2147
29771 2147
29772 2147
29773 2147
29774 2147
29775 2147
29776 2147
29777 2147
29778 2147
29779 2147
29780 2147
29781 2147
29782 2147
29783 2147
29784 2147
29785 2147
29786 2147
29787 2147
29788 2147
29789 2147
29790 2147
29791 2147
29792 2147
29793 2147
29794 2147
29795 2147
29796 2147
29797 2147
29798 2147
29799 2147
29800 2147
29801 2147
29802 2147
29803 2147
29804 2147
29805 2147
29806 2147
29807 2147
29808 2147
29809 2147
29810 2147
29811 2147
29812 2147
29813 2147
29814 2147
29815 2147
29816 2147
29817 2147
29818 2147
29819 2147
29820 2147
29821 2147
29822 2147
29823 2147
29824 2147
29825 2147
29826 2147
29827 2147
29828 2147
29829 2147
29830 2147
29831 2147
29832 2147
29833 2147
29834 2147
29835 2147
29836 2147
29837 2147
29838 2147
29839 2147
29840 2147
29841 2147
29842 2147
29843 2147
29844 2147
29845 2147
29846 2147
29847 2147
29848 2138
29849 2138
29850 2138
29851 2138
29852 2138
29853 2138
29854 2138
29855 2138
29856 2138
29857 2138
29858 2138
29859 2138
29860 2138
29861 2138
29862 2138
29863 2138
29864 2138
29865 2138
29866 2138
29867 2138
29868 2138
29869 2138
29870 2138
29871 2138
29872 2138
29873 2138
29874 2138
29875 2138
29876 2138
29877 2138
29878 2138
29879 2138
29880 2138
29881 2138
29882 2138
29883 2138
29884 2138
29885 2138
29886 2138
29887 2138
29888 2138
29889 2138
29890 2138
29891 2138
29892 2138
29893 2138
29894 2138
29895 2138
29896 2138
29897 2138
29898 2138
29899 2138
29900 2138
29901 2138
29902 2138
29903 2138
29904 2138
29905 2138
29906 2138
29907 2138
29908 2138
29909 2138
29910 2138
29911 2138
29912 2138
29913 2138
29914 2138
29915 2138
29916 2138
29917 2138
29918 2138
29919 2138
29920 2138
29921 2138
29922 2138
29923 2138
29924 2138
29925 2138
29926 2138
29927 2138
29928 2138
29929 2138
29930 2138
29931 2138
29932 2138
29933 2138
29934 2138
29935 2138
29936 2138
29937 2138
29938 2138
29939 2138
29940 2138
29941 2138
29942 2138
29943 2138
29944 2138
29945 2138
29946 2138
29947 2138
29948 2138
29949 2138
29950 2138
29951 2138
29952 2138
29953 2138
29954 2138
29955 2138
29956 2138
29957 2138
29958 2138
29959 2138
29960 2138
29961 2138
29962 2138
29963 2138
29964 2138
29965 2138
29966 2138
29967 2138
29968 2138
29969 2138
29970 2138
29971 2138
29972 2138
29973 2138
29974 2138
29975 2138
29976 2138
29977 2138
29978 2138
29979 2138
29980 2138
29981 2138
29982 2138
29983 2138
29984 2138
29985 2138
29986 2138
29987 2138
29988 2138
29989 2138
29990 2138
29991 2138
29992 2138
29993 2138
29994 2138
29995 2138
29996 2138
29997 2138
29998 2138
29999 2138
30000 2138
30001 2138
30002 2138
30003 2138
30004 2138
30005 2138
30006 2138
30007 2138
30008 2138
30009 2138
30010 2138
30011 2138
30012 2138
30013 2138
30014 2138
30015 2138
30016 2138
30017 2138
30018 2138
30019 2138
30020 2138
30021 2138
30022 2138
30023 2138
30024 2138
30025 2138
30026 2138
30027 2138
30028 2138
30029 2138
30030 2138
30031 2138
30032 2137
30033 2137
30034 2137
30035 2137
30036 2137
30037 2137
30038 2137
30039 2137
30040 2137
30041 2137
30042 2137
30043 2137
30044 2137
30045 2137
30046 2137
30047 2137
30048 2137
30049 2137
30050 2137
30051 2137
30052 2137
30053 2137
30054 2137
30055 2137
30056 2137
30057 2137
30058 2137
30059 2137
30060 2137
30061 2137
30062 2137
30063 2137
30064 2137
30065 2137
30066 2137
30067 2137
30068 2137
30069 2137
30070 2137
30071 2137
30072 2137
30073 2137
30074 2137
30075 2137
30076 2137
30077 2137
30078 2137
30079 2137
30080 2137
30081 2137
30082 2137
30083 2137
30084 2137
30085 2137
30086 2137
30087 2137
30088 2137
30089 2137
30090 2137
30091 2137
30092 2137
30093 2137
30094 2137
30095 2137
30096 2137
30097 2137
30098 2137
30099 2137
30100 2137
30101 2137
30102 2137
30103 2137
30104 2137
30105 2137
30106 2137
30107 2137
30108 2137
30109 2137
30110 2137
30111 2137
30112 2137
30113 2137
30114 2137
30115 2137
30116 2137
30117 2137
30118 2137
30119 2137
30120 2137
30121 2137
30122 2137
30123 2137
30124 2137
30125 2137
30126 2137
30127 2137
30128 2137
30129 2137
30130 2137
30131 2137
30132 2137
30133 2137
30134 2137
30135 2137
30136 2137
30137 2137
30138 2137
30139 2137
30140 2137
30141 2137
30142 2137
30143 2137
30144 2137
30145 2137
30146 2137
30147 2137
30148 2137
30149 2137
30150 2137
30151 2137
30152 2137
30153 2137
30154 2137
30155 2137
30156 2137
30157 2137
30158 2137
30159 2137
30160 2137
30161 2137
30162 2137
30163 2137
30164 2137
30165 2137
30166 2137
30167 2137
30168 2137
30169 2137
30170 2137
30171 2137
30172 2137
30173 2137
30174 2137
30175 2137
30176 2137
30177 2137
30178 2137
30179 2137
30180 2137
30181 2137
30182 2137
30183 2137
30184 2137
30185 2137
30186 2137
30187 2137
30188 2137
30189 2137
30190 2137
30191 2137
30192 2137
30193 2137
30194 2137
30195 2137
30196 2137
30197 2137
30198 2137
30199 2137
30200 2137
30201 2137
30202 2137
30203 2137
30204 2137
30205 2137
30206 2137
30207 2137
30208 2137
30209 2137
30210 2137
30211 2137
30212 2137
30213 2137
30214 2137
30215 2137
30216 2137
30217 2137
30218 2137
30219 2137
30220 2137
30221 2137
30222 2137
30223 2137
30224 2137
30225 2137
30226 2137
30227 2137
30228 2137
30229 2137
30230 2137
30231 2137
30232 2137
30233 2137
30234 2137
30235 2137
30236 2137
30237 2137
30238 2137
30239 2137
30240 2137
30241 2137
30242 2137
30243 2137
30244 2137
30245 2137
30246 2137
30247 2137
30248 2137
30249 2137
30250 2137
30251 2137
30252 2137
30253 2137
30254 2137
30255 2137
30256 2137
30257 2137
30258 2137
30259 2137
30260 2137
30261 2137
30262 2137
30263 2137
30264 2137
30265 2137
30266 2137
30267 2137
30268 2137
30269 2137
30270 2137
30271 2137
30272 2137
30273 2137
30274 2137
30275 2137
30276 2137
30277 2137
30278 2137
30279 2137
30280 2137
30281 2137
30282 2137
30283 2137
30284 2137
30285 2137
30286 2137
30287 2137
30288 2137
30289 2137
30290 2137
30291 2137
30292 2137
30293 2137
30294 2137
30295 2137
30296 2137
30297 2137
30298 2137
30299 2137
30300 2137
30301 2137
30302 2137
30303 2137
30304 2137
30305 2137
30306 2137
30307 2137
30308 2137
30309 2137
30310 2137
30311 2137
30312 2137
30313 2137
30314 2137
30315 2137
30316 2137
30317 2137
30318 2137
30319 2137
30320 2137
30321 2137
30322 2137
30323 2137
30324 2137
30325 2137
30326 2137
30327 2137
30328 2137
30329 2137
30330 2137
30331 2137
30332 2137
30333 2137
30334 2137
30335 2137
30336 2137
30337 2137
30338 2137
30339 2137
30340 2137
30341 2137
30342 2137
30343 2137
30344 2137
30345 2137
30346 2137
30347 2137
30348 2137
30349 2137
30350 2137
30351 2137
30352 2137
30353 2137
30354 2137
30355 2137
30356 2137
30357 2137
30358 2137
30359 2137
30360 2137
30361 2137
30362 2137
30363 2137
30364 2137
30365 2137
30366 2137
30367 2137
30368 2137
30369 2137
30370 2137
30371 2137
30372 2137
30373 2137
30374 2137
30375 2137
30376 2137
30377 2137
30378 2137
30379 2137
30380 2137
30381 2137
30382 2137
30383 2137
30384 2137
30385 2137
30386 2137
30387 2137
30388 2137
30389 2137
30390 2137
30391 2137
30392 2137
30393 2137
30394 2137
30395 2137
30396 2137
30397 2137
30398 2137
30399 2137
30400 2137
30401 2137
30402 2137
30403 2137
30404 2137
30405 2137
30406 2137
30407 2137
30408 2137
30409 2137
30410 2137
30411 2137
30412 2137
30413 2137
30414 2137
30415 2137
30416 2137
30417 2137
30418 2137
30419 2137
30420 2130
30421 2130
30422 2130
30423 2130
30424 2130
30425 2130
30426 2130
30427 2130
30428 2130
30429 2130
30430 2130
30431 2130
30432 2130
30433 2130
30434 2130
30435 2130
30436 2130
30437 2130
30438 2130
30439 2130
30440 2130
30441 2130
30442 2130
30443 2130
30444 2130
30445 2130
30446 2130
30447 2130
30448 2130
30449 2130
30450 2130
30451 2130
30452 2130
30453 2130
30454 2130
30455 2130
30456 2130
30457 2130
30458 2130
30459 2130
30460 2130
30461 2130
30462 2130
30463 2130
30464 2130
30465 2130
30466 2130
30467 2130
30468 2130
30469 2130
30470 2130
30471 2130
30472 2130
30473 2130
30474 2130
30475 2130
30476 2130
30477 2130
30478 2130
30479 2130
30480 2130
30481 2130
30482 2130
30483 2130
30484 2130
30485 2130
30486 2130
30487 2130
30488 2130
30489 2130
30490 2130
30491 2130
30492 2130
30493 2130
30494 2130
30495 2130
30496 2130
30497 2130
30498 2130
30499 2130
30500 2130
30501 2130
30502 2130
30503 2130
30504 2130
30505 2130
30506 2130
30507 2130
30508 2130
30509 2130
30510 2130
30511 2130
30512 2130
30513 2130
30514 2130
30515 2130
30516 2130
30517 2130
30518 2130
30519 2130
30520 2130
30521 2130
30522 2130
30523 2130
30524 2130
30525 2130
30526 2130
30527 2130
30528 2130
30529 2130
30530 2130
30531 2130
30532 2130
30533 2130
30534 2130
30535 2130
30536 2130
30537 2130
30538 2130
30539 2130
30540 2130
30541 2130
30542 2130
30543 2130
30544 2130
30545 2130
30546 2130
30547 2130
30548 2130
30549 2130
30550 2130
30551 2130
30552 2130
30553 2130
30554 2130
30555 2130
30556 2130
30557 2130
30558 2130
30559 2130
30560 2130
30561 2130
30562 2130
30563 2130
30564 2130
30565 2130
30566 2130
30567 2130
30568 2130
30569 2130
30570 2130
30571 2130
30572 2130
30573 2130
30574 2130
30575 2130
30576 2130
30577 2130
30578 2130
30579 2130
30580 2130
30581 2130
30582 2130
30583 2130
30584 2130
30585 2130
30586 2130
30587 2130
30588 2130
30589 2130
30590 2130
30591 2130
30592 2130
30593 2130
30594 2130
30595 2130
30596 2130
30597 2130
30598 2130
30599 2130
30600 2130
30601 2130
30602 2130
30603 2130
30604 2130
30605 2130
30606 2130
30607 2130
30608 2130
30609 2130
30610 2130
30611 2130
30612 2130
30613 2130
30614 2130
30615 2130
30616 2130
30617 2130
30618 2130
30619 2130
30620 2130
30621 2130
30622 2130
30623 2130
30624 2130
30625 2130
30626 2130
30627 2130
30628 2130
30629 2130
30630 2130
30631 2130
30632 2128
30633 2128
30634 2128
30635 2128
30636 2128
30637 2128
30638 2128
30639 2128
30640 2128
30641 2128
30642 2128
30643 2128
30644 2128
30645 2128
30646 2128
30647 2128
30648 2128
30649 2128
30650 2128
30651 2128
30652 2128
30653 2128
30654 2128
30655 2128
30656 2128
30657 2128
30658 2128
30659 2128
30660 2128
30661 2128
30662 2128
30663 2128
30664 2128
30665 2128
30666 2128
30667 2128
30668 2128
30669 2128
30670 2128
30671 2128
30672 2128
30673 2128
30674 2128
30675 2128
30676 2128
30677 2128
30678 2128
30679 2128
30680 2128
30681 2128
30682 2128
30683 2128
30684 2128
30685 2128
30686 2128
30687 2128
30688 2128
30689 2128
30690 2128
30691 2128
30692 2128
30693 2128
30694 2128
30695 2128
30696 2128
30697 2128
30698 2128
30699 2128
30700 2128
30701 2128
30702 2128
30703 2128
30704 2128
30705 2128
30706 2128
30707 2128
30708 2128
30709 2128
30710 2128
30711 2128
30712 2128
30713 2128
30714 2128
30715 2128
30716 2128
30717 2128
30718 2128
30719 2128
30720 2128
30721 2128
30722 2128
30723 2128
30724 2128
30725 2128
30726 2128
30727 2128
30728 2128
30729 2128
30730 2128
30731 2128
30732 2128
30733 2128
30734 2128
30735 2128
30736 2128
30737 2128
30738 2128
30739 2128
30740 2128
30741 2128
30742 2128
30743 2128
30744 2128
30745 2128
30746 2128
30747 2128
30748 2128
30749 2128
30750 2128
30751 2128
30752 2128
30753 2128
30754 2128
30755 2128
30756 2128
30757 2128
30758 2128
30759 2128
30760 2128
30761 2128
30762 2128
30763 2128
30764 2128
30765 2128
30766 2128
30767 2128
30768 2128
30769 2128
30770 2128
30771 2128
30772 2128
30773 2128
30774 2128
30775 2128
30776 2128
30777 2128
30778 2128
30779 2128
30780 2128
30781 2128
30782 2128
30783 2128
30784 2128
30785 2128
30786 2128
30787 2128
30788 2128
30789 2128
30790 2128
30791 2128
30792 2128
30793 2128
30794 2128
30795 2128
30796 2128
30797 2128
30798 2128
30799 2128
30800 2128
30801 2128
30802 2128
30803 2128
30804 2128
30805 2128
30806 2128
30807 2128
30808 2128
30809 2128
30810 2128
30811 2128
30812 2128
30813 2128
30814 2128
30815 2128
30816 2128
30817 2128
30818 2128
30819 2128
30820 2128
30821 2128
30822 2128
30823 2128
30824 2128
30825 2128
30826 2128
30827 2128
30828 2128
30829 2128
30830 2128
30831 2128
30832 2128
30833 2128
30834 2128
30835 2128
30836 2128
30837 2128
30838 2128
30839 2128
30840 2128
30841 2128
30842 2128
30843 2128
30844 2128
30845 2128
30846 2128
30847 2128
30848 2128
30849 2128
30850 2128
30851 2128
30852 2128
30853 2128
30854 2128
30855 2128
30856 2128
30857 2128
30858 2128
30859 2128
30860 2128
30861 2128
30862 2128
30863 2128
30864 2128
30865 2128
30866 2128
30867 2128
30868 2128
30869 2128
30870 2128
30871 2128
30872 2128
30873 2128
30874 2128
30875 2128
30876 2128
30877 2128
30878 2128
30879 2128
30880 2128
30881 2128
30882 2128
30883 2128
30884 2128
30885 2128
30886 2128
30887 2128
30888 2128
30889 2128
30890 2128
30891 2128
30892 2128
30893 2128
30894 2128
30895 2128
30896 2128
30897 2128
30898 2128
30899 2128
30900 2128
30901 2128
30902 2128
30903 2128
30904 2128
30905 2128
30906 2128
30907 2128
30908 2128
30909 2128
30910 2128
30911 2128
30912 2128
30913 2128
30914 2128
30915 2128
30916 2128
30917 2128
30918 2128
30919 2128
30920 2128
30921 2128
30922 2128
30923 2128
30924 2128
30925 2128
30926 2128
30927 2128
30928 2128
30929 2128
30930 2128
30931 2128
30932 2128
30933 2128
30934 2128
30935 2128
30936 2128
30937 2128
30938 2128
30939 2128
30940 2128
30941 2128
30942 2127
30943 2127
30944 2127
30945 2127
30946 2127
30947 2127
30948 2127
30949 2127
30950 2127
30951 2127
30952 2127
30953 2127
30954 2127
30955 2127
30956 2127
30957 2127
30958 2127
30959 2127
30960 2127
30961 2127
30962 2127
30963 2127
30964 2127
30965 2127
30966 2127
30967 2127
30968 2127
30969 2127
30970 2127
30971 2127
30972 2127
30973 2127
30974 2127
30975 2127
30976 2127
30977 2127
30978 2127
30979 2127
30980 2127
30981 2127
30982 2127
30983 2127
30984 2127
30985 2127
30986 2127
30987 2127
30988 2127
30989 2127
30990 2127
30991 2127
30992 2127
30993 2127
30994 2127
30995 2127
30996 2127
30997 2127
30998 2127
30999 2127
31000 2127
31001 2127
31002 2127
31003 2127
31004 2127
31005 2127
31006 2127
31007 2127
31008 2127
31009 2127
31010 2127
31011 2127
31012 2127
31013 2127
31014 2127
31015 2127
31016 2127
31017 2127
31018 2127
31019 2127
31020 2127
31021 2127
31022 2127
31023 2127
31024 2127
31025 2127
31026 2127
31027 2127
31028 2127
31029 2127
31030 2127
31031 2127
31032 2127
31033 2127
31034 2127
31035 2127
31036 2127
31037 2127
31038 2127
31039 2127
31040 2127
31041 2127
31042 2127
31043 2127
31044 2127
31045 2127
31046 2127
31047 2127
31048 2127
31049 2127
31050 2127
31051 2127
31052 2127
31053 2127
31054 2127
31055 2127
31056 2127
31057 2127
31058 2127
31059 2127
31060 2127
31061 2127
31062 2127
31063 2127
31064 2127
31065 2127
31066 2127
31067 2127
31068 2127
31069 2127
31070 2127
31071 2127
31072 2127
31073 2127
31074 2127
31075 2127
31076 2127
31077 2127
31078 2127
31079 2127
31080 2127
31081 2127
31082 2127
31083 2127
31084 2127
31085 2127
31086 2127
31087 2127
31088 2127
31089 2127
31090 2127
31091 2127
31092 2127
31093 2127
31094 2127
31095 2127
31096 2127
31097 2127
31098 2127
31099 2127
31100 2127
31101 2127
31102 2127
31103 2127
31104 2127
31105 2127
31106 2127
31107 2127
31108 2127
31109 2127
31110 2127
31111 2127
31112 2127
31113 2127
31114 2127
31115 2127
31116 2127
31117 2127
31118 2127
31119 2127
31120 2127
31121 2127
31122 2127
31123 2127
31124 2127
31125 2127
31126 2127
31127 2127
31128 2127
31129 2127
31130 2127
31131 2127
31132 2127
31133 2127
31134 2127
31135 2127
31136 2127
31137 2127
31138 2127
31139 2127
31140 2127
31141 2127
31142 2127
31143 2127
31144 2127
31145 2127
31146 2127
31147 2127
31148 2127
31149 2127
31150 2127
31151 2127
31152 2127
31153 2127
31154 2127
31155 2127
31156 2127
31157 2127
31158 2127
31159 2127
31160 2127
31161 2127
31162 2127
31163 2127
31164 2127
31165 2127
31166 2127
31167 2127
31168 2127
31169 2127
31170 2127
31171 2127
31172 2127
31173 2127
31174 2127
31175 2127
31176 2127
31177 2127
31178 2127
31179 2127
31180 2127
31181 2127
31182 2127
31183 2127
31184 2127
31185 2127
31186 2127
31187 2127
31188 2127
31189 2127
31190 2127
31191 2127
31192 2127
31193 2127
31194 2127
31195 2127
31196 2127
31197 2127
31198 2127
31199 2127
31200 2127
31201 2127
31202 2127
31203 2127
31204 2127
31205 2127
31206 2127
31207 2127
31208 2127
31209 2127
31210 2127
31211 2127
31212 2127
31213 2127
31214 2127
31215 2127
31216 2127
31217 2127
31218 2127
31219 2127
31220 2127
31221 2127
31222 2127
31223 2127
31224 2127
31225 2127
31226 2127
31227 2127
31228 2127
31229 2127
31230 2127
31231 2127
31232 2127
31233 2127
31234 2127
31235 2127
31236 2127
31237 2127
31238 2127
31239 2127
31240 2127
31241 2127
31242 2127
31243 2127
31244 2127
31245 2127
31246 2127
31247 2127
31248 2127
31249 2127
31250 2127
31251 2127
31252 2127
31253 2127
31254 2127
31255 2127
31256 2127
31257 2127
31258 2127
31259 2127
31260 2127
31261 2127
31262 2127
31263 2127
31264 2127
31265 2127
31266 2127
31267 2127
31268 2127
31269 2127
31270 2127
31271 2127
31272 2127
31273 2127
31274 2127
31275 2127
31276 2127
31277 2127
31278 2127
31279 2127
31280 2127
31281 2127
31282 2127
31283 2127
31284 2127
31285 2122
31286 2122
31287 2122
31288 2122
31289 2122
31290 2122
31291 2122
31292 2122
31293 2122
31294 2122
31295 2122
31296 2122
31297 2122
31298 2122
31299 2122
31300 2122
31301 2122
31302 2122
31303 2122
31304 2122
31305 2122
31306 2122
31307 2122
31308 2122
31309 2122
31310 2122
31311 2122
31312 2122
31313 2122
31314 2122
31315 2122
31316 2122
31317 2122
31318 2122
31319 2122
31320 2122
31321 2122
31322 2122
31323 2122
31324 2122
31325 2122
31326 2122
31327 2122
31328 2122
31329 2122
31330 2122
31331 2122
31332 2122
31333 2122
31334 2122
31335 2122
31336 2122
31337 2122
31338 2122
31339 2122
31340 2122
31341 2122
31342 2122
31343 2122
31344 2122
31345 2122
31346 2122
31347 2122
31348 2122
31349 2122
31350 2122
31351 2122
31352 2122
31353 2122
31354 2122
31355 2122
31356 2122
31357 2122
31358 2122
31359 2122
31360 2122
31361 2122
31362 2122
31363 2122
31364 2122
31365 2122
31366 2122
31367 2122
31368 2122
31369 2122
31370 2122
31371 2122
31372 2122
31373 2122
31374 2122
31375 2122
31376 2122
31377 2122
31378 2122
31379 2122
31380 2122
31381 2122
31382 2122
31383 2122
31384 2122
31385 2122
31386 2122
31387 2122
31388 2122
31389 2122
31390 2122
31391 2122
31392 2122
31393 2122
31394 2122
31395 2122
31396 2122
31397 2122
31398 2122
31399 2122
31400 2122
31401 2122
31402 2122
31403 2122
31404 2122
31405 2122
31406 2122
31407 2122
31408 2122
31409 2122
31410 2122
31411 2122
31412 2122
31413 2122
31414 2122
31415 2122
31416 2122
31417 2122
31418 2122
31419 2122
31420 2122
31421 2122
31422 2122
31423 2122
31424 2122
31425 2122
31426 2122
31427 2122
31428 2122
31429 2122
31430 2122
31431 2122
31432 2122
31433 2122
31434 2122
31435 2122
31436 2122
31437 2122
31438 2122
31439 2122
31440 2122
31441 2122
31442 2122
31443 2122
31444 2122
31445 2122
31446 2122
31447 2122
31448 2122
31449 2122
31450 2122
31451 2122
31452 2122
31453 2122
31454 2122
31455 2122
31456 2122
31457 2122
31458 2122
31459 2122
31460 2122
31461 2122
31462 2122
31463 2122
31464 2122
31465 2122
31466 2122
31467 2122
31468 2122
31469 2122
31470 2122
31471 2122
31472 2122
31473 2122
31474 2122
31475 2122
31476 2122
31477 2122
31478 2122
31479 2122
31480 2122
31481 2122
31482 2122
31483 2122
31484 2122
31485 2122
31486 2122
31487 2122
31488 2122
31489 2122
31490 2122
31491 2122
31492 2122
31493 2122
31494 2122
31495 2122
31496 2122
31497 2122
31498 2122
31499 2122
31500 2122
31501 2122
31502 2122
31503 2122
31504 2122
31505 2122
31506 2122
31507 2122
31508 2122
31509 2122
31510 2122
31511 2122
31512 2122
31513 2122
31514 2122
31515 2122
31516 2122
31517 2122
31518 2122
31519 2122
31520 2122
31521 2122
31522 2122
31523 2122
31524 2122
31525 2122
31526 2122
31527 2122
31528 2122
31529 2122
31530 2122
31531 2122
31532 2122
31533 2122
31534 2122
31535 2122
31536 2122
31537 2122
31538 2122
31539 2122
31540 2122
31541 2122
31542 2122
31543 2122
31544 2122
31545 2122
31546 2122
31547 2122
31548 2122
31549 2122
31550 2122
31551 2122
31552 2122
31553 2122
31554 2122
31555 2122
31556 2122
31557 2122
31558 2122
31559 2122
31560 2122
31561 2122
31562 2122
31563 2122
31564 2122
31565 2122
31566 2122
31567 2122
31568 2122
31569 2122
31570 2122
31571 2122
31572 2122
31573 2122
31574 2122
31575 2122
31576 2122
31577 2122
31578 2122
31579 2122
31580 2122
31581 2122
31582 2122
31583 2122
31584 2122
31585 2122
31586 2122
31587 2122
31588 2122
31589 2122
31590 2122
31591 2122
31592 2122
31593 2122
31594 2122
31595 2122
31596 2122
31597 2122
31598 2122
31599 2122
31600 2122
31601 2122
31602 2122
31603 2122
31604 2122
31605 2122
31606 2122
31607 2122
31608 2122
31609 2122
31610 2122
31611 2122
31612 2122
31613 2122
31614 2122
31615 2122
31616 2122
31617 2122
31618 2122
31619 2122
31620 2122
31621 2122
31622 2122
31623 2122
31624 2122
31625 2122
31626 2122
31627 2122
31628 2122
31629 2122
31630 2122
31631 2122
31632 2122
31633 2122
31634 2122
31635 2122
31636 2122
31637 2122
31638 2122
31639 2122
31640 2122
31641 2122
31642 2122
31643 2122
31644 2122
31645 2122
31646 2122
31647 2122
31648 2122
31649 2122
31650 2122
31651 2122
31652 2122
31653 2122
31654 2122
31655 2122
31656 2122
31657 2122
31658 2122
31659 2122
31660 2122
31661 2122
31662 2122
31663 2122
31664 2122
31665 2122
31666 2122
31667 2122
31668 2122
31669 2122
31670 2122
31671 2122
31672 2122
31673 2122
31674 2122
31675 2122
31676 2122
31677 2122
31678 2122
31679 2122
31680 2122
31681 2122
31682 2122
31683 2122
31684 2122
31685 2122
31686 2122
31687 2122
31688 2122
31689 2122
31690 2122
31691 2122
31692 2122
31693 2122
31694 2122
31695 2122
31696 2122
31697 2122
31698 2122
31699 2122
31700 2122
31701 2122
31702 2122
31703 2122
31704 2122
31705 2122
31706 2122
31707 2122
31708 2122
31709 2122
31710 2122
31711 2122
31712 2122
31713 2122
31714 2122
31715 2122
31716 2122
31717 2122
31718 2122
31719 2122
31720 2122
31721 2122
31722 2122
31723 2122
31724 2122
31725 2122
31726 2122
31727 2122
31728 2122
31729 2122
31730 2122
31731 2122
31732 2122
31733 2122
31734 2122
31735 2122
31736 2122
31737 2122
31738 2122
31739 2122
31740 2122
31741 2122
31742 2122
31743 2122
31744 2122
31745 2122
31746 2122
31747 2122
31748 2122
31749 2122
31750 2122
31751 2122
31752 2122
31753 2122
31754 2122
31755 2122
31756 2122
31757 2122
31758 2122
31759 2122
31760 2122
31761 2122
31762 2122
31763 2122
31764 2122
31765 2122
31766 2122
31767 2122
31768 2122
31769 2122
31770 2122
31771 2122
31772 2122
31773 2122
31774 2122
31775 2122
31776 2122
31777 2122
31778 2122
31779 2122
31780 2122
31781 2122
31782 2122
31783 2122
31784 2122
31785 2122
31786 2122
31787 2122
31788 2122
31789 2122
31790 2122
31791 2122
31792 2122
31793 2122
31794 2122
31795 2122
31796 2122
31797 2122
31798 2122
31799 2122
31800 2122
31801 2122
31802 2122
31803 2122
31804 2122
31805 2122
31806 2122
31807 2122
31808 2122
31809 2122
31810 2122
31811 2122
31812 2122
31813 2122
31814 2122
31815 2122
31816 2122
31817 2122
31818 2122
31819 2122
31820 2122
31821 2122
31822 2122
31823 2122
31824 2122
31825 2122
31826 2122
31827 2122
31828 2122
31829 2122
31830 2122
31831 2122
31832 2122
31833 2122
31834 2122
31835 2122
31836 2122
31837 2122
31838 2122
31839 2122
31840 2122
31841 2122
31842 2122
31843 2122
31844 2122
31845 2122
31846 2122
31847 2122
31848 2122
31849 2122
31850 2122
31851 2122
31852 2122
31853 2122
31854 2122
31855 2122
31856 2122
31857 2122
31858 2122
31859 2122
31860 2122
31861 2122
31862 2122
31863 2122
31864 2122
31865 2122
31866 2122
31867 2122
31868 2122
31869 2122
31870 2122
31871 2122
31872 2122
31873 2122
31874 2122
31875 2122
31876 2122
31877 2122
31878 2122
31879 2122
31880 2122
31881 2122
31882 2122
31883 2122
31884 2122
31885 2122
31886 2122
31887 2122
31888 2122
31889 2122
31890 2122
31891 2122
31892 2122
31893 2122
31894 2122
31895 2122
31896 2122
31897 2122
31898 2122
31899 2122
31900 2122
31901 2122
31902 2122
31903 2122
31904 2122
31905 2122
31906 2122
31907 2122
31908 2122
31909 2122
31910 2122
31911 2122
31912 2122
31913 2122
31914 2122
31915 2122
31916 2122
31917 2122
31918 2122
31919 2122
31920 2122
31921 2122
31922 2122
31923 2122
31924 2122
31925 2122
31926 2122
31927 2122
31928 2122
31929 2122
31930 2122
31931 2122
31932 2122
31933 2122
31934 2122
31935 2122
31936 2122
31937 2122
31938 2122
31939 2122
31940 2122
31941 2122
31942 2122
31943 2122
31944 2122
31945 2122
31946 2122
31947 2122
31948 2122
31949 2122
31950 2122
31951 2122
31952 2122
31953 2122
31954 2122
31955 2122
31956 2122
31957 2122
31958 2122
31959 2122
31960 2122
31961 2122
31962 2122
31963 2122
31964 2122
31965 2122
31966 2122
31967 2122
31968 2122
31969 2122
31970 2122
31971 2122
31972 2122
31973 2122
31974 2122
31975 2122
31976 2122
31977 2122
31978 2122
31979 2122
31980 2122
31981 2122
31982 2122
31983 2122
31984 2122
31985 2122
31986 2122
31987 2122
31988 2122
31989 2122
31990 2122
31991 2122
31992 2122
31993 2122
31994 2122
31995 2122
31996 2122
31997 2122
31998 2122
31999 2122
32000 2122
32001 2122
32002 2122
32003 2122
32004 2122
32005 2122
32006 2122
32007 2122
32008 2122
32009 2122
32010 2122
32011 2122
32012 2122
32013 2122
32014 2122
32015 2122
32016 2122
32017 2122
32018 2122
32019 2122
32020 2122
32021 2122
32022 2122
32023 2122
32024 2122
32025 2122
32026 2122
32027 2122
32028 2122
32029 2122
32030 2122
32031 2122
32032 2122
32033 2122
32034 2122
32035 2122
32036 2122
32037 2122
32038 2122
32039 2122
32040 2122
32041 2122
32042 2122
32043 2122
32044 2122
32045 2122
32046 2122
32047 2122
32048 2122
32049 2122
32050 2122
32051 2122
32052 2122
32053 2122
32054 2122
32055 2122
32056 2122
32057 2122
32058 2122
32059 2122
32060 2122
32061 2122
32062 2122
32063 2122
32064 2122
32065 2122
32066 2122
32067 2122
32068 2122
32069 2122
32070 2122
32071 2122
32072 2122
32073 2122
32074 2122
32075 2122
32076 2122
32077 2122
32078 2122
32079 2122
32080 2122
32081 2122
32082 2122
32083 2122
32084 2122
32085 2122
32086 2122
32087 2122
32088 2122
32089 2122
32090 2122
32091 2122
32092 2122
32093 2122
32094 2122
32095 2122
32096 2122
32097 2122
32098 2122
32099 2122
32100 2122
32101 2122
32102 2122
32103 2122
32104 2122
32105 2122
32106 2122
32107 2122
32108 2122
32109 2122
32110 2122
32111 2122
32112 2122
32113 2122
32114 2122
32115 2122
32116 2122
32117 2122
32118 2122
32119 2122
32120 2122
32121 2122
32122 2122
32123 2122
32124 2122
32125 2122
32126 2122
32127 2122
32128 2122
32129 2122
32130 2122
32131 2122
32132 2122
32133 2122
32134 2122
32135 2122
32136 2122
32137 2122
32138 2122
32139 2122
32140 2122
32141 2122
32142 2122
32143 2122
32144 2122
32145 2122
32146 2122
32147 2122
32148 2122
32149 2122
32150 2122
32151 2122
32152 2122
32153 2122
32154 2122
32155 2122
32156 2122
32157 2122
32158 2122
32159 2122
32160 2122
32161 2122
32162 2122
32163 2122
32164 2122
32165 2122
32166 2122
32167 2122
32168 2122
32169 2122
32170 2122
32171 2122
32172 2122
32173 2122
32174 2122
32175 2122
32176 2122
32177 2122
32178 2122
32179 2122
32180 2122
32181 2122
32182 2122
32183 2122
32184 2122
32185 2122
32186 2122
32187 2122
32188 2122
32189 2122
32190 2122
32191 2122
32192 2122
32193 2122
32194 2122
32195 2122
32196 2122
32197 2122
32198 2122
32199 2122
32200 2122
32201 2122
32202 2122
32203 2122
32204 2122
32205 2122
32206 2122
32207 2122
32208 2122
32209 2122
32210 2122
32211 2122
32212 2122
32213 2122
32214 2122
32215 2122
32216 2122
32217 2122
32218 2122
32219 2122
32220 2122
32221 2122
32222 2122
32223 2122
32224 2122
32225 2122
32226 2122
32227 2122
32228 2122
32229 2122
32230 2122
32231 2122
32232 2122
32233 2122
32234 2122
32235 2122
32236 2122
32237 2122
32238 2122
32239 2122
32240 2122
32241 2122
32242 2122
32243 2122
32244 2122
32245 2122
32246 2122
32247 2122
32248 2122
32249 2122
32250 2122
32251 2122
32252 2122
32253 2122
32254 2122
32255 2122
32256 2122
32257 2122
32258 2122
32259 2122
32260 2122
32261 2122
32262 2122
32263 2122
32264 2122
32265 2122
32266 2122
32267 2122
32268 2122
32269 2122
32270 2122
32271 2122
32272 2122
32273 2122
32274 2122
32275 2122
32276 2122
32277 2122
32278 2122
32279 2122
32280 2122
32281 2122
32282 2122
32283 2122
32284 2122
32285 2122
32286 2122
32287 2122
32288 2122
32289 2122
32290 2122
32291 2122
32292 2122
32293 2122
32294 2122
32295 2122
32296 2122
32297 2122
32298 2122
32299 2122
32300 2122
32301 2122
32302 2122
32303 2122
32304 2122
32305 2122
32306 2122
32307 2122
32308 2122
32309 2122
32310 2122
32311 2122
32312 2122
32313 2122
32314 2122
32315 2122
32316 2122
32317 2122
32318 2122
32319 2122
32320 2122
32321 2122
32322 2122
32323 2122
32324 2122
32325 2115
32326 2115
32327 2115
32328 2115
32329 2115
32330 2115
32331 2115
32332 2115
32333 2115
32334 2115
32335 2115
32336 2115
32337 2115
32338 2115
32339 2115
32340 2115
32341 2115
32342 2115
32343 2115
32344 2115
32345 2115
32346 2115
32347 2115
32348 2115
32349 2115
32350 2115
32351 2115
32352 2115
32353 2115
32354 2115
32355 2115
32356 2115
32357 2115
32358 2115
32359 2115
32360 2115
32361 2115
32362 2115
32363 2115
32364 2115
32365 2115
32366 2115
32367 2115
32368 2115
32369 2115
32370 2115
32371 2115
32372 2115
32373 2115
32374 2115
32375 2115
32376 2115
32377 2115
32378 2115
32379 2115
32380 2115
32381 2115
32382 2115
32383 2115
32384 2115
32385 2115
32386 2115
32387 2115
32388 2115
32389 2115
32390 2115
32391 2115
32392 2115
32393 2115
32394 2115
32395 2115
32396 2115
32397 2115
32398 2115
32399 2115
32400 2115
32401 2115
32402 2115
32403 2115
32404 2115
32405 2115
32406 2115
32407 2115
32408 2115
32409 2115
32410 2115
32411 2115
32412 2115
32413 2115
32414 2115
32415 2115
32416 2115
32417 2115
32418 2115
32419 2115
32420 2115
32421 2115
32422 2115
32423 2115
32424 2115
32425 2115
32426 2115
32427 2115
32428 2115
32429 2115
32430 2115
32431 2115
32432 2115
32433 2115
32434 2115
32435 2115
32436 2115
32437 2115
32438 2115
32439 2115
32440 2115
32441 2115
32442 2115
32443 2115
32444 2115
32445 2115
32446 2115
32447 2115
32448 2115
32449 2115
32450 2115
32451 2115
32452 2115
32453 2115
32454 2115
32455 2115
32456 2115
32457 2115
32458 2115
32459 2115
32460 2115
32461 2115
32462 2115
32463 2115
32464 2115
32465 2115
32466 2115
32467 2115
32468 2115
32469 2115
32470 2115
32471 2115
32472 2114
32473 2114
32474 2114
32475 2114
32476 2114
32477 2114
32478 2114
32479 2114
32480 2114
32481 2114
32482 2114
32483 2114
32484 2114
32485 2114
32486 2114
32487 2114
32488 2114
32489 2114
32490 2114
32491 2114
32492 2114
32493 2114
32494 2114
32495 2114
32496 2114
32497 2114
32498 2114
32499 2114
32500 2114
32501 2114
32502 2114
32503 2114
32504 2114
32505 2114
32506 2114
32507 2114
32508 2114
32509 2114
32510 2114
32511 2114
32512 2114
32513 2114
32514 2114
32515 2114
32516 2114
32517 2114
32518 2114
32519 2114
32520 2114
32521 2114
32522 2114
32523 2114
32524 2114
32525 2114
32526 2114
32527 2114
32528 2114
32529 2114
32530 2114
32531 2114
32532 2114
32533 2114
32534 2114
32535 2114
32536 2114
32537 2114
32538 2114
32539 2114
32540 2114
32541 2114
32542 2114
32543 2114
32544 2114
32545 2114
32546 2114
32547 2114
32548 2114
32549 2114
32550 2114
32551 2114
32552 2114
32553 2114
32554 2114
32555 2114
32556 2114
32557 2114
32558 2114
32559 2114
32560 2114
32561 2114
32562 2114
32563 2114
32564 2114
32565 2114
32566 2114
32567 2114
32568 2114
32569 2114
32570 2114
32571 2114
32572 2114
32573 2114
32574 2114
32575 2114
32576 2114
32577 2114
32578 2114
32579 2114
32580 2114
32581 2114
32582 2114
32583 2114
32584 2114
32585 2114
32586 2114
32587 2114
32588 2114
32589 2114
32590 2114
32591 2114
32592 2114
32593 2114
32594 2114
32595 2114
32596 2114
32597 2114
32598 2114
32599 2114
32600 2114
32601 2114
32602 2114
32603 2114
32604 2114
32605 2114
32606 2114
32607 2114
32608 2114
32609 2114
32610 2114
32611 2114
32612 2114
32613 2114
32614 2114
32615 2114
32616 2114
32617 2114
32618 2114
32619 2114
32620 2114
32621 2114
32622 2114
32623 2114
32624 2114
32625 2114
32626 2114
32627 2114
32628 2114
32629 2114
32630 2114
32631 2114
32632 2114
32633 2114
32634 2114
32635 2114
32636 2114
32637 2114
32638 2114
32639 2114
32640 2114
32641 2114
32642 2114
32643 2114
32644 2114
32645 2114
32646 2114
32647 2114
32648 2114
32649 2114
32650 2114
32651 2114
32652 2114
32653 2114
32654 2114
32655 2114
32656 2114
32657 2114
32658 2114
32659 2114
32660 2114
32661 2114
32662 2114
32663 2114
32664 2114
32665 2114
32666 2114
32667 2114
32668 2114
32669 2114
32670 2114
32671 2114
32672 2114
32673 2114
32674 2114
32675 2114
32676 2114
32677 2114
32678 2114
32679 2114
32680 2114
32681 2114
32682 2114
32683 2114
32684 2114
32685 2114
32686 2114
32687 2114
32688 2114
32689 2114
32690 2114
32691 2114
32692 2114
32693 2114
32694 2114
32695 2114
32696 2114
32697 2114
32698 2114
32699 2114
32700 2114
32701 2114
32702 2114
32703 2114
32704 2114
32705 2114
32706 2114
32707 2114
32708 2114
32709 2114
32710 2114
32711 2114
32712 2114
32713 2114
32714 2114
32715 2114
32716 2114
32717 2114
32718 2114
32719 2114
32720 2114
32721 2114
32722 2114
32723 2114
32724 2114
32725 2114
32726 2114
32727 2114
32728 2114
32729 2114
32730 2114
32731 2114
32732 2114
32733 2114
32734 2114
32735 2114
32736 2114
32737 2114
32738 2114
32739 2114
32740 2114
32741 2114
32742 2114
32743 2114
32744 2114
32745 2114
32746 2114
32747 2114
32748 2114
32749 2114
32750 2114
32751 2114
32752 2114
32753 2114
32754 2114
32755 2114
32756 2114
32757 2114
32758 2114
32759 2114
32760 2114
32761 2114
32762 2114
32763 2114
32764 2114
32765 2114
32766 2114
32767 2114
32768 2114
32769 2114
32770 2114
32771 2114
32772 2114
32773 2114
32774 2114
32775 2114
32776 2114
32777 2114
32778 2114
32779 2114
32780 2114
32781 2114
32782 2114
32783 2114
32784 2114
32785 2114
32786 2114
32787 2114
32788 2114
32789 2114
32790 2114
32791 2114
32792 2114
32793 2114
32794 2114
32795 2114
32796 2114
32797 2114
32798 2114
32799 2114
32800 2114
32801 2114
32802 2114
32803 2114
32804 2114
32805 2114
32806 2114
32807 2114
32808 2114
32809 2114
32810 2114
32811 2114
32812 2114
32813 2114
32814 2114
32815 2114
32816 2114
32817 2114
32818 2114
32819 2114
32820 2114
32821 2114
32822 2114
32823 2114
32824 2114
32825 2114
32826 2114
32827 2114
32828 2114
32829 2114
32830 2114
32831 2114
32832 2114
32833 2114
32834 2114
32835 2114
32836 2114
32837 2114
32838 2114
32839 2114
32840 2114
32841 2114
32842 2114
32843 2114
32844 2114
32845 2114
32846 2114
32847 2114
32848 2114
32849 2114
32850 2108
32851 2108
32852 2108
32853 2108
32854 2108
32855 2108
32856 2108
32857 2108
32858 2108
32859 2108
32860 2108
32861 2108
32862 2108
32863 2108
32864 2108
32865 2108
32866 2108
32867 2108
32868 2108
32869 2108
32870 2108
32871 2108
32872 2108
32873 2108
32874 2108
32875 2108
32876 2108
32877 2108
32878 2108
32879 2108
32880 2108
32881 2108
32882 2108
32883 2108
32884 2108
32885 2108
32886 2108
32887 2108
32888 2108
32889 2108
32890 2108
32891 2108
32892 2108
32893 2108
32894 2108
32895 2108
32896 2108
32897 2108
32898 2108
32899 2108
32900 2108
32901 2108
32902 2108
32903 2108
32904 2108
32905 2108
32906 2108
32907 2108
32908 2108
32909 2108
32910 2108
32911 2108
32912 2108
32913 2108
32914 2108
32915 2108
32916 2108
32917 2108
32918 2108
32919 2108
32920 2108
32921 2108
32922 2108
32923 2108
32924 2108
32925 2108
32926 2108
32927 2108
32928 2108
32929 2108
32930 2108
32931 2108
32932 2108
32933 2108
32934 2108
32935 2108
32936 2108
32937 2108
32938 2108
32939 2108
32940 2108
32941 2108
32942 2108
32943 2108
32944 2108
32945 2108
32946 2108
32947 2108
32948 2108
32949 2108
32950 2108
32951 2108
32952 2108
32953 2108
32954 2108
32955 2108
32956 2108
32957 2108
32958 2108
32959 2108
32960 2108
32961 2108
32962 2108
32963 2108
32964 2108
32965 2108
32966 2108
32967 2108
32968 2108
32969 2108
32970 2108
32971 2108
32972 2108
32973 2108
32974 2108
32975 2108
32976 2108
32977 2108
32978 2108
32979 2108
32980 2108
32981 2108
32982 2108
32983 2108
32984 2108
32985 2108
32986 2108
32987 2108
32988 2108
32989 2108
32990 2108
32991 2108
32992 2108
32993 2108
32994 2108
32995 2108
32996 2108
32997 2108
32998 2108
32999 2108
33000 2108
33001 2108
33002 2108
33003 2108
33004 2108
33005 2108
33006 2108
33007 2108
33008 2108
33009 2108
33010 2108
33011 2108
33012 2108
33013 2108
33014 2108
33015 2108
33016 2108
33017 2108
33018 2108
33019 2108
33020 2108
33021 2108
33022 2108
33023 2108
33024 2108
33025 2108
33026 2108
33027 2108
33028 2108
33029 2108
33030 2108
33031 2108
33032 2108
33033 2108
33034 2108
33035 2108
33036 2108
33037 2108
33038 2108
33039 2108
33040 2108
33041 2108
33042 2108
33043 2108
33044 2108
33045 2108
33046 2108
33047 2108
33048 2108
33049 2108
33050 2108
33051 2108
33052 2108
33053 2108
33054 2108
33055 2108
33056 2108
33057 2108
33058 2108
33059 2108
33060 2108
33061 2108
33062 2108
33063 2108
33064 2108
33065 2108
33066 2108
33067 2108
33068 2108
33069 2108
33070 2108
33071 2108
33072 2108
33073 2108
33074 2108
33075 2108
33076 2108
33077 2108
33078 2108
33079 2108
33080 2108
33081 2108
33082 2108
33083 2108
33084 2108
33085 2108
33086 2108
33087 2108
33088 2108
33089 2108
33090 2108
33091 2108
33092 2108
33093 2108
33094 2108
33095 2108
33096 2108
33097 2108
33098 2108
33099 2108
33100 2108
33101 2108
33102 2108
33103 2108
33104 2108
33105 2108
33106 2108
33107 2108
33108 2108
33109 2108
33110 2108
33111 2108
33112 2108
33113 2108
33114 2108
33115 2108
33116 2108
33117 2108
33118 2108
33119 2108
33120 2108
33121 2108
33122 2108
33123 2108
33124 2108
33125 2108
33126 2108
33127 2108
33128 2108
33129 2106
33130 2106
33131 2106
33132 2106
33133 2106
33134 2106
33135 2106
33136 2106
33137 2106
33138 2106
33139 2106
33140 2106
33141 2106
33142 2106
33143 2106
33144 2106
33145 2106
33146 2106
33147 2106
33148 2106
33149 2106
33150 2106
33151 2106
33152 2106
33153 2106
33154 2106
33155 2106
33156 2106
33157 2106
33158 2106
33159 2106
33160 2106
33161 2106
33162 2106
33163 2106
33164 2106
33165 2106
33166 2106
33167 2106
33168 2106
33169 2106
33170 2106
33171 2106
33172 2106
33173 2106
33174 2106
33175 2106
33176 2106
33177 2106
33178 2106
33179 2106
33180 2106
33181 2106
33182 2106
33183 2106
33184 2106
33185 2106
33186 2106
33187 2106
33188 2106
33189 2106
33190 2106
33191 2106
33192 2106
33193 2106
33194 2106
33195 2106
33196 2106
33197 2106
33198 2106
33199 2106
33200 2106
33201 2106
33202 2106
33203 2106
33204 2106
33205 2106
33206 2106
33207 2106
33208 2106
33209 2106
33210 2106
33211 2106
33212 2106
33213 2106
33214 2106
33215 2106
33216 2106
33217 2106
33218 2106
33219 2106
33220 2106
33221 2106
33222 2106
33223 2106
33224 2106
33225 2106
33226 2106
33227 2106
33228 2106
33229 2106
33230 2106
33231 2106
33232 2106
33233 2106
33234 2106
33235 2106
33236 2106
33237 2106
33238 2106
33239 2106
33240 2106
33241 2106
33242 2106
33243 2106
33244 2106
33245 2106
33246 2106
33247 2106
33248 2106
33249 2106
33250 2106
33251 2106
33252 2106
33253 2106
33254 2106
33255 2106
33256 2106
33257 2106
33258 2106
33259 2106
33260 2106
33261 2106
33262 2106
33263 2106
33264 2106
33265 2106
33266 2106
33267 2106
33268 2106
33269 2106
33270 2106
33271 2106
33272 2106
33273 2106
33274 2106
33275 2106
33276 2106
33277 2106
33278 2106
33279 2106
33280 2106
33281 2106
33282 2106
33283 2106
33284 2106
33285 2106
33286 2106
33287 2106
33288 2106
33289 2106
33290 2106
33291 2106
33292 2106
33293 2106
33294 2106
33295 2106
33296 2106
33297 2106
33298 2106
33299 2106
33300 2106
33301 2106
33302 2106
33303 2106
33304 2106
33305 2106
33306 2106
33307 2106
33308 2106
33309 2106
33310 2106
33311 2106
33312 2106
33313 2106
33314 2106
33315 2106
33316 2106
33317 2106
33318 2106
33319 2104
33320 2104
33321 2104
33322 2104
33323 2104
33324 2104
33325 2104
33326 2104
33327 2104
33328 2104
33329 2104
33330 2104
33331 2104
33332 2104
33333 2104
33334 2104
33335 2104
33336 2104
33337 2104
33338 2104
33339 2104
33340 2104
33341 2104
33342 2104
33343 2104
33344 2104
33345 2104
33346 2104
33347 2104
33348 2104
33349 2104
33350 2104
33351 2104
33352 2104
33353 2104
33354 2104
33355 2104
33356 2104
33357 2104
33358 2104
33359 2104
33360 2104
33361 2104
33362 2104
33363 2104
33364 2104
33365 2104
33366 2104
33367 2104
33368 2104
33369 2104
33370 2104
33371 2104
33372 2104
33373 2104
33374 2104
33375 2104
33376 2104
33377 2104
33378 2104
33379 2104
33380 2104
33381 2104
33382 2104
33383 2104
33384 2104
33385 2104
33386 2104
33387 2104
33388 2104
33389 2104
33390 2104
33391 2104
33392 2104
33393 2104
33394 2104
33395 2104
33396 2104
33397 2104
33398 2104
33399 2104
33400 2104
33401 2104
33402 2104
33403 2104
33404 2104
33405 2104
33406 2104
33407 2104
33408 2104
33409 2104
33410 2104
33411 2104
33412 2104
33413 2104
33414 2104
33415 2104
33416 2104
33417 2104
33418 2104
33419 2104
33420 2104
33421 2104
33422 2104
33423 2104
33424 2104
33425 2104
33426 2104
33427 2104
33428 2104
33429 2104
33430 2104
33431 2104
33432 2104
33433 2104
33434 2104
33435 2104
33436 2104
33437 2104
33438 2104
33439 2104
33440 2104
33441 2104
33442 2104
33443 2104
33444 2104
33445 2104
33446 2104
33447 2104
33448 2104
33449 2104
33450 2104
33451 2104
33452 2104
33453 2104
33454 2104
33455 2104
33456 2104
33457 2104
33458 2104
33459 2104
33460 2104
33461 2104
33462 2104
33463 2104
33464 2104
33465 2104
33466 2104
33467 2104
33468 2104
33469 2104
33470 2104
33471 2104
33472 2104
33473 2104
33474 2104
33475 2104
33476 2104
33477 2104
33478 2104
33479 2104
33480 2104
33481 2104
33482 2104
33483 2104
33484 2104
33485 2104
33486 2104
33487 2104
33488 2104
33489 2104
33490 2104
33491 2104
33492 2104
33493 2104
33494 2104
33495 2104
33496 2104
33497 2104
33498 2104
33499 2104
33500 2104
33501 2104
33502 2104
33503 2104
33504 2104
33505 2104
33506 2104
33507 2104
33508 2104
33509 2104
33510 2104
33511 2104
33512 2104
33513 2104
33514 2104
33515 2104
33516 2104
33517 2104
33518 2104
33519 2104
33520 2104
33521 2104
33522 2104
33523 2104
33524 2104
33525 2104
33526 2104
33527 2104
33528 2104
33529 2104
33530 2104
33531 2104
33532 2104
33533 2104
33534 2104
33535 2104
33536 2104
33537 2104
33538 2104
33539 2104
33540 2104
33541 2104
33542 2104
33543 2104
33544 2104
33545 2104
33546 2104
33547 2104
33548 2104
33549 2104
33550 2104
33551 2104
33552 2104
33553 2104
33554 2104
33555 2104
33556 2104
33557 2104
33558 2104
33559 2104
33560 2104
33561 2104
33562 2104
33563 2104
33564 2104
33565 2104
33566 2104
33567 2104
33568 2104
33569 2104
33570 2104
33571 2104
33572 2104
33573 2104
33574 2104
33575 2104
33576 2104
33577 2104
33578 2104
33579 2104
33580 2104
33581 2104
33582 2104
33583 2104
33584 2104
33585 2104
33586 2104
33587 2104
33588 2104
33589 2104
33590 2104
33591 2104
33592 2104
33593 2104
33594 2104
33595 2104
33596 2104
33597 2104
33598 2104
33599 2104
33600 2104
33601 2104
33602 2104
33603 2104
33604 2104
33605 2104
33606 2104
33607 2104
33608 2104
33609 2104
33610 2104
33611 2104
33612 2104
33613 2104
33614 2104
33615 2104
33616 2104
33617 2104
33618 2104
33619 2104
33620 2104
33621 2104
33622 2104
33623 2104
33624 2104
33625 2104
33626 2104
33627 2104
33628 2104
33629 2104
33630 2104
33631 2104
33632 2104
33633 2104
33634 2104
33635 2104
33636 2104
33637 2104
33638 2104
33639 2104
33640 2104
33641 2104
33642 2104
33643 2104
33644 2104
33645 2104
33646 2104
33647 2104
33648 2104
33649 2104
33650 2104
33651 2104
33652 2104
33653 2104
33654 2104
33655 2104
33656 2104
33657 2104
33658 2104
33659 2104
33660 2104
33661 2104
33662 2104
33663 2104
33664 2104
33665 2104
33666 2104
33667 2104
33668 2104
33669 2104
33670 2104
33671 2104
33672 2104
33673 2104
33674 2104
33675 2104
33676 2104
33677 2104
33678 2104
33679 2104
33680 2104
33681 2104
33682 2104
33683 2104
33684 2104
33685 2104
33686 2104
33687 2104
33688 2104
33689 2104
33690 2104
33691 2104
33692 2104
33693 2104
33694 2104
33695 2104
33696 2104
33697 2104
33698 2096
33699 2096
33700 2096
33701 2096
33702 2096
33703 2096
33704 2096
33705 2096
33706 2096
33707 2096
33708 2096
33709 2096
33710 2096
33711 2096
33712 2096
33713 2096
33714 2096
33715 2096
33716 2096
33717 2096
33718 2096
33719 2096
33720 2096
33721 2096
33722 2096
33723 2096
33724 2096
33725 2096
33726 2096
33727 2096
33728 2096
33729 2096
33730 2096
33731 2096
33732 2096
33733 2096
33734 2096
33735 2096
33736 2096
33737 2096
33738 2096
33739 2096
33740 2096
33741 2096
33742 2096
33743 2096
33744 2096
33745 2096
33746 2096
33747 2096
33748 2096
33749 2096
33750 2096
33751 2096
33752 2096
33753 2096
33754 2096
33755 2096
33756 2096
33757 2096
33758 2096
33759 2096
33760 2096
33761 2096
33762 2096
33763 2096
33764 2096
33765 2096
33766 2096
33767 2096
33768 2096
33769 2096
33770 2096
33771 2096
33772 2096
33773 2096
33774 2096
33775 2096
33776 2096
33777 2096
33778 2096
33779 2096
33780 2096
33781 2096
33782 2096
33783 2096
33784 2096
33785 2096
33786 2096
33787 2096
33788 2096
33789 2096
33790 2096
33791 2096
33792 2096
33793 2096
33794 2096
33795 2096
33796 2096
33797 2096
33798 2096
33799 2096
33800 2096
33801 2096
33802 2096
33803 2096
33804 2096
33805 2096
33806 2096
33807 2096
33808 2096
33809 2096
33810 2096
33811 2096
33812 2096
33813 2096
33814 2096
33815 2096
33816 2096
33817 2096
33818 2096
33819 2096
33820 2096
33821 2096
33822 2096
33823 2096
33824 2096
33825 2096
33826 2096
33827 2096
33828 2096
33829 2096
33830 2096
33831 2096
33832 2096
33833 2096
33834 2096
33835 2096
33836 2096
33837 2096
33838 2096
33839 2096
33840 2096
33841 2096
33842 2096
33843 2096
33844 2096
33845 2096
33846 2096
33847 2096
33848 2096
33849 2096
33850 2096
33851 2096
33852 2096
33853 2096
33854 2096
33855 2096
33856 2096
33857 2096
33858 2096
33859 2096
33860 2096
33861 2096
33862 2096
33863 2096
33864 2096
33865 2096
33866 2096
33867 2096
33868 2096
33869 2096
33870 2096
33871 2096
33872 2096
33873 2096
33874 2096
33875 2096
33876 2096
33877 2096
33878 2096
33879 2096
33880 2096
33881 2096
33882 2096
33883 2096
33884 2096
33885 2096
33886 2096
33887 2096
33888 2096
33889 2096
33890 2096
33891 2096
33892 2096
33893 2096
33894 2096
33895 2096
33896 2096
33897 2096
33898 2096
33899 2096
33900 2096
33901 2096
33902 2096
33903 2096
33904 2096
33905 2096
33906 2096
33907 2095
33908 2095
33909 2095
33910 2095
33911 2095
33912 2095
33913 2095
33914 2095
33915 2095
33916 2095
33917 2095
33918 2095
33919 2095
33920 2095
33921 2095
33922 2095
33923 2095
33924 2095
33925 2095
33926 2095
33927 2095
33928 2095
33929 2095
33930 2095
33931 2095
33932 2095
33933 2095
33934 2095
33935 2095
33936 2095
33937 2095
33938 2095
33939 2095
33940 2095
33941 2095
33942 2095
33943 2095
33944 2095
33945 2095
33946 2095
33947 2095
33948 2095
33949 2095
33950 2095
33951 2095
33952 2095
33953 2095
33954 2095
33955 2095
33956 2095
33957 2095
33958 2095
33959 2095
33960 2095
33961 2095
33962 2095
33963 2095
33964 2095
33965 2095
33966 2095
33967 2095
33968 2095
33969 2095
33970 2095
33971 2095
33972 2095
33973 2095
33974 2095
33975 2095
33976 2095
33977 2095
33978 2095
33979 2095
33980 2095
33981 2095
33982 2095
33983 2095
33984 2095
33985 2095
33986 2095
33987 2095
33988 2095
33989 2095
33990 2095
33991 2095
33992 2095
33993 2095
33994 2095
33995 2095
33996 2095
33997 2095
33998 2095
33999 2095
34000 2095
34001 2095
34002 2095
34003 2095
34004 2095
34005 2095
34006 2095
34007 2095
34008 2095
34009 2095
34010 2095
34011 2095
34012 2095
34013 2095
34014 2095
34015 2095
34016 2095
34017 2095
34018 2095
34019 2095
34020 2095
34021 2095
34022 2095
34023 2095
34024 2095
34025 2095
34026 2095
34027 2095
34028 2095
34029 2095
34030 2095
34031 2095
34032 2095
34033 2095
34034 2095
34035 2095
34036 2095
34037 2095
34038 2095
34039 2095
34040 2095
34041 2095
34042 2095
34043 2095
34044 2095
34045 2095
34046 2095
34047 2095
34048 2095
34049 2095
34050 2095
34051 2095
34052 2095
34053 2095
34054 2095
34055 2095
34056 2095
34057 2095
34058 2091
34059 2091
34060 2091
34061 2091
34062 2091
34063 2091
34064 2091
34065 2091
34066 2091
34067 2091
34068 2091
34069 2091
34070 2091
34071 2091
34072 2091
34073 2091
34074 2091
34075 2091
34076 2091
34077 2091
34078 2091
34079 2091
34080 2091
34081 2091
34082 2091
34083 2091
34084 2091
34085 2091
34086 2091
34087 2091
34088 2091
34089 2091
34090 2091
34091 2091
34092 2091
34093 2091
34094 2091
34095 2091
34096 2091
34097 2091
34098 2091
34099 2091
34100 2091
34101 2091
34102 2091
34103 2091
34104 2091
34105 2091
34106 2091
34107 2091
34108 2091
34109 2091
34110 2091
34111 2091
34112 2091
34113 2091
34114 2091
34115 2091
34116 2091
34117 2091
34118 2091
34119 2091
34120 2091
34121 2091
34122 2091
34123 2091
34124 2091
34125 2091
34126 2091
34127 2091
34128 2091
34129 2091
34130 2091
34131 2091
34132 2091
34133 2091
34134 2091
34135 2091
34136 2091
34137 2091
34138 2091
34139 2091
34140 2091
34141 2091
34142 2091
34143 2091
34144 2091
34145 2091
34146 2091
34147 2091
34148 2091
34149 2091
34150 2091
34151 2091
34152 2091
34153 2091
34154 2091
34155 2091
34156 2091
34157 2091
34158 2091
34159 2091
34160 2091
34161 2091
34162 2091
34163 2091
34164 2091
34165 2091
34166 2091
34167 2091
34168 2091
34169 2091
34170 2091
34171 2091
34172 2091
34173 2091
34174 2091
34175 2091
34176 2091
34177 2091
34178 2091
34179 2091
34180 2091
34181 2091
34182 2091
34183 2091
34184 2091
34185 2091
34186 2091
34187 2091
34188 2091
34189 2091
34190 2091
34191 2091
34192 2091
34193 2091
34194 2091
34195 2091
34196 2091
34197 2091
34198 2091
34199 2091
34200 2091
34201 2091
34202 2091
34203 2091
34204 2091
34205 2091
34206 2091
34207 2091
34208 2091
34209 2091
34210 2091
34211 2091
34212 2091
34213 2091
34214 2091
34215 2091
34216 2091
34217 2091
34218 2091
34219 2091
34220 2091
34221 2091
34222 2091
34223 2091
34224 2091
34225 2091
34226 2091
34227 2091
34228 2091
34229 2091
34230 2091
34231 2091
34232 2091
34233 2091
34234 2091
34235 2091
34236 2091
34237 2091
34238 2091
34239 2091
34240 2091
34241 2091
34242 2091
34243 2091
34244 2091
34245 2091
34246 2091
34247 2091
34248 2091
34249 2091
34250 2091
34251 2091
34252 2091
34253 2091
34254 2091
34255 2091
34256 2091
34257 2091
34258 2091
34259 2091
34260 2091
34261 2091
34262 2091
34263 2091
34264 2091
34265 2091
34266 2091
34267 2091
34268 2091
34269 2091
34270 2091
34271 2091
34272 2091
34273 2091
34274 2091
34275 2091
34276 2091
34277 2091
34278 2091
34279 2091
34280 2091
34281 2091
34282 2091
34283 2091
34284 2091
34285 2091
34286 2091
34287 2091
34288 2091
34289 2091
34290 2091
34291 2091
34292 2091
34293 2091
34294 2091
34295 2091
34296 2091
34297 2091
34298 2091
34299 2091
34300 2091
34301 2091
34302 2091
34303 2091
34304 2091
34305 2091
34306 2091
34307 2091
34308 2091
34309 2091
34310 2091
34311 2091
34312 2091
34313 2091
34314 2091
34315 2091
34316 2091
34317 2091
34318 2091
34319 2091
34320 2091
34321 2091
34322 2091
34323 2091
34324 2091
34325 2091
34326 2091
34327 2091
34328 2091
34329 2091
34330 2091
34331 2091
34332 2091
34333 2091
34334 2091
34335 2091
34336 2091
34337 2091
34338 2091
34339 2091
34340 2091
34341 2091
34342 2091
34343 2091
34344 2091
34345 2091
34346 2091
34347 2091
34348 2091
34349 2091
34350 2091
34351 2091
34352 2091
34353 2091
34354 2091
34355 2091
34356 2091
34357 2091
34358 2091
34359 2091
34360 2091
34361 2091
34362 2091
34363 2091
34364 2091
34365 2091
34366 2091
34367 2091
34368 2091
34369 2091
34370 2091
34371 2091
34372 2091
34373 2091
34374 2091
34375 2091
34376 2091
34377 2091
34378 2091
34379 2091
34380 2091
34381 2091
34382 2091
34383 2091
34384 2091
34385 2091
34386 2091
34387 2091
34388 2091
34389 2091
34390 2091
34391 2091
34392 2091
34393 2091
34394 2091
34395 2091
34396 2091
34397 2091
34398 2091
34399 2091
34400 2091
34401 2091
34402 2091
34403 2091
34404 2091
34405 2091
34406 2091
34407 2091
34408 2091
34409 2091
34410 2091
34411 2091
34412 2091
34413 2091
34414 2091
34415 2091
34416 2091
34417 2091
34418 2091
34419 2091
34420 2091
34421 2091
34422 2091
34423 2091
34424 2091
34425 2091
34426 2091
34427 2091
34428 2091
34429 2091
34430 2091
34431 2091
34432 2091
34433 2091
34434 2091
34435 2091
34436 2091
34437 2091
34438 2091
34439 2091
34440 2091
34441 2091
34442 2091
34443 2091
34444 2091
34445 2091
34446 2091
34447 2091
34448 2091
34449 2091
34450 2091
34451 2091
34452 2091
34453 2091
34454 2091
34455 2091
34456 2091
34457 2091
34458 2091
34459 2091
34460 2091
34461 2091
34462 2091
34463 2091
34464 2091
34465 2091
34466 2091
34467 2091
34468 2091
34469 2091
34470 2091
34471 2091
34472 2091
34473 2091
34474 2091
34475 2091
34476 2091
34477 2091
34478 2091
34479 2091
34480 2091
34481 2091
34482 2091
34483 2091
34484 2091
34485 2091
34486 2091
34487 2091
34488 2091
34489 2091
34490 2091
34491 2091
34492 2091
34493 2091
34494 2091
34495 2091
34496 2091
34497 2091
34498 2091
34499 2091
34500 2091
34501 2091
34502 2091
34503 2091
34504 2091
34505 2091
34506 2091
34507 2091
34508 2091
34509 2091
34510 2091
34511 2091
34512 2091
34513 2091
34514 2091
34515 2091
34516 2091
34517 2091
34518 2091
34519 2091
34520 2091
34521 2091
34522 2091
34523 2091
34524 2091
34525 2091
34526 2091
34527 2091
34528 2091
34529 2091
34530 2091
34531 2091
34532 2091
34533 2091
34534 2091
34535 2091
34536 2091
34537 2091
34538 2091
34539 2091
34540 2091
34541 2091
34542 2091
34543 2091
34544 2091
34545 2091
34546 2091
34547 2091
34548 2091
34549 2091
34550 2091
34551 2091
34552 2091
34553 2091
34554 2091
34555 2091
34556 2091
34557 2091
34558 2091
34559 2091
34560 2091
34561 2091
34562 2091
34563 2091
34564 2091
34565 2091
34566 2091
34567 2091
34568 2091
34569 2091
34570 2091
34571 2091
34572 2091
34573 2091
34574 2091
34575 2091
34576 2091
34577 2091
34578 2091
34579 2091
34580 2091
34581 2091
34582 2091
34583 2091
34584 2091
34585 2091
34586 2091
34587 2091
34588 2091
34589 2091
34590 2091
34591 2091
34592 2091
34593 2091
34594 2091
34595 2091
34596 2091
34597 2091
34598 2091
34599 2091
34600 2091
34601 2091
34602 2091
34603 2091
34604 2091
34605 2091
34606 2091
34607 2091
34608 2091
34609 2091
34610 2091
34611 2091
34612 2091
34613 2091
34614 2091
34615 2091
34616 2091
34617 2091
34618 2091
34619 2091
34620 2091
34621 2091
34622 2091
34623 2091
34624 2091
34625 2091
34626 2091
34627 2091
34628 2091
34629 2091
34630 2091
34631 2091
34632 2091
34633 2091
34634 2091
34635 2091
34636 2091
34637 2091
34638 2091
34639 2091
34640 2091
34641 2091
34642 2091
34643 2091
34644 2091
34645 2091
34646 2091
34647 2091
34648 2091
34649 2091
34650 2091
34651 2091
34652 2091
34653 2091
34654 2091
34655 2091
34656 2091
34657 2091
34658 2091
34659 2091
34660 2091
34661 2091
34662 2091
34663 2091
34664 2091
34665 2091
34666 2091
34667 2091
34668 2091
34669 2091
34670 2091
34671 2091
34672 2091
34673 2091
34674 2091
34675 2091
34676 2091
34677 2091
34678 2091
34679 2091
34680 2091
34681 2091
34682 2091
34683 2091
34684 2091
34685 2091
34686 2091
34687 2091
34688 2091
34689 2091
34690 2091
34691 2091
34692 2091
34693 2091
34694 2091
34695 2091
34696 2091
34697 2091
34698 2091
34699 2091
34700 2091
34701 2091
34702 2091
34703 2091
34704 2091
34705 2091
34706 2091
34707 2091
34708 2091
34709 2091
34710 2091
34711 2091
34712 2091
34713 2091
34714 2091
34715 2091
34716 2091
34717 2091
34718 2091
34719 2091
34720 2091
34721 2091
34722 2088
34723 2088
34724 2088
34725 2088
34726 2088
34727 2088
34728 2088
34729 2088
34730 2088
34731 2088
34732 2088
34733 2088
34734 2088
34735 2088
34736 2088
34737 2088
34738 2088
34739 2088
34740 2088
34741 2088
34742 2088
34743 2088
34744 2088
34745 2088
34746 2088
34747 2088
34748 2088
34749 2088
34750 2088
34751 2088
34752 2088
34753 2088
34754 2088
34755 2088
34756 2088
34757 2088
34758 2088
34759 2088
34760 2088
34761 2088
34762 2088
34763 2088
34764 2088
34765 2088
34766 2088
34767 2088
34768 2088
34769 2088
34770 2088
34771 2088
34772 2088
34773 2088
34774 2088
34775 2088
34776 2088
34777 2088
34778 2088
34779 2088
34780 2088
34781 2088
34782 2088
34783 2088
34784 2088
34785 2088
34786 2088
34787 2088
34788 2088
34789 2088
34790 2088
34791 2088
34792 2088
34793 2088
34794 2088
34795 2088
34796 2088
34797 2088
34798 2088
34799 2088
34800 2088
34801 2088
34802 2088
34803 2088
34804 2088
34805 2088
34806 2088
34807 2088
34808 2088
34809 2088
34810 2088
34811 2088
34812 2088
34813 2088
34814 2088
34815 2088
34816 2088
34817 2088
34818 2088
34819 2088
34820 2088
34821 2088
34822 2088
34823 2088
34824 2088
34825 2088
34826 2088
34827 2088
34828 2088
34829 2088
34830 2088
34831 2088
34832 2088
34833 2088
34834 2088
34835 2088
34836 2088
34837 2088
34838 2088
34839 2088
34840 2088
34841 2088
34842 2088
34843 2088
34844 2088
34845 2088
34846 2088
34847 2088
34848 2088
34849 2088
34850 2088
34851 2088
34852 2088
34853 2088
34854 2088
34855 2088
34856 2088
34857 2088
34858 2088
34859 2088
34860 2088
34861 2088
34862 2088
34863 2088
34864 2088
34865 2088
34866 2088
34867 2088
34868 2088
34869 2088
34870 2088
34871 2088
34872 2088
34873 2088
34874 2088
34875 2088
34876 2088
34877 2088
34878 2088
34879 2088
34880 2088
34881 2088
34882 2088
34883 2088
34884 2088
34885 2088
34886 2088
34887 2088
34888 2088
34889 2088
34890 2088
34891 2088
34892 2088
34893 2088
34894 2088
34895 2088
34896 2088
34897 2088
34898 2088
34899 2088
34900 2088
34901 2088
34902 2088
34903 2088
34904 2088
34905 2088
34906 2088
34907 2088
34908 2088
34909 2088
34910 2088
34911 2088
34912 2088
34913 2088
34914 2088
34915 2088
34916 2088
34917 2088
34918 2088
34919 2088
34920 2088
34921 2088
34922 2088
34923 2088
34924 2088
34925 2088
34926 2088
34927 2088
34928 2088
34929 2088
34930 2088
34931 2088
34932 2088
34933 2088
34934 2088
34935 2088
34936 2088
34937 2088
34938 2088
34939 2088
34940 2088
34941 2088
34942 2088
34943 2088
34944 2088
34945 2088
34946 2088
34947 2088
34948 2088
34949 2088
34950 2088
34951 2088
34952 2088
34953 2088
34954 2088
34955 2088
34956 2088
34957 2088
34958 2088
34959 2088
34960 2088
34961 2088
34962 2088
34963 2088
34964 2088
34965 2088
34966 2088
34967 2088
34968 2088
34969 2088
34970 2088
34971 2088
34972 2088
34973 2088
34974 2088
34975 2088
34976 2088
34977 2088
34978 2088
34979 2088
34980 2088
34981 2088
34982 2088
34983 2088
34984 2088
34985 2088
34986 2088
34987 2088
34988 2088
34989 2088
34990 2088
34991 2088
34992 2088
34993 2088
34994 2088
34995 2088
34996 2088
34997 2088
34998 2088
34999 2088
35000 2088
35001 2088
35002 2088
35003 2088
35004 2088
35005 2088
35006 2088
35007 2088
35008 2088
35009 2088
35010 2088
35011 2088
35012 2088
35013 2088
35014 2088
35015 2088
35016 2088
35017 2088
35018 2088
35019 2088
35020 2088
35021 2088
35022 2088
35023 2088
35024 2088
35025 2088
35026 2088
35027 2088
35028 2088
35029 2088
35030 2088
35031 2088
35032 2088
35033 2088
35034 2088
35035 2088
35036 2088
35037 2088
35038 2088
35039 2088
35040 2088
35041 2088
35042 2088
35043 2088
35044 2088
35045 2088
35046 2088
35047 2088
35048 2088
35049 2088
35050 2088
35051 2088
35052 2088
35053 2088
35054 2088
35055 2088
35056 2088
35057 2088
35058 2088
35059 2088
35060 2088
35061 2088
35062 2088
35063 2088
35064 2088
35065 2088
35066 2088
35067 2088
35068 2088
35069 2088
35070 2088
35071 2088
35072 2088
35073 2088
35074 2088
35075 2088
35076 2088
35077 2088
35078 2088
35079 2088
35080 2088
35081 2088
35082 2088
35083 2088
35084 2088
35085 2088
35086 2088
35087 2088
35088 2088
35089 2088
35090 2088
35091 2088
35092 2088
35093 2088
35094 2088
35095 2088
35096 2088
35097 2088
35098 2088
35099 2088
35100 2085
35101 2085
35102 2085
35103 2085
35104 2085
35105 2085
35106 2085
35107 2085
35108 2085
35109 2085
35110 2085
35111 2085
35112 2085
35113 2085
35114 2085
35115 2085
35116 2085
35117 2085
35118 2085
35119 2085
35120 2085
35121 2085
35122 2085
35123 2085
35124 2085
35125 2085
35126 2085
35127 2085
35128 2085
35129 2085
35130 2085
35131 2085
35132 2085
35133 2085
35134 2085
35135 2085
35136 2085
35137 2085
35138 2085
35139 2085
35140 2085
35141 2085
35142 2085
35143 2085
35144 2085
35145 2085
35146 2085
35147 2085
35148 2085
35149 2085
35150 2085
35151 2085
35152 2085
35153 2085
35154 2085
35155 2085
35156 2085
35157 2085
35158 2085
35159 2085
35160 2085
35161 2085
35162 2085
35163 2085
35164 2085
35165 2085
35166 2085
35167 2085
35168 2085
35169 2085
35170 2085
35171 2085
35172 2085
35173 2085
35174 2085
35175 2085
35176 2085
35177 2085
35178 2085
35179 2085
35180 2085
35181 2085
35182 2085
35183 2085
35184 2085
35185 2085
35186 2085
35187 2085
35188 2085
35189 2085
35190 2085
35191 2085
35192 2085
35193 2085
35194 2085
35195 2085
35196 2085
35197 2085
35198 2085
35199 2085
35200 2085
35201 2085
35202 2085
35203 2085
35204 2085
35205 2085
35206 2085
35207 2085
35208 2085
35209 2085
35210 2085
35211 2085
35212 2085
35213 2085
35214 2085
35215 2085
35216 2085
35217 2085
35218 2085
35219 2085
35220 2085
35221 2085
35222 2085
35223 2085
35224 2085
35225 2085
35226 2085
35227 2085
35228 2085
35229 2085
35230 2085
35231 2085
35232 2085
35233 2085
35234 2085
35235 2085
35236 2085
35237 2085
35238 2085
35239 2085
35240 2085
35241 2085
35242 2085
35243 2085
35244 2085
35245 2085
35246 2085
35247 2085
35248 2085
35249 2085
35250 2085
35251 2085
35252 2085
35253 2085
35254 2085
35255 2085
35256 2085
35257 2085
35258 2085
35259 2085
35260 2085
35261 2085
35262 2085
35263 2085
35264 2085
35265 2085
35266 2085
35267 2085
35268 2085
35269 2085
35270 2085
35271 2085
35272 2085
35273 2085
35274 2085
35275 2085
35276 2085
35277 2085
35278 2085
35279 2085
35280 2085
35281 2085
35282 2085
35283 2085
35284 2085
35285 2085
35286 2085
35287 2085
35288 2085
35289 2085
35290 2085
35291 2085
35292 2085
35293 2085
35294 2085
35295 2085
35296 2085
35297 2085
35298 2085
35299 2085
35300 2085
35301 2085
35302 2085
35303 2085
35304 2085
35305 2085
35306 2085
35307 2085
35308 2085
35309 2085
35310 2085
35311 2085
35312 2085
35313 2085
35314 2085
35315 2085
35316 2085
35317 2085
35318 2085
35319 2085
35320 2085
35321 2085
35322 2085
35323 2085
35324 2085
35325 2085
35326 2085
35327 2085
35328 2085
35329 2085
35330 2085
35331 2085
35332 2085
35333 2085
35334 2085
35335 2085
35336 2085
35337 2085
35338 2085
35339 2085
35340 2085
35341 2085
35342 2085
35343 2085
35344 2085
35345 2085
35346 2085
35347 2085
35348 2085
35349 2085
35350 2085
35351 2085
35352 2085
35353 2085
35354 2085
35355 2085
35356 2085
35357 2085
35358 2085
35359 2085
35360 2085
35361 2085
35362 2085
35363 2085
35364 2085
35365 2085
35366 2085
35367 2085
35368 2085
35369 2085
35370 2085
35371 2085
35372 2085
35373 2085
35374 2085
35375 2085
35376 2085
35377 2085
35378 2085
35379 2085
35380 2085
35381 2085
35382 2085
35383 2085
35384 2085
35385 2085
35386 2085
35387 2085
35388 2085
35389 2085
35390 2085
35391 2085
35392 2085
35393 2085
35394 2085
35395 2085
35396 2085
35397 2085
35398 2085
35399 2085
35400 2085
35401 2085
35402 2085
35403 2085
35404 2085
35405 2085
35406 2085
35407 2085
35408 2085
35409 2085
35410 2085
35411 2085
35412 2085
35413 2085
35414 2085
35415 2085
35416 2085
35417 2085
35418 2085
35419 2085
35420 2085
35421 2085
35422 2085
35423 2085
35424 2085
35425 2085
35426 2085
35427 2085
35428 2085
35429 2085
35430 2085
35431 2085
35432 2085
35433 2085
35434 2085
35435 2085
35436 2085
35437 2085
35438 2085
35439 2085
35440 2085
35441 2085
35442 2085
35443 2085
35444 2085
35445 2085
35446 2085
35447 2085
35448 2085
35449 2085
35450 2085
35451 2085
35452 2085
35453 2085
35454 2085
35455 2085
35456 2085
35457 2085
35458 2085
35459 2085
35460 2085
35461 2085
35462 2085
35463 2085
35464 2085
35465 2085
35466 2085
35467 2085
35468 2085
35469 2085
35470 2085
35471 2085
35472 2085
35473 2085
35474 2085
35475 2085
35476 2085
35477 2085
35478 2085
35479 2085
35480 2085
35481 2085
35482 2085
35483 2085
35484 2085
35485 2085
35486 2085
35487 2085
35488 2085
35489 2085
35490 2085
35491 2085
35492 2085
35493 2085
35494 2085
35495 2085
35496 2085
35497 2085
35498 2085
35499 2085
35500 2085
35501 2085
35502 2085
35503 2085
35504 2085
35505 2085
35506 2085
35507 2085
35508 2085
35509 2085
35510 2085
35511 2085
35512 2085
35513 2085
35514 2085
35515 2085
35516 2085
35517 2085
35518 2085
35519 2085
35520 2085
35521 2085
35522 2085
35523 2085
35524 2085
35525 2085
35526 2085
35527 2085
35528 2085
35529 2071
35530 2071
35531 2071
35532 2071
35533 2071
35534 2071
35535 2071
35536 2071
35537 2071
35538 2071
35539 2071
35540 2071
35541 2071
35542 2071
35543 2071
35544 2071
35545 2071
35546 2071
35547 2071
35548 2071
35549 2071
35550 2071
35551 2071
35552 2071
35553 2071
35554 2071
35555 2071
35556 2071
35557 2071
35558 2071
35559 2071
35560 2071
35561 2071
35562 2071
35563 2071
35564 2071
35565 2071
35566 2071
35567 2071
35568 2071
35569 2071
35570 2071
35571 2071
35572 2071
35573 2071
35574 2071
35575 2071
35576 2071
35577 2071
35578 2071
35579 2071
35580 2071
35581 2071
35582 2071
35583 2071
35584 2071
35585 2071
35586 2071
35587 2071
35588 2071
35589 2071
35590 2071
35591 2071
35592 2071
35593 2071
35594 2071
35595 2071
35596 2071
35597 2071
35598 2071
35599 2071
35600 2071
35601 2071
35602 2071
35603 2071
35604 2071
35605 2071
35606 2071
35607 2071
35608 2071
35609 2071
35610 2071
35611 2071
35612 2071
35613 2071
35614 2071
35615 2071
35616 2071
35617 2071
35618 2071
35619 2071
35620 2071
35621 2071
35622 2071
35623 2071
35624 2071
35625 2071
35626 2071
35627 2071
35628 2071
35629 2071
35630 2071
35631 2071
35632 2071
35633 2071
35634 2071
35635 2071
35636 2071
35637 2071
35638 2071
35639 2071
35640 2071
35641 2071
35642 2071
35643 2071
35644 2071
35645 2071
35646 2071
35647 2071
35648 2071
35649 2071
35650 2071
35651 2071
35652 2071
35653 2071
35654 2071
35655 2071
35656 2071
35657 2071
35658 2071
35659 2071
35660 2071
35661 2071
35662 2071
35663 2071
35664 2071
35665 2071
35666 2071
35667 2071
35668 2071
35669 2071
35670 2071
35671 2071
35672 2071
35673 2071
35674 2071
35675 2071
35676 2071
35677 2071
35678 2071
35679 2071
35680 2071
35681 2071
35682 2071
35683 2071
35684 2071
35685 2071
35686 2071
35687 2071
35688 2071
35689 2071
35690 2071
35691 2071
35692 2071
35693 2071
35694 2071
35695 2071
35696 2071
35697 2071
35698 2071
35699 2071
35700 2071
35701 2071
35702 2071
35703 2071
35704 2071
35705 2071
35706 2071
35707 2071
35708 2071
35709 2071
35710 2071
35711 2071
35712 2071
35713 2071
35714 2071
35715 2071
35716 2071
35717 2071
35718 2071
35719 2071
35720 2071
35721 2071
35722 2071
35723 2071
35724 2071
35725 2071
35726 2071
35727 2071
35728 2071
35729 2071
35730 2071
35731 2071
35732 2071
35733 2071
35734 2071
35735 2071
35736 2071
35737 2071
35738 2071
35739 2071
35740 2071
35741 2071
35742 2071
35743 2071
35744 2071
35745 2071
35746 2071
35747 2071
35748 2071
35749 2071
35750 2071
35751 2071
35752 2071
35753 2071
35754 2071
35755 2071
35756 2071
35757 2071
35758 2071
35759 2071
35760 2071
35761 2071
35762 2071
35763 2071
35764 2071
35765 2071
35766 2071
35767 2071
35768 2071
35769 2071
35770 2071
35771 2071
35772 2071
35773 2071
35774 2071
35775 2071
35776 2071
35777 2071
35778 2071
35779 2071
35780 2071
35781 2071
35782 2071
35783 2071
35784 2071
35785 2071
35786 2071
35787 2071
35788 2071
35789 2071
35790 2071
35791 2071
35792 2071
35793 2071
35794 2071
35795 2071
35796 2071
35797 2071
35798 2071
35799 2071
35800 2071
35801 2071
35802 2071
35803 2071
35804 2071
35805 2071
35806 2071
35807 2071
35808 2071
35809 2071
35810 2071
35811 2071
35812 2071
35813 2071
35814 2071
35815 2071
35816 2071
35817 2071
35818 2071
35819 2071
35820 2071
35821 2071
35822 2071
35823 2071
35824 2071
35825 2071
35826 2071
35827 2071
35828 2071
35829 2071
35830 2071
35831 2071
35832 2071
35833 2071
35834 2071
35835 2071
35836 2071
35837 2071
35838 2071
35839 2071
35840 2071
35841 2071
35842 2071
35843 2071
35844 2071
35845 2071
35846 2071
35847 2071
35848 2071
35849 2071
35850 2071
35851 2071
35852 2071
35853 2071
35854 2071
35855 2071
35856 2071
35857 2071
35858 2071
35859 2071
35860 2071
35861 2071
35862 2071
35863 2071
35864 2071
35865 2071
35866 2071
35867 2071
35868 2071
35869 2071
35870 2071
35871 2071
35872 2071
35873 2071
35874 2071
35875 2071
35876 2071
35877 2071
35878 2071
35879 2071
35880 2071
35881 2071
35882 2071
35883 2071
35884 2071
35885 2071
35886 2071
35887 2071
35888 2071
35889 2071
35890 2071
35891 2071
35892 2071
35893 2071
35894 2071
35895 2071
35896 2071
35897 2071
35898 2071
35899 2071
35900 2071
35901 2071
35902 2071
35903 2071
35904 2071
35905 2071
35906 2071
35907 2071
35908 2071
35909 2071
35910 2071
35911 2071
35912 2071
35913 2071
35914 2071
35915 2071
35916 2066
35917 2066
35918 2066
35919 2066
35920 2066
35921 2066
35922 2066
35923 2066
35924 2066
35925 2066
35926 2066
35927 2066
35928 2066
35929 2066
35930 2066
35931 2066
35932 2066
35933 2066
35934 2066
35935 2066
35936 2066
35937 2066
35938 2066
35939 2066
35940 2066
35941 2066
35942 2066
35943 2066
35944 2066
35945 2066
35946 2066
35947 2066
35948 2066
35949 2066
35950 2066
35951 2066
35952 2066
35953 2066
35954 2066
35955 2066
35956 2066
35957 2066
35958 2066
35959 2066
35960 2066
35961 2066
35962 2066
35963 2066
35964 2066
35965 2066
35966 2066
35967 2066
35968 2066
35969 2066
35970 2066
35971 2066
35972 2066
35973 2066
35974 2066
35975 2066
35976 2066
35977 2066
35978 2066
35979 2066
35980 2066
35981 2066
35982 2066
35983 2066
35984 2066
35985 2066
35986 2066
35987 2066
35988 2066
35989 2066
35990 2066
35991 2066
35992 2066
35993 2066
35994 2066
35995 2066
35996 2066
35997 2066
35998 2066
35999 2066
36000 2066
36001 2066
36002 2066
36003 2066
36004 2066
36005 2066
36006 2066
36007 2066
36008 2066
36009 2066
36010 2066
36011 2066
36012 2066
36013 2066
36014 2066
36015 2066
36016 2066
36017 2066
36018 2066
36019 2066
36020 2066
36021 2066
36022 2066
36023 2066
36024 2066
36025 2066
36026 2066
36027 2066
36028 2066
36029 2066
36030 2066
36031 2066
36032 2066
36033 2066
36034 2066
36035 2066
36036 2066
36037 2066
36038 2066
36039 2066
36040 2066
36041 2066
36042 2066
36043 2066
36044 2066
36045 2066
36046 2066
36047 2066
36048 2066
36049 2066
36050 2066
36051 2066
36052 2066
36053 2066
36054 2066
36055 2066
36056 2066
36057 2066
36058 2066
36059 2066
36060 2066
36061 2066
36062 2066
36063 2066
36064 2066
36065 2066
36066 2066
36067 2066
36068 2066
36069 2066
36070 2066
36071 2066
36072 2066
36073 2066
36074 2066
36075 2066
36076 2066
36077 2066
36078 2066
36079 2066
36080 2066
36081 2066
36082 2066
36083 2066
36084 2066
36085 2066
36086 2066
36087 2066
36088 2066
36089 2066
36090 2066
36091 2066
36092 2066
36093 2066
36094 2066
36095 2066
36096 2066
36097 2066
36098 2066
36099 2066
36100 2066
36101 2066
36102 2066
36103 2066
36104 2066
36105 2066
36106 2066
36107 2066
36108 2066
36109 2066
36110 2066
36111 2066
36112 2066
36113 2066
36114 2066
36115 2066
36116 2066
36117 2066
36118 2066
36119 2066
36120 2066
36121 2066
36122 2066
36123 2066
36124 2066
36125 2066
36126 2066
36127 2066
36128 2066
36129 2066
36130 2066
36131 2066
36132 2066
36133 2066
36134 2066
36135 2066
36136 2066
36137 2066
36138 2066
36139 2066
36140 2066
36141 2066
36142 2066
36143 2066
36144 2066
36145 2066
36146 2066
36147 2066
36148 2066
36149 2066
36150 2066
36151 2066
36152 2066
36153 2066
36154 2066
36155 2066
36156 2066
36157 2066
36158 2066
36159 2066
36160 2066
36161 2066
36162 2066
36163 2066
36164 2066
36165 2066
36166 2066
36167 2066
36168 2066
36169 2066
36170 2066
36171 2066
36172 2066
36173 2066
36174 2066
36175 2066
36176 2066
36177 2066
36178 2066
36179 2066
36180 2066
36181 2066
36182 2066
36183 2066
36184 2066
36185 2066
36186 2066
36187 2066
36188 2066
36189 2066
36190 2066
36191 2066
36192 2066
36193 2066
36194 2066
36195 2066
36196 2066
36197 2066
36198 2066
36199 2066
36200 2066
36201 2066
36202 2066
36203 2066
36204 2066
36205 2066
36206 2066
36207 2066
36208 2066
36209 2066
36210 2066
36211 2066
36212 2066
36213 2066
36214 2066
36215 2066
36216 2066
36217 2066
36218 2066
36219 2066
36220 2066
36221 2066
36222 2066
36223 2066
36224 2065
36225 2065
36226 2065
36227 2065
36228 2065
36229 2065
36230 2065
36231 2065
36232 2065
36233 2065
36234 2065
36235 2065
36236 2065
36237 2065
36238 2065
36239 2065
36240 2065
36241 2065
36242 2065
36243 2065
36244 2065
36245 2065
36246 2065
36247 2065
36248 2065
36249 2065
36250 2065
36251 2065
36252 2065
36253 2065
36254 2065
36255 2065
36256 2065
36257 2065
36258 2065
36259 2065
36260 2065
36261 2065
36262 2065
36263 2065
36264 2065
36265 2065
36266 2065
36267 2065
36268 2065
36269 2065
36270 2065
36271 2065
36272 2065
36273 2065
36274 2065
36275 2065
36276 2065
36277 2065
36278 2065
36279 2065
36280 2065
36281 2065
36282 2065
36283 2065
36284 2065
36285 2065
36286 2065
36287 2065
36288 2065
36289 2065
36290 2065
36291 2065
36292 2065
36293 2065
36294 2065
36295 2065
36296 2065
36297 2065
36298 2065
36299 2065
36300 2065
36301 2065
36302 2065
36303 2065
36304 2065
36305 2065
36306 2065
36307 2065
36308 2065
36309 2065
36310 2065
36311 2065
36312 2065
36313 2065
36314 2061
36315 2061
36316 2061
36317 2061
36318 2061
36319 2061
36320 2061
36321 2061
36322 2061
36323 2061
36324 2061
36325 2061
36326 2061
36327 2061
36328 2061
36329 2061
36330 2061
36331 2061
36332 2061
36333 2061
36334 2061
36335 2061
36336 2061
36337 2061
36338 2061
36339 2061
36340 2061
36341 2061
36342 2061
36343 2061
36344 2061
36345 2061
36346 2061
36347 2061
36348 2061
36349 2061
36350 2061
36351 2061
36352 2061
36353 2061
36354 2061
36355 2061
36356 2061
36357 2061
36358 2061
36359 2061
36360 2061
36361 2061
36362 2061
36363 2061
36364 2061
36365 2061
36366 2061
36367 2061
36368 2061
36369 2061
36370 2061
36371 2061
36372 2061
36373 2061
36374 2061
36375 2061
36376 2061
36377 2061
36378 2061
36379 2061
36380 2061
36381 2061
36382 2061
36383 2061
36384 2061
36385 2061
36386 2061
36387 2061
36388 2061
36389 2061
36390 2061
36391 2061
36392 2061
36393 2061
36394 2061
36395 2061
36396 2061
36397 2061
36398 2061
36399 2061
36400 2061
36401 2061
36402 2061
36403 2061
36404 2061
36405 2061
36406 2061
36407 2061
36408 2061
36409 2061
36410 2061
36411 2061
36412 2061
36413 2061
36414 2061
36415 2061
36416 2061
36417 2061
36418 2061
36419 2061
36420 2061
36421 2061
36422 2061
36423 2061
36424 2061
36425 2061
36426 2061
36427 2061
36428 2061
36429 2061
36430 2061
36431 2061
36432 2061
36433 2061
36434 2061
36435 2061
36436 2061
36437 2061
36438 2061
36439 2061
36440 2061
36441 2061
36442 2061
36443 2061
36444 2061
36445 2061
36446 2061
36447 2061
36448 2061
36449 2061
36450 2061
36451 2061
36452 2061
36453 2061
36454 2061
36455 2061
36456 2061
36457 2061
36458 2061
36459 2061
36460 2061
36461 2061
36462 2061
36463 2061
36464 2061
36465 2061
36466 2061
36467 2061
36468 2061
36469 2061
36470 2061
36471 2061
36472 2061
36473 2061
36474 2061
36475 2061
36476 2061
36477 2061
36478 2061
36479 2061
36480 2061
36481 2061
36482 2061
36483 2061
36484 2061
36485 2055
36486 2055
36487 2055
36488 2055
36489 2055
36490 2055
36491 2055
36492 2055
36493 2055
36494 2055
36495 2055
36496 2055
36497 2055
36498 2055
36499 2055
36500 2055
36501 2055
36502 2055
36503 2055
36504 2055
36505 2055
36506 2055
36507 2055
36508 2055
36509 2055
36510 2055
36511 2055
36512 2055
36513 2055
36514 2055
36515 2055
36516 2055
36517 2055
36518 2055
36519 2055
36520 2055
36521 2055
36522 2055
36523 2055
36524 2055
36525 2055
36526 2055
36527 2055
36528 2055
36529 2055
36530 2055
36531 2055
36532 2055
36533 2055
36534 2055
36535 2055
36536 2055
36537 2055
36538 2055
36539 2055
36540 2055
36541 2055
36542 2055
36543 2055
36544 2055
36545 2055
36546 2055
36547 2055
36548 2055
36549 2055
36550 2055
36551 2055
36552 2055
36553 2055
36554 2055
36555 2055
36556 2055
36557 2055
36558 2055
36559 2055
36560 2055
36561 2055
36562 2055
36563 2055
36564 2055
36565 2055
36566 2055
36567 2055
36568 2055
36569 2055
36570 2055
36571 2055
36572 2055
36573 2055
36574 2055
36575 2055
36576 2055
36577 2055
36578 2055
36579 2055
36580 2055
36581 2055
36582 2055
36583 2055
36584 2055
36585 2055
36586 2055
36587 2055
36588 2055
36589 2055
36590 2055
36591 2055
36592 2055
36593 2055
36594 2055
36595 2055
36596 2055
36597 2055
36598 2055
36599 2055
36600 2055
36601 2055
36602 2055
36603 2055
36604 2055
36605 2055
36606 2055
36607 2055
36608 2055
36609 2055
36610 2055
36611 2055
36612 2055
36613 2055
36614 2055
36615 2055
36616 2055
36617 2055
36618 2055
36619 2055
36620 2055
36621 2055
36622 2055
36623 2055
36624 2055
36625 2055
36626 2055
36627 2055
36628 2055
36629 2055
36630 2055
36631 2055
36632 2055
36633 2055
36634 2055
36635 2055
36636 2055
36637 2055
36638 2055
36639 2055
36640 2055
36641 2055
36642 2055
36643 2055
36644 2055
36645 2055
36646 2055
36647 2055
36648 2055
36649 2055
36650 2055
36651 2055
36652 2055
36653 2055
36654 2055
36655 2055
36656 2055
36657 2055
36658 2055
36659 2055
36660 2055
36661 2055
36662 2055
36663 2055
36664 2055
36665 2055
36666 2055
36667 2055
36668 2055
36669 2055
36670 2055
36671 2055
36672 2055
36673 2055
36674 2055
36675 2055
36676 2055
36677 2055
36678 2055
36679 2055
36680 2055
36681 2055
36682 2055
36683 2055
36684 2055
36685 2055
36686 2055
36687 2055
36688 2055
36689 2055
36690 2055
36691 2055
36692 2055
36693 2055
36694 2055
36695 2055
36696 2055
36697 2055
36698 2055
36699 2055
36700 2055
36701 2055
36702 2055
36703 2055
36704 2055
36705 2055
36706 2055
36707 2055
36708 2055
36709 2055
36710 2055
36711 2055
36712 2055
36713 2055
36714 2055
36715 2055
36716 2055
36717 2055
36718 2055
36719 2055
36720 2055
36721 2055
36722 2055
36723 2055
36724 2055
36725 2055
36726 2055
36727 2055
36728 2055
36729 2055
36730 2055
36731 2055
36732 2055
36733 2055
36734 2055
36735 2055
36736 2055
36737 2055
36738 2055
36739 2055
36740 2055
36741 2055
36742 2055
36743 2055
36744 2055
36745 2055
36746 2055
36747 2055
36748 2055
36749 2055
36750 2055
36751 2055
36752 2055
36753 2055
36754 2055
36755 2055
36756 2055
36757 2055
36758 2055
36759 2045
36760 2045
36761 2045
36762 2045
36763 2045
36764 2045
36765 2045
36766 2045
36767 2045
36768 2045
36769 2045
36770 2045
36771 2045
36772 2045
36773 2045
36774 2045
36775 2045
36776 2045
36777 2045
36778 2045
36779 2045
36780 2045
36781 2045
36782 2045
36783 2045
36784 2045
36785 2045
36786 2045
36787 2045
36788 2045
36789 2045
36790 2045
36791 2045
36792 2045
36793 2045
36794 2045
36795 2045
36796 2045
36797 2045
36798 2045
36799 2045
36800 2045
36801 2045
36802 2045
36803 2045
36804 2045
36805 2045
36806 2045
36807 2045
36808 2045
36809 2045
36810 2045
36811 2045
36812 2045
36813 2045
36814 2045
36815 2045
36816 2045
36817 2045
36818 2045
36819 2045
36820 2045
36821 2045
36822 2045
36823 2045
36824 2045
36825 2045
36826 2045
36827 2045
36828 2045
36829 2045
36830 2045
36831 2045
36832 2045
36833 2045
36834 2045
36835 2045
36836 2045
36837 2045
36838 2045
36839 2045
36840 2045
36841 2045
36842 2045
36843 2045
36844 2045
36845 2045
36846 2045
36847 2045
36848 2045
36849 2045
36850 2045
36851 2045
36852 2045
36853 2045
36854 2045
36855 2045
36856 2045
36857 2045
36858 2045
36859 2045
36860 2045
36861 2045
36862 2045
36863 2045
36864 2045
36865 2045
36866 2045
36867 2045
36868 2045
36869 2045
36870 2045
36871 2045
36872 2045
36873 2045
36874 2045
36875 2045
36876 2045
36877 2045
36878 2045
36879 2045
36880 2045
36881 2045
36882 2045
36883 2045
36884 2045
36885 2045
36886 2045
36887 2045
36888 2045
36889 2045
36890 2045
36891 2045
36892 2045
36893 2045
36894 2045
36895 2045
36896 2045
36897 2045
36898 2045
36899 2045
36900 2045
36901 2045
36902 2045
36903 2045
36904 2045
36905 2045
36906 2045
36907 2045
36908 2045
36909 2045
36910 2045
36911 2045
36912 2045
36913 2045
36914 2045
36915 2045
36916 2045
36917 2045
36918 2045
36919 2045
36920 2045
36921 2045
36922 2045
36923 2045
36924 2045
36925 2045
36926 2045
36927 2045
36928 2045
36929 2045
36930 2045
36931 2045
36932 2045
36933 2045
36934 2045
36935 2045
36936 2045
36937 2045
36938 2045
36939 2045
36940 2045
36941 2045
36942 2045
36943 2045
36944 2045
36945 2045
36946 2045
36947 2045
36948 2045
36949 2045
36950 2045
36951 2045
36952 2045
36953 2045
36954 2045
36955 2045
36956 2045
36957 2045
36958 2045
36959 2045
36960 2045
36961 2045
36962 2045
36963 2045
36964 2045
36965 2045
36966 2045
36967 2045
36968 2045
36969 2045
36970 2045
36971 2045
36972 2045
36973 2045
36974 2045
36975 2045
36976 2045
36977 2045
36978 2045
36979 2045
36980 2045
36981 2045
36982 2045
36983 2045
36984 2045
36985 2045
36986 2045
36987 2045
36988 2045
36989 2040
36990 2040
36991 2040
36992 2040
36993 2040
36994 2040
36995 2040
36996 2040
36997 2040
36998 2040
36999 2040
37000 2040
37001 2040
37002 2040
37003 2040
37004 2040
37005 2040
37006 2040
37007 2040
37008 2040
37009 2040
37010 2040
37011 2040
37012 2040
37013 2040
37014 2040
37015 2040
37016 2040
37017 2040
37018 2040
37019 2040
37020 2040
37021 2040
37022 2040
37023 2040
37024 2040
37025 2040
37026 2040
37027 2040
37028 2040
37029 2040
37030 2040
37031 2040
37032 2040
37033 2040
37034 2040
37035 2040
37036 2040
37037 2040
37038 2040
37039 2040
37040 2040
37041 2040
37042 2040
37043 2040
37044 2040
37045 2040
37046 2040
37047 2040
37048 2040
37049 2040
37050 2040
37051 2040
37052 2040
37053 2040
37054 2040
37055 2040
37056 2040
37057 2040
37058 2040
37059 2040
37060 2040
37061 2040
37062 2040
37063 2040
37064 2040
37065 2040
37066 2040
37067 2040
37068 2040
37069 2040
37070 2040
37071 2040
37072 2040
37073 2040
37074 2040
37075 2040
37076 2040
37077 2040
37078 2040
37079 2040
37080 2040
37081 2040
37082 2040
37083 2040
37084 2040
37085 2040
37086 2040
37087 2040
37088 2040
37089 2040
37090 2040
37091 2040
37092 2040
37093 2040
37094 2040
37095 2040
37096 2040
37097 2040
37098 2040
37099 2040
37100 2040
37101 2040
37102 2040
37103 2040
37104 2040
37105 2040
37106 2040
37107 2040
37108 2040
37109 2040
37110 2040
37111 2040
37112 2040
37113 2040
37114 2040
37115 2040
37116 2040
37117 2040
37118 2040
37119 2040
37120 2040
37121 2040
37122 2040
37123 2040
37124 2040
37125 2040
37126 2040
37127 2040
37128 2040
37129 2040
37130 2040
37131 2040
37132 2040
37133 2040
37134 2040
37135 2040
37136 2040
37137 2040
37138 2040
37139 2040
37140 2040
37141 2040
37142 2040
37143 2040
37144 2040
37145 2040
37146 2040
37147 2040
37148 2040
37149 2040
37150 2040
37151 2040
37152 2040
37153 2040
37154 2040
37155 2040
37156 2040
37157 2040
37158 2040
37159 2040
37160 2040
37161 2040
37162 2040
37163 2040
37164 2040
37165 2040
37166 2040
37167 2040
37168 2040
37169 2040
37170 2040
37171 2040
37172 2040
37173 2040
37174 2040
37175 2040
37176 2040
37177 2040
37178 2040
37179 2040
37180 2040
37181 2040
37182 2040
37183 2040
37184 2040
37185 2040
37186 2040
37187 2040
37188 2040
37189 2040
37190 2040
37191 2040
37192 2040
37193 2040
37194 2040
37195 2040
37196 2040
37197 2040
37198 2040
37199 2040
37200 2040
37201 2040
37202 2040
37203 2040
37204 2040
37205 2040
37206 2040
37207 2040
37208 2040
37209 2040
37210 2040
37211 2040
37212 2040
37213 2040
37214 2040
37215 2040
37216 2040
37217 2040
37218 2040
37219 2040
37220 2040
37221 2040
37222 2040
37223 2040
37224 2040
37225 2040
37226 2040
37227 2040
37228 2040
37229 2040
37230 2040
37231 2040
37232 2040
37233 2040
37234 2040
37235 2040
37236 2040
37237 2040
37238 2040
37239 2040
37240 2040
37241 2040
37242 2040
37243 2040
37244 2040
37245 2040
37246 2040
37247 2040
37248 2040
37249 2040
37250 2040
37251 2040
37252 2040
37253 2040
37254 2040
37255 2040
37256 2040
37257 2040
37258 2040
37259 2040
37260 2040
37261 2040
37262 2040
37263 2040
37264 2040
37265 2040
37266 2040
37267 2040
37268 2040
37269 2040
37270 2040
37271 2040
37272 2040
37273 2040
37274 2040
37275 2040
37276 2040
37277 2040
37278 2040
37279 2040
37280 2040
37281 2040
37282 2040
37283 2040
37284 2040
37285 2040
37286 2040
37287 2040
37288 2040
37289 2040
37290 2040
37291 2040
37292 2040
37293 2040
37294 2040
37295 2040
37296 2040
37297 2040
37298 2040
37299 2040
37300 2040
37301 2040
37302 2040
37303 2040
37304 2040
37305 2040
37306 2040
37307 2040
37308 2040
37309 2040
37310 2040
37311 2040
37312 2040
37313 2040
37314 2040
37315 2040
37316 2040
37317 2040
37318 2040
37319 2040
37320 2040
37321 2040
37322 2040
37323 2040
37324 2040
37325 2040
37326 2040
37327 2040
37328 2040
37329 2040
37330 2040
37331 2040
37332 2040
37333 2040
37334 2040
37335 2040
37336 2040
37337 2040
37338 2040
37339 2040
37340 2040
37341 2040
37342 2040
37343 2040
37344 2040
37345 2040
37346 2040
37347 2040
37348 2040
37349 2040
37350 2040
37351 2040
37352 2040
37353 2040
37354 2040
37355 2040
37356 2040
37357 2040
37358 2040
37359 2040
37360 2040
37361 2040
37362 2040
37363 2040
37364 2040
37365 2040
37366 2040
37367 2040
37368 2040
37369 2040
37370 2040
37371 2040
37372 2040
37373 2040
37374 2040
37375 2040
37376 2040
37377 2040
37378 2040
37379 2040
37380 2040
37381 2040
37382 2040
37383 2040
37384 2040
37385 2040
37386 2040
37387 2040
37388 2040
37389 2040
37390 2040
37391 2040
37392 2040
37393 2040
37394 2040
37395 2040
37396 2040
37397 2040
37398 2040
37399 2040
37400 2040
37401 2040
37402 2040
37403 2040
37404 2040
37405 2040
37406 2040
37407 2040
37408 2040
37409 2040
37410 2040
37411 2040
37412 2040
37413 2040
37414 2040
37415 2040
37416 2040
37417 2040
37418 2040
37419 2040
37420 2040
37421 2040
37422 2040
37423 2040
37424 2040
37425 2040
37426 2040
37427 2040
37428 2040
37429 2040
37430 2040
37431 2040
37432 2040
37433 2040
37434 2040
37435 2040
37436 2040
37437 2040
37438 2040
37439 2040
37440 2040
37441 2040
37442 2040
37443 2040
37444 2040
37445 2040
37446 2040
37447 2040
37448 2040
37449 2040
37450 2040
37451 2040
37452 2040
37453 2040
37454 2040
37455 2040
37456 2040
37457 2040
37458 2040
37459 2040
37460 2040
37461 2040
37462 2040
37463 2040
37464 2040
37465 2040
37466 2040
37467 2040
37468 2040
37469 2040
37470 2040
37471 2040
37472 2040
37473 2040
37474 2040
37475 2040
37476 2040
37477 2040
37478 2040
37479 2040
37480 2040
37481 2040
37482 2040
37483 2040
37484 2040
37485 2040
37486 2040
37487 2040
37488 2040
37489 2040
37490 2040
37491 2040
37492 2040
37493 2040
37494 2040
37495 2040
37496 2040
37497 2040
37498 2040
37499 2040
37500 2040
37501 2040
37502 2040
37503 2040
37504 2040
37505 2040
37506 2040
37507 2040
37508 2040
37509 2040
37510 2040
37511 2040
37512 2040
37513 2040
37514 2040
37515 2040
37516 2040
37517 2040
37518 2040
37519 2040
37520 2040
37521 2040
37522 2040
37523 2040
37524 2040
37525 2040
37526 2040
37527 2040
37528 2040
37529 2040
37530 2040
37531 2040
37532 2040
37533 2040
37534 2040
37535 2040
37536 2040
37537 2040
37538 2040
37539 2040
37540 2040
37541 2040
37542 2040
37543 2040
37544 2040
37545 2040
37546 2040
37547 2040
37548 2040
37549 2040
37550 2040
37551 2040
37552 2040
37553 2040
37554 2040
37555 2040
37556 2040
37557 2040
37558 2040
37559 2040
37560 2040
37561 2040
37562 2040
37563 2040
37564 2040
37565 2040
37566 2040
37567 2040
37568 2040
37569 2040
37570 2040
37571 2040
37572 2040
37573 2040
37574 2040
37575 2040
37576 2040
37577 2040
37578 2040
37579 2040
37580 2040
37581 2040
37582 2040
37583 2040
37584 2040
37585 2040
37586 2040
37587 2040
37588 2040
37589 2040
37590 2040
37591 2040
37592 2040
37593 2040
37594 2040
37595 2040
37596 2040
37597 2040
37598 2040
37599 2040
37600 2040
37601 2040
37602 2040
37603 2040
37604 2040
37605 2040
37606 2040
37607 2040
37608 2040
37609 2040
37610 2040
37611 2040
37612 2040
37613 2040
37614 2040
37615 2040
37616 2040
37617 2040
37618 2040
37619 2040
37620 2040
37621 2040
37622 2040
37623 2040
37624 2040
37625 2040
37626 2040
37627 2040
37628 2040
37629 2040
37630 2040
37631 2040
37632 2040
37633 2040
37634 2040
37635 2040
37636 2040
37637 2040
37638 2040
37639 2040
37640 2040
37641 2040
37642 2040
37643 2040
37644 2040
37645 2040
37646 2040
37647 2040
37648 2040
37649 2040
37650 2040
37651 2040
37652 2040
37653 2040
37654 2040
37655 2040
37656 2040
37657 2040
37658 2040
37659 2040
37660 2040
37661 2040
37662 2040
37663 2040
37664 2040
37665 2040
37666 2040
37667 2040
37668 2040
37669 2040
37670 2040
37671 2040
37672 2040
37673 2040
37674 2040
37675 2040
37676 2040
37677 2040
37678 2040
37679 2040
37680 2040
37681 2040
37682 2040
37683 2040
37684 2040
37685 2040
37686 2040
37687 2040
37688 2040
37689 2040
37690 2040
37691 2040
37692 2040
37693 2040
37694 2040
37695 2040
37696 2040
37697 2040
37698 2040
37699 2040
37700 2040
37701 2040
37702 2040
37703 2040
37704 2040
37705 2040
37706 2040
37707 2040
37708 2040
37709 2040
37710 2040
37711 2040
37712 2040
37713 2040
37714 2040
37715 2040
37716 2040
37717 2040
37718 2040
37719 2040
37720 2040
37721 2040
37722 2040
37723 2040
37724 2040
37725 2040
37726 2040
37727 2040
37728 2040
37729 2040
37730 2040
37731 2040
37732 2040
37733 2040
37734 2040
37735 2040
37736 2040
37737 2040
37738 2040
37739 2040
37740 2040
37741 2040
37742 2040
37743 2040
37744 2040
37745 2040
37746 2040
37747 2040
37748 2040
37749 2040
37750 2040
37751 2040
37752 2040
37753 2040
37754 2040
37755 2040
37756 2040
37757 2040
37758 2040
37759 2040
37760 2040
37761 2040
37762 2040
37763 2040
37764 2040
37765 2040
37766 2040
37767 2040
37768 2040
37769 2040
37770 2040
37771 2040
37772 2040
37773 2040
37774 2040
37775 2040
37776 2040
37777 2040
37778 2040
37779 2040
37780 2040
37781 2040
37782 2040
37783 2040
37784 2040
37785 2040
37786 2040
37787 2040
37788 2040
37789 2040
37790 2040
37791 2040
37792 2040
37793 2040
37794 2040
37795 2040
37796 2040
37797 2040
37798 2040
37799 2040
37800 2040
37801 2040
37802 2040
37803 2040
37804 2040
37805 2040
37806 2040
37807 2040
37808 2040
37809 2040
37810 2040
37811 2040
37812 2040
37813 2040
37814 2040
37815 2040
37816 2040
37817 2040
37818 2040
37819 2040
37820 2040
37821 2040
37822 2040
37823 2040
37824 2040
37825 2040
37826 2040
37827 2040
37828 2040
37829 2040
37830 2040
37831 2040
37832 2040
37833 2040
37834 2040
37835 2040
37836 2040
37837 2040
37838 2040
37839 2040
37840 2040
37841 2040
37842 2040
37843 2040
37844 2040
37845 2040
37846 2040
37847 2040
37848 2040
37849 2040
37850 2040
37851 2040
37852 2040
37853 2040
37854 2040
37855 2040
37856 2040
37857 2039
37858 2039
37859 2039
37860 2039
37861 2039
37862 2039
37863 2039
37864 2039
37865 2039
37866 2039
37867 2039
37868 2039
37869 2039
37870 2039
37871 2039
37872 2039
37873 2039
37874 2039
37875 2039
37876 2039
37877 2039
37878 2039
37879 2039
37880 2039
37881 2039
37882 2039
37883 2039
37884 2039
37885 2039
37886 2039
37887 2039
37888 2039
37889 2039
37890 2039
37891 2039
37892 2039
37893 2039
37894 2039
37895 2039
37896 2039
37897 2039
37898 2039
37899 2039
37900 2039
37901 2039
37902 2039
37903 2039
37904 2039
37905 2039
37906 2039
37907 2039
37908 2039
37909 2039
37910 2039
37911 2039
37912 2039
37913 2039
37914 2039
37915 2039
37916 2039
37917 2039
37918 2039
37919 2039
37920 2039
37921 2039
37922 2039
37923 2039
37924 2039
37925 2039
37926 2039
37927 2039
37928 2039
37929 2039
37930 2039
37931 2039
37932 2039
37933 2039
37934 2039
37935 2039
37936 2039
37937 2039
37938 2039
37939 2039
37940 2039
37941 2039
37942 2039
37943 2039
37944 2039
37945 2039
37946 2039
37947 2039
37948 2039
37949 2039
37950 2039
37951 2039
37952 2039
37953 2039
37954 2039
37955 2039
37956 2039
37957 2039
37958 2039
37959 2039
37960 2039
37961 2039
37962 2039
37963 2039
37964 2039
37965 2039
37966 2039
37967 2039
37968 2039
37969 2039
37970 2039
37971 2039
37972 2039
37973 2039
37974 2039
37975 2039
37976 2039
37977 2039
37978 2039
37979 2039
37980 2039
37981 2039
37982 2039
37983 2039
37984 2039
37985 2039
37986 2039
37987 2039
37988 2039
37989 2039
37990 2039
37991 2039
37992 2039
37993 2039
37994 2039
37995 2039
37996 2039
37997 2039
37998 2039
37999 2039
38000 2039
38001 2039
38002 2039
38003 2039
38004 2039
38005 2039
38006 2039
38007 2039
38008 2039
38009 2039
38010 2039
38011 2039
38012 2039
38013 2039
38014 2039
38015 2039
38016 2038
38017 2038
38018 2038
38019 2038
38020 2038
38021 2038
38022 2038
38023 2038
38024 2038
38025 2038
38026 2038
38027 2038
38028 2038
38029 2038
38030 2038
38031 2038
38032 2038
38033 2038
38034 2038
38035 2038
38036 2038
38037 2038
38038 2038
38039 2038
38040 2038
38041 2038
38042 2038
38043 2038
38044 2038
38045 2038
38046 2038
38047 2038
38048 2038
38049 2038
38050 2038
38051 2038
38052 2038
38053 2038
38054 2038
38055 2038
38056 2038
38057 2038
38058 2038
38059 2038
38060 2038
38061 2038
38062 2038
38063 2038
38064 2038
38065 2038
38066 2038
38067 2038
38068 2038
38069 2038
38070 2038
38071 2038
38072 2038
38073 2038
38074 2038
38075 2038
38076 2038
38077 2038
38078 2038
38079 2038
38080 2038
38081 2038
38082 2038
38083 2038
38084 2038
38085 2038
38086 2038
38087 2038
38088 2038
38089 2038
38090 2038
38091 2038
38092 2038
38093 2038
38094 2038
38095 2038
38096 2038
38097 2038
38098 2038
38099 2038
38100 2038
38101 2038
38102 2038
38103 2038
38104 2038
38105 2038
38106 2038
38107 2038
38108 2038
38109 2038
38110 2038
38111 2038
38112 2038
38113 2038
38114 2038
38115 2038
38116 2038
38117 2038
38118 2038
38119 2038
38120 2038
38121 2038
38122 2038
38123 2038
38124 2038
38125 2038
38126 2038
38127 2038
38128 2038
38129 2038
38130 2038
38131 2038
38132 2038
38133 2038
38134 2038
38135 2038
38136 2038
38137 2038
38138 2038
38139 2038
38140 2038
38141 2038
38142 2038
38143 2038
38144 2038
38145 2038
38146 2032
38147 2032
38148 2032
38149 2032
38150 2032
38151 2032
38152 2032
38153 2032
38154 2032
38155 2032
38156 2032
38157 2032
38158 2032
38159 2032
38160 2032
38161 2032
38162 2032
38163 2032
38164 2032
38165 2032
38166 2032
38167 2032
38168 2032
38169 2032
38170 2032
38171 2032
38172 2032
38173 2032
38174 2032
38175 2032
38176 2032
38177 2032
38178 2032
38179 2032
38180 2032
38181 2032
38182 2032
38183 2032
38184 2032
38185 2032
38186 2032
38187 2032
38188 2032
38189 2032
38190 2032
38191 2032
38192 2032
38193 2032
38194 2032
38195 2032
38196 2032
38197 2032
38198 2032
38199 2032
38200 2032
38201 2032
38202 2032
38203 2032
38204 2032
38205 2032
38206 2032
38207 2032
38208 2032
38209 2032
38210 2032
38211 2032
38212 2032
38213 2032
38214 2032
38215 2032
38216 2032
38217 2032
38218 2032
38219 2032
38220 2032
38221 2032
38222 2032
38223 2032
38224 2032
38225 2032
38226 2032
38227 2032
38228 2032
38229 2032
38230 2032
38231 2032
38232 2032
38233 2032
38234 2032
38235 2032
38236 2032
38237 2032
38238 2032
38239 2032
38240 2032
38241 2029
38242 2029
38243 2029
38244 2029
38245 2029
38246 2029
38247 2029
38248 2029
38249 2029
38250 2029
38251 2029
38252 2029
38253 2029
38254 2029
38255 2029
38256 2029
38257 2029
38258 2029
38259 2029
38260 2029
38261 2029
38262 2029
38263 2029
38264 2029
38265 2029
38266 2029
38267 2029
38268 2029
38269 2029
38270 2029
38271 2029
38272 2029
38273 2029
38274 2029
38275 2029
38276 2029
38277 2029
38278 2029
38279 2029
38280 2029
38281 2029
38282 2029
38283 2029
38284 2029
38285 2029
38286 2029
38287 2029
38288 2029
38289 2029
38290 2029
38291 2029
38292 2029
38293 2029
38294 2029
38295 2029
38296 2029
38297 2029
38298 2029
38299 2029
38300 2029
38301 2029
38302 2029
38303 2029
38304 2029
38305 2029
38306 2029
38307 2029
38308 2029
38309 2029
38310 2029
38311 2029
38312 2029
38313 2029
38314 2029
38315 2029
38316 2029
38317 2029
38318 2029
38319 2029
38320 2029
38321 2029
38322 2029
38323 2029
38324 2029
38325 2029
38326 2029
38327 2029
38328 2029
38329 2029
38330 2029
38331 2029
38332 2029
38333 2029
38334 2029
38335 2029
38336 2029
38337 2029
38338 2029
38339 2029
38340 2029
38341 2029
38342 2029
38343 2029
38344 2029
38345 2029
38346 2029
38347 2029
38348 2029
38349 2029
38350 2029
38351 2029
38352 2029
38353 2029
38354 2029
38355 2029
38356 2029
38357 2029
38358 2029
38359 2029
38360 2029
38361 2029
38362 2029
38363 2029
38364 2029
38365 2029
38366 2029
38367 2029
38368 2029
38369 2029
38370 2029
38371 2029
38372 2029
38373 2029
38374 2029
38375 2029
38376 2029
38377 2029
38378 2029
38379 2029
38380 2029
38381 2029
38382 2029
38383 2029
38384 2029
38385 2029
38386 2029
38387 2029
38388 2029
38389 2029
38390 2029
38391 2029
38392 2029
38393 2029
38394 2029
38395 2029
38396 2029
38397 2029
38398 2029
38399 2029
38400 2029
38401 2029
38402 2029
38403 2029
38404 2029
38405 2029
38406 2029
38407 2029
38408 2029
38409 2029
38410 2029
38411 2029
38412 2029
38413 2029
38414 2029
38415 2029
38416 2029
38417 2029
38418 2029
38419 2029
38420 2029
38421 2029
38422 2029
38423 2029
38424 2029
38425 2028
38426 2028
38427 2028
38428 2028
38429 2028
38430 2028
38431 2028
38432 2028
38433 2028
38434 2028
38435 2028
38436 2028
38437 2028
38438 2028
38439 2028
38440 2028
38441 2028
38442 2028
38443 2028
38444 2028
38445 2028
38446 2028
38447 2028
38448 2028
38449 2028
38450 2028
38451 2028
38452 2028
38453 2028
38454 2028
38455 2028
38456 2028
38457 2028
38458 2028
38459 2028
38460 2028
38461 2028
38462 2028
38463 2028
38464 2028
38465 2028
38466 2028
38467 2028
38468 2028
38469 2028
38470 2028
38471 2028
38472 2028
38473 2028
38474 2028
38475 2028
38476 2028
38477 2028
38478 2028
38479 2028
38480 2028
38481 2028
38482 2028
38483 2028
38484 2028
38485 2028
38486 2028
38487 2028
38488 2028
38489 2028
38490 2028
38491 2028
38492 2028
38493 2028
38494 2028
38495 2028
38496 2028
38497 2028
38498 2028
38499 2028
38500 2028
38501 2028
38502 2028
38503 2028
38504 2028
38505 2028
38506 2028
38507 2028
38508 2028
38509 2028
38510 2028
38511 2028
38512 2028
38513 2028
38514 2028
38515 2028
38516 2028
38517 2028
38518 2028
38519 2028
38520 2028
38521 2028
38522 2028
38523 2028
38524 2028
38525 2028
38526 2028
38527 2028
38528 2028
38529 2028
38530 2028
38531 2028
38532 2028
38533 2028
38534 2028
38535 2028
38536 2028
38537 2028
38538 2028
38539 2028
38540 2028
38541 2028
38542 2028
38543 2028
38544 2028
38545 2028
38546 2028
38547 2028
38548 2028
38549 2028
38550 2028
38551 2028
38552 2028
38553 2028
38554 2028
38555 2028
38556 2028
38557 2028
38558 2028
38559 2028
38560 2028
38561 2028
38562 2028
38563 2028
38564 2028
38565 2028
38566 2028
38567 2028
38568 2028
38569 2028
38570 2028
38571 2028
38572 2028
38573 2028
38574 2028
38575 2028
38576 2028
38577 2028
38578 2028
38579 2028
38580 2028
38581 2028
38582 2028
38583 2028
38584 2028
38585 2028
38586 2028
38587 2028
38588 2028
38589 2028
38590 2028
38591 2028
38592 2028
38593 2028
38594 2028
38595 2028
38596 2028
38597 2028
38598 2028
38599 2028
38600 2028
38601 2028
38602 2028
38603 2028
38604 2028
38605 2028
38606 2028
38607 2028
38608 2028
38609 2028
38610 2028
38611 2028
38612 2028
38613 2028
38614 2028
38615 2028
38616 2028
38617 2028
38618 2028
38619 2028
38620 2028
38621 2028
38622 2028
38623 2028
38624 2028
38625 2028
38626 2028
38627 2028
38628 2028
38629 2028
38630 2028
38631 2028
38632 2028
38633 2028
38634 2028
38635 2028
38636 2028
38637 2028
38638 2028
38639 2028
38640 2022
38641 2022
38642 2022
38643 2022
38644 2022
38645 2022
38646 2022
38647 2022
38648 2022
38649 2022
38650 2022
38651 2022
38652 2022
38653 2022
38654 2022
38655 2022
38656 2022
38657 2022
38658 2022
38659 2022
38660 2022
38661 2022
38662 2022
38663 2022
38664 2022
38665 2022
38666 2022
38667 2022
38668 2022
38669 2022
38670 2022
38671 2022
38672 2022
38673 2022
38674 2022
38675 2022
38676 2022
38677 2022
38678 2022
38679 2022
38680 2022
38681 2022
38682 2022
38683 2022
38684 2022
38685 2022
38686 2022
38687 2022
38688 2022
38689 2022
38690 2022
38691 2022
38692 2022
38693 2022
38694 2022
38695 2022
38696 2022
38697 2022
38698 2022
38699 2022
38700 2022
38701 2022
38702 2022
38703 2022
38704 2022
38705 2022
38706 2022
38707 2022
38708 2022
38709 2022
38710 2022
38711 2022
38712 2022
38713 2022
38714 2022
38715 2022
38716 2022
38717 2022
38718 2022
38719 2022
38720 2022
38721 2022
38722 2022
38723 2022
38724 2022
38725 2022
38726 2022
38727 2022
38728 2022
38729 2022
38730 2022
38731 2022
38732 2022
38733 2022
38734 2022
38735 2022
38736 2022
38737 2022
38738 2022
38739 2022
38740 2022
38741 2022
38742 2022
38743 2022
38744 2022
38745 2022
38746 2022
38747 2022
38748 2022
38749 2022
38750 2022
38751 2022
38752 2022
38753 2022
38754 2022
38755 2022
38756 2022
38757 2022
38758 2022
38759 2022
38760 2022
38761 2022
38762 2022
38763 2022
38764 2022
38765 2022
38766 2022
38767 2022
38768 2022
38769 2022
38770 2022
38771 2022
38772 2022
38773 2022
38774 2022
38775 2022
38776 2022
38777 2022
38778 2022
38779 2022
38780 2022
38781 2022
38782 2022
38783 2022
38784 2022
38785 2022
38786 2022
38787 2022
38788 2022
38789 2022
38790 2022
38791 2022
38792 2022
38793 2022
38794 2022
38795 2022
38796 2022
38797 2022
38798 2022
38799 2022
38800 2022
38801 2022
38802 2022
38803 2022
38804 2022
38805 2022
38806 2022
38807 2022
38808 2022
38809 2022
38810 2022
38811 2022
38812 2022
38813 2022
38814 2022
38815 2022
38816 2022
38817 2022
38818 2022
38819 2022
38820 2022
38821 2022
38822 2022
38823 2022
38824 2022
38825 2022
38826 2022
38827 2022
38828 2022
38829 2022
38830 2022
38831 2022
38832 2022
38833 2022
38834 2022
38835 2022
38836 2022
38837 2022
38838 2022
38839 2022
38840 2022
38841 2022
38842 2022
38843 2022
38844 2022
38845 2022
38846 2022
38847 2022
38848 2022
38849 2022
38850 2022
38851 2022
38852 2022
38853 2022
38854 2022
38855 2022
38856 2022
38857 2022
38858 2022
38859 2022
38860 2022
38861 2022
38862 2022
38863 2022
38864 2022
38865 2022
38866 2022
38867 2022
38868 2022
38869 2022
38870 2022
38871 2022
38872 2022
38873 2022
38874 2022
38875 2022
38876 2022
38877 2022
38878 2022
38879 2022
38880 2022
38881 2022
38882 2022
38883 2022
38884 2022
38885 2022
38886 2022
38887 2022
38888 2022
38889 2022
38890 2022
38891 2022
38892 2022
38893 2022
38894 2022
38895 2022
38896 2022
38897 2022
38898 2022
38899 2022
38900 2022
38901 2022
38902 2022
38903 2022
38904 2022
38905 2022
38906 2022
38907 2022
38908 2022
38909 2022
38910 2022
38911 2022
38912 2022
38913 2022
38914 2022
38915 2022
38916 2022
38917 2022
38918 2022
38919 2022
38920 2022
38921 2022
38922 2022
38923 2022
38924 2022
38925 2022
38926 2022
38927 2022
38928 2022
38929 2022
38930 2022
38931 2022
38932 2022
38933 2022
38934 2022
38935 2022
38936 2022
38937 2022
38938 2022
38939 2022
38940 2022
38941 2022
38942 2022
38943 2022
38944 2022
38945 2022
38946 2022
38947 2022
38948 2022
38949 2022
38950 2022
38951 2022
38952 2022
38953 2022
38954 2022
38955 2022
38956 2022
38957 2022
38958 2022
38959 2022
38960 2022
38961 2022
38962 2022
38963 2022
38964 2022
38965 2022
38966 2022
38967 2022
38968 2022
38969 2022
38970 2022
38971 2022
38972 2022
38973 2022
38974 2022
38975 2022
38976 2022
38977 2022
38978 2022
38979 2022
38980 2022
38981 2022
38982 2022
38983 2022
38984 2022
38985 2022
38986 2022
38987 2022
38988 2022
38989 2022
38990 2022
38991 2022
38992 2022
38993 2022
38994 2022
38995 2022
38996 2022
38997 2022
38998 2022
38999 2022
39000 2022
39001 2022
39002 2022
39003 2022
39004 2022
39005 2022
39006 2022
39007 2022
39008 2022
39009 2022
39010 2022
39011 2022
39012 2022
39013 2022
39014 2022
39015 2022
39016 2022
39017 2022
39018 2022
39019 2022
39020 2022
39021 2022
39022 2022
39023 2022
39024 2022
39025 2022
39026 2022
39027 2022
39028 2022
39029 2022
39030 2022
39031 2022
39032 2022
39033 2022
39034 2022
39035 2022
39036 2022
39037 2022
39038 2022
39039 2022
39040 2022
39041 2022
39042 2022
39043 2022
39044 2022
39045 2022
39046 2022
39047 2022
39048 2022
39049 2022
39050 2022
39051 2022
39052 2022
39053 2022
39054 2022
39055 2022
39056 2022
39057 2022
39058 2022
39059 2022
39060 2022
39061 2022
39062 2022
39063 2022
39064 2022
39065 2022
39066 2022
39067 2022
39068 2022
39069 2022
39070 2022
39071 2022
39072 2022
39073 2022
39074 2022
39075 2022
39076 2022
39077 2022
39078 2022
39079 2022
39080 2022
39081 2022
39082 2022
39083 2022
39084 2022
39085 2022
39086 2022
39087 2022
39088 2022
39089 2022
39090 2022
39091 2022
39092 2022
39093 2022
39094 2022
39095 2022
39096 2022
39097 2022
39098 2022
39099 2022
39100 2022
39101 2022
39102 2022
39103 2022
39104 2022
39105 2022
39106 2022
39107 2022
39108 2022
39109 2022
39110 2022
39111 2022
39112 2022
39113 2022
39114 2022
39115 2022
39116 2022
39117 2022
39118 2022
39119 2022
39120 2022
39121 2022
39122 2022
39123 2022
39124 2022
39125 2022
39126 2022
39127 2022
39128 2022
39129 2022
39130 2022
39131 2022
39132 2022
39133 2022
39134 2022
39135 2022
39136 2022
39137 2022
39138 2022
39139 2022
39140 2022
39141 2022
39142 2022
39143 2022
39144 2022
39145 2022
39146 2022
39147 2022
39148 2022
39149 2022
39150 2022
39151 2022
39152 2022
39153 2022
39154 2022
39155 2022
39156 2011
39157 2011
39158 2011
39159 2011
39160 2011
39161 2011
39162 2011
39163 2011
39164 2011
39165 2011
39166 2011
39167 2011
39168 2011
39169 2011
39170 2011
39171 2011
39172 2011
39173 2011
39174 2011
39175 2011
39176 2011
39177 2011
39178 2011
39179 2011
39180 2011
39181 2011
39182 2011
39183 2011
39184 2011
39185 2011
39186 2011
39187 2011
39188 2011
39189 2011
39190 2011
39191 2011
39192 2011
39193 2011
39194 2011
39195 2011
39196 2011
39197 2011
39198 2011
39199 2011
39200 2011
39201 2011
39202 2011
39203 2011
39204 2011
39205 2011
39206 2011
39207 2011
39208 2011
39209 2011
39210 2011
39211 2011
39212 2011
39213 2011
39214 2011
39215 2011
39216 2011
39217 2011
39218 2011
39219 2011
39220 2011
39221 2011
39222 2011
39223 2011
39224 2011
39225 2011
39226 2011
39227 2011
39228 2011
39229 2011
39230 2011
39231 2011
39232 2011
39233 2011
39234 2011
39235 2011
39236 2011
39237 2011
39238 2011
39239 2011
39240 2011
39241 2011
39242 2011
39243 2011
39244 2011
39245 2011
39246 2011
39247 2011
39248 2011
39249 2011
39250 2011
39251 2011
39252 2011
39253 2011
39254 2011
39255 2011
39256 2011
39257 2011
39258 2011
39259 2011
39260 2011
39261 2011
39262 2011
39263 2011
39264 2011
39265 2011
39266 2011
39267 2011
39268 2011
39269 2011
39270 2011
39271 2011
39272 2011
39273 2011
39274 2011
39275 2011
39276 2011
39277 2011
39278 2011
39279 2011
39280 2011
39281 2011
39282 2011
39283 2011
39284 2011
39285 2011
39286 2011
39287 2011
39288 2011
39289 2011
39290 2011
39291 2011
39292 2011
39293 2011
39294 2011
39295 2011
39296 2011
39297 2011
39298 2011
39299 2011
39300 2011
39301 2011
39302 2011
39303 2011
39304 2011
39305 2011
39306 2011
39307 2011
39308 2011
39309 2011
39310 2011
39311 2011
39312 2011
39313 2011
39314 2011
39315 2011
39316 2011
39317 2011
39318 2011
39319 2011
39320 2011
39321 2011
39322 2011
39323 2011
39324 2011
39325 2011
39326 2011
39327 2011
39328 2011
39329 2011
39330 2011
39331 2011
39332 2011
39333 2011
39334 2011
39335 2011
39336 2011
39337 2011
39338 2011
39339 2011
39340 2011
39341 2011
39342 2011
39343 2011
39344 2011
39345 2011
39346 2011
39347 2011
39348 2011
39349 2011
39350 2011
39351 2011
39352 2011
39353 2011
39354 2011
39355 2011
39356 2011
39357 2011
39358 2011
39359 2011
39360 2011
39361 2011
39362 2011
39363 2011
39364 2011
39365 2011
39366 2011
39367 2011
39368 2011
39369 2011
39370 2011
39371 2011
39372 2011
39373 2011
39374 2011
39375 2011
39376 2011
39377 2009
39378 2009
39379 2009
39380 2009
39381 2009
39382 2009
39383 2009
39384 2009
39385 2009
39386 2009
39387 2009
39388 2009
39389 2009
39390 2009
39391 2009
39392 2009
39393 2009
39394 2009
39395 2009
39396 2009
39397 2009
39398 2009
39399 2009
39400 2009
39401 2009
39402 2009
39403 2009
39404 2009
39405 2009
39406 2009
39407 2009
39408 2009
39409 2009
39410 2009
39411 2009
39412 2009
39413 2009
39414 2009
39415 2009
39416 2009
39417 2009
39418 2009
39419 2009
39420 2009
39421 2009
39422 2009
39423 2009
39424 2009
39425 2009
39426 2009
39427 2009
39428 2009
39429 2009
39430 2009
39431 2009
39432 2009
39433 2009
39434 2009
39435 2009
39436 2009
39437 2009
39438 2009
39439 2009
39440 2009
39441 2009
39442 2009
39443 2009
39444 2009
39445 2009
39446 2009
39447 2009
39448 2009
39449 2009
39450 2009
39451 2009
39452 2009
39453 2009
39454 2009
39455 2009
39456 2009
39457 2009
39458 2009
39459 2009
39460 2009
39461 2009
39462 2009
39463 2009
39464 2009
39465 2009
39466 2009
39467 2009
39468 2009
39469 2009
39470 2009
39471 2009
39472 2009
39473 2009
39474 2009
39475 2009
39476 2009
39477 2009
39478 2009
39479 2009
39480 2009
39481 2009
39482 2009
39483 2009
39484 2009
39485 2009
39486 2009
39487 2009
39488 2009
39489 2009
39490 2009
39491 2009
39492 2009
39493 2009
39494 2009
39495 2009
39496 2009
39497 2009
39498 2009
39499 2009
39500 2009
39501 2009
39502 2009
39503 2009
39504 2009
39505 2009
39506 2009
39507 2009
39508 2009
39509 2009
39510 2009
39511 2009
39512 2009
39513 2009
39514 2009
39515 2009
39516 2009
39517 2009
39518 2009
39519 2009
39520 2009
39521 2009
39522 2009
39523 2009
39524 2009
39525 2009
39526 2009
39527 2009
39528 2009
39529 2009
39530 2009
39531 2009
39532 2009
39533 2009
39534 2009
39535 2009
39536 2009
39537 2009
39538 2009
39539 2009
39540 2009
39541 2009
39542 2009
39543 2009
39544 2009
39545 2009
39546 2009
39547 2009
39548 2009
39549 2009
39550 2009
39551 2009
39552 2009
39553 2009
39554 2009
39555 2009
39556 2009
39557 2009
39558 2009
39559 2009
39560 2009
39561 2009
39562 2009
39563 2009
39564 2009
39565 2009
39566 2009
39567 2009
39568 2009
39569 2009
39570 2009
39571 2009
39572 2009
39573 2009
39574 2009
39575 2009
39576 2009
39577 2009
39578 2009
39579 2009
39580 2009
39581 2009
39582 2009
39583 2009
39584 2009
39585 2009
39586 2009
39587 2009
39588 2009
39589 2009
39590 2009
39591 2009
39592 2009
39593 2009
39594 2009
39595 2009
39596 2009
39597 2009
39598 2009
39599 2009
39600 2009
39601 2009
39602 2009
39603 2009
39604 2009
39605 2009
39606 2009
39607 2009
39608 2009
39609 2009
39610 2009
39611 2009
39612 2009
39613 2009
39614 2009
39615 2009
39616 2009
39617 2009
39618 2009
39619 2009
39620 2009
39621 2009
39622 2009
39623 2009
39624 2009
39625 2009
39626 2009
39627 2009
39628 2009
39629 2009
39630 2009
39631 2009
39632 2009
39633 2009
39634 2009
39635 2009
39636 2009
39637 2009
39638 2009
39639 2009
39640 2009
39641 2009
39642 2009
39643 2009
39644 2009
39645 2009
39646 2009
39647 2009
39648 2009
39649 2009
39650 2009
39651 2009
39652 2009
39653 2009
39654 2009
39655 2009
39656 2009
39657 2009
39658 2009
39659 2009
39660 2009
39661 2009
39662 2009
39663 2009
39664 2009
39665 2009
39666 2009
39667 2009
39668 2009
39669 2009
39670 2009
39671 2009
39672 2009
39673 2009
39674 2009
39675 2009
39676 2009
39677 2009
39678 2009
39679 2009
39680 2009
39681 2009
39682 2009
39683 2009
39684 2009
39685 2009
39686 2009
39687 2009
39688 2009
39689 2009
39690 2009
39691 2009
39692 2009
39693 2009
39694 2009
39695 2009
39696 2009
39697 2009
39698 2009
39699 2008
39700 2008
39701 2008
39702 2008
39703 2008
39704 2008
39705 2008
39706 2008
39707 2008
39708 2008
39709 2008
39710 2008
39711 2008
39712 2008
39713 2008
39714 2008
39715 2008
39716 2008
39717 2008
39718 2008
39719 2008
39720 2008
39721 2008
39722 2008
39723 2008
39724 2008
39725 2008
39726 2008
39727 2008
39728 2008
39729 2008
39730 2008
39731 2008
39732 2008
39733 2008
39734 2008
39735 2008
39736 2008
39737 2008
39738 2008
39739 2008
39740 2008
39741 2008
39742 2008
39743 2008
39744 2008
39745 2008
39746 2008
39747 2008
39748 2008
39749 2008
39750 2008
39751 2008
39752 2008
39753 2008
39754 2008
39755 2008
39756 2008
39757 2008
39758 2008
39759 2008
39760 2008
39761 2008
39762 2008
39763 2008
39764 2008
39765 2008
39766 2008
39767 2008
39768 2008
39769 2008
39770 2008
39771 2008
39772 2008
39773 2008
39774 2008
39775 2008
39776 2008
39777 2008
39778 2008
39779 2008
39780 2008
39781 2008
39782 2008
39783 2008
39784 2008
39785 2001
39786 2001
39787 2001
39788 2001
39789 2001
39790 2001
39791 2001
39792 2001
39793 2001
39794 2001
39795 2001
39796 2001
39797 2001
39798 2001
39799 2001
39800 2001
39801 2001
39802 2001
39803 2001
39804 2001
39805 2001
39806 2001
39807 2001
39808 2001
39809 2001
39810 2001
39811 2001
39812 2001
39813 2001
39814 2001
39815 2001
39816 2001
39817 2001
39818 2001
39819 2001
39820 2001
39821 2001
39822 2001
39823 2001
39824 2001
39825 2001
39826 2001
39827 2001
39828 2001
39829 2001
39830 2001
39831 2001
39832 2001
39833 2001
39834 2001
39835 2001
39836 2001
39837 2001
39838 2001
39839 2001
39840 2001
39841 2001
39842 2001
39843 2001
39844 2001
39845 2001
39846 2001
39847 2001
39848 2001
39849 2001
39850 2001
39851 2001
39852 2001
39853 2001
39854 2001
39855 2001
39856 2001
39857 2001
39858 2001
39859 2001
39860 2001
39861 2001
39862 2001
39863 2001
39864 2001
39865 2001
39866 2001
39867 2001
39868 2001
39869 2001
39870 2001
39871 2001
39872 2001
39873 2001
39874 2001
39875 2001
39876 2001
39877 2001
39878 2001
39879 2001
39880 2001
39881 2001
39882 2001
39883 2001
39884 2001
39885 2001
39886 2001
39887 2001
39888 2001
39889 2001
39890 2001
39891 2001
39892 2001
39893 2001
39894 2001
39895 2001
39896 2001
39897 2001
39898 2001
39899 2001
39900 2001
39901 2001
39902 2001
39903 2001
39904 2001
39905 2001
39906 2001
39907 2001
39908 2001
39909 2001
39910 2001
39911 2001
39912 2001
39913 2001
39914 2001
39915 2001
39916 2001
39917 2001
39918 2001
39919 2001
39920 2001
39921 2001
39922 2001
39923 2001
39924 2001
39925 2001
39926 2001
39927 2001
39928 2001
39929 2001
39930 2001
39931 2001
39932 2001
39933 2001
39934 2001
39935 2001
39936 2001
39937 2001
39938 2001
39939 2001
39940 2001
39941 2001
39942 2001
39943 2001
39944 2001
39945 2001
39946 2001
39947 2001
39948 2001
39949 2001
39950 2001
39951 2001
39952 2001
39953 2001
39954 2001
39955 2001
39956 2001
39957 2001
39958 2001
39959 2001
39960 2001
39961 2001
39962 2001
39963 2001
39964 2001
39965 2001
39966 2001
39967 2001
39968 2001
39969 2001
39970 2001
39971 2001
39972 2001
39973 2001
39974 2001
39975 2001
39976 2001
39977 2001
39978 2001
39979 2001
39980 2001
39981 2001
39982 2001
39983 2001
39984 2001
39985 2001
39986 2001
39987 2001
39988 2001
39989 2001
39990 2001
39991 2001
39992 2001
39993 2001
39994 2001
39995 2001
39996 2001
39997 2001
39998 2001
39999 2001
40000 2001
40001 2001
40002 2001
40003 2001
40004 2001
40005 2001
40006 2001
40007 2001
40008 2001
40009 2001
40010 2001
40011 2001
40012 2001
40013 2001
40014 2001
40015 2001
40016 2001
40017 2001
40018 2001
40019 2001
40020 2001
40021 2001
40022 2001
40023 2001
40024 2001
40025 2001
40026 2001
40027 2001
40028 2001
40029 2001
40030 2001
40031 2001
40032 2001
40033 2001
40034 2001
40035 2001
40036 2001
40037 2001
40038 2001
40039 2001
40040 2001
40041 2001
40042 2001
40043 2001
40044 2001
40045 2001
40046 2001
40047 2001
40048 2001
40049 2001
40050 2001
40051 2001
40052 2001
40053 2001
40054 2001
40055 2001
40056 2001
40057 2001
40058 2001
40059 2001
40060 2001
40061 2001
40062 2001
40063 2001
40064 2001
40065 2001
40066 2001
40067 2001
40068 2001
40069 2001
40070 2001
40071 2001
40072 2001
40073 2001
40074 2001
40075 2001
40076 2001
40077 2001
40078 2001
40079 2001
40080 2001
40081 2001
40082 2001
40083 2001
40084 2001
40085 2001
40086 2001
40087 2001
40088 2001
40089 2001
40090 2001
40091 2001
40092 2001
40093 2001
40094 2001
40095 2001
40096 2001
40097 2001
40098 2001
40099 2001
40100 2001
40101 2001
40102 2001
40103 2001
40104 2001
40105 2001
40106 2001
40107 2001
40108 2001
40109 2001
40110 2001
40111 2001
40112 2001
40113 2001
40114 2001
40115 2001
40116 2001
40117 2001
40118 2001
40119 2001
40120 2001
40121 2001
40122 2001
40123 2001
40124 2001
40125 2001
40126 2001
40127 2001
40128 2001
40129 2001
40130 2001
40131 2001
40132 2001
40133 2001
40134 2001
40135 2001
40136 2001
40137 2001
40138 2001
40139 2001
40140 2001
40141 2001
40142 2001
40143 2001
40144 2001
40145 2001
40146 2001
40147 2001
40148 2001
40149 2001
40150 2001
40151 2001
40152 2001
40153 2001
40154 2001
40155 2001
40156 2001
40157 2001
40158 2001
40159 2001
40160 2001
40161 2001
40162 2001
40163 2001
40164 2001
40165 2001
40166 2001
40167 2001
40168 2001
40169 2001
40170 2001
40171 2001
40172 2001
40173 2001
40174 2001
40175 2001
40176 2001
40177 2001
40178 2001
40179 2001
40180 2001
40181 2001
40182 2001
40183 2001
40184 2001
40185 2001
40186 2001
40187 2001
40188 2001
40189 2001
40190 2001
40191 2001
40192 2001
40193 2001
40194 2001
40195 2001
40196 2001
40197 2001
40198 2001
40199 2001
40200 2001
40201 2001
40202 2001
40203 2001
40204 2001
40205 2001
40206 2001
40207 2001
40208 2001
40209 2001
40210 2001
40211 2001
40212 2001
40213 2001
40214 2001
40215 2001
40216 2001
40217 2001
40218 2001
40219 2001
40220 2001
40221 2001
40222 2001
40223 2001
40224 2001
40225 2001
40226 2001
40227 2001
40228 2001
40229 2001
40230 2001
40231 2001
40232 2001
40233 2001
40234 2001
40235 2001
40236 2001
40237 2001
40238 2001
40239 2001
40240 2001
40241 2001
40242 2001
40243 2001
40244 2001
40245 2001
40246 2001
40247 2001
40248 2001
40249 2001
40250 2001
40251 2001
40252 2001
40253 2001
40254 2001
40255 2001
40256 2001
40257 2001
40258 2001
40259 2001
40260 2001
40261 2001
40262 2001
40263 2001
40264 2001
40265 2001
40266 2001
40267 2001
40268 2001
40269 2001
40270 2001
40271 2001
40272 2001
40273 2001
40274 2001
40275 2001
40276 2001
40277 2001
40278 2001
40279 2001
40280 2001
40281 2001
40282 2001
40283 2001
40284 2001
40285 2001
40286 2001
40287 2001
40288 2001
40289 2001
40290 2001
40291 2001
40292 2001
40293 2001
40294 2001
40295 2001
40296 2001
40297 2001
40298 2001
40299 2001
40300 2001
40301 2001
40302 2001
40303 2001
40304 2001
40305 2001
40306 2001
40307 2001
40308 2001
40309 2001
40310 2001
40311 2001
40312 2001
40313 2001
40314 2001
40315 2001
40316 2001
40317 2001
40318 2001
40319 2001
40320 2001
40321 2001
40322 2001
40323 2001
40324 2001
40325 2001
40326 2001
40327 2001
40328 2001
40329 2001
40330 2001
40331 2001
40332 2001
40333 2001
40334 2001
40335 2001
40336 2001
40337 2001
40338 2001
40339 2001
40340 2001
40341 2001
40342 2001
40343 2001
40344 2001
40345 2001
40346 2001
40347 2001
40348 2001
40349 2001
40350 2001
40351 2001
40352 2001
40353 2001
40354 2001
40355 2001
40356 2001
40357 2001
40358 2001
40359 2001
40360 2001
40361 2001
40362 2001
40363 2001
40364 2001
40365 2001
40366 2001
40367 2001
40368 2001
40369 2001
40370 2001
40371 2001
40372 2001
40373 2001
40374 2001
40375 2001
40376 2001
40377 2001
40378 2001
40379 2001
40380 2001
40381 2001
40382 2001
40383 2001
40384 2001
40385 2001
40386 2001
40387 2001
40388 2001
40389 2001
40390 2001
40391 2001
40392 2001
40393 2001
40394 2001
40395 2001
40396 2001
40397 2001
40398 2001
40399 2001
40400 2001
40401 2001
40402 2001
40403 2001
40404 2001
40405 2001
40406 2001
40407 2001
40408 2001
40409 2001
40410 2001
40411 2001
40412 2001
40413 2001
40414 2001
40415 2001
40416 2001
40417 2001
40418 2001
40419 2001
40420 2001
40421 2001
40422 2001
40423 2001
40424 2001
40425 2001
40426 2001
40427 2001
40428 2001
40429 2001
40430 2001
40431 2001
40432 2001
40433 2001
40434 2001
40435 2001
40436 2001
40437 2001
40438 2001
40439 2001
40440 2001
40441 2001
40442 2001
40443 2001
40444 2001
40445 2001
40446 2001
40447 2001
40448 2001
40449 2001
40450 2001
40451 2001
40452 2001
40453 2001
40454 2001
40455 2001
40456 2001
40457 2001
40458 2001
40459 2001
40460 2001
40461 2001
40462 2001
40463 2001
40464 2001
40465 2001
40466 2001
40467 2001
40468 2001
40469 2001
40470 2001
40471 2001
40472 2001
40473 2001
40474 2001
40475 2001
40476 2001
40477 2001
40478 2001
40479 2001
40480 2001
40481 2001
40482 2001
40483 2001
40484 2001
40485 2001
40486 2001
40487 2001
40488 2001
40489 2001
40490 2001
40491 2001
40492 2001
40493 2001
40494 2001
40495 2001
40496 2001
40497 2001
40498 2001
40499 2001
40500 2001
40501 2001
40502 2001
40503 2001
40504 2001
40505 2001
40506 2001
40507 2001
40508 2001
40509 2001
40510 2001
40511 2001
40512 2001
40513 2001
40514 2001
40515 2001
40516 2001
40517 2001
40518 2001
40519 2001
40520 2001
40521 2001
40522 2001
40523 2001
40524 2001
40525 2001
40526 2001
40527 2001
40528 2001
40529 2001
40530 2001
40531 2001
40532 2001
40533 2001
40534 2001
40535 2001
40536 2001
40537 2001
40538 2001
40539 2001
40540 2001
40541 2001
40542 2001
40543 2001
40544 2001
40545 2001
40546 2001
40547 2001
40548 2001
40549 2001
40550 2001
40551 2001
40552 2001
40553 2001
40554 2001
40555 2001
40556 2001
40557 2001
40558 2001
40559 2001
40560 2001
40561 2001
40562 2001
40563 1999
40564 1999
40565 1999
40566 1999
40567 1999
40568 1999
40569 1999
40570 1999
40571 1999
40572 1999
40573 1999
40574 1999
40575 1999
40576 1999
40577 1999
40578 1999
40579 1999
40580 1999
40581 1999
40582 1999
40583 1999
40584 1999
40585 1999
40586 1999
40587 1999
40588 1999
40589 1999
40590 1999
40591 1999
40592 1999
40593 1999
40594 1999
40595 1999
40596 1999
40597 1999
40598 1999
40599 1999
40600 1999
40601 1999
40602 1999
40603 1999
40604 1999
40605 1999
40606 1999
40607 1999
40608 1999
40609 1999
40610 1999
40611 1999
40612 1999
40613 1999
40614 1999
40615 1999
40616 1999
40617 1999
40618 1999
40619 1999
40620 1999
40621 1999
40622 1999
40623 1999
40624 1999
40625 1999
40626 1999
40627 1999
40628 1999
40629 1999
40630 1999
40631 1999
40632 1999
40633 1999
40634 1999
40635 1999
40636 1999
40637 1999
40638 1999
40639 1999
40640 1999
40641 1999
40642 1999
40643 1999
40644 1999
40645 1999
40646 1999
40647 1999
40648 1999
40649 1999
40650 1999
40651 1999
40652 1999
40653 1999
40654 1999
40655 1999
40656 1999
40657 1999
40658 1999
40659 1999
40660 1999
40661 1999
40662 1999
40663 1999
40664 1999
40665 1999
40666 1999
40667 1999
40668 1999
40669 1999
40670 1999
40671 1999
40672 1999
40673 1999
40674 1999
40675 1999
40676 1999
40677 1999
40678 1999
40679 1999
40680 1999
40681 1999
40682 1999
40683 1999
40684 1999
40685 1999
40686 1999
40687 1999
40688 1999
40689 1999
40690 1999
40691 1999
40692 1999
40693 1999
40694 1999
40695 1999
40696 1999
40697 1999
40698 1999
40699 1999
40700 1999
40701 1999
40702 1999
40703 1999
40704 1999
40705 1999
40706 1999
40707 1999
40708 1999
40709 1999
40710 1999
40711 1999
40712 1999
40713 1999
40714 1999
40715 1999
40716 1999
40717 1999
40718 1999
40719 1999
40720 1999
40721 1999
40722 1999
40723 1999
40724 1999
40725 1999
40726 1999
40727 1999
40728 1999
40729 1999
40730 1999
40731 1999
40732 1999
40733 1999
40734 1999
40735 1999
40736 1999
40737 1999
40738 1999
40739 1999
40740 1999
40741 1999
40742 1999
40743 1999
40744 1999
40745 1999
40746 1999
40747 1999
40748 1999
40749 1999
40750 1999
40751 1999
40752 1999
40753 1999
40754 1999
40755 1999
40756 1999
40757 1999
40758 1999
40759 1999
40760 1999
40761 1999
40762 1999
40763 1999
40764 1999
40765 1999
40766 1999
40767 1999
40768 1999
40769 1999
40770 1999
40771 1999
40772 1999
40773 1999
40774 1999
40775 1999
40776 1999
40777 1999
40778 1999
40779 1999
40780 1999
40781 1999
40782 1999
40783 1999
40784 1999
40785 1999
40786 1999
40787 1999
40788 1999
40789 1999
40790 1999
40791 1999
40792 1999
40793 1999
40794 1999
40795 1999
40796 1999
40797 1999
40798 1999
40799 1999
40800 1999
40801 1999
40802 1999
40803 1999
40804 1999
40805 1999
40806 1999
40807 1999
40808 1999
40809 1999
40810 1999
40811 1999
40812 1999
40813 1999
40814 1999
40815 1999
40816 1999
40817 1999
40818 1999
40819 1999
40820 1999
40821 1999
40822 1999
40823 1999
40824 1999
40825 1999
40826 1999
40827 1999
40828 1999
40829 1999
40830 1999
40831 1999
40832 1999
40833 1999
40834 1999
40835 1999
40836 1999
40837 1999
40838 1999
40839 1999
40840 1999
40841 1999
40842 1999
40843 1999
40844 1999
40845 1999
40846 1999
40847 1999
40848 1999
40849 1999
40850 1999
40851 1999
40852 1999
40853 1999
40854 1999
40855 1999
40856 1999
40857 1999
40858 1999
40859 1999
40860 1999
40861 1999
40862 1999
40863 1999
40864 1999
40865 1999
40866 1999
40867 1999
40868 1999
40869 1999
40870 1999
40871 1999
40872 1999
40873 1999
40874 1999
40875 1999
40876 1999
40877 1999
40878 1999
40879 1999
40880 1999
40881 1999
40882 1999
40883 1999
40884 1999
40885 1999
40886 1999
40887 1999
40888 1999
40889 1999
40890 1999
40891 1999
40892 1999
40893 1999
40894 1999
40895 1999
40896 1999
40897 1999
40898 1999
40899 1999
40900 1999
40901 1999
40902 1999
40903 1999
40904 1999
40905 1999
40906 1999
40907 1999
40908 1999
40909 1999
40910 1999
40911 1999
40912 1999
40913 1999
40914 1999
40915 1999
40916 1999
40917 1999
40918 1999
40919 1999
40920 1999
40921 1999
40922 1999
40923 1999
40924 1999
40925 1999
40926 1999
40927 1999
40928 1999
40929 1999
40930 1999
40931 1999
40932 1999
40933 1999
40934 1999
40935 1999
40936 1999
40937 1999
40938 1999
40939 1999
40940 1999
40941 1999
40942 1999
40943 1999
40944 1999
40945 1999
40946 1999
40947 1999
40948 1999
40949 1999
40950 1999
40951 1999
40952 1999
40953 1999
40954 1999
40955 1999
40956 1999
40957 1999
40958 1999
40959 1999
40960 1999
40961 1999
40962 1999
40963 1999
40964 1999
40965 1999
40966 1999
40967 1999
40968 1999
40969 1999
40970 1999
40971 1999
40972 1999
40973 1999
40974 1999
40975 1999
40976 1999
40977 1999
40978 1999
40979 1999
40980 1999
40981 1999
40982 1999
40983 1999
40984 1999
40985 1999
40986 1999
40987 1999
40988 1999
40989 1999
40990 1999
40991 1999
40992 1999
40993 1999
40994 1999
40995 1999
40996 1999
40997 1999
40998 1999
40999 1999
41000 1999
41001 1999
41002 1999
41003 1999
41004 1999
41005 1999
41006 1999
41007 1999
41008 1999
41009 1999
41010 1999
41011 1999
41012 1999
41013 1999
41014 1999
41015 1999
41016 1999
41017 1999
41018 1999
41019 1999
41020 1999
41021 1999
41022 1999
41023 1999
41024 1999
41025 1999
41026 1999
41027 1999
41028 1999
41029 1999
41030 1999
41031 1999
41032 1999
41033 1999
41034 1999
41035 1999
41036 1999
41037 1999
41038 1999
41039 1999
41040 1999
41041 1999
41042 1999
41043 1999
41044 1999
41045 1999
41046 1999
41047 1999
41048 1999
41049 1999
41050 1999
41051 1999
41052 1999
41053 1999
41054 1999
41055 1999
41056 1999
41057 1999
41058 1999
41059 1999
41060 1999
41061 1999
41062 1999
41063 1999
41064 1999
41065 1999
41066 1999
41067 1999
41068 1999
41069 1999
41070 1999
41071 1999
41072 1999
41073 1999
41074 1999
41075 1999
41076 1999
41077 1999
41078 1999
41079 1999
41080 1999
41081 1999
41082 1999
41083 1999
41084 1999
41085 1999
41086 1999
41087 1999
41088 1999
41089 1999
41090 1999
41091 1999
41092 1999
41093 1999
41094 1999
41095 1999
41096 1999
41097 1999
41098 1999
41099 1999
41100 1999
41101 1999
41102 1999
41103 1999
41104 1999
41105 1999
41106 1999
41107 1999
41108 1999
41109 1999
41110 1999
41111 1999
41112 1999
41113 1999
41114 1999
41115 1999
41116 1999
41117 1999
41118 1999
41119 1999
41120 1999
41121 1999
41122 1999
41123 1999
41124 1999
41125 1999
41126 1999
41127 1999
41128 1999
41129 1999
41130 1999
41131 1999
41132 1999
41133 1999
41134 1999
41135 1999
41136 1999
41137 1999
41138 1999
41139 1999
41140 1999
41141 1999
41142 1999
41143 1999
41144 1999
41145 1999
41146 1999
41147 1999
41148 1999
41149 1999
41150 1999
41151 1999
41152 1999
41153 1999
41154 1999
41155 1999
41156 1999
41157 1999
41158 1999
41159 1999
41160 1999
41161 1999
41162 1999
41163 1999
41164 1999
41165 1999
41166 1999
41167 1999
41168 1999
41169 1999
41170 1999
41171 1999
41172 1999
41173 1999
41174 1999
41175 1999
41176 1999
41177 1999
41178 1999
41179 1999
41180 1999
41181 1999
41182 1999
41183 1999
41184 1999
41185 1999
41186 1999
41187 1999
41188 1999
41189 1999
41190 1999
41191 1999
41192 1999
41193 1999
41194 1999
41195 1999
41196 1999
41197 1999
41198 1999
41199 1999
41200 1999
41201 1999
41202 1999
41203 1999
41204 1999
41205 1999
41206 1999
41207 1999
41208 1999
41209 1999
41210 1999
41211 1999
41212 1999
41213 1999
41214 1999
41215 1999
41216 1999
41217 1999
41218 1999
41219 1999
41220 1999
41221 1999
41222 1999
41223 1999
41224 1999
41225 1999
41226 1999
41227 1999
41228 1999
41229 1999
41230 1999
41231 1999
41232 1999
41233 1999
41234 1999
41235 1999
41236 1999
41237 1999
41238 1999
41239 1999
41240 1999
41241 1999
41242 1999
41243 1999
41244 1999
41245 1999
41246 1999
41247 1999
41248 1999
41249 1999
41250 1999
41251 1999
41252 1999
41253 1999
41254 1999
41255 1999
41256 1999
41257 1999
41258 1999
41259 1999
41260 1999
41261 1999
41262 1999
41263 1999
41264 1999
41265 1999
41266 1999
41267 1999
41268 1999
41269 1999
41270 1999
41271 1999
41272 1999
41273 1999
41274 1999
41275 1999
41276 1999
41277 1999
41278 1999
41279 1999
41280 1999
41281 1999
41282 1999
41283 1999
41284 1999
41285 1999
41286 1999
41287 1999
41288 1999
41289 1999
41290 1999
41291 1999
41292 1999
41293 1999
41294 1999
41295 1999
41296 1999
41297 1999
41298 1999
41299 1999
41300 1999
41301 1999
41302 1999
41303 1999
41304 1999
41305 1999
41306 1999
41307 1999
41308 1999
41309 1999
41310 1999
41311 1999
41312 1999
41313 1999
41314 1999
41315 1999
41316 1999
41317 1999
41318 1999
41319 1999
41320 1999
41321 1999
41322 1999
41323 1999
41324 1999
41325 1999
41326 1999
41327 1999
41328 1999
41329 1999
41330 1999
41331 1999
41332 1999
41333 1999
41334 1999
41335 1999
41336 1999
41337 1999
41338 1999
41339 1999
41340 1999
41341 1999
41342 1999
41343 1999
41344 1999
41345 1999
41346 1999
41347 1999
41348 1999
41349 1999
41350 1999
41351 1999
41352 1999
41353 1999
41354 1999
41355 1999
41356 1999
41357 1999
41358 1999
41359 1999
41360 1999
41361 1999
41362 1999
41363 1999
41364 1999
41365 1999
41366 1999
41367 1999
41368 1999
41369 1999
41370 1999
41371 1999
41372 1999
41373 1999
41374 1999
41375 1999
41376 1999
41377 1999
41378 1999
41379 1999
41380 1999
41381 1999
41382 1999
41383 1999
41384 1999
41385 1999
41386 1999
41387 1999
41388 1999
41389 1999
41390 1999
41391 1999
41392 1999
41393 1999
41394 1999
41395 1999
41396 1999
41397 1999
41398 1999
41399 1999
41400 1999
41401 1999
41402 1999
41403 1999
41404 1999
41405 1999
41406 1999
41407 1999
41408 1999
41409 1999
41410 1999
41411 1999
41412 1999
41413 1999
41414 1999
41415 1999
41416 1999
41417 1999
41418 1999
41419 1999
41420 1999
41421 1999
41422 1999
41423 1999
41424 1999
41425 1999
41426 1999
41427 1999
41428 1999
41429 1999
41430 1999
41431 1999
41432 1999
41433 1999
41434 1999
41435 1999
41436 1999
41437 1999
41438 1999
41439 1999
41440 1999
41441 1999
41442 1999
41443 1999
41444 1999
41445 1999
41446 1999
41447 1999
41448 1999
41449 1999
41450 1999
41451 1999
41452 1999
41453 1999
41454 1999
41455 1999
41456 1999
41457 1999
41458 1999
41459 1999
41460 1999
41461 1999
41462 1999
41463 1999
41464 1999
41465 1999
41466 1999
41467 1999
41468 1999
41469 1999
41470 1999
41471 1999
41472 1999
41473 1999
41474 1999
41475 1999
41476 1999
41477 1999
41478 1999
41479 1999
41480 1999
41481 1999
41482 1999
41483 1999
41484 1999
41485 1999
41486 1999
41487 1999
41488 1998
41489 1998
41490 1998
41491 1998
41492 1998
41493 1998
41494 1998
41495 1998
41496 1998
41497 1998
41498 1998
41499 1998
41500 1998
41501 1998
41502 1998
41503 1998
41504 1998
41505 1998
41506 1998
41507 1998
41508 1998
41509 1998
41510 1998
41511 1998
41512 1998
41513 1998
41514 1998
41515 1998
41516 1998
41517 1998
41518 1998
41519 1998
41520 1998
41521 1998
41522 1998
41523 1998
41524 1998
41525 1998
41526 1998
41527 1998
41528 1998
41529 1998
41530 1998
41531 1998
41532 1998
41533 1998
41534 1998
41535 1998
41536 1998
41537 1998
41538 1998
41539 1998
41540 1998
41541 1998
41542 1998
41543 1998
41544 1998
41545 1998
41546 1998
41547 1998
41548 1998
41549 1998
41550 1998
41551 1998
41552 1998
41553 1998
41554 1998
41555 1998
41556 1998
41557 1998
41558 1998
41559 1998
41560 1998
41561 1998
41562 1998
41563 1998
41564 1998
41565 1998
41566 1998
41567 1998
41568 1998
41569 1998
41570 1998
41571 1998
41572 1998
41573 1998
41574 1998
41575 1998
41576 1998
41577 1998
41578 1998
41579 1998
41580 1998
41581 1998
41582 1998
41583 1998
41584 1998
41585 1998
41586 1998
41587 1998
41588 1998
41589 1998
41590 1998
41591 1998
41592 1998
41593 1998
41594 1998
41595 1998
41596 1998
41597 1998
41598 1998
41599 1998
41600 1998
41601 1998
41602 1998
41603 1998
41604 1998
41605 1998
41606 1998
41607 1998
41608 1998
41609 1998
41610 1998
41611 1998
41612 1998
41613 1998
41614 1998
41615 1998
41616 1998
41617 1998
41618 1998
41619 1998
41620 1998
41621 1998
41622 1998
41623 1998
41624 1998
41625 1998
41626 1998
41627 1998
41628 1998
41629 1998
41630 1998
41631 1998
41632 1998
41633 1998
41634 1998
41635 1998
41636 1998
41637 1998
41638 1998
41639 1998
41640 1998
41641 1998
41642 1998
41643 1998
41644 1998
41645 1998
41646 1998
41647 1998
41648 1998
41649 1998
41650 1998
41651 1998
41652 1998
41653 1998
41654 1998
41655 1998
41656 1998
41657 1998
41658 1998
41659 1998
41660 1998
41661 1998
41662 1998
41663 1998
41664 1998
41665 1998
41666 1998
41667 1998
41668 1998
41669 1998
41670 1998
41671 1998
41672 1998
41673 1998
41674 1998
41675 1998
41676 1998
41677 1998
41678 1998
41679 1998
41680 1998
41681 1998
41682 1998
41683 1998
41684 1998
41685 1998
41686 1998
41687 1998
41688 1998
41689 1998
41690 1998
41691 1998
41692 1998
41693 1998
41694 1998
41695 1998
41696 1998
41697 1998
41698 1998
41699 1998
41700 1998
41701 1998
41702 1998
41703 1998
41704 1998
41705 1998
41706 1998
41707 1998
41708 1998
41709 1998
41710 1998
41711 1998
41712 1998
41713 1998
41714 1998
41715 1998
41716 1998
41717 1998
41718 1998
41719 1998
41720 1998
41721 1998
41722 1998
41723 1998
41724 1998
41725 1998
41726 1998
41727 1998
41728 1998
41729 1998
41730 1998
41731 1998
41732 1998
41733 1998
41734 1998
41735 1998
41736 1998
41737 1998
41738 1998
41739 1998
41740 1998
41741 1998
41742 1998
41743 1998
41744 1998
41745 1998
41746 1998
41747 1998
41748 1998
41749 1998
41750 1998
41751 1998
41752 1998
41753 1998
41754 1998
41755 1998
41756 1998
41757 1998
41758 1998
41759 1998
41760 1998
41761 1998
41762 1998
41763 1998
41764 1998
41765 1998
41766 1998
41767 1998
41768 1998
41769 1998
41770 1998
41771 1998
41772 1998
41773 1998
41774 1998
41775 1998
41776 1998
41777 1998
41778 1998
41779 1998
41780 1998
41781 1998
41782 1998
41783 1998
41784 1998
41785 1998
41786 1998
41787 1998
41788 1998
41789 1998
41790 1998
41791 1998
41792 1998
41793 1998
41794 1998
41795 1998
41796 1998
41797 1998
41798 1998
41799 1998
41800 1998
41801 1998
41802 1998
41803 1998
41804 1998
41805 1998
41806 1998
41807 1998
41808 1998
41809 1998
41810 1998
41811 1998
41812 1998
41813 1998
41814 1998
41815 1998
41816 1998
41817 1998
41818 1998
41819 1998
41820 1998
41821 1998
41822 1998
41823 1998
41824 1998
41825 1998
41826 1998
41827 1998
41828 1998
41829 1998
41830 1998
41831 1998
41832 1998
41833 1998
41834 1998
41835 1998
41836 1998
41837 1998
41838 1998
41839 1998
41840 1998
41841 1998
41842 1998
41843 1998
41844 1998
41845 1998
41846 1998
41847 1998
41848 1998
41849 1998
41850 1998
41851 1998
41852 1998
41853 1998
41854 1998
41855 1998
41856 1998
41857 1998
41858 1998
41859 1998
41860 1998
41861 1998
41862 1998
41863 1998
41864 1998
41865 1998
41866 1998
41867 1998
41868 1998
41869 1998
41870 1998
41871 1998
41872 1998
41873 1998
41874 1998
41875 1998
41876 1998
41877 1998
41878 1998
41879 1998
41880 1998
41881 1998
41882 1998
41883 1998
41884 1998
41885 1998
41886 1998
41887 1998
41888 1998
41889 1998
41890 1998
41891 1998
41892 1998
41893 1998
41894 1998
41895 1998
41896 1998
41897 1998
41898 1998
41899 1998
41900 1998
41901 1998
41902 1998
41903 1998
41904 1998
41905 1998
41906 1998
41907 1998
41908 1998
41909 1998
41910 1998
41911 1998
41912 1998
41913 1998
41914 1998
41915 1998
41916 1998
41917 1998
41918 1998
41919 1998
41920 1998
41921 1998
41922 1998
41923 1998
41924 1998
41925 1998
41926 1998
41927 1998
41928 1998
41929 1998
41930 1998
41931 1998
41932 1998
41933 1998
41934 1998
41935 1998
41936 1998
41937 1998
41938 1998
41939 1998
41940 1998
41941 1998
41942 1998
41943 1998
41944 1998
41945 1998
41946 1998
41947 1998
41948 1998
41949 1998
41950 1998
41951 1998
41952 1998
41953 1998
41954 1998
41955 1998
41956 1998
41957 1998
41958 1998
41959 1998
41960 1998
41961 1998
41962 1998
41963 1998
41964 1998
41965 1998
41966 1998
41967 1998
41968 1998
41969 1998
41970 1998
41971 1998
41972 1998
41973 1998
41974 1998
41975 1998
41976 1998
41977 1998
41978 1998
41979 1998
41980 1998
41981 1998
41982 1998
41983 1998
41984 1998
41985 1998
41986 1998
41987 1998
41988 1998
41989 1998
41990 1998
41991 1998
41992 1998
41993 1998
41994 1998
41995 1998
41996 1998
41997 1998
41998 1998
41999 1998
42000 1998
42001 1998
42002 1998
42003 1998
42004 1998
42005 1998
42006 1998
42007 1998
42008 1998
42009 1998
42010 1998
42011 1998
42012 1998
42013 1998
42014 1998
42015 1998
42016 1998
42017 1998
42018 1998
42019 1998
42020 1998
42021 1998
42022 1998
42023 1998
42024 1998
42025 1998
42026 1998
42027 1998
42028 1998
42029 1998
42030 1998
42031 1998
42032 1998
42033 1998
42034 1998
42035 1998
42036 1998
42037 1998
42038 1998
42039 1998
42040 1998
42041 1998
42042 1998
42043 1998
42044 1998
42045 1998
42046 1998
42047 1998
42048 1998
42049 1998
42050 1998
42051 1998
42052 1998
42053 1998
42054 1998
42055 1998
42056 1998
42057 1998
42058 1998
42059 1998
42060 1998
42061 1998
42062 1998
42063 1998
42064 1998
42065 1998
42066 1998
42067 1998
42068 1998
42069 1998
42070 1998
42071 1998
42072 1998
42073 1998
42074 1998
42075 1998
42076 1998
42077 1998
42078 1998
42079 1998
42080 1998
42081 1998
42082 1998
42083 1998
42084 1998
42085 1998
42086 1998
42087 1998
42088 1998
42089 1998
42090 1998
42091 1998
42092 1998
42093 1998
42094 1998
42095 1998
42096 1998
42097 1998
42098 1998
42099 1998
42100 1998
42101 1998
42102 1998
42103 1998
42104 1998
42105 1998
42106 1998
42107 1998
42108 1998
42109 1998
42110 1998
42111 1998
42112 1998
42113 1998
42114 1998
42115 1998
42116 1998
42117 1998
42118 1998
42119 1998
42120 1998
42121 1998
42122 1998
42123 1998
42124 1998
42125 1998
42126 1998
42127 1998
42128 1998
42129 1998
42130 1998
42131 1998
42132 1998
42133 1998
42134 1998
42135 1998
42136 1998
42137 1998
42138 1998
42139 1998
42140 1998
42141 1998
42142 1998
42143 1998
42144 1998
42145 1998
42146 1998
42147 1998
42148 1998
42149 1998
42150 1998
42151 1998
42152 1998
42153 1998
42154 1998
42155 1998
42156 1998
42157 1998
42158 1998
42159 1998
42160 1998
42161 1998
42162 1998
42163 1998
42164 1998
42165 1998
42166 1998
42167 1998
42168 1998
42169 1998
42170 1998
42171 1998
42172 1998
42173 1998
42174 1998
42175 1998
42176 1998
42177 1998
42178 1998
42179 1998
42180 1998
42181 1998
42182 1998
42183 1998
42184 1998
42185 1998
42186 1998
42187 1998
42188 1998
42189 1998
42190 1998
42191 1998
42192 1998
42193 1998
42194 1998
42195 1998
42196 1998
42197 1998
42198 1998
42199 1998
42200 1998
42201 1998
42202 1998
42203 1998
42204 1998
42205 1998
42206 1998
42207 1998
42208 1998
42209 1998
42210 1998
42211 1998
42212 1998
42213 1998
42214 1998
42215 1998
42216 1998
42217 1998
42218 1998
42219 1998
42220 1998
42221 1998
42222 1998
42223 1998
42224 1998
42225 1998
42226 1998
42227 1998
42228 1998
42229 1998
42230 1998
42231 1998
42232 1998
42233 1998
42234 1998
42235 1998
42236 1998
42237 1998
42238 1998
42239 1998
42240 1998
42241 1998
42242 1998
42243 1998
42244 1998
42245 1998
42246 1998
42247 1998
42248 1998
42249 1998
42250 1998
42251 1998
42252 1998
42253 1998
42254 1998
42255 1998
42256 1998
42257 1998
42258 1998
42259 1998
42260 1998
42261 1998
42262 1998
42263 1998
42264 1998
42265 1998
42266 1998
42267 1998
42268 1998
42269 1998
42270 1998
42271 1998
42272 1998
42273 1998
42274 1998
42275 1998
42276 1998
42277 1998
42278 1998
42279 1998
42280 1998
42281 1998
42282 1998
42283 1998
42284 1998
42285 1998
42286 1998
42287 1998
42288 1998
42289 1998
42290 1998
42291 1998
42292 1998
42293 1998
42294 1998
42295 1998
42296 1998
42297 1998
42298 1998
42299 1998
42300 1998
42301 1998
42302 1998
42303 1998
42304 1998
42305 1998
42306 1998
42307 1998
42308 1998
42309 1998
42310 1998
42311 1998
42312 1998
42313 1998
42314 1998
42315 1998
42316 1998
42317 1998
42318 1998
42319 1998
42320 1998
42321 1998
42322 1998
42323 1998
42324 1998
42325 1998
42326 1998
42327 1998
42328 1998
42329 1998
42330 1998
42331 1998
42332 1998
42333 1998
42334 1998
42335 1998
42336 1998
42337 1998
42338 1998
42339 1998
42340 1998
42341 1998
42342 1998
42343 1998
42344 1998
42345 1998
42346 1998
42347 1998
42348 1998
42349 1998
42350 1998
42351 1998
42352 1998
42353 1998
42354 1998
42355 1998
42356 1998
42357 1998
42358 1998
42359 1998
42360 1998
42361 1998
42362 1998
42363 1998
42364 1998
42365 1998
42366 1998
42367 1998
42368 1998
42369 1998
42370 1998
42371 1998
42372 1998
42373 1998
42374 1998
42375 1998
42376 1998
42377 1998
42378 1998
42379 1998
42380 1998
42381 1998
42382 1998
42383 1998
42384 1998
42385 1998
42386 1998
42387 1998
42388 1998
42389 1998
42390 1998
42391 1998
42392 1998
42393 1998
42394 1998
42395 1998
42396 1998
42397 1998
42398 1998
42399 1994
42400 1994
42401 1994
42402 1994
42403 1994
42404 1994
42405 1994
42406 1994
42407 1994
42408 1994
42409 1994
42410 1994
42411 1994
42412 1994
42413 1994
42414 1994
42415 1994
42416 1994
42417 1994
42418 1994
42419 1994
42420 1994
42421 1994
42422 1994
42423 1994
42424 1994
42425 1994
42426 1994
42427 1994
42428 1994
42429 1994
42430 1994
42431 1994
42432 1994
42433 1994
42434 1994
42435 1994
42436 1994
42437 1994
42438 1994
42439 1994
42440 1994
42441 1994
42442 1994
42443 1994
42444 1994
42445 1994
42446 1994
42447 1994
42448 1994
42449 1994
42450 1994
42451 1994
42452 1994
42453 1994
42454 1994
42455 1994
42456 1994
42457 1994
42458 1994
42459 1994
42460 1994
42461 1994
42462 1994
42463 1994
42464 1994
42465 1994
42466 1994
42467 1994
42468 1994
42469 1994
42470 1994
42471 1994
42472 1994
42473 1994
42474 1994
42475 1994
42476 1994
42477 1994
42478 1994
42479 1994
42480 1994
42481 1994
42482 1994
42483 1994
42484 1994
42485 1994
42486 1994
42487 1994
42488 1994
42489 1994
42490 1994
42491 1994
42492 1994
42493 1994
42494 1994
42495 1994
42496 1994
42497 1994
42498 1994
42499 1994
42500 1994
42501 1994
42502 1994
42503 1994
42504 1994
42505 1994
42506 1994
42507 1994
42508 1994
42509 1994
42510 1994
42511 1994
42512 1994
42513 1994
42514 1994
42515 1994
42516 1994
42517 1994
42518 1994
42519 1994
42520 1994
42521 1994
42522 1994
42523 1994
42524 1994
42525 1994
42526 1994
42527 1994
42528 1994
42529 1994
42530 1994
42531 1994
42532 1994
42533 1994
42534 1994
42535 1994
42536 1994
42537 1994
42538 1994
42539 1994
42540 1994
42541 1994
42542 1994
42543 1994
42544 1994
42545 1994
42546 1994
42547 1994
42548 1994
42549 1994
42550 1994
42551 1994
42552 1994
42553 1994
42554 1994
42555 1994
42556 1994
42557 1994
42558 1994
42559 1994
42560 1994
42561 1994
42562 1994
42563 1994
42564 1994
42565 1994
42566 1994
42567 1994
42568 1994
42569 1994
42570 1994
42571 1994
42572 1994
42573 1994
42574 1994
42575 1994
42576 1994
42577 1994
42578 1994
42579 1994
42580 1994
42581 1994
42582 1994
42583 1994
42584 1994
42585 1994
42586 1994
42587 1994
42588 1994
42589 1994
42590 1994
42591 1994
42592 1994
42593 1994
42594 1994
42595 1994
42596 1994
42597 1994
42598 1994
42599 1994
42600 1994
42601 1994
42602 1994
42603 1994
42604 1994
42605 1994
42606 1994
42607 1994
42608 1994
42609 1994
42610 1994
42611 1994
42612 1994
42613 1994
42614 1994
42615 1994
42616 1994
42617 1994
42618 1994
42619 1994
42620 1994
42621 1994
42622 1994
42623 1994
42624 1994
42625 1994
42626 1994
42627 1994
42628 1994
42629 1994
42630 1994
42631 1994
42632 1994
42633 1994
42634 1994
42635 1994
42636 1994
42637 1994
42638 1994
42639 1994
42640 1994
42641 1994
42642 1994
42643 1994
42644 1994
42645 1994
42646 1994
42647 1994
42648 1994
42649 1994
42650 1994
42651 1994
42652 1994
42653 1994
42654 1994
42655 1994
42656 1994
42657 1994
42658 1994
42659 1994
42660 1994
42661 1994
42662 1994
42663 1994
42664 1994
42665 1994
42666 1994
42667 1994
42668 1994
42669 1994
42670 1994
42671 1994
42672 1994
42673 1994
42674 1994
42675 1994
42676 1994
42677 1994
42678 1994
42679 1994
42680 1994
42681 1994
42682 1994
42683 1994
42684 1994
42685 1994
42686 1994
42687 1994
42688 1994
42689 1994
42690 1994
42691 1994
42692 1994
42693 1994
42694 1994
42695 1994
42696 1994
42697 1994
42698 1994
42699 1994
42700 1994
42701 1994
42702 1994
42703 1994
42704 1994
42705 1994
42706 1994
42707 1994
42708 1994
42709 1994
42710 1994
42711 1994
42712 1994
42713 1994
42714 1994
42715 1994
42716 1994
42717 1994
42718 1994
42719 1994
42720 1994
42721 1994
42722 1994
42723 1994
42724 1994
42725 1994
42726 1994
42727 1994
42728 1994
42729 1994
42730 1994
42731 1994
42732 1994
42733 1994
42734 1994
42735 1994
42736 1994
42737 1994
42738 1994
42739 1994
42740 1994
42741 1994
42742 1994
42743 1994
42744 1994
42745 1994
42746 1994
42747 1994
42748 1994
42749 1994
42750 1994
42751 1994
42752 1994
42753 1994
42754 1994
42755 1994
42756 1994
42757 1994
42758 1994
42759 1994
42760 1994
42761 1994
42762 1994
42763 1994
42764 1994
42765 1994
42766 1994
42767 1994
42768 1994
42769 1994
42770 1994
42771 1994
42772 1994
42773 1994
42774 1994
42775 1994
42776 1994
42777 1994
42778 1994
42779 1994
42780 1994
42781 1994
42782 1994
42783 1994
42784 1994
42785 1994
42786 1994
42787 1994
42788 1994
42789 1994
42790 1994
42791 1994
42792 1994
42793 1994
42794 1994
42795 1994
42796 1994
42797 1994
42798 1994
42799 1994
42800 1994
42801 1994
42802 1994
42803 1994
42804 1994
42805 1994
42806 1994
42807 1994
42808 1994
42809 1994
42810 1994
42811 1994
42812 1994
42813 1994
42814 1994
42815 1994
42816 1994
42817 1994
42818 1994
42819 1994
42820 1994
42821 1994
42822 1994
42823 1994
42824 1994
42825 1994
42826 1994
42827 1994
42828 1994
42829 1994
42830 1994
42831 1994
42832 1994
42833 1994
42834 1994
42835 1994
42836 1994
42837 1994
42838 1994
42839 1994
42840 1994
42841 1994
42842 1994
42843 1994
42844 1994
42845 1994
42846 1994
42847 1994
42848 1994
42849 1994
42850 1994
42851 1994
42852 1994
42853 1994
42854 1994
42855 1994
42856 1994
42857 1994
42858 1994
42859 1994
42860 1994
42861 1994
42862 1994
42863 1994
42864 1994
42865 1994
42866 1994
42867 1994
42868 1994
42869 1994
42870 1994
42871 1994
42872 1994
42873 1994
42874 1994
42875 1994
42876 1994
42877 1994
42878 1994
42879 1994
42880 1994
42881 1994
42882 1994
42883 1994
42884 1994
42885 1994
42886 1994
42887 1994
42888 1994
42889 1994
42890 1994
42891 1994
42892 1994
42893 1994
42894 1994
42895 1994
42896 1994
42897 1994
42898 1994
42899 1994
42900 1994
42901 1994
42902 1994
42903 1994
42904 1994
42905 1994
42906 1994
42907 1994
42908 1994
42909 1994
42910 1994
42911 1994
42912 1994
42913 1994
42914 1994
42915 1994
42916 1994
42917 1994
42918 1994
42919 1994
42920 1994
42921 1994
42922 1994
42923 1994
42924 1994
42925 1994
42926 1994
42927 1994
42928 1994
42929 1994
42930 1994
42931 1994
42932 1994
42933 1994
42934 1994
42935 1994
42936 1994
42937 1994
42938 1994
42939 1994
42940 1994
42941 1994
42942 1994
42943 1994
42944 1994
42945 1994
42946 1994
42947 1994
42948 1994
42949 1994
42950 1994
42951 1994
42952 1994
42953 1994
42954 1994
42955 1994
42956 1994
42957 1994
42958 1994
42959 1994
42960 1994
42961 1994
42962 1994
42963 1994
42964 1994
42965 1994
42966 1994
42967 1994
42968 1994
42969 1994
42970 1994
42971 1994
42972 1994
42973 1994
42974 1994
42975 1994
42976 1994
42977 1994
42978 1994
42979 1994
42980 1994
42981 1994
42982 1994
42983 1994
42984 1994
42985 1994
42986 1994
42987 1994
42988 1994
42989 1994
42990 1994
42991 1994
42992 1994
42993 1994
42994 1994
42995 1994
42996 1994
42997 1994
42998 1994
42999 1994
43000 1994
43001 1994
43002 1994
43003 1994
43004 1994
43005 1994
43006 1994
43007 1994
43008 1994
43009 1994
43010 1994
43011 1994
43012 1994
43013 1994
43014 1994
43015 1994
43016 1994
43017 1994
43018 1994
43019 1994
43020 1994
43021 1994
43022 1994
43023 1994
43024 1994
43025 1994
43026 1994
43027 1994
43028 1994
43029 1994
43030 1994
43031 1994
43032 1994
43033 1994
43034 1994
43035 1994
43036 1994
43037 1994
43038 1994
43039 1994
43040 1994
43041 1994
43042 1994
43043 1994
43044 1994
43045 1994
43046 1994
43047 1994
43048 1994
43049 1994
43050 1994
43051 1994
43052 1994
43053 1994
43054 1994
43055 1994
43056 1994
43057 1994
43058 1994
43059 1994
43060 1994
43061 1994
43062 1994
43063 1994
43064 1994
43065 1994
43066 1994
43067 1994
43068 1994
43069 1994
43070 1994
43071 1994
43072 1994
43073 1994
43074 1994
43075 1994
43076 1994
43077 1994
43078 1994
43079 1994
43080 1994
43081 1994
43082 1994
43083 1994
43084 1994
43085 1994
43086 1994
43087 1994
43088 1994
43089 1994
43090 1994
43091 1994
43092 1994
43093 1994
43094 1994
43095 1994
43096 1994
43097 1994
43098 1994
43099 1994
43100 1994
43101 1994
43102 1994
43103 1994
43104 1994
43105 1994
43106 1994
43107 1994
43108 1994
43109 1994
43110 1994
43111 1994
43112 1994
43113 1994
43114 1994
43115 1994
43116 1994
43117 1994
43118 1994
43119 1994
43120 1994
43121 1994
43122 1994
43123 1994
43124 1994
43125 1994
43126 1994
43127 1994
43128 1994
43129 1994
43130 1994
43131 1994
43132 1994
43133 1994
43134 1994
43135 1994
43136 1994
43137 1994
43138 1994
43139 1994
43140 1994
43141 1994
43142 1994
43143 1994
43144 1994
43145 1994
43146 1994
43147 1994
43148 1994
43149 1994
43150 1994
43151 1994
43152 1994
43153 1994
43154 1994
43155 1994
43156 1994
43157 1994
43158 1994
43159 1994
43160 1994
43161 1994
43162 1994
43163 1994
43164 1994
43165 1994
43166 1994
43167 1994
43168 1994
43169 1994
43170 1994
43171 1994
43172 1994
43173 1994
43174 1994
43175 1994
43176 1994
43177 1994
43178 1994
43179 1994
43180 1994
43181 1994
43182 1994
43183 1994
43184 1994
43185 1994
43186 1994
43187 1994
43188 1994
43189 1994
43190 1994
43191 1994
43192 1994
43193 1994
43194 1994
43195 1994
43196 1994
43197 1994
43198 1994
43199 1994
43200 1994
43201 1994
43202 1994
43203 1994
43204 1994
43205 1994
43206 1994
43207 1994
43208 1994
43209 1994
43210 1994
43211 1994
43212 1994
43213 1994
43214 1994
43215 1994
43216 1994
43217 1994
43218 1994
43219 1994
43220 1994
43221 1994
43222 1994
43223 1994
43224 1994
43225 1994
43226 1994
43227 1994
43228 1994
43229 1994
43230 1994
43231 1994
43232 1994
43233 1994
43234 1994
43235 1994
43236 1994
43237 1994
43238 1994
43239 1994
43240 1994
43241 1994
43242 1994
43243 1994
43244 1994
43245 1994
43246 1994
43247 1994
43248 1994
43249 1994
43250 1994
43251 1994
43252 1994
43253 1994
43254 1994
43255 1994
43256 1994
43257 1994
43258 1994
43259 1994
43260 1994
43261 1994
43262 1994
43263 1994
43264 1994
43265 1994
43266 1994
43267 1994
43268 1994
43269 1994
43270 1994
43271 1994
43272 1994
43273 1994
43274 1994
43275 1994
43276 1994
43277 1994
43278 1993
43279 1993
43280 1993
43281 1993
43282 1993
43283 1993
43284 1993
43285 1993
43286 1993
43287 1993
43288 1993
43289 1993
43290 1993
43291 1993
43292 1993
43293 1993
43294 1993
43295 1993
43296 1993
43297 1993
43298 1993
43299 1993
43300 1993
43301 1993
43302 1993
43303 1993
43304 1993
43305 1993
43306 1993
43307 1993
43308 1993
43309 1993
43310 1993
43311 1993
43312 1993
43313 1993
43314 1993
43315 1993
43316 1993
43317 1993
43318 1993
43319 1993
43320 1993
43321 1993
43322 1993
43323 1993
43324 1993
43325 1993
43326 1993
43327 1993
43328 1993
43329 1993
43330 1993
43331 1993
43332 1993
43333 1993
43334 1993
43335 1993
43336 1993
43337 1993
43338 1993
43339 1993
43340 1993
43341 1993
43342 1993
43343 1993
43344 1993
43345 1993
43346 1993
43347 1993
43348 1993
43349 1993
43350 1993
43351 1993
43352 1993
43353 1993
43354 1993
43355 1993
43356 1993
43357 1993
43358 1993
43359 1993
43360 1993
43361 1993
43362 1993
43363 1993
43364 1993
43365 1993
43366 1993
43367 1993
43368 1993
43369 1993
43370 1993
43371 1993
43372 1993
43373 1993
43374 1993
43375 1993
43376 1993
43377 1993
43378 1993
43379 1993
43380 1993
43381 1993
43382 1993
43383 1993
43384 1993
43385 1993
43386 1993
43387 1993
43388 1993
43389 1993
43390 1993
43391 1993
43392 1993
43393 1993
43394 1993
43395 1993
43396 1993
43397 1993
43398 1993
43399 1993
43400 1993
43401 1993
43402 1993
43403 1993
43404 1993
43405 1993
43406 1993
43407 1993
43408 1993
43409 1993
43410 1993
43411 1993
43412 1993
43413 1993
43414 1993
43415 1993
43416 1993
43417 1993
43418 1993
43419 1993
43420 1993
43421 1993
43422 1993
43423 1993
43424 1993
43425 1993
43426 1993
43427 1993
43428 1993
43429 1993
43430 1993
43431 1993
43432 1993
43433 1993
43434 1993
43435 1993
43436 1993
43437 1993
43438 1993
43439 1993
43440 1993
43441 1993
43442 1993
43443 1993
43444 1993
43445 1993
43446 1993
43447 1993
43448 1993
43449 1993
43450 1993
43451 1993
43452 1993
43453 1993
43454 1993
43455 1993
43456 1993
43457 1993
43458 1993
43459 1993
43460 1993
43461 1993
43462 1993
43463 1993
43464 1993
43465 1993
43466 1993
43467 1993
43468 1993
43469 1993
43470 1993
43471 1993
43472 1993
43473 1993
43474 1993
43475 1993
43476 1993
43477 1993
43478 1993
43479 1993
43480 1993
43481 1993
43482 1993
43483 1993
43484 1993
43485 1993
43486 1993
43487 1993
43488 1993
43489 1993
43490 1993
43491 1993
43492 1993
43493 1993
43494 1993
43495 1993
43496 1993
43497 1993
43498 1993
43499 1993
43500 1993
43501 1993
43502 1993
43503 1993
43504 1993
43505 1993
43506 1993
43507 1993
43508 1993
43509 1993
43510 1993
43511 1993
43512 1993
43513 1993
43514 1993
43515 1993
43516 1993
43517 1993
43518 1993
43519 1993
43520 1993
43521 1993
43522 1993
43523 1993
43524 1993
43525 1993
43526 1993
43527 1993
43528 1993
43529 1993
43530 1993
43531 1993
43532 1993
43533 1993
43534 1993
43535 1993
43536 1993
43537 1993
43538 1993
43539 1993
43540 1993
43541 1993
43542 1993
43543 1993
43544 1993
43545 1993
43546 1993
43547 1993
43548 1993
43549 1993
43550 1993
43551 1993
43552 1993
43553 1993
43554 1993
43555 1993
43556 1993
43557 1993
43558 1993
43559 1993
43560 1993
43561 1993
43562 1993
43563 1993
43564 1993
43565 1993
43566 1993
43567 1993
43568 1993
43569 1993
43570 1993
43571 1993
43572 1993
43573 1993
43574 1993
43575 1993
43576 1993
43577 1993
43578 1993
43579 1993
43580 1993
43581 1993
43582 1993
43583 1993
43584 1993
43585 1993
43586 1993
43587 1993
43588 1993
43589 1993
43590 1993
43591 1993
43592 1993
43593 1993
43594 1993
43595 1993
43596 1993
43597 1993
43598 1993
43599 1993
43600 1993
43601 1993
43602 1993
43603 1993
43604 1993
43605 1993
43606 1993
43607 1993
43608 1993
43609 1993
43610 1993
43611 1993
43612 1993
43613 1993
43614 1993
43615 1993
43616 1993
43617 1993
43618 1993
43619 1993
43620 1993
43621 1993
43622 1993
43623 1993
43624 1993
43625 1993
43626 1993
43627 1993
43628 1993
43629 1993
43630 1993
43631 1993
43632 1993
43633 1993
43634 1993
43635 1993
43636 1993
43637 1993
43638 1993
43639 1993
43640 1993
43641 1993
43642 1993
43643 1993
43644 1993
43645 1993
43646 1993
43647 1993
43648 1993
43649 1993
43650 1993
43651 1993
43652 1993
43653 1993
43654 1993
43655 1993
43656 1993
43657 1993
43658 1993
43659 1993
43660 1993
43661 1993
43662 1993
43663 1993
43664 1993
43665 1993
43666 1993
43667 1993
43668 1993
43669 1993
43670 1993
43671 1993
43672 1993
43673 1993
43674 1993
43675 1993
43676 1993
43677 1993
43678 1993
43679 1993
43680 1993
43681 1993
43682 1993
43683 1993
43684 1993
43685 1993
43686 1993
43687 1993
43688 1993
43689 1993
43690 1993
43691 1993
43692 1993
43693 1993
43694 1993
43695 1993
43696 1993
43697 1993
43698 1993
43699 1993
43700 1993
43701 1993
43702 1993
43703 1993
43704 1993
43705 1993
43706 1993
43707 1993
43708 1993
43709 1993
43710 1993
43711 1993
43712 1993
43713 1993
43714 1993
43715 1993
43716 1993
43717 1993
43718 1993
43719 1993
43720 1993
43721 1993
43722 1993
43723 1993
43724 1993
43725 1993
43726 1993
43727 1993
43728 1993
43729 1993
43730 1993
43731 1993
43732 1993
43733 1993
43734 1993
43735 1993
43736 1993
43737 1993
43738 1993
43739 1993
43740 1993
43741 1993
43742 1993
43743 1993
43744 1993
43745 1993
43746 1993
43747 1993
43748 1993
43749 1993
43750 1993
43751 1993
43752 1993
43753 1993
43754 1993
43755 1993
43756 1993
43757 1993
43758 1993
43759 1993
43760 1993
43761 1993
43762 1993
43763 1993
43764 1993
43765 1993
43766 1993
43767 1993
43768 1993
43769 1993
43770 1993
43771 1993
43772 1993
43773 1993
43774 1993
43775 1993
43776 1993
43777 1993
43778 1993
43779 1993
43780 1993
43781 1993
43782 1993
43783 1993
43784 1993
43785 1993
43786 1993
43787 1993
43788 1993
43789 1993
43790 1993
43791 1993
43792 1993
43793 1993
43794 1993
43795 1993
43796 1993
43797 1993
43798 1993
43799 1993
43800 1993
43801 1993
43802 1993
43803 1993
43804 1993
43805 1993
43806 1993
43807 1993
43808 1993
43809 1993
43810 1993
43811 1993
43812 1993
43813 1993
43814 1993
43815 1993
43816 1993
43817 1993
43818 1993
43819 1993
43820 1993
43821 1993
43822 1993
43823 1993
43824 1993
43825 1993
43826 1993
43827 1993
43828 1993
43829 1993
43830 1993
43831 1993
43832 1993
43833 1993
43834 1993
43835 1993
43836 1993
43837 1993
43838 1993
43839 1993
43840 1993
43841 1993
43842 1993
43843 1993
43844 1993
43845 1993
43846 1993
43847 1993
43848 1993
43849 1993
43850 1993
43851 1993
43852 1993
43853 1993
43854 1993
43855 1993
43856 1993
43857 1993
43858 1993
43859 1993
43860 1993
43861 1993
43862 1993
43863 1993
43864 1993
43865 1993
43866 1993
43867 1993
43868 1993
43869 1993
43870 1993
43871 1993
43872 1993
43873 1993
43874 1993
43875 1993
43876 1993
43877 1993
43878 1993
43879 1993
43880 1993
43881 1993
43882 1993
43883 1993
43884 1993
43885 1993
43886 1993
43887 1993
43888 1993
43889 1993
43890 1993
43891 1993
43892 1993
43893 1993
43894 1993
43895 1993
43896 1993
43897 1993
43898 1993
43899 1993
43900 1993
43901 1993
43902 1993
43903 1993
43904 1993
43905 1993
43906 1993
43907 1993
43908 1993
43909 1993
43910 1993
43911 1993
43912 1993
43913 1993
43914 1993
43915 1993
43916 1993
43917 1993
43918 1993
43919 1993
43920 1993
43921 1993
43922 1993
43923 1993
43924 1993
43925 1993
43926 1993
43927 1993
43928 1993
43929 1993
43930 1993
43931 1992
43932 1992
43933 1992
43934 1992
43935 1992
43936 1992
43937 1992
43938 1992
43939 1992
43940 1992
43941 1992
43942 1992
43943 1992
43944 1992
43945 1992
43946 1992
43947 1992
43948 1992
43949 1992
43950 1992
43951 1992
43952 1992
43953 1992
43954 1992
43955 1992
43956 1991
43957 1991
43958 1991
43959 1991
43960 1991
43961 1991
43962 1991
43963 1991
43964 1991
43965 1991
43966 1991
43967 1991
43968 1991
43969 1991
43970 1991
43971 1991
43972 1991
43973 1991
43974 1991
43975 1991
43976 1991
43977 1991
43978 1991
43979 1991
43980 1991
43981 1991
43982 1991
43983 1991
43984 1991
43985 1991
43986 1991
43987 1991
43988 1991
43989 1991
43990 1991
43991 1991
43992 1991
43993 1991
43994 1991
43995 1991
43996 1991
43997 1991
43998 1991
43999 1991
44000 1991
44001 1991
44002 1991
44003 1991
44004 1991
44005 1991
44006 1991
44007 1991
44008 1991
44009 1991
44010 1991
44011 1991
44012 1991
44013 1991
44014 1991
44015 1991
44016 1991
44017 1991
44018 1991
44019 1991
44020 1991
44021 1991
44022 1991
44023 1991
44024 1991
44025 1991
44026 1991
44027 1991
44028 1991
44029 1991
44030 1991
44031 1991
44032 1991
44033 1991
44034 1991
44035 1991
44036 1991
44037 1991
44038 1991
44039 1991
44040 1991
44041 1991
44042 1991
44043 1991
44044 1991
44045 1991
44046 1991
44047 1991
44048 1991
44049 1991
44050 1991
44051 1991
44052 1991
44053 1991
44054 1991
44055 1991
44056 1991
44057 1991
44058 1991
44059 1991
44060 1991
44061 1991
44062 1991
44063 1991
44064 1991
44065 1991
44066 1991
44067 1991
44068 1991
44069 1991
44070 1991
44071 1991
44072 1991
44073 1991
44074 1991
44075 1991
44076 1991
44077 1991
44078 1991
44079 1991
44080 1991
44081 1991
44082 1991
44083 1991
44084 1991
44085 1991
44086 1991
44087 1991
44088 1991
44089 1991
44090 1991
44091 1991
44092 1991
44093 1991
44094 1991
44095 1991
44096 1991
44097 1991
44098 1991
44099 1991
44100 1991
44101 1991
44102 1991
44103 1991
44104 1991
44105 1991
44106 1991
44107 1991
44108 1991
44109 1991
44110 1991
44111 1991
44112 1991
44113 1991
44114 1991
44115 1991
44116 1991
44117 1991
44118 1991
44119 1991
44120 1991
44121 1991
44122 1991
44123 1991
44124 1991
44125 1991
44126 1991
44127 1991
44128 1991
44129 1991
44130 1991
44131 1991
44132 1991
44133 1991
44134 1991
44135 1991
44136 1991
44137 1991
44138 1991
44139 1991
44140 1991
44141 1991
44142 1991
44143 1991
44144 1991
44145 1991
44146 1991
44147 1991
44148 1991
44149 1991
44150 1991
44151 1991
44152 1991
44153 1991
44154 1991
44155 1991
44156 1991
44157 1991
44158 1991
44159 1991
44160 1991
44161 1991
44162 1991
44163 1991
44164 1991
44165 1991
44166 1991
44167 1991
44168 1991
44169 1991
44170 1991
44171 1991
44172 1991
44173 1991
44174 1991
44175 1991
44176 1991
44177 1991
44178 1991
44179 1991
44180 1991
44181 1991
44182 1991
44183 1991
44184 1991
44185 1991
44186 1991
44187 1991
44188 1991
44189 1991
44190 1991
44191 1991
44192 1991
44193 1991
44194 1991
44195 1991
44196 1991
44197 1991
44198 1991
44199 1991
44200 1991
44201 1991
44202 1991
44203 1991
44204 1991
44205 1991
44206 1991
44207 1991
44208 1991
44209 1991
44210 1991
44211 1991
44212 1991
44213 1991
44214 1991
44215 1991
44216 1991
44217 1991
44218 1991
44219 1991
44220 1991
44221 1991
44222 1991
44223 1991
44224 1991
44225 1991
44226 1991
44227 1991
44228 1991
44229 1991
44230 1991
44231 1991
44232 1991
44233 1991
44234 1991
44235 1991
44236 1991
44237 1991
44238 1991
44239 1991
44240 1991
44241 1991
44242 1991
44243 1991
44244 1991
44245 1991
44246 1991
44247 1991
44248 1991
44249 1991
44250 1991
44251 1991
44252 1991
44253 1991
44254 1991
44255 1991
44256 1991
44257 1991
44258 1991
44259 1991
44260 1991
44261 1991
44262 1991
44263 1991
44264 1991
44265 1991
44266 1991
44267 1991
44268 1991
44269 1991
44270 1991
44271 1991
44272 1991
44273 1991
44274 1991
44275 1991
44276 1991
44277 1991
44278 1991
44279 1991
44280 1991
44281 1991
44282 1991
44283 1991
44284 1991
44285 1991
44286 1991
44287 1991
44288 1991
44289 1991
44290 1991
44291 1991
44292 1991
44293 1991
44294 1991
44295 1991
44296 1991
44297 1991
44298 1991
44299 1991
44300 1991
44301 1991
44302 1991
44303 1991
44304 1991
44305 1991
44306 1991
44307 1991
44308 1991
44309 1991
44310 1991
44311 1991
44312 1991
44313 1991
44314 1991
44315 1991
44316 1991
44317 1991
44318 1991
44319 1991
44320 1991
44321 1991
44322 1991
44323 1991
44324 1991
44325 1991
44326 1991
44327 1991
44328 1991
44329 1991
44330 1991
44331 1991
44332 1991
44333 1991
44334 1991
44335 1991
44336 1991
44337 1991
44338 1991
44339 1991
44340 1991
44341 1991
44342 1991
44343 1991
44344 1991
44345 1991
44346 1991
44347 1991
44348 1991
44349 1991
44350 1991
44351 1991
44352 1991
44353 1991
44354 1991
44355 1991
44356 1991
44357 1991
44358 1991
44359 1991
44360 1991
44361 1991
44362 1991
44363 1991
44364 1991
44365 1991
44366 1991
44367 1991
44368 1991
44369 1991
44370 1991
44371 1991
44372 1991
44373 1991
44374 1991
44375 1991
44376 1991
44377 1991
44378 1991
44379 1991
44380 1991
44381 1991
44382 1991
44383 1991
44384 1991
44385 1991
44386 1991
44387 1991
44388 1991
44389 1991
44390 1991
44391 1991
44392 1991
44393 1991
44394 1991
44395 1991
44396 1991
44397 1991
44398 1991
44399 1991
44400 1991
44401 1991
44402 1991
44403 1991
44404 1991
44405 1991
44406 1991
44407 1991
44408 1991
44409 1991
44410 1991
44411 1991
44412 1991
44413 1991
44414 1991
44415 1991
44416 1991
44417 1991
44418 1991
44419 1991
44420 1991
44421 1991
44422 1991
44423 1991
44424 1991
44425 1991
44426 1991
44427 1991
44428 1991
44429 1991
44430 1991
44431 1991
44432 1991
44433 1991
44434 1991
44435 1991
44436 1991
44437 1991
44438 1991
44439 1991
44440 1991
44441 1991
44442 1991
44443 1991
44444 1991
44445 1991
44446 1991
44447 1991
44448 1991
44449 1991
44450 1991
44451 1991
44452 1991
44453 1991
44454 1991
44455 1991
44456 1991
44457 1991
44458 1991
44459 1991
44460 1991
44461 1991
44462 1991
44463 1991
44464 1991
44465 1991
44466 1991
44467 1991
44468 1991
44469 1991
44470 1991
44471 1991
44472 1991
44473 1991
44474 1991
44475 1991
44476 1991
44477 1991
44478 1991
44479 1991
44480 1991
44481 1991
44482 1991
44483 1991
44484 1991
44485 1991
44486 1991
44487 1991
44488 1991
44489 1991
44490 1991
44491 1991
44492 1991
44493 1991
44494 1991
44495 1991
44496 1991
44497 1991
44498 1991
44499 1991
44500 1991
44501 1991
44502 1991
44503 1991
44504 1991
44505 1991
44506 1991
44507 1991
44508 1991
44509 1991
44510 1991
44511 1991
44512 1991
44513 1991
44514 1991
44515 1991
44516 1991
44517 1991
44518 1991
44519 1991
44520 1991
44521 1991
44522 1991
44523 1991
44524 1991
44525 1991
44526 1991
44527 1991
44528 1991
44529 1991
44530 1991
44531 1991
44532 1991
44533 1991
44534 1991
44535 1991
44536 1991
44537 1991
44538 1991
44539 1991
44540 1991
44541 1991
44542 1991
44543 1991
44544 1991
44545 1991
44546 1991
44547 1991
44548 1991
44549 1991
44550 1991
44551 1991
44552 1991
44553 1991
44554 1991
44555 1991
44556 1991
44557 1991
44558 1991
44559 1991
44560 1991
44561 1991
44562 1991
44563 1991
44564 1991
44565 1991
44566 1991
44567 1991
44568 1991
44569 1991
44570 1991
44571 1991
44572 1991
44573 1991
44574 1991
44575 1991
44576 1991
44577 1991
44578 1991
44579 1991
44580 1991
44581 1991
44582 1987
44583 1987
44584 1987
44585 1987
44586 1987
44587 1987
44588 1987
44589 1987
44590 1987
44591 1987
44592 1987
44593 1987
44594 1987
44595 1987
44596 1987
44597 1987
44598 1987
44599 1987
44600 1987
44601 1987
44602 1987
44603 1987
44604 1987
44605 1987
44606 1987
44607 1987
44608 1987
44609 1987
44610 1987
44611 1987
44612 1987
44613 1987
44614 1987
44615 1987
44616 1987
44617 1987
44618 1987
44619 1987
44620 1987
44621 1987
44622 1987
44623 1987
44624 1987
44625 1987
44626 1987
44627 1987
44628 1987
44629 1987
44630 1987
44631 1987
44632 1987
44633 1987
44634 1987
44635 1987
44636 1987
44637 1987
44638 1987
44639 1987
44640 1987
44641 1987
44642 1987
44643 1987
44644 1987
44645 1987
44646 1987
44647 1987
44648 1987
44649 1987
44650 1987
44651 1987
44652 1987
44653 1987
44654 1987
44655 1987
44656 1987
44657 1987
44658 1987
44659 1987
44660 1987
44661 1987
44662 1987
44663 1987
44664 1987
44665 1987
44666 1987
44667 1987
44668 1987
44669 1987
44670 1987
44671 1987
44672 1987
44673 1987
44674 1987
44675 1987
44676 1987
44677 1987
44678 1987
44679 1987
44680 1987
44681 1987
44682 1987
44683 1987
44684 1987
44685 1987
44686 1987
44687 1987
44688 1987
44689 1987
44690 1987
44691 1987
44692 1987
44693 1987
44694 1987
44695 1987
44696 1987
44697 1987
44698 1987
44699 1987
44700 1987
44701 1987
44702 1987
44703 1987
44704 1987
44705 1987
44706 1987
44707 1987
44708 1987
44709 1987
44710 1987
44711 1987
44712 1987
44713 1987
44714 1987
44715 1987
44716 1987
44717 1987
44718 1987
44719 1987
44720 1987
44721 1987
44722 1987
44723 1987
44724 1987
44725 1987
44726 1987
44727 1987
44728 1987
44729 1987
44730 1987
44731 1987
44732 1987
44733 1987
44734 1987
44735 1987
44736 1987
44737 1987
44738 1987
44739 1987
44740 1987
44741 1987
44742 1987
44743 1987
44744 1987
44745 1987
44746 1987
44747 1987
44748 1987
44749 1987
44750 1987
44751 1987
44752 1987
44753 1987
44754 1987
44755 1987
44756 1987
44757 1987
44758 1987
44759 1987
44760 1987
44761 1987
44762 1987
44763 1987
44764 1987
44765 1987
44766 1987
44767 1987
44768 1987
44769 1987
44770 1987
44771 1987
44772 1987
44773 1987
44774 1987
44775 1987
44776 1987
44777 1987
44778 1987
44779 1987
44780 1987
44781 1987
44782 1987
44783 1987
44784 1987
44785 1987
44786 1987
44787 1987
44788 1987
44789 1987
44790 1987
44791 1987
44792 1987
44793 1987
44794 1987
44795 1987
44796 1987
44797 1987
44798 1987
44799 1987
44800 1987
44801 1987
44802 1987
44803 1987
44804 1987
44805 1987
44806 1987
44807 1987
44808 1987
44809 1987
44810 1987
44811 1987
44812 1987
44813 1987
44814 1987
44815 1987
44816 1987
44817 1987
44818 1987
44819 1987
44820 1987
44821 1987
44822 1987
44823 1987
44824 1987
44825 1987
44826 1987
44827 1987
44828 1987
44829 1987
44830 1987
44831 1987
44832 1987
44833 1987
44834 1987
44835 1987
44836 1987
44837 1987
44838 1987
44839 1987
44840 1987
44841 1987
44842 1987
44843 1987
44844 1987
44845 1987
44846 1987
44847 1987
44848 1987
44849 1987
44850 1987
44851 1987
44852 1987
44853 1987
44854 1987
44855 1987
44856 1987
44857 1987
44858 1987
44859 1987
44860 1987
44861 1987
44862 1987
44863 1987
44864 1987
44865 1987
44866 1987
44867 1987
44868 1987
44869 1987
44870 1987
44871 1987
44872 1987
44873 1987
44874 1987
44875 1987
44876 1987
44877 1987
44878 1987
44879 1987
44880 1987
44881 1987
44882 1987
44883 1987
44884 1987
44885 1987
44886 1987
44887 1987
44888 1987
44889 1987
44890 1987
44891 1987
44892 1987
44893 1987
44894 1987
44895 1987
44896 1987
44897 1987
44898 1987
44899 1987
44900 1987
44901 1987
44902 1987
44903 1987
44904 1987
44905 1987
44906 1987
44907 1987
44908 1987
44909 1987
44910 1987
44911 1987
44912 1987
44913 1987
44914 1987
44915 1987
44916 1987
44917 1987
44918 1987
44919 1987
44920 1987
44921 1987
44922 1987
44923 1987
44924 1987
44925 1987
44926 1987
44927 1987
44928 1987
44929 1987
44930 1987
44931 1987
44932 1987
44933 1987
44934 1987
44935 1987
44936 1987
44937 1987
44938 1987
44939 1987
44940 1987
44941 1987
44942 1987
44943 1987
44944 1987
44945 1987
44946 1987
44947 1987
44948 1987
44949 1987
44950 1987
44951 1987
44952 1987
44953 1987
44954 1987
44955 1987
44956 1987
44957 1987
44958 1987
44959 1987
44960 1987
44961 1987
44962 1987
44963 1987
44964 1987
44965 1987
44966 1987
44967 1987
44968 1987
44969 1987
44970 1987
44971 1987
44972 1987
44973 1987
44974 1987
44975 1987
44976 1987
44977 1987
44978 1987
44979 1987
44980 1987
44981 1987
44982 1987
44983 1987
44984 1987
44985 1987
44986 1987
44987 1987
44988 1987
44989 1987
44990 1987
44991 1987
44992 1987
44993 1987
44994 1987
44995 1987
44996 1987
44997 1987
44998 1987
44999 1987
45000 1987
45001 1987
45002 1987
45003 1987
45004 1987
45005 1987
45006 1987
45007 1987
45008 1987
45009 1987
45010 1987
45011 1987
45012 1987
45013 1987
45014 1987
45015 1987
45016 1987
45017 1987
45018 1987
45019 1987
45020 1987
45021 1987
45022 1987
45023 1987
45024 1987
45025 1987
45026 1987
45027 1987
45028 1987
45029 1987
45030 1987
45031 1987
45032 1987
45033 1987
45034 1987
45035 1987
45036 1987
45037 1987
45038 1987
45039 1987
45040 1987
45041 1987
45042 1987
45043 1987
45044 1987
45045 1987
45046 1987
45047 1987
45048 1987
45049 1987
45050 1987
45051 1987
45052 1987
45053 1987
45054 1987
45055 1987
45056 1987
45057 1985
45058 1985
45059 1985
45060 1985
45061 1985
45062 1985
45063 1985
45064 1985
45065 1985
45066 1985
45067 1985
45068 1985
45069 1985
45070 1985
45071 1985
45072 1985
45073 1985
45074 1985
45075 1985
45076 1985
45077 1985
45078 1985
45079 1985
45080 1985
45081 1985
45082 1985
45083 1985
45084 1985
45085 1985
45086 1985
45087 1985
45088 1985
45089 1985
45090 1985
45091 1985
45092 1985
45093 1985
45094 1985
45095 1985
45096 1985
45097 1985
45098 1985
45099 1985
45100 1985
45101 1985
45102 1985
45103 1985
45104 1985
45105 1985
45106 1985
45107 1985
45108 1985
45109 1985
45110 1985
45111 1985
45112 1985
45113 1985
45114 1985
45115 1985
45116 1985
45117 1985
45118 1985
45119 1985
45120 1985
45121 1985
45122 1985
45123 1985
45124 1985
45125 1985
45126 1985
45127 1985
45128 1985
45129 1985
45130 1985
45131 1985
45132 1985
45133 1985
45134 1985
45135 1985
45136 1985
45137 1985
45138 1985
45139 1985
45140 1985
45141 1985
45142 1985
45143 1985
45144 1985
45145 1985
45146 1985
45147 1985
45148 1985
45149 1985
45150 1985
45151 1985
45152 1985
45153 1985
45154 1985
45155 1985
45156 1985
45157 1985
45158 1985
45159 1985
45160 1985
45161 1985
45162 1985
45163 1985
45164 1985
45165 1985
45166 1985
45167 1985
45168 1985
45169 1985
45170 1985
45171 1985
45172 1985
45173 1985
45174 1985
45175 1985
45176 1985
45177 1985
45178 1985
45179 1985
45180 1985
45181 1985
45182 1985
45183 1985
45184 1985
45185 1985
45186 1985
45187 1985
45188 1985
45189 1985
45190 1985
45191 1985
45192 1985
45193 1985
45194 1985
45195 1985
45196 1985
45197 1985
45198 1985
45199 1985
45200 1985
45201 1985
45202 1985
45203 1985
45204 1985
45205 1985
45206 1985
45207 1985
45208 1985
45209 1985
45210 1985
45211 1985
45212 1985
45213 1985
45214 1985
45215 1985
45216 1985
45217 1985
45218 1985
45219 1985
45220 1985
45221 1985
45222 1985
45223 1985
45224 1985
45225 1985
45226 1985
45227 1985
45228 1985
45229 1985
45230 1985
45231 1985
45232 1985
45233 1985
45234 1985
45235 1985
45236 1985
45237 1985
45238 1985
45239 1985
45240 1985
45241 1985
45242 1985
45243 1985
45244 1985
45245 1985
45246 1985
45247 1985
45248 1985
45249 1985
45250 1985
45251 1985
45252 1985
45253 1985
45254 1985
45255 1985
45256 1985
45257 1985
45258 1985
45259 1985
45260 1985
45261 1985
45262 1985
45263 1985
45264 1985
45265 1985
45266 1985
45267 1985
45268 1985
45269 1985
45270 1985
45271 1985
45272 1985
45273 1985
45274 1985
45275 1985
45276 1985
45277 1985
45278 1985
45279 1985
45280 1985
45281 1985
45282 1985
45283 1985
45284 1985
45285 1985
45286 1985
45287 1985
45288 1985
45289 1985
45290 1985
45291 1985
45292 1985
45293 1985
45294 1985
45295 1985
45296 1985
45297 1985
45298 1985
45299 1985
45300 1985
45301 1985
45302 1985
45303 1985
45304 1985
45305 1985
45306 1985
45307 1985
45308 1985
45309 1985
45310 1985
45311 1985
45312 1985
45313 1985
45314 1985
45315 1985
45316 1985
45317 1985
45318 1985
45319 1985
45320 1985
45321 1985
45322 1985
45323 1985
45324 1985
45325 1985
45326 1985
45327 1985
45328 1985
45329 1985
45330 1985
45331 1985
45332 1985
45333 1985
45334 1985
45335 1985
45336 1985
45337 1985
45338 1985
45339 1985
45340 1985
45341 1985
45342 1985
45343 1985
45344 1985
45345 1985
45346 1985
45347 1985
45348 1985
45349 1985
45350 1985
45351 1985
45352 1985
45353 1985
45354 1985
45355 1985
45356 1985
45357 1985
45358 1985
45359 1985
45360 1985
45361 1985
45362 1985
45363 1985
45364 1985
45365 1985
45366 1985
45367 1985
45368 1985
45369 1985
45370 1985
45371 1985
45372 1985
45373 1985
45374 1985
45375 1985
45376 1985
45377 1985
45378 1985
45379 1985
45380 1985
45381 1985
45382 1985
45383 1985
45384 1985
45385 1985
45386 1985
45387 1985
45388 1985
45389 1985
45390 1985
45391 1985
45392 1985
45393 1985
45394 1985
45395 1985
45396 1985
45397 1985
45398 1985
45399 1985
45400 1985
45401 1985
45402 1985
45403 1985
45404 1985
45405 1985
45406 1985
45407 1985
45408 1985
45409 1985
45410 1985
45411 1985
45412 1985
45413 1985
45414 1985
45415 1985
45416 1985
45417 1985
45418 1985
45419 1985
45420 1985
45421 1985
45422 1985
45423 1985
45424 1985
45425 1985
45426 1985
45427 1985
45428 1985
45429 1985
45430 1985
45431 1985
45432 1985
45433 1985
45434 1985
45435 1985
45436 1985
45437 1985
45438 1985
45439 1985
45440 1985
45441 1985
45442 1985
45443 1985
45444 1985
45445 1985
45446 1985
45447 1985
45448 1985
45449 1985
45450 1985
45451 1985
45452 1985
45453 1985
45454 1985
45455 1985
45456 1985
45457 1985
45458 1985
45459 1985
45460 1985
45461 1985
45462 1985
45463 1985
45464 1985
45465 1985
45466 1985
45467 1985
45468 1985
45469 1985
45470 1985
45471 1985
45472 1985
45473 1985
45474 1985
45475 1985
45476 1985
45477 1985
45478 1985
45479 1985
45480 1985
45481 1985
45482 1985
45483 1985
45484 1985
45485 1985
45486 1985
45487 1985
45488 1985
45489 1985
45490 1985
45491 1985
45492 1985
45493 1985
45494 1985
45495 1985
45496 1985
45497 1985
45498 1985
45499 1985
45500 1985
45501 1985
45502 1985
45503 1985
45504 1985
45505 1985
45506 1985
45507 1985
45508 1985
45509 1985
45510 1985
45511 1985
45512 1985
45513 1985
45514 1985
45515 1985
45516 1985
45517 1985
45518 1985
45519 1985
45520 1985
45521 1985
45522 1985
45523 1985
45524 1985
45525 1985
45526 1985
45527 1985
45528 1985
45529 1985
45530 1985
45531 1985
45532 1985
45533 1985
45534 1985
45535 1985
45536 1985
45537 1985
45538 1985
45539 1985
45540 1985
45541 1985
45542 1985
45543 1985
45544 1985
45545 1985
45546 1985
45547 1985
45548 1985
45549 1985
45550 1985
45551 1985
45552 1985
45553 1985
45554 1985
45555 1985
45556 1985
45557 1985
45558 1985
45559 1985
45560 1985
45561 1985
45562 1985
45563 1985
45564 1985
45565 1985
45566 1985
45567 1981
45568 1981
45569 1981
45570 1981
45571 1981
45572 1981
45573 1981
45574 1981
45575 1981
45576 1981
45577 1981
45578 1981
45579 1981
45580 1981
45581 1981
45582 1981
45583 1981
45584 1981
45585 1981
45586 1981
45587 1981
45588 1981
45589 1981
45590 1981
45591 1981
45592 1981
45593 1981
45594 1981
45595 1981
45596 1981
45597 1981
45598 1981
45599 1981
45600 1981
45601 1981
45602 1981
45603 1981
45604 1981
45605 1981
45606 1981
45607 1981
45608 1981
45609 1981
45610 1981
45611 1981
45612 1981
45613 1981
45614 1981
45615 1981
45616 1981
45617 1981
45618 1981
45619 1981
45620 1981
45621 1981
45622 1981
45623 1981
45624 1981
45625 1981
45626 1981
45627 1981
45628 1981
45629 1981
45630 1981
45631 1981
45632 1981
45633 1981
45634 1981
45635 1981
45636 1981
45637 1981
45638 1981
45639 1981
45640 1981
45641 1981
45642 1981
45643 1981
45644 1981
45645 1981
45646 1981
45647 1981
45648 1981
45649 1981
45650 1981
45651 1981
45652 1981
45653 1981
45654 1981
45655 1981
45656 1981
45657 1981
45658 1981
45659 1981
45660 1981
45661 1981
45662 1981
45663 1981
45664 1981
45665 1981
45666 1981
45667 1981
45668 1981
45669 1981
45670 1981
45671 1981
45672 1981
45673 1981
45674 1981
45675 1981
45676 1981
45677 1981
45678 1981
45679 1981
45680 1981
45681 1981
45682 1981
45683 1981
45684 1981
45685 1981
45686 1981
45687 1981
45688 1981
45689 1981
45690 1981
45691 1981
45692 1981
45693 1981
45694 1981
45695 1981
45696 1981
45697 1981
45698 1981
45699 1981
45700 1981
45701 1981
45702 1981
45703 1981
45704 1981
45705 1981
45706 1981
45707 1981
45708 1981
45709 1981
45710 1981
45711 1981
45712 1981
45713 1981
45714 1981
45715 1981
45716 1981
45717 1981
45718 1981
45719 1981
45720 1981
45721 1981
45722 1981
45723 1981
45724 1981
45725 1981
45726 1981
45727 1981
45728 1981
45729 1981
45730 1981
45731 1981
45732 1981
45733 1981
45734 1981
45735 1981
45736 1981
45737 1981
45738 1981
45739 1981
45740 1981
45741 1981
45742 1981
45743 1981
45744 1981
45745 1981
45746 1981
45747 1981
45748 1981
45749 1981
45750 1981
45751 1981
45752 1981
45753 1981
45754 1981
45755 1981
45756 1981
45757 1981
45758 1981
45759 1981
45760 1981
45761 1981
45762 1981
45763 1981
45764 1981
45765 1981
45766 1981
45767 1981
45768 1981
45769 1981
45770 1981
45771 1981
45772 1981
45773 1981
45774 1981
45775 1981
45776 1981
45777 1981
45778 1981
45779 1981
45780 1981
45781 1981
45782 1981
45783 1981
45784 1981
45785 1981
45786 1981
45787 1981
45788 1981
45789 1981
45790 1981
45791 1981
45792 1981
45793 1981
45794 1981
45795 1981
45796 1981
45797 1981
45798 1981
45799 1981
45800 1981
45801 1981
45802 1981
45803 1981
45804 1981
45805 1981
45806 1981
45807 1981
45808 1981
45809 1981
45810 1981
45811 1981
45812 1981
45813 1981
45814 1981
45815 1981
45816 1981
45817 1981
45818 1981
45819 1981
45820 1981
45821 1981
45822 1981
45823 1981
45824 1981
45825 1981
45826 1981
45827 1981
45828 1981
45829 1981
45830 1981
45831 1981
45832 1981
45833 1981
45834 1981
45835 1981
45836 1981
45837 1981
45838 1981
45839 1981
45840 1981
45841 1981
45842 1981
45843 1981
45844 1981
45845 1981
45846 1981
45847 1981
45848 1981
45849 1981
45850 1981
45851 1981
45852 1981
45853 1981
45854 1981
45855 1981
45856 1981
45857 1981
45858 1981
45859 1981
45860 1981
45861 1981
45862 1981
45863 1981
45864 1981
45865 1981
45866 1981
45867 1981
45868 1981
45869 1981
45870 1981
45871 1981
45872 1981
45873 1981
45874 1981
45875 1981
45876 1981
45877 1981
45878 1981
45879 1981
45880 1981
45881 1981
45882 1981
45883 1981
45884 1981
45885 1981
45886 1981
45887 1981
45888 1981
45889 1981
45890 1981
45891 1981
45892 1981
45893 1981
45894 1981
45895 1981
45896 1981
45897 1981
45898 1981
45899 1981
45900 1981
45901 1981
45902 1981
45903 1981
45904 1981
45905 1981
45906 1981
45907 1981
45908 1981
45909 1981
45910 1981
45911 1981
45912 1981
45913 1981
45914 1981
45915 1981
45916 1981
45917 1981
45918 1981
45919 1981
45920 1981
45921 1981
45922 1981
45923 1981
45924 1981
45925 1981
45926 1981
45927 1981
45928 1981
45929 1981
45930 1981
45931 1981
45932 1981
45933 1981
45934 1981
45935 1981
45936 1981
45937 1981
45938 1981
45939 1981
45940 1981
45941 1981
45942 1981
45943 1981
45944 1981
45945 1981
45946 1981
45947 1981
45948 1981
45949 1981
45950 1981
45951 1981
45952 1981
45953 1981
45954 1981
45955 1981
45956 1981
45957 1981
45958 1981
45959 1981
45960 1981
45961 1981
45962 1981
45963 1981
45964 1981
45965 1981
45966 1981
45967 1981
45968 1981
45969 1981
45970 1981
45971 1981
45972 1981
45973 1981
45974 1981
45975 1981
45976 1981
45977 1981
45978 1981
45979 1981
45980 1981
45981 1981
45982 1981
45983 1981
45984 1981
45985 1981
45986 1981
45987 1981
45988 1981
45989 1981
45990 1981
45991 1981
45992 1981
45993 1981
45994 1981
45995 1981
45996 1981
45997 1981
45998 1981
45999 1981
46000 1981
46001 1981
46002 1981
46003 1981
46004 1981
46005 1981
46006 1981
46007 1981
46008 1981
46009 1981
46010 1981
46011 1981
46012 1981
46013 1981
46014 1981
46015 1981
46016 1981
46017 1981
46018 1981
46019 1981
46020 1981
46021 1981
46022 1981
46023 1981
46024 1981
46025 1981
46026 1981
46027 1981
46028 1981
46029 1981
46030 1981
46031 1981
46032 1981
46033 1981
46034 1981
46035 1981
46036 1981
46037 1981
46038 1981
46039 1981
46040 1981
46041 1981
46042 1981
46043 1981
46044 1981
46045 1981
46046 1981
46047 1981
46048 1981
46049 1981
46050 1981
46051 1981
46052 1981
46053 1981
46054 1981
46055 1981
46056 1981
46057 1981
46058 1981
46059 1981
46060 1981
46061 1981
46062 1981
46063 1981
46064 1981
46065 1981
46066 1981
46067 1981
46068 1981
46069 1981
46070 1981
46071 1981
46072 1981
46073 1981
46074 1981
46075 1981
46076 1981
46077 1981
46078 1981
46079 1981
46080 1981
46081 1981
46082 1981
46083 1981
46084 1981
46085 1981
46086 1981
46087 1981
46088 1981
46089 1981
46090 1981
46091 1981
46092 1981
46093 1981
46094 1981
46095 1981
46096 1981
46097 1981
46098 1981
46099 1981
46100 1981
46101 1981
46102 1981
46103 1981
46104 1981
46105 1981
46106 1981
46107 1981
46108 1981
46109 1981
46110 1981
46111 1981
46112 1981
46113 1981
46114 1981
46115 1981
46116 1981
46117 1981
46118 1981
46119 1981
46120 1981
46121 1981
46122 1981
46123 1981
46124 1981
46125 1981
46126 1981
46127 1981
46128 1981
46129 1981
46130 1981
46131 1981
46132 1981
46133 1981
46134 1981
46135 1981
46136 1981
46137 1981
46138 1981
46139 1981
46140 1981
46141 1981
46142 1981
46143 1981
46144 1981
46145 1981
46146 1981
46147 1981
46148 1981
46149 1981
46150 1981
46151 1981
46152 1981
46153 1981
46154 1981
46155 1981
46156 1981
46157 1981
46158 1981
46159 1981
46160 1981
46161 1981
46162 1981
46163 1981
46164 1981
46165 1981
46166 1981
46167 1981
46168 1981
46169 1981
46170 1981
46171 1981
46172 1981
46173 1981
46174 1981
46175 1981
46176 1981
46177 1981
46178 1981
46179 1981
46180 1981
46181 1981
46182 1981
46183 1981
46184 1981
46185 1981
46186 1981
46187 1981
46188 1981
46189 1981
46190 1981
46191 1981
46192 1981
46193 1981
46194 1981
46195 1981
46196 1981
46197 1981
46198 1981
46199 1981
46200 1981
46201 1981
46202 1981
46203 1981
46204 1981
46205 1981
46206 1981
46207 1981
46208 1981
46209 1981
46210 1981
46211 1981
46212 1981
46213 1981
46214 1981
46215 1981
46216 1981
46217 1981
46218 1981
46219 1981
46220 1981
46221 1981
46222 1981
46223 1981
46224 1981
46225 1981
46226 1981
46227 1981
46228 1981
46229 1981
46230 1981
46231 1981
46232 1981
46233 1981
46234 1981
46235 1981
46236 1981
46237 1981
46238 1981
46239 1981
46240 1981
46241 1981
46242 1981
46243 1981
46244 1981
46245 1981
46246 1981
46247 1981
46248 1981
46249 1981
46250 1981
46251 1981
46252 1981
46253 1981
46254 1981
46255 1981
46256 1981
46257 1981
46258 1981
46259 1981
46260 1981
46261 1981
46262 1981
46263 1981
46264 1981
46265 1981
46266 1981
46267 1981
46268 1981
46269 1981
46270 1981
46271 1981
46272 1981
46273 1981
46274 1981
46275 1981
46276 1981
46277 1981
46278 1981
46279 1981
46280 1981
46281 1981
46282 1981
46283 1981
46284 1981
46285 1981
46286 1981
46287 1981
46288 1981
46289 1981
46290 1981
46291 1981
46292 1981
46293 1981
46294 1981
46295 1981
46296 1981
46297 1981
46298 1981
46299 1981
46300 1981
46301 1981
46302 1981
46303 1981
46304 1981
46305 1981
46306 1981
46307 1981
46308 1981
46309 1981
46310 1981
46311 1981
46312 1981
46313 1981
46314 1981
46315 1981
46316 1981
46317 1981
46318 1981
46319 1981
46320 1981
46321 1981
46322 1981
46323 1981
46324 1981
46325 1981
46326 1981
46327 1981
46328 1981
46329 1981
46330 1981
46331 1981
46332 1981
46333 1981
46334 1981
46335 1981
46336 1981
46337 1981
46338 1981
46339 1981
46340 1981
46341 1981
46342 1981
46343 1981
46344 1981
46345 1981
46346 1981
46347 1981
46348 1981
46349 1981
46350 1981
46351 1981
46352 1981
46353 1981
46354 1981
46355 1981
46356 1981
46357 1981
46358 1981
46359 1981
46360 1981
46361 1981
46362 1981
46363 1981
46364 1981
46365 1981
46366 1981
46367 1981
46368 1981
46369 1981
46370 1981
46371 1981
46372 1981
46373 1981
46374 1981
46375 1981
46376 1981
46377 1981
46378 1981
46379 1981
46380 1981
46381 1981
46382 1981
46383 1981
46384 1981
46385 1981
46386 1981
46387 1981
46388 1981
46389 1981
46390 1981
46391 1981
46392 1981
46393 1981
46394 1981
46395 1981
46396 1981
46397 1981
46398 1981
46399 1981
46400 1981
46401 1981
46402 1981
46403 1981
46404 1981
46405 1981
46406 1981
46407 1981
46408 1981
46409 1981
46410 1981
46411 1981
46412 1981
46413 1981
46414 1981
46415 1981
46416 1981
46417 1981
46418 1981
46419 1981
46420 1981
46421 1981
46422 1981
46423 1981
46424 1981
46425 1981
46426 1981
46427 1981
46428 1981
46429 1981
46430 1981
46431 1981
46432 1981
46433 1981
46434 1981
46435 1981
46436 1981
46437 1981
46438 1981
46439 1981
46440 1981
46441 1981
46442 1981
46443 1981
46444 1981
46445 1981
46446 1981
46447 1981
46448 1981
46449 1981
46450 1981
46451 1981
46452 1981
46453 1981
46454 1981
46455 1981
46456 1981
46457 1981
46458 1981
46459 1981
46460 1981
46461 1981
46462 1981
46463 1981
46464 1981
46465 1981
46466 1981
46467 1981
46468 1981
46469 1981
46470 1981
46471 1981
46472 1981
46473 1981
46474 1981
46475 1981
46476 1981
46477 1981
46478 1981
46479 1981
46480 1981
46481 1981
46482 1981
46483 1981
46484 1981
46485 1981
46486 1981
46487 1981
46488 1981
46489 1981
46490 1981
46491 1981
46492 1981
46493 1981
46494 1981
46495 1981
46496 1981
46497 1981
46498 1981
46499 1981
46500 1981
46501 1981
46502 1981
46503 1981
46504 1981
46505 1981
46506 1981
46507 1981
46508 1981
46509 1981
46510 1981
46511 1981
46512 1981
46513 1981
46514 1981
46515 1981
46516 1981
46517 1981
46518 1981
46519 1981
46520 1981
46521 1981
46522 1981
46523 1981
46524 1981
46525 1981
46526 1981
46527 1981
46528 1981
46529 1981
46530 1981
46531 1981
46532 1981
46533 1981
46534 1981
46535 1981
46536 1981
46537 1981
46538 1981
46539 1981
46540 1981
46541 1981
46542 1981
46543 1981
46544 1981
46545 1981
46546 1981
46547 1981
46548 1981
46549 1981
46550 1981
46551 1981
46552 1981
46553 1981
46554 1981
46555 1981
46556 1981
46557 1981
46558 1981
46559 1981
46560 1981
46561 1981
46562 1981
46563 1981
46564 1981
46565 1981
46566 1981
46567 1981
46568 1981
46569 1981
46570 1981
46571 1981
46572 1981
46573 1981
46574 1981
46575 1981
46576 1981
46577 1981
46578 1981
46579 1981
46580 1981
46581 1981
46582 1981
46583 1981
46584 1981
46585 1981
46586 1981
46587 1981
46588 1981
46589 1981
46590 1981
46591 1981
46592 1981
46593 1981
46594 1981
46595 1981
46596 1981
46597 1981
46598 1981
46599 1981
46600 1981
46601 1981
46602 1981
46603 1981
46604 1981
46605 1981
46606 1981
46607 1981
46608 1981
46609 1981
46610 1981
46611 1981
46612 1981
46613 1981
46614 1981
46615 1981
46616 1981
46617 1981
46618 1981
46619 1981
46620 1981
46621 1981
46622 1981
46623 1981
46624 1981
46625 1981
46626 1981
46627 1981
46628 1981
46629 1981
46630 1981
46631 1981
46632 1981
46633 1981
46634 1981
46635 1981
46636 1981
46637 1981
46638 1981
46639 1981
46640 1981
46641 1981
46642 1981
46643 1981
46644 1981
46645 1981
46646 1981
46647 1981
46648 1981
46649 1981
46650 1981
46651 1981
46652 1981
46653 1981
46654 1981
46655 1981
46656 1981
46657 1981
46658 1981
46659 1981
46660 1981
46661 1981
46662 1981
46663 1981
46664 1981
46665 1981
46666 1981
46667 1981
46668 1981
46669 1981
46670 1981
46671 1981
46672 1981
46673 1981
46674 1981
46675 1981
46676 1981
46677 1981
46678 1981
46679 1981
46680 1981
46681 1981
46682 1981
46683 1981
46684 1981
46685 1981
46686 1981
46687 1981
46688 1981
46689 1981
46690 1981
46691 1981
46692 1981
46693 1981
46694 1981
46695 1981
46696 1981
46697 1981
46698 1981
46699 1981
46700 1981
46701 1981
46702 1981
46703 1981
46704 1981
46705 1981
46706 1981
46707 1981
46708 1981
46709 1981
46710 1981
46711 1981
46712 1981
46713 1981
46714 1981
46715 1981
46716 1981
46717 1981
46718 1981
46719 1981
46720 1981
46721 1981
46722 1981
46723 1981
46724 1981
46725 1981
46726 1981
46727 1981
46728 1981
46729 1981
46730 1981
46731 1981
46732 1981
46733 1981
46734 1981
46735 1981
46736 1981
46737 1981
46738 1981
46739 1981
46740 1981
46741 1981
46742 1981
46743 1981
46744 1981
46745 1981
46746 1981
46747 1981
46748 1981
46749 1981
46750 1981
46751 1981
46752 1981
46753 1981
46754 1981
46755 1981
46756 1981
46757 1981
46758 1981
46759 1981
46760 1981
46761 1981
46762 1981
46763 1981
46764 1981
46765 1981
46766 1981
46767 1981
46768 1981
46769 1981
46770 1981
46771 1981
46772 1981
46773 1981
46774 1981
46775 1981
46776 1981
46777 1981
46778 1981
46779 1981
46780 1981
46781 1981
46782 1981
46783 1981
46784 1981
46785 1981
46786 1981
46787 1981
46788 1981
46789 1981
46790 1981
46791 1981
46792 1981
46793 1981
46794 1981
46795 1981
46796 1981
46797 1981
46798 1981
46799 1981
46800 1981
46801 1981
46802 1981
46803 1981
46804 1981
46805 1981
46806 1981
46807 1981
46808 1981
46809 1981
46810 1981
46811 1981
46812 1981
46813 1981
46814 1981
46815 1981
46816 1981
46817 1981
46818 1981
46819 1981
46820 1981
46821 1981
46822 1981
46823 1981
46824 1981
46825 1981
46826 1981
46827 1981
46828 1981
46829 1981
46830 1981
46831 1981
46832 1981
46833 1981
46834 1981
46835 1981
46836 1981
46837 1981
46838 1981
46839 1981
46840 1981
46841 1981
46842 1981
46843 1981
46844 1981
46845 1981
46846 1981
46847 1981
46848 1981
46849 1981
46850 1981
46851 1981
46852 1981
46853 1981
46854 1981
46855 1981
46856 1981
46857 1981
46858 1981
46859 1981
46860 1981
46861 1981
46862 1980
46863 1980
46864 1980
46865 1980
46866 1980
46867 1980
46868 1980
46869 1980
46870 1980
46871 1980
46872 1980
46873 1980
46874 1980
46875 1980
46876 1980
46877 1980
46878 1980
46879 1980
46880 1980
46881 1980
46882 1980
46883 1980
46884 1980
46885 1980
46886 1980
46887 1980
46888 1980
46889 1980
46890 1980
46891 1980
46892 1980
46893 1980
46894 1980
46895 1980
46896 1980
46897 1980
46898 1980
46899 1980
46900 1980
46901 1980
46902 1980
46903 1980
46904 1980
46905 1980
46906 1980
46907 1980
46908 1980
46909 1980
46910 1980
46911 1980
46912 1980
46913 1980
46914 1980
46915 1980
46916 1980
46917 1980
46918 1980
46919 1980
46920 1980
46921 1980
46922 1980
46923 1980
46924 1980
46925 1980
46926 1980
46927 1980
46928 1980
46929 1980
46930 1980
46931 1980
46932 1980
46933 1980
46934 1980
46935 1980
46936 1980
46937 1980
46938 1980
46939 1980
46940 1980
46941 1980
46942 1980
46943 1980
46944 1980
46945 1980
46946 1980
46947 1980
46948 1980
46949 1980
46950 1980
46951 1980
46952 1980
46953 1980
46954 1980
46955 1980
46956 1980
46957 1980
46958 1980
46959 1980
46960 1980
46961 1980
46962 1980
46963 1980
46964 1980
46965 1980
46966 1980
46967 1980
46968 1980
46969 1980
46970 1980
46971 1980
46972 1980
46973 1980
46974 1980
46975 1980
46976 1980
46977 1980
46978 1979
46979 1979
46980 1979
46981 1979
46982 1979
46983 1979
46984 1979
46985 1979
46986 1979
46987 1979
46988 1979
46989 1979
46990 1979
46991 1979
46992 1979
46993 1979
46994 1979
46995 1979
46996 1979
46997 1979
46998 1979
46999 1979
47000 1979
47001 1979
47002 1979
47003 1979
47004 1979
47005 1979
47006 1979
47007 1979
47008 1979
47009 1979
47010 1979
47011 1979
47012 1979
47013 1979
47014 1979
47015 1979
47016 1979
47017 1979
47018 1979
47019 1979
47020 1979
47021 1979
47022 1979
47023 1979
47024 1979
47025 1979
47026 1979
47027 1979
47028 1979
47029 1979
47030 1979
47031 1979
47032 1979
47033 1979
47034 1979
47035 1979
47036 1979
47037 1979
47038 1979
47039 1979
47040 1979
47041 1979
47042 1979
47043 1979
47044 1979
47045 1979
47046 1979
47047 1979
47048 1979
47049 1979
47050 1979
47051 1979
47052 1979
47053 1979
47054 1979
47055 1979
47056 1979
47057 1979
47058 1979
47059 1979
47060 1979
47061 1979
47062 1979
47063 1979
47064 1979
47065 1979
47066 1979
47067 1979
47068 1979
47069 1979
47070 1979
47071 1979
47072 1979
47073 1979
47074 1979
47075 1979
47076 1979
47077 1979
47078 1979
47079 1979
47080 1979
47081 1979
47082 1979
47083 1979
47084 1979
47085 1979
47086 1979
47087 1979
47088 1979
47089 1979
47090 1979
47091 1979
47092 1979
47093 1979
47094 1979
47095 1979
47096 1979
47097 1979
47098 1979
47099 1979
47100 1979
47101 1979
47102 1979
47103 1979
47104 1979
47105 1979
47106 1979
47107 1979
47108 1979
47109 1979
47110 1979
47111 1979
47112 1979
47113 1979
47114 1979
47115 1979
47116 1979
47117 1979
47118 1979
47119 1979
47120 1979
47121 1979
47122 1979
47123 1979
47124 1979
47125 1979
47126 1979
47127 1979
47128 1979
47129 1979
47130 1979
47131 1979
47132 1979
47133 1979
47134 1979
47135 1979
47136 1979
47137 1979
47138 1979
47139 1979
47140 1979
47141 1979
47142 1979
47143 1979
47144 1979
47145 1979
47146 1979
47147 1979
47148 1979
47149 1979
47150 1979
47151 1979
47152 1979
47153 1979
47154 1979
47155 1979
47156 1979
47157 1979
47158 1979
47159 1979
47160 1979
47161 1979
47162 1979
47163 1979
47164 1979
47165 1979
47166 1979
47167 1979
47168 1979
47169 1979
47170 1979
47171 1979
47172 1979
47173 1979
47174 1979
47175 1979
47176 1979
47177 1979
47178 1979
47179 1979
47180 1979
47181 1979
47182 1979
47183 1979
47184 1979
47185 1979
47186 1979
47187 1979
47188 1979
47189 1979
47190 1979
47191 1979
47192 1979
47193 1979
47194 1979
47195 1979
47196 1979
47197 1979
47198 1979
47199 1979
47200 1979
47201 1979
47202 1979
47203 1979
47204 1979
47205 1979
47206 1979
47207 1979
47208 1979
47209 1979
47210 1979
47211 1979
47212 1979
47213 1979
47214 1979
47215 1979
47216 1979
47217 1979
47218 1979
47219 1979
47220 1979
47221 1979
47222 1979
47223 1979
47224 1979
47225 1979
47226 1979
47227 1979
47228 1979
47229 1979
47230 1979
47231 1979
47232 1979
47233 1979
47234 1979
47235 1979
47236 1979
47237 1979
47238 1979
47239 1979
47240 1979
47241 1979
47242 1979
47243 1979
47244 1979
47245 1979
47246 1979
47247 1979
47248 1979
47249 1979
47250 1979
47251 1979
47252 1979
47253 1979
47254 1979
47255 1979
47256 1979
47257 1979
47258 1979
47259 1979
47260 1979
47261 1979
47262 1979
47263 1979
47264 1979
47265 1979
47266 1979
47267 1979
47268 1979
47269 1979
47270 1979
47271 1979
47272 1979
47273 1979
47274 1979
47275 1979
47276 1979
47277 1979
47278 1979
47279 1979
47280 1979
47281 1979
47282 1979
47283 1979
47284 1979
47285 1979
47286 1979
47287 1979
47288 1979
47289 1979
47290 1979
47291 1979
47292 1979
47293 1979
47294 1979
47295 1979
47296 1978
47297 1978
47298 1978
47299 1978
47300 1978
47301 1978
47302 1978
47303 1978
47304 1978
47305 1978
47306 1978
47307 1978
47308 1978
47309 1978
47310 1978
47311 1978
47312 1978
47313 1978
47314 1978
47315 1978
47316 1978
47317 1978
47318 1978
47319 1978
47320 1978
47321 1978
47322 1978
47323 1978
47324 1978
47325 1978
47326 1978
47327 1978
47328 1978
47329 1978
47330 1978
47331 1978
47332 1978
47333 1978
47334 1978
47335 1978
47336 1978
47337 1978
47338 1978
47339 1978
47340 1978
47341 1978
47342 1978
47343 1978
47344 1978
47345 1978
47346 1978
47347 1978
47348 1978
47349 1978
47350 1978
47351 1978
47352 1978
47353 1978
47354 1978
47355 1978
47356 1978
47357 1978
47358 1978
47359 1978
47360 1978
47361 1978
47362 1978
47363 1978
47364 1978
47365 1978
47366 1978
47367 1978
47368 1978
47369 1978
47370 1978
47371 1978
47372 1978
47373 1978
47374 1978
47375 1978
47376 1978
47377 1978
47378 1978
47379 1978
47380 1978
47381 1978
47382 1978
47383 1978
47384 1978
47385 1978
47386 1978
47387 1978
47388 1978
47389 1978
47390 1978
47391 1978
47392 1978
47393 1978
47394 1978
47395 1978
47396 1978
47397 1978
47398 1978
47399 1978
47400 1978
47401 1978
47402 1978
47403 1978
47404 1978
47405 1978
47406 1978
47407 1978
47408 1978
47409 1978
47410 1978
47411 1978
47412 1978
47413 1978
47414 1978
47415 1978
47416 1978
47417 1978
47418 1978
47419 1978
47420 1978
47421 1978
47422 1978
47423 1978
47424 1978
47425 1978
47426 1978
47427 1978
47428 1978
47429 1978
47430 1978
47431 1978
47432 1978
47433 1978
47434 1978
47435 1978
47436 1978
47437 1978
47438 1978
47439 1978
47440 1978
47441 1978
47442 1978
47443 1978
47444 1978
47445 1978
47446 1978
47447 1978
47448 1978
47449 1978
47450 1978
47451 1978
47452 1978
47453 1978
47454 1978
47455 1978
47456 1978
47457 1978
47458 1978
47459 1978
47460 1978
47461 1978
47462 1978
47463 1978
47464 1978
47465 1978
47466 1978
47467 1978
47468 1978
47469 1978
47470 1978
47471 1978
47472 1978
47473 1978
47474 1978
47475 1978
47476 1978
47477 1978
47478 1978
47479 1978
47480 1978
47481 1978
47482 1978
47483 1978
47484 1978
47485 1978
47486 1978
47487 1978
47488 1978
47489 1978
47490 1978
47491 1978
47492 1978
47493 1978
47494 1978
47495 1978
47496 1978
47497 1978
47498 1978
47499 1978
47500 1978
47501 1978
47502 1978
47503 1978
47504 1978
47505 1978
47506 1978
47507 1978
47508 1978
47509 1978
47510 1978
47511 1978
47512 1978
47513 1978
47514 1978
47515 1978
47516 1978
47517 1978
47518 1978
47519 1978
47520 1978
47521 1978
47522 1978
47523 1978
47524 1978
47525 1978
47526 1978
47527 1978
47528 1978
47529 1978
47530 1978
47531 1978
47532 1978
47533 1978
47534 1978
47535 1978
47536 1978
47537 1978
47538 1978
47539 1978
47540 1978
47541 1978
47542 1978
47543 1978
47544 1978
47545 1978
47546 1978
47547 1978
47548 1978
47549 1978
47550 1978
47551 1978
47552 1978
47553 1978
47554 1978
47555 1978
47556 1978
47557 1978
47558 1978
47559 1978
47560 1978
47561 1978
47562 1978
47563 1978
47564 1978
47565 1978
47566 1978
47567 1978
47568 1978
47569 1978
47570 1978
47571 1978
47572 1978
47573 1978
47574 1978
47575 1978
47576 1978
47577 1978
47578 1978
47579 1978
47580 1978
47581 1978
47582 1978
47583 1978
47584 1978
47585 1978
47586 1978
47587 1978
47588 1978
47589 1978
47590 1978
47591 1978
47592 1978
47593 1978
47594 1978
47595 1978
47596 1978
47597 1978
47598 1978
47599 1978
47600 1978
47601 1978
47602 1978
47603 1978
47604 1978
47605 1978
47606 1978
47607 1978
47608 1978
47609 1978
47610 1978
47611 1978
47612 1978
47613 1978
47614 1978
47615 1978
47616 1978
47617 1978
47618 1978
47619 1978
47620 1978
47621 1978
47622 1978
47623 1978
47624 1978
47625 1978
47626 1978
47627 1978
47628 1978
47629 1978
47630 1978
47631 1978
47632 1978
47633 1978
47634 1978
47635 1978
47636 1978
47637 1978
47638 1978
47639 1978
47640 1978
47641 1978
47642 1978
47643 1978
47644 1978
47645 1978
47646 1978
47647 1978
47648 1978
47649 1978
47650 1978
47651 1978
47652 1978
47653 1978
47654 1978
47655 1978
47656 1978
47657 1978
47658 1978
47659 1978
47660 1978
47661 1978
47662 1978
47663 1978
47664 1978
47665 1978
47666 1978
47667 1978
47668 1978
47669 1978
47670 1978
47671 1978
47672 1978
47673 1978
47674 1978
47675 1978
47676 1978
47677 1978
47678 1978
47679 1978
47680 1978
47681 1978
47682 1978
47683 1978
47684 1978
47685 1978
47686 1978
47687 1978
47688 1978
47689 1978
47690 1978
47691 1978
47692 1978
47693 1978
47694 1978
47695 1978
47696 1978
47697 1978
47698 1978
47699 1978
47700 1978
47701 1978
47702 1978
47703 1978
47704 1978
47705 1978
47706 1978
47707 1978
47708 1978
47709 1978
47710 1978
47711 1978
47712 1978
47713 1978
47714 1978
47715 1978
47716 1978
47717 1978
47718 1978
47719 1978
47720 1978
47721 1978
47722 1978
47723 1978
47724 1978
47725 1978
47726 1978
47727 1978
47728 1978
47729 1978
47730 1978
47731 1978
47732 1978
47733 1978
47734 1978
47735 1978
47736 1978
47737 1978
47738 1978
47739 1978
47740 1978
47741 1978
47742 1978
47743 1978
47744 1978
47745 1978
47746 1978
47747 1978
47748 1978
47749 1978
47750 1978
47751 1978
47752 1978
47753 1978
47754 1978
47755 1978
47756 1978
47757 1978
47758 1978
47759 1978
47760 1978
47761 1978
47762 1978
47763 1978
47764 1978
47765 1978
47766 1978
47767 1978
47768 1978
47769 1978
47770 1978
47771 1978
47772 1978
47773 1978
47774 1978
47775 1978
47776 1978
47777 1978
47778 1978
47779 1978
47780 1978
47781 1978
47782 1978
47783 1978
47784 1978
47785 1978
47786 1978
47787 1978
47788 1978
47789 1978
47790 1978
47791 1978
47792 1978
47793 1978
47794 1978
47795 1978
47796 1978
47797 1978
47798 1978
47799 1978
47800 1978
47801 1978
47802 1978
47803 1978
47804 1978
47805 1978
47806 1978
47807 1978
47808 1978
47809 1978
47810 1978
47811 1978
47812 1978
47813 1978
47814 1978
47815 1978
47816 1978
47817 1978
47818 1978
47819 1978
47820 1978
47821 1978
47822 1978
47823 1978
47824 1978
47825 1978
47826 1978
47827 1978
47828 1978
47829 1978
47830 1978
47831 1978
47832 1978
47833 1978
47834 1978
47835 1978
47836 1978
47837 1978
47838 1978
47839 1978
47840 1978
47841 1978
47842 1978
47843 1978
47844 1978
47845 1978
47846 1978
47847 1978
47848 1978
47849 1978
47850 1978
47851 1978
47852 1978
47853 1978
47854 1978
47855 1978
47856 1978
47857 1978
47858 1978
47859 1978
47860 1978
47861 1978
47862 1978
47863 1978
47864 1978
47865 1978
47866 1978
47867 1978
47868 1978
47869 1978
47870 1978
47871 1978
47872 1978
47873 1978
47874 1978
47875 1978
47876 1978
47877 1978
47878 1978
47879 1978
47880 1978
47881 1978
47882 1978
47883 1978
47884 1978
47885 1978
47886 1978
47887 1978
47888 1978
47889 1978
47890 1978
47891 1978
47892 1978
47893 1978
47894 1978
47895 1978
47896 1978
47897 1978
47898 1978
47899 1978
47900 1978
47901 1978
47902 1978
47903 1978
47904 1978
47905 1978
47906 1978
47907 1978
47908 1978
47909 1978
47910 1978
47911 1978
47912 1978
47913 1978
47914 1978
47915 1978
47916 1978
47917 1978
47918 1978
47919 1978
47920 1978
47921 1978
47922 1978
47923 1978
47924 1978
47925 1978
47926 1978
47927 1978
47928 1978
47929 1978
47930 1978
47931 1978
47932 1978
47933 1978
47934 1978
47935 1978
47936 1978
47937 1978
47938 1978
47939 1978
47940 1978
47941 1978
47942 1978
47943 1978
47944 1978
47945 1978
47946 1978
47947 1978
47948 1978
47949 1978
47950 1978
47951 1978
47952 1978
47953 1978
47954 1978
47955 1978
47956 1978
47957 1978
47958 1978
47959 1978
47960 1978
47961 1978
47962 1978
47963 1978
47964 1978
47965 1978
47966 1978
47967 1978
47968 1978
47969 1978
47970 1978
47971 1978
47972 1978
47973 1978
47974 1978
47975 1978
47976 1978
47977 1978
47978 1978
47979 1978
47980 1978
47981 1978
47982 1978
47983 1978
47984 1978
47985 1978
47986 1978
47987 1978
47988 1978
47989 1978
47990 1978
47991 1978
47992 1978
47993 1978
47994 1978
47995 1978
47996 1978
47997 1978
47998 1978
47999 1978
48000 1978
48001 1978
48002 1978
48003 1978
48004 1978
48005 1978
48006 1978
48007 1978
48008 1978
48009 1978
48010 1978
48011 1978
48012 1978
48013 1978
48014 1978
48015 1978
48016 1978
48017 1978
48018 1978
48019 1978
48020 1978
48021 1978
48022 1978
48023 1978
48024 1978
48025 1978
48026 1978
48027 1978
48028 1978
48029 1978
48030 1978
48031 1978
48032 1978
48033 1978
48034 1978
48035 1978
48036 1978
48037 1978
48038 1978
48039 1978
48040 1978
48041 1978
48042 1978
48043 1978
48044 1978
48045 1978
48046 1978
48047 1978
48048 1978
48049 1978
48050 1978
48051 1978
48052 1978
48053 1978
48054 1978
48055 1978
48056 1978
48057 1978
48058 1978
48059 1978
48060 1978
48061 1978
48062 1978
48063 1978
48064 1978
48065 1978
48066 1978
48067 1978
48068 1978
48069 1978
48070 1978
48071 1978
48072 1978
48073 1978
48074 1978
48075 1978
48076 1978
48077 1978
48078 1978
48079 1978
48080 1978
48081 1978
48082 1978
48083 1978
48084 1978
48085 1978
48086 1978
48087 1978
48088 1978
48089 1978
48090 1978
48091 1978
48092 1978
48093 1978
48094 1978
48095 1978
48096 1978
48097 1978
48098 1978
48099 1978
48100 1978
48101 1978
48102 1978
48103 1978
48104 1978
48105 1978
48106 1978
48107 1978
48108 1978
48109 1978
48110 1978
48111 1978
48112 1978
48113 1978
48114 1978
48115 1978
48116 1978
48117 1978
48118 1978
48119 1978
48120 1978
48121 1978
48122 1978
48123 1978
48124 1978
48125 1978
48126 1978
48127 1978
48128 1978
48129 1978
48130 1978
48131 1978
48132 1978
48133 1978
48134 1978
48135 1978
48136 1978
48137 1978
48138 1978
48139 1978
48140 1978
48141 1978
48142 1978
48143 1978
48144 1978
48145 1978
48146 1978
48147 1978
48148 1978
48149 1978
48150 1978
48151 1978
48152 1978
48153 1978
48154 1978
48155 1978
48156 1978
48157 1978
48158 1978
48159 1978
48160 1978
48161 1978
48162 1978
48163 1978
48164 1978
48165 1978
48166 1978
48167 1978
48168 1978
48169 1978
48170 1978
48171 1978
48172 1978
48173 1978
48174 1978
48175 1978
48176 1978
48177 1978
48178 1978
48179 1978
48180 1978
48181 1978
48182 1978
48183 1978
48184 1978
48185 1978
48186 1978
48187 1978
48188 1978
48189 1978
48190 1978
48191 1978
48192 1978
48193 1978
48194 1978
48195 1978
48196 1978
48197 1978
48198 1978
48199 1978
48200 1978
48201 1978
48202 1978
48203 1978
48204 1978
48205 1978
48206 1978
48207 1978
48208 1978
48209 1978
48210 1978
48211 1978
48212 1978
48213 1978
48214 1978
48215 1978
48216 1978
48217 1978
48218 1978
48219 1978
48220 1978
48221 1978
48222 1978
48223 1978
48224 1978
48225 1978
48226 1978
48227 1978
48228 1978
48229 1978
48230 1978
48231 1978
48232 1978
48233 1978
48234 1978
48235 1978
48236 1978
48237 1978
48238 1978
48239 1978
48240 1978
48241 1978
48242 1978
48243 1978
48244 1978
48245 1978
48246 1978
48247 1978
48248 1978
48249 1978
48250 1978
48251 1978
48252 1978
48253 1978
48254 1978
48255 1978
48256 1978
48257 1978
48258 1978
48259 1978
48260 1978
48261 1978
48262 1978
48263 1978
48264 1978
48265 1978
48266 1978
48267 1978
48268 1978
48269 1978
48270 1978
48271 1978
48272 1978
48273 1978
48274 1978
48275 1978
48276 1978
48277 1978
48278 1978
48279 1978
48280 1978
48281 1978
48282 1978
48283 1978
48284 1978
48285 1978
48286 1978
48287 1978
48288 1978
48289 1978
48290 1978
48291 1978
48292 1978
48293 1978
48294 1978
48295 1978
48296 1978
48297 1978
48298 1978
48299 1978
48300 1978
48301 1978
48302 1978
48303 1978
48304 1978
48305 1978
48306 1978
48307 1978
48308 1978
48309 1978
48310 1978
48311 1978
48312 1978
48313 1978
48314 1978
48315 1978
48316 1978
48317 1978
48318 1978
48319 1978
48320 1978
48321 1978
48322 1978
48323 1978
48324 1978
48325 1978
48326 1978
48327 1978
48328 1978
48329 1978
48330 1978
48331 1978
48332 1978
48333 1978
48334 1978
48335 1978
48336 1978
48337 1978
48338 1978
48339 1978
48340 1978
48341 1978
48342 1978
48343 1978
48344 1978
48345 1978
48346 1978
48347 1978
48348 1978
48349 1978
48350 1978
48351 1978
48352 1978
48353 1978
48354 1978
48355 1978
48356 1978
48357 1978
48358 1978
48359 1978
48360 1978
48361 1978
48362 1978
48363 1978
48364 1978
48365 1978
48366 1978
48367 1978
48368 1978
48369 1978
48370 1978
48371 1978
48372 1978
48373 1978
48374 1978
48375 1978
48376 1978
48377 1978
48378 1978
48379 1978
48380 1978
48381 1978
48382 1978
48383 1978
48384 1978
48385 1978
48386 1978
48387 1978
48388 1978
48389 1978
48390 1978
48391 1978
48392 1978
48393 1978
48394 1978
48395 1978
48396 1978
48397 1978
48398 1978
48399 1978
48400 1978
48401 1978
48402 1978
48403 1978
48404 1978
48405 1978
48406 1978
48407 1978
48408 1978
48409 1978
48410 1978
48411 1978
48412 1978
48413 1978
48414 1978
48415 1978
48416 1978
48417 1978
48418 1978
48419 1978
48420 1978
48421 1978
48422 1978
48423 1978
48424 1978
48425 1978
48426 1978
48427 1978
48428 1978
48429 1978
48430 1978
48431 1978
48432 1978
48433 1978
48434 1978
48435 1978
48436 1978
48437 1978
48438 1978
48439 1978
48440 1978
48441 1978
48442 1978
48443 1978
48444 1978
48445 1978
48446 1978
48447 1978
48448 1978
48449 1978
48450 1978
48451 1978
48452 1978
48453 1978
48454 1978
48455 1978
48456 1978
48457 1978
48458 1978
48459 1978
48460 1978
48461 1978
48462 1978
48463 1978
48464 1978
48465 1978
48466 1978
48467 1978
48468 1978
48469 1978
48470 1978
48471 1978
48472 1978
48473 1978
48474 1978
48475 1978
48476 1978
48477 1978
48478 1978
48479 1978
48480 1978
48481 1978
48482 1978
48483 1978
48484 1978
48485 1978
48486 1978
48487 1978
48488 1978
48489 1978
48490 1978
48491 1978
48492 1978
48493 1978
48494 1978
48495 1978
48496 1978
48497 1978
48498 1978
48499 1978
48500 1978
48501 1978
48502 1978
48503 1978
48504 1978
48505 1978
48506 1978
48507 1978
48508 1978
48509 1978
48510 1978
48511 1978
48512 1978
48513 1978
48514 1978
48515 1978
48516 1978
48517 1978
48518 1978
48519 1978
48520 1978
48521 1978
48522 1978
48523 1978
48524 1978
48525 1978
48526 1978
48527 1978
48528 1978
48529 1978
48530 1978
48531 1978
48532 1978
48533 1978
48534 1978
48535 1978
48536 1978
48537 1978
48538 1978
48539 1978
48540 1978
48541 1978
48542 1978
48543 1978
48544 1978
48545 1978
48546 1978
48547 1978
48548 1978
48549 1978
48550 1978
48551 1978
48552 1978
48553 1978
48554 1978
48555 1978
48556 1978
48557 1978
48558 1978
48559 1978
48560 1978
48561 1978
48562 1978
48563 1978
48564 1978
48565 1978
48566 1978
48567 1978
48568 1978
48569 1978
48570 1978
48571 1978
48572 1978
48573 1978
48574 1978
48575 1978
48576 1978
48577 1978
48578 1978
48579 1978
48580 1978
48581 1978
48582 1978
48583 1978
48584 1978
48585 1978
48586 1978
48587 1978
48588 1978
48589 1978
48590 1978
48591 1978
48592 1978
48593 1978
48594 1978
48595 1978
48596 1978
48597 1978
48598 1978
48599 1978
48600 1978
48601 1978
48602 1978
48603 1978
48604 1978
48605 1978
48606 1978
48607 1978
48608 1978
48609 1978
48610 1978
48611 1978
48612 1978
48613 1978
48614 1978
48615 1978
48616 1978
48617 1978
48618 1978
48619 1978
48620 1978
48621 1978
48622 1978
48623 1978
48624 1978
48625 1978
48626 1978
48627 1978
48628 1978
48629 1978
48630 1978
48631 1978
48632 1978
48633 1978
48634 1978
48635 1978
48636 1978
48637 1978
48638 1978
48639 1978
48640 1978
48641 1978
48642 1978
48643 1978
48644 1978
48645 1978
48646 1978
48647 1978
48648 1978
48649 1978
48650 1978
48651 1978
48652 1978
48653 1978
48654 1978
48655 1978
48656 1978
48657 1978
48658 1978
48659 1978
48660 1978
48661 1978
48662 1978
48663 1978
48664 1978
48665 1978
48666 1978
48667 1978
48668 1978
48669 1978
48670 1978
48671 1978
48672 1978
48673 1978
48674 1978
48675 1978
48676 1978
48677 1978
48678 1978
48679 1978
48680 1978
48681 1978
48682 1978
48683 1978
48684 1978
48685 1978
48686 1978
48687 1978
48688 1978
48689 1978
48690 1978
48691 1978
48692 1978
48693 1978
48694 1978
48695 1978
48696 1978
48697 1978
48698 1978
48699 1978
48700 1978
48701 1978
48702 1978
48703 1978
48704 1978
48705 1978
48706 1978
48707 1978
48708 1978
48709 1978
48710 1978
48711 1978
48712 1978
48713 1978
48714 1978
48715 1978
48716 1978
48717 1978
48718 1978
48719 1978
48720 1978
48721 1978
48722 1978
48723 1978
48724 1978
48725 1978
48726 1978
48727 1978
48728 1978
48729 1978
48730 1978
48731 1978
48732 1978
48733 1978
48734 1978
48735 1978
48736 1978
48737 1978
48738 1978
48739 1978
48740 1978
48741 1978
48742 1978
48743 1978
48744 1978
48745 1978
48746 1978
48747 1978
48748 1978
48749 1978
48750 1978
48751 1978
48752 1978
48753 1978
48754 1978
48755 1978
48756 1978
48757 1978
48758 1978
48759 1978
48760 1978
48761 1978
48762 1978
48763 1978
48764 1978
48765 1978
48766 1978
48767 1978
48768 1978
48769 1978
48770 1978
48771 1978
48772 1978
48773 1978
48774 1978
48775 1978
48776 1978
48777 1978
48778 1978
48779 1978
48780 1978
48781 1978
48782 1978
48783 1978
48784 1978
48785 1978
48786 1978
48787 1978
48788 1978
48789 1978
48790 1978
48791 1978
48792 1978
48793 1978
48794 1978
48795 1978
48796 1978
48797 1978
48798 1978
48799 1978
48800 1978
48801 1978
48802 1978
48803 1978
48804 1978
48805 1978
48806 1978
48807 1978
48808 1978
48809 1978
48810 1978
48811 1978
48812 1978
48813 1978
48814 1978
48815 1978
48816 1978
48817 1978
48818 1978
48819 1978
48820 1978
48821 1978
48822 1978
48823 1978
48824 1978
48825 1978
48826 1978
48827 1978
48828 1978
48829 1978
48830 1978
48831 1978
48832 1978
48833 1978
48834 1978
48835 1978
48836 1978
48837 1978
48838 1978
48839 1978
48840 1978
48841 1978
48842 1978
48843 1978
48844 1978
48845 1978
48846 1978
48847 1978
48848 1978
48849 1978
48850 1978
48851 1978
48852 1978
48853 1978
48854 1978
48855 1978
48856 1978
48857 1978
48858 1978
48859 1978
48860 1978
48861 1978
48862 1978
48863 1978
48864 1978
48865 1978
48866 1978
48867 1978
48868 1978
48869 1978
48870 1978
48871 1978
48872 1978
48873 1978
48874 1978
48875 1978
48876 1978
48877 1978
48878 1978
48879 1978
48880 1978
48881 1978
48882 1978
48883 1978
48884 1978
48885 1978
48886 1978
48887 1978
48888 1978
48889 1978
48890 1978
48891 1978
48892 1978
48893 1978
48894 1978
48895 1978
48896 1978
48897 1978
48898 1978
48899 1978
48900 1978
48901 1978
48902 1978
48903 1978
48904 1978
48905 1978
48906 1978
48907 1978
48908 1978
48909 1978
48910 1978
48911 1978
48912 1978
48913 1978
48914 1978
48915 1978
48916 1978
48917 1978
48918 1978
48919 1978
48920 1978
48921 1978
48922 1978
48923 1978
48924 1978
48925 1978
48926 1978
48927 1978
48928 1978
48929 1978
48930 1978
48931 1978
48932 1978
48933 1978
48934 1978
48935 1978
48936 1978
48937 1978
48938 1978
48939 1978
48940 1978
48941 1978
48942 1978
48943 1978
48944 1978
48945 1978
48946 1978
48947 1978
48948 1978
48949 1978
48950 1978
48951 1978
48952 1978
48953 1978
48954 1978
48955 1978
48956 1978
48957 1978
48958 1978
48959 1978
48960 1978
48961 1978
48962 1978
48963 1978
48964 1978
48965 1978
48966 1978
48967 1978
48968 1978
48969 1978
48970 1978
48971 1978
48972 1978
48973 1978
48974 1978
48975 1978
48976 1978
48977 1978
48978 1978
48979 1978
48980 1978
48981 1978
48982 1978
48983 1978
48984 1978
48985 1978
48986 1978
48987 1978
48988 1978
48989 1978
48990 1978
48991 1978
48992 1978
48993 1978
48994 1978
48995 1978
48996 1978
48997 1978
48998 1978
48999 1978
49000 1978
49001 1978
49002 1978
49003 1978
49004 1978
49005 1978
49006 1978
49007 1978
49008 1978
49009 1978
49010 1978
49011 1978
49012 1978
49013 1978
49014 1978
49015 1978
49016 1978
49017 1978
49018 1978
49019 1978
49020 1978
49021 1978
49022 1978
49023 1978
49024 1978
49025 1978
49026 1978
49027 1978
49028 1978
49029 1978
49030 1978
49031 1978
49032 1978
49033 1978
49034 1978
49035 1978
49036 1978
49037 1978
49038 1978
49039 1978
49040 1978
49041 1978
49042 1978
49043 1978
49044 1978
49045 1978
49046 1978
49047 1978
49048 1978
49049 1978
49050 1978
49051 1978
49052 1978
49053 1978
49054 1978
49055 1978
49056 1978
49057 1978
49058 1978
49059 1978
49060 1978
49061 1978
49062 1978
49063 1978
49064 1978
49065 1978
49066 1978
49067 1978
49068 1978
49069 1978
49070 1978
49071 1978
49072 1978
49073 1978
49074 1978
49075 1978
49076 1978
49077 1978
49078 1978
49079 1978
49080 1978
49081 1978
49082 1978
49083 1978
49084 1978
49085 1978
49086 1978
49087 1978
49088 1978
49089 1978
49090 1978
49091 1978
49092 1978
49093 1978
49094 1978
49095 1978
49096 1978
49097 1978
49098 1978
49099 1978
49100 1978
49101 1978
49102 1978
49103 1978
49104 1978
49105 1978
49106 1978
49107 1978
49108 1978
49109 1978
49110 1978
49111 1978
49112 1978
49113 1978
49114 1978
49115 1978
49116 1978
49117 1978
49118 1978
49119 1978
49120 1978
49121 1978
49122 1978
49123 1978
49124 1978
49125 1978
49126 1978
49127 1978
49128 1978
49129 1978
49130 1978
49131 1978
49132 1978
49133 1978
49134 1978
49135 1978
49136 1978
49137 1978
49138 1978
49139 1978
49140 1978
49141 1978
49142 1978
49143 1978
49144 1978
49145 1978
49146 1978
49147 1978
49148 1978
49149 1978
49150 1978
49151 1978
49152 1978
49153 1978
49154 1978
49155 1978
49156 1978
49157 1978
49158 1978
49159 1978
49160 1978
49161 1978
49162 1978
49163 1978
49164 1978
49165 1978
49166 1978
49167 1978
49168 1978
49169 1978
49170 1978
49171 1978
49172 1978
49173 1978
49174 1978
49175 1978
49176 1978
49177 1978
49178 1978
49179 1978
49180 1978
49181 1978
49182 1978
49183 1978
49184 1978
49185 1978
49186 1978
49187 1978
49188 1978
49189 1978
49190 1978
49191 1978
49192 1978
49193 1978
49194 1978
49195 1978
49196 1978
49197 1978
49198 1978
49199 1978
49200 1978
49201 1978
49202 1978
49203 1978
49204 1978
49205 1978
49206 1978
49207 1978
49208 1978
49209 1978
49210 1978
49211 1978
49212 1978
49213 1978
49214 1978
49215 1978
49216 1978
49217 1978
49218 1978
49219 1978
49220 1978
49221 1978
49222 1978
49223 1978
49224 1978
49225 1978
49226 1978
49227 1978
49228 1978
49229 1978
49230 1978
49231 1978
49232 1978
49233 1978
49234 1978
49235 1978
49236 1978
49237 1978
49238 1978
49239 1978
49240 1978
49241 1978
49242 1978
49243 1978
49244 1978
49245 1978
49246 1978
49247 1978
49248 1978
49249 1978
49250 1978
49251 1977
49252 1977
49253 1977
49254 1977
49255 1977
49256 1977
49257 1977
49258 1977
49259 1977
49260 1977
49261 1977
49262 1977
49263 1977
49264 1977
49265 1977
49266 1977
49267 1977
49268 1977
49269 1977
49270 1977
49271 1977
49272 1977
49273 1977
49274 1977
49275 1977
49276 1977
49277 1977
49278 1977
49279 1977
49280 1977
49281 1977
49282 1977
49283 1977
49284 1977
49285 1977
49286 1977
49287 1977
49288 1977
49289 1977
49290 1977
49291 1977
49292 1977
49293 1977
49294 1977
49295 1977
49296 1977
49297 1977
49298 1977
49299 1977
49300 1977
49301 1977
49302 1977
49303 1977
49304 1977
49305 1977
49306 1977
49307 1977
49308 1977
49309 1977
49310 1977
49311 1977
49312 1977
49313 1977
49314 1977
49315 1977
49316 1977
49317 1977
49318 1977
49319 1977
49320 1977
49321 1977
49322 1977
49323 1977
49324 1977
49325 1977
49326 1977
49327 1977
49328 1977
49329 1977
49330 1977
49331 1977
49332 1977
49333 1977
49334 1977
49335 1977
49336 1977
49337 1977
49338 1977
49339 1977
49340 1977
49341 1977
49342 1977
49343 1977
49344 1977
49345 1977
49346 1977
49347 1977
49348 1977
49349 1977
49350 1977
49351 1977
49352 1977
49353 1977
49354 1977
49355 1977
49356 1977
49357 1977
49358 1977
49359 1977
49360 1977
49361 1977
49362 1977
49363 1977
49364 1977
49365 1977
49366 1977
49367 1977
49368 1977
49369 1977
49370 1977
49371 1977
49372 1977
49373 1977
49374 1977
49375 1977
49376 1977
49377 1977
49378 1977
49379 1977
49380 1977
49381 1977
49382 1977
49383 1977
49384 1977
49385 1977
49386 1977
49387 1977
49388 1977
49389 1977
49390 1977
49391 1977
49392 1977
49393 1977
49394 1977
49395 1977
49396 1977
49397 1977
49398 1977
49399 1977
49400 1977
49401 1977
49402 1977
49403 1977
49404 1977
49405 1977
49406 1977
49407 1977
49408 1977
49409 1977
49410 1977
49411 1977
49412 1977
49413 1977
49414 1977
49415 1977
49416 1977
49417 1977
49418 1977
49419 1977
49420 1977
49421 1977
49422 1977
49423 1977
49424 1977
49425 1977
49426 1977
49427 1977
49428 1977
49429 1977
49430 1977
49431 1977
49432 1977
49433 1977
49434 1977
49435 1977
49436 1977
49437 1977
49438 1977
49439 1977
49440 1977
49441 1977
49442 1977
49443 1977
49444 1977
49445 1977
49446 1977
49447 1977
49448 1977
49449 1977
49450 1977
49451 1977
49452 1977
49453 1977
49454 1977
49455 1977
49456 1977
49457 1977
49458 1977
49459 1977
49460 1977
49461 1977
49462 1977
49463 1977
49464 1977
49465 1977
49466 1977
49467 1977
49468 1977
49469 1977
49470 1977
49471 1977
49472 1977
49473 1977
49474 1977
49475 1977
49476 1977
49477 1977
49478 1977
49479 1977
49480 1977
49481 1977
49482 1977
49483 1977
49484 1977
49485 1977
49486 1977
49487 1977
49488 1977
49489 1977
49490 1977
49491 1977
49492 1977
49493 1977
49494 1977
49495 1977
49496 1977
49497 1977
49498 1977
49499 1977
49500 1977
49501 1977
49502 1977
49503 1977
49504 1977
49505 1977
49506 1977
49507 1977
49508 1977
49509 1977
49510 1977
49511 1977
49512 1977
49513 1977
49514 1977
49515 1977
49516 1977
49517 1977
49518 1977
49519 1977
49520 1977
49521 1977
49522 1977
49523 1977
49524 1977
49525 1977
49526 1977
49527 1977
49528 1977
49529 1977
49530 1977
49531 1977
49532 1977
49533 1977
49534 1977
49535 1977
49536 1977
49537 1977
49538 1977
49539 1977
49540 1977
49541 1977
49542 1977
49543 1977
49544 1977
49545 1977
49546 1977
49547 1977
49548 1977
49549 1977
49550 1977
49551 1977
49552 1977
49553 1977
49554 1977
49555 1977
49556 1977
49557 1977
49558 1977
49559 1977
49560 1977
49561 1977
49562 1977
49563 1977
49564 1977
49565 1977
49566 1977
49567 1977
49568 1977
49569 1977
49570 1977
49571 1977
49572 1977
49573 1977
49574 1977
49575 1977
49576 1977
49577 1977
49578 1977
49579 1977
49580 1977
49581 1977
49582 1977
49583 1977
49584 1977
49585 1977
49586 1977
49587 1977
49588 1977
49589 1977
49590 1977
49591 1977
49592 1977
49593 1977
49594 1977
49595 1977
49596 1977
49597 1977
49598 1977
49599 1977
49600 1977
49601 1977
49602 1977
49603 1977
49604 1977
49605 1977
49606 1977
49607 1977
49608 1977
49609 1977
49610 1977
49611 1977
49612 1977
49613 1977
49614 1977
49615 1977
49616 1977
49617 1977
49618 1977
49619 1977
49620 1977
49621 1977
49622 1977
49623 1977
49624 1977
49625 1977
49626 1977
49627 1977
49628 1977
49629 1977
49630 1977
49631 1977
49632 1977
49633 1977
49634 1977
49635 1977
49636 1977
49637 1977
49638 1977
49639 1977
49640 1977
49641 1977
49642 1977
49643 1977
49644 1977
49645 1977
49646 1977
49647 1977
49648 1977
49649 1977
49650 1977
49651 1977
49652 1977
49653 1977
49654 1977
49655 1977
49656 1977
49657 1977
49658 1977
49659 1977
49660 1977
49661 1977
49662 1977
49663 1977
49664 1977
49665 1977
49666 1977
49667 1977
49668 1977
49669 1977
49670 1977
49671 1977
49672 1977
49673 1977
49674 1977
49675 1977
49676 1977
49677 1977
49678 1977
49679 1977
49680 1977
49681 1977
49682 1977
49683 1977
49684 1977
49685 1977
49686 1977
49687 1977
49688 1977
49689 1977
49690 1977
49691 1977
49692 1977
49693 1977
49694 1977
49695 1977
49696 1977
49697 1977
49698 1977
49699 1977
49700 1977
49701 1977
49702 1977
49703 1977
49704 1977
49705 1977
49706 1977
49707 1977
49708 1977
49709 1977
49710 1977
49711 1977
49712 1977
49713 1977
49714 1977
49715 1977
49716 1977
49717 1977
49718 1977
49719 1977
49720 1977
49721 1977
49722 1977
49723 1977
49724 1977
49725 1977
49726 1977
49727 1977
49728 1977
49729 1977
49730 1977
49731 1977
49732 1977
49733 1977
49734 1977
49735 1977
49736 1977
49737 1977
49738 1977
49739 1977
49740 1977
49741 1977
49742 1977
49743 1977
49744 1977
49745 1977
49746 1977
49747 1977
49748 1977
49749 1977
49750 1976
49751 1976
49752 1976
49753 1976
49754 1976
49755 1976
49756 1976
49757 1976
49758 1976
49759 1976
49760 1976
49761 1976
49762 1976
49763 1976
49764 1976
49765 1976
49766 1976
49767 1976
49768 1976
49769 1976
49770 1976
49771 1976
49772 1976
49773 1976
49774 1976
49775 1976
49776 1976
49777 1976
49778 1976
49779 1976
49780 1976
49781 1976
49782 1976
49783 1976
49784 1976
49785 1976
49786 1976
49787 1976
49788 1976
49789 1976
49790 1976
49791 1976
49792 1976
49793 1976
49794 1976
49795 1976
49796 1976
49797 1976
49798 1976
49799 1976
49800 1976
49801 1976
49802 1976
49803 1976
49804 1976
49805 1976
49806 1976
49807 1976
49808 1976
49809 1976
49810 1976
49811 1976
49812 1976
49813 1976
49814 1976
49815 1976
49816 1976
49817 1976
49818 1976
49819 1976
49820 1976
49821 1976
49822 1976
49823 1976
49824 1976
49825 1976
49826 1976
49827 1976
49828 1976
49829 1976
49830 1976
49831 1976
49832 1976
49833 1976
49834 1976
49835 1976
49836 1976
49837 1976
49838 1976
49839 1976
49840 1976
49841 1976
49842 1976
49843 1976
49844 1976
49845 1976
49846 1976
49847 1976
49848 1976
49849 1976
49850 1976
49851 1976
49852 1976
49853 1976
49854 1976
49855 1976
49856 1976
49857 1976
49858 1976
49859 1976
49860 1976
49861 1976
49862 1976
49863 1976
49864 1976
49865 1976
49866 1976
49867 1976
49868 1976
49869 1976
49870 1976
49871 1976
49872 1976
49873 1976
49874 1976
49875 1976
49876 1976
49877 1976
49878 1976
49879 1976
49880 1976
49881 1976
49882 1976
49883 1976
49884 1976
49885 1976
49886 1976
49887 1976
49888 1976
49889 1976
49890 1976
49891 1976
49892 1976
49893 1976
49894 1976
49895 1976
49896 1976
49897 1976
49898 1976
49899 1976
49900 1976
49901 1976
49902 1976
49903 1976
49904 1976
49905 1976
49906 1976
49907 1976
49908 1976
49909 1976
49910 1976
49911 1976
49912 1976
49913 1976
49914 1976
49915 1976
49916 1976
49917 1976
49918 1976
49919 1976
49920 1976
49921 1976
49922 1976
49923 1976
49924 1976
49925 1976
49926 1976
49927 1976
49928 1976
49929 1976
49930 1976
49931 1976
49932 1976
49933 1976
49934 1976
49935 1976
49936 1976
49937 1976
49938 1976
49939 1976
49940 1976
49941 1976
49942 1976
49943 1976
49944 1976
49945 1976
49946 1976
49947 1976
49948 1976
49949 1976
49950 1976
49951 1976
49952 1976
49953 1976
49954 1976
49955 1976
49956 1976
49957 1976
49958 1976
49959 1976
49960 1976
49961 1976
49962 1976
49963 1976
49964 1976
49965 1976
49966 1976
49967 1976
49968 1976
49969 1976
49970 1976
49971 1976
49972 1976
49973 1976
49974 1976
49975 1976
49976 1976
49977 1976
49978 1976
49979 1976
49980 1976
49981 1976
49982 1976
49983 1976
49984 1976
49985 1976
49986 1976
49987 1976
49988 1976
49989 1976
49990 1976
49991 1976
49992 1976
49993 1976
49994 1976
49995 1976
49996 1976
49997 1976
49998 1976
49999 1976
50000 1976
50001 1976
50002 1976
50003 1976
50004 1976
50005 1976
50006 1976
50007 1976
50008 1976
50009 1976
50010 1976
50011 1976
50012 1976
50013 1976
50014 1976
50015 1976
50016 1976
50017 1976
50018 1976
50019 1976
50020 1976
50021 1976
50022 1976
50023 1976
50024 1976
50025 1976
50026 1976
50027 1976
50028 1976
50029 1976
50030 1976
50031 1976
50032 1976
50033 1976
50034 1976
50035 1976
50036 1976
50037 1976
50038 1976
50039 1976
50040 1976
50041 1976
50042 1976
50043 1976
50044 1976
50045 1976
50046 1976
50047 1976
50048 1976
50049 1976
50050 1976
50051 1976
50052 1976
50053 1976
50054 1976
50055 1976
50056 1976
50057 1976
50058 1976
50059 1976
50060 1976
50061 1976
50062 1976
50063 1976
50064 1976
50065 1976
50066 1976
50067 1976
50068 1976
50069 1976
50070 1976
50071 1976
50072 1976
50073 1976
50074 1976
50075 1976
50076 1976
50077 1976
50078 1976
50079 1976
50080 1976
50081 1976
50082 1976
50083 1976
50084 1976
50085 1976
50086 1976
50087 1976
50088 1976
50089 1976
50090 1976
50091 1976
50092 1976
50093 1976
50094 1976
50095 1976
50096 1976
50097 1976
50098 1976
50099 1976
50100 1976
50101 1976
50102 1976
50103 1976
50104 1976
50105 1976
50106 1976
50107 1976
50108 1976
50109 1976
50110 1976
50111 1976
50112 1976
50113 1976
50114 1976
50115 1976
50116 1976
50117 1976
50118 1976
50119 1976
50120 1976
50121 1976
50122 1976
50123 1976
50124 1976
50125 1976
50126 1976
50127 1976
50128 1976
50129 1976
50130 1976
50131 1976
50132 1976
50133 1976
50134 1976
50135 1976
50136 1976
50137 1976
50138 1976
50139 1976
50140 1976
50141 1976
50142 1976
50143 1976
50144 1976
50145 1976
50146 1976
50147 1976
50148 1976
50149 1976
50150 1976
50151 1976
50152 1976
50153 1976
50154 1976
50155 1976
50156 1976
50157 1976
50158 1976
50159 1976
50160 1976
50161 1976
50162 1976
50163 1976
50164 1976
50165 1976
50166 1976
50167 1976
50168 1976
50169 1976
50170 1976
50171 1976
50172 1976
50173 1976
50174 1976
50175 1976
50176 1976
50177 1976
50178 1976
50179 1976
50180 1976
50181 1976
50182 1976
50183 1976
50184 1976
50185 1976
50186 1976
50187 1976
50188 1976
50189 1976
50190 1976
50191 1976
50192 1976
50193 1976
50194 1976
50195 1976
50196 1976
50197 1976
50198 1976
50199 1976
50200 1976
50201 1976
50202 1976
50203 1976
50204 1976
50205 1976
50206 1976
50207 1976
50208 1976
50209 1976
50210 1976
50211 1976
50212 1976
50213 1976
50214 1976
50215 1976
50216 1976
50217 1976
50218 1976
50219 1976
50220 1976
50221 1976
50222 1976
50223 1976
50224 1976
50225 1976
50226 1976
50227 1976
50228 1976
50229 1976
50230 1976
50231 1976
50232 1976
50233 1976
50234 1976
50235 1976
50236 1976
50237 1976
50238 1976
50239 1976
50240 1976
50241 1976
50242 1976
50243 1976
50244 1976
50245 1976
50246 1976
50247 1976
50248 1976
50249 1976
50250 1976
50251 1976
50252 1976
50253 1976
50254 1976
50255 1976
50256 1976
50257 1976
50258 1976
50259 1976
50260 1976
50261 1976
50262 1976
50263 1976
50264 1976
50265 1976
50266 1976
50267 1976
50268 1976
50269 1976
50270 1976
50271 1976
50272 1976
50273 1976
50274 1976
50275 1976
50276 1976
50277 1976
50278 1976
50279 1976
50280 1976
50281 1976
50282 1976
50283 1976
50284 1976
50285 1976
50286 1976
50287 1976
50288 1976
50289 1976
50290 1976
50291 1976
50292 1976
50293 1976
50294 1976
50295 1976
50296 1976
50297 1976
50298 1976
50299 1976
50300 1976
50301 1976
50302 1976
50303 1976
50304 1976
50305 1976
50306 1976
50307 1976
50308 1976
50309 1976
50310 1976
50311 1976
50312 1976
50313 1976
50314 1976
50315 1976
50316 1976
50317 1976
50318 1976
50319 1976
50320 1976
50321 1976
50322 1976
50323 1976
50324 1976
50325 1976
50326 1976
50327 1976
50328 1976
50329 1976
50330 1976
50331 1976
50332 1976
50333 1976
50334 1976
50335 1976
50336 1976
50337 1976
50338 1974
50339 1974
50340 1974
50341 1974
50342 1974
50343 1974
50344 1974
50345 1974
50346 1974
50347 1974
50348 1974
50349 1974
50350 1974
50351 1974
50352 1974
50353 1974
50354 1974
50355 1974
50356 1974
50357 1974
50358 1974
50359 1974
50360 1974
50361 1974
50362 1974
50363 1974
50364 1974
50365 1974
50366 1974
50367 1974
50368 1974
50369 1974
50370 1974
50371 1974
50372 1974
50373 1974
50374 1974
50375 1974
50376 1974
50377 1974
50378 1974
50379 1974
50380 1974
50381 1974
50382 1974
50383 1974
50384 1974
50385 1974
50386 1974
50387 1974
50388 1974
50389 1974
50390 1974
50391 1974
50392 1974
50393 1974
50394 1974
50395 1974
50396 1974
50397 1974
50398 1974
50399 1974
50400 1974
50401 1974
50402 1974
50403 1974
50404 1974
50405 1974
50406 1974
50407 1974
50408 1974
50409 1974
50410 1974
50411 1974
50412 1974
50413 1974
50414 1974
50415 1974
50416 1974
50417 1974
50418 1974
50419 1974
50420 1974
50421 1974
50422 1974
50423 1974
50424 1974
50425 1974
50426 1974
50427 1974
50428 1974
50429 1974
50430 1974
50431 1974
50432 1974
50433 1974
50434 1974
50435 1974
50436 1974
50437 1974
50438 1974
50439 1974
50440 1974
50441 1974
50442 1974
50443 1974
50444 1974
50445 1974
50446 1974
50447 1974
50448 1974
50449 1974
50450 1974
50451 1974
50452 1974
50453 1974
50454 1974
50455 1974
50456 1974
50457 1974
50458 1974
50459 1974
50460 1974
50461 1974
50462 1974
50463 1974
50464 1974
50465 1974
50466 1974
50467 1974
50468 1974
50469 1974
50470 1974
50471 1974
50472 1974
50473 1974
50474 1974
50475 1974
50476 1974
50477 1974
50478 1974
50479 1974
50480 1974
50481 1974
50482 1974
50483 1974
50484 1974
50485 1974
50486 1974
50487 1974
50488 1974
50489 1974
50490 1974
50491 1974
50492 1974
50493 1974
50494 1974
50495 1974
50496 1974
50497 1974
50498 1974
50499 1974
50500 1974
50501 1974
50502 1974
50503 1974
50504 1974
50505 1974
50506 1974
50507 1974
50508 1974
50509 1974
50510 1974
50511 1974
50512 1974
50513 1974
50514 1974
50515 1974
50516 1974
50517 1974
50518 1974
50519 1974
50520 1974
50521 1974
50522 1974
50523 1974
50524 1974
50525 1974
50526 1974
50527 1974
50528 1974
50529 1974
50530 1974
50531 1974
50532 1974
50533 1974
50534 1974
50535 1974
50536 1974
50537 1974
50538 1974
50539 1974
50540 1974
50541 1974
50542 1974
50543 1974
50544 1974
50545 1974
50546 1974
50547 1974
50548 1974
50549 1974
50550 1974
50551 1974
50552 1974
50553 1974
50554 1974
50555 1974
50556 1974
50557 1974
50558 1974
50559 1974
50560 1974
50561 1974
50562 1974
50563 1974
50564 1974
50565 1974
50566 1974
50567 1974
50568 1974
50569 1974
50570 1974
50571 1974
50572 1974
50573 1974
50574 1974
50575 1974
50576 1974
50577 1974
50578 1974
50579 1974
50580 1974
50581 1974
50582 1974
50583 1974
50584 1974
50585 1974
50586 1974
50587 1974
50588 1974
50589 1974
50590 1974
50591 1974
50592 1974
50593 1974
50594 1974
50595 1974
50596 1974
50597 1974
50598 1974
50599 1974
50600 1974
50601 1974
50602 1974
50603 1974
50604 1974
50605 1974
50606 1974
50607 1974
50608 1974
50609 1974
50610 1974
50611 1974
50612 1974
50613 1974
50614 1974
50615 1974
50616 1974
50617 1974
50618 1974
50619 1974
50620 1974
50621 1974
50622 1974
50623 1974
50624 1974
50625 1974
50626 1974
50627 1974
50628 1974
50629 1974
50630 1974
50631 1974
50632 1974
50633 1974
50634 1974
50635 1974
50636 1974
50637 1974
50638 1974
50639 1974
50640 1974
50641 1974
50642 1974
50643 1974
50644 1974
50645 1974
50646 1974
50647 1974
50648 1974
50649 1974
50650 1974
50651 1974
50652 1974
50653 1974
50654 1974
50655 1974
50656 1974
50657 1974
50658 1974
50659 1974
50660 1974
50661 1974
50662 1974
50663 1974
50664 1974
50665 1974
50666 1974
50667 1974
50668 1974
50669 1974
50670 1974
50671 1974
50672 1974
50673 1974
50674 1974
50675 1974
50676 1974
50677 1974
50678 1974
50679 1974
50680 1974
50681 1974
50682 1974
50683 1974
50684 1974
50685 1974
50686 1974
50687 1974
50688 1974
50689 1974
50690 1974
50691 1974
50692 1974
50693 1974
50694 1974
50695 1974
50696 1974
50697 1974
50698 1974
50699 1974
50700 1974
50701 1974
50702 1974
50703 1974
50704 1974
50705 1974
50706 1974
50707 1974
50708 1974
50709 1974
50710 1974
50711 1974
50712 1974
50713 1974
50714 1974
50715 1974
50716 1974
50717 1974
50718 1974
50719 1974
50720 1974
50721 1974
50722 1974
50723 1974
50724 1974
50725 1974
50726 1974
50727 1974
50728 1974
50729 1974
50730 1974
50731 1974
50732 1974
50733 1974
50734 1974
50735 1974
50736 1974
50737 1974
50738 1974
50739 1974
50740 1974
50741 1974
50742 1974
50743 1974
50744 1974
50745 1974
50746 1974
50747 1974
50748 1974
50749 1974
50750 1974
50751 1974
50752 1974
50753 1974
50754 1974
50755 1974
50756 1974
50757 1974
50758 1974
50759 1974
50760 1974
50761 1974
50762 1974
50763 1974
50764 1974
50765 1974
50766 1974
50767 1974
50768 1974
50769 1974
50770 1974
50771 1974
50772 1974
50773 1974
50774 1974
50775 1974
50776 1974
50777 1974
50778 1974
50779 1974
50780 1974
50781 1974
50782 1974
50783 1974
50784 1974
50785 1974
50786 1974
50787 1974
50788 1974
50789 1974
50790 1974
50791 1974
50792 1974
50793 1974
50794 1974
50795 1974
50796 1974
50797 1974
50798 1974
50799 1974
50800 1974
50801 1974
50802 1974
50803 1974
50804 1974
50805 1974
50806 1974
50807 1974
50808 1974
50809 1974
50810 1974
50811 1974
50812 1974
50813 1974
50814 1974
50815 1974
50816 1974
50817 1974
50818 1974
50819 1974
50820 1974
50821 1974
50822 1974
50823 1974
50824 1974
50825 1974
50826 1974
50827 1974
50828 1974
50829 1974
50830 1974
50831 1974
50832 1974
50833 1974
50834 1974
50835 1974
50836 1974
50837 1974
50838 1974
50839 1974
50840 1974
50841 1974
50842 1974
50843 1974
50844 1974
50845 1974
50846 1974
50847 1974
50848 1974
50849 1974
50850 1974
50851 1974
50852 1974
50853 1974
50854 1974
50855 1974
50856 1974
50857 1974
50858 1974
50859 1974
50860 1974
50861 1974
50862 1974
50863 1974
50864 1974
50865 1974
50866 1974
50867 1974
50868 1974
50869 1974
50870 1974
50871 1974
50872 1974
50873 1974
50874 1974
50875 1974
50876 1974
50877 1974
50878 1974
50879 1974
50880 1974
50881 1974
50882 1974
50883 1974
50884 1974
50885 1974
50886 1974
50887 1974
50888 1974
50889 1974
50890 1974
50891 1974
50892 1974
50893 1974
50894 1974
50895 1974
50896 1974
50897 1974
50898 1974
50899 1974
50900 1974
50901 1974
50902 1974
50903 1974
50904 1974
50905 1974
50906 1974
50907 1974
50908 1974
50909 1974
50910 1974
50911 1974
50912 1974
50913 1974
50914 1974
50915 1974
50916 1974
50917 1974
50918 1974
50919 1974
50920 1974
50921 1974
50922 1974
50923 1974
50924 1974
50925 1974
50926 1974
50927 1974
50928 1974
50929 1974
50930 1974
50931 1974
50932 1974
50933 1974
50934 1974
50935 1974
50936 1974
50937 1974
50938 1974
50939 1974
50940 1974
50941 1974
50942 1974
50943 1974
50944 1974
50945 1974
50946 1974
50947 1974
50948 1974
50949 1974
50950 1974
50951 1974
50952 1974
50953 1974
50954 1974
50955 1974
50956 1974
50957 1974
50958 1974
50959 1974
50960 1974
50961 1974
50962 1974
50963 1974
50964 1974
50965 1974
50966 1974
50967 1974
50968 1974
50969 1974
50970 1974
50971 1974
50972 1974
50973 1974
50974 1974
50975 1974
50976 1974
50977 1974
50978 1974
50979 1974
50980 1974
50981 1974
50982 1974
50983 1974
50984 1974
50985 1974
50986 1974
50987 1974
50988 1974
50989 1974
50990 1974
50991 1974
50992 1974
50993 1974
50994 1974
50995 1974
50996 1974
50997 1974
50998 1974
50999 1974
51000 1974
51001 1974
51002 1974
51003 1974
51004 1974
51005 1974
51006 1974
51007 1974
51008 1974
51009 1974
51010 1974
51011 1974
51012 1974
51013 1974
51014 1974
51015 1974
51016 1974
51017 1974
51018 1974
51019 1974
51020 1974
51021 1974
51022 1974
51023 1974
51024 1974
51025 1974
51026 1974
51027 1974
51028 1974
51029 1974
51030 1974
51031 1974
51032 1974
51033 1974
51034 1974
51035 1974
51036 1974
51037 1974
51038 1974
51039 1974
51040 1974
51041 1974
51042 1974
51043 1974
51044 1974
51045 1974
51046 1974
51047 1974
51048 1974
51049 1974
51050 1974
51051 1974
51052 1974
51053 1974
51054 1974
51055 1974
51056 1974
51057 1974
51058 1970
51059 1970
51060 1970
51061 1970
51062 1970
51063 1970
51064 1970
51065 1970
51066 1970
51067 1970
51068 1970
51069 1970
51070 1970
51071 1970
51072 1970
51073 1970
51074 1970
51075 1970
51076 1970
51077 1970
51078 1970
51079 1970
51080 1970
51081 1970
51082 1970
51083 1970
51084 1970
51085 1970
51086 1970
51087 1970
51088 1970
51089 1970
51090 1970
51091 1970
51092 1970
51093 1970
51094 1970
51095 1970
51096 1970
51097 1970
51098 1970
51099 1970
51100 1970
51101 1970
51102 1970
51103 1970
51104 1970
51105 1970
51106 1970
51107 1970
51108 1970
51109 1970
51110 1970
51111 1970
51112 1970
51113 1970
51114 1970
51115 1970
51116 1970
51117 1970
51118 1970
51119 1970
51120 1970
51121 1970
51122 1970
51123 1970
51124 1970
51125 1970
51126 1970
51127 1970
51128 1970
51129 1970
51130 1970
51131 1970
51132 1970
51133 1970
51134 1970
51135 1970
51136 1970
51137 1970
51138 1970
51139 1970
51140 1970
51141 1970
51142 1970
51143 1970
51144 1970
51145 1970
51146 1970
51147 1970
51148 1970
51149 1970
51150 1970
51151 1970
51152 1970
51153 1970
51154 1970
51155 1970
51156 1970
51157 1970
51158 1970
51159 1970
51160 1970
51161 1970
51162 1970
51163 1970
51164 1970
51165 1970
51166 1970
51167 1970
51168 1970
51169 1970
51170 1970
51171 1970
51172 1970
51173 1970
51174 1970
51175 1970
51176 1970
51177 1970
51178 1970
51179 1970
51180 1970
51181 1970
51182 1970
51183 1970
51184 1970
51185 1970
51186 1970
51187 1970
51188 1970
51189 1970
51190 1970
51191 1970
51192 1970
51193 1970
51194 1970
51195 1970
51196 1970
51197 1970
51198 1970
51199 1970
51200 1970
51201 1970
51202 1970
51203 1970
51204 1970
51205 1970
51206 1970
51207 1970
51208 1970
51209 1970
51210 1970
51211 1970
51212 1970
51213 1970
51214 1970
51215 1970
51216 1970
51217 1970
51218 1970
51219 1970
51220 1970
51221 1970
51222 1970
51223 1970
51224 1970
51225 1970
51226 1970
51227 1970
51228 1970
51229 1970
51230 1970
51231 1970
51232 1970
51233 1970
51234 1970
51235 1970
51236 1970
51237 1970
51238 1970
51239 1970
51240 1970
51241 1970
51242 1970
51243 1970
51244 1970
51245 1970
51246 1970
51247 1970
51248 1970
51249 1970
51250 1970
51251 1970
51252 1970
51253 1970
51254 1970
51255 1970
51256 1970
51257 1970
51258 1970
51259 1970
51260 1970
51261 1970
51262 1970
51263 1970
51264 1970
51265 1970
51266 1970
51267 1970
51268 1970
51269 1970
51270 1970
51271 1970
51272 1970
51273 1970
51274 1970
51275 1970
51276 1970
51277 1970
51278 1970
51279 1970
51280 1970
51281 1970
51282 1970
51283 1970
51284 1970
51285 1970
51286 1970
51287 1970
51288 1970
51289 1970
51290 1970
51291 1970
51292 1970
51293 1970
51294 1970
51295 1970
51296 1970
51297 1970
51298 1970
51299 1970
51300 1970
51301 1970
51302 1970
51303 1970
51304 1970
51305 1970
51306 1970
51307 1970
51308 1970
51309 1970
51310 1970
51311 1970
51312 1970
51313 1970
51314 1970
51315 1970
51316 1970
51317 1970
51318 1970
51319 1970
51320 1970
51321 1970
51322 1970
51323 1970
51324 1970
51325 1970
51326 1970
51327 1970
51328 1970
51329 1970
51330 1970
51331 1970
51332 1970
51333 1970
51334 1970
51335 1970
51336 1970
51337 1970
51338 1970
51339 1970
51340 1970
51341 1970
51342 1970
51343 1970
51344 1970
51345 1970
51346 1970
51347 1970
51348 1970
51349 1970
51350 1970
51351 1970
51352 1970
51353 1970
51354 1970
51355 1970
51356 1970
51357 1970
51358 1970
51359 1970
51360 1970
51361 1970
51362 1970
51363 1970
51364 1970
51365 1970
51366 1970
51367 1970
51368 1970
51369 1970
51370 1970
51371 1970
51372 1970
51373 1970
51374 1970
51375 1970
51376 1970
51377 1970
51378 1970
51379 1970
51380 1970
51381 1970
51382 1970
51383 1970
51384 1970
51385 1970
51386 1970
51387 1970
51388 1970
51389 1970
51390 1970
51391 1970
51392 1970
51393 1970
51394 1970
51395 1970
51396 1970
51397 1970
51398 1970
51399 1970
51400 1970
51401 1970
51402 1970
51403 1970
51404 1970
51405 1970
51406 1970
51407 1970
51408 1970
51409 1970
51410 1970
51411 1970
51412 1970
51413 1970
51414 1970
51415 1970
51416 1970
51417 1970
51418 1970
51419 1970
51420 1970
51421 1970
51422 1970
51423 1970
51424 1970
51425 1970
51426 1970
51427 1970
51428 1970
51429 1970
51430 1970
51431 1970
51432 1970
51433 1970
51434 1970
51435 1970
51436 1970
51437 1970
51438 1970
51439 1970
51440 1970
51441 1970
51442 1970
51443 1970
51444 1970
51445 1970
51446 1970
51447 1970
51448 1970
51449 1970
51450 1970
51451 1970
51452 1970
51453 1970
51454 1970
51455 1970
51456 1970
51457 1970
51458 1970
51459 1970
51460 1970
51461 1970
51462 1970
51463 1970
51464 1970
51465 1970
51466 1970
51467 1970
51468 1970
51469 1970
51470 1970
51471 1970
51472 1970
51473 1970
51474 1970
51475 1970
51476 1970
51477 1970
51478 1970
51479 1970
51480 1970
51481 1970
51482 1970
51483 1970
51484 1970
51485 1970
51486 1970
51487 1970
51488 1970
51489 1970
51490 1970
51491 1970
51492 1970
51493 1970
51494 1970
51495 1970
51496 1970
51497 1970
51498 1970
51499 1970
51500 1970
51501 1970
51502 1970
51503 1970
51504 1970
51505 1970
51506 1970
51507 1970
51508 1970
51509 1970
51510 1970
51511 1970
51512 1970
51513 1970
51514 1970
51515 1970
51516 1970
51517 1968
51518 1968
51519 1968
51520 1968
51521 1968
51522 1968
51523 1968
51524 1968
51525 1968
51526 1968
51527 1968
51528 1968
51529 1968
51530 1968
51531 1968
51532 1968
51533 1968
51534 1968
51535 1968
51536 1968
51537 1968
51538 1968
51539 1968
51540 1968
51541 1968
51542 1968
51543 1968
51544 1968
51545 1968
51546 1968
51547 1968
51548 1968
51549 1968
51550 1968
51551 1968
51552 1968
51553 1968
51554 1968
51555 1968
51556 1968
51557 1968
51558 1968
51559 1968
51560 1968
51561 1968
51562 1968
51563 1968
51564 1968
51565 1968
51566 1968
51567 1968
51568 1968
51569 1968
51570 1968
51571 1968
51572 1968
51573 1968
51574 1968
51575 1968
51576 1968
51577 1968
51578 1968
51579 1968
51580 1968
51581 1968
51582 1968
51583 1968
51584 1968
51585 1968
51586 1968
51587 1968
51588 1968
51589 1968
51590 1968
51591 1968
51592 1968
51593 1968
51594 1968
51595 1968
51596 1968
51597 1968
51598 1968
51599 1968
51600 1968
51601 1968
51602 1968
51603 1968
51604 1968
51605 1968
51606 1968
51607 1968
51608 1968
51609 1968
51610 1968
51611 1968
51612 1968
51613 1968
51614 1968
51615 1968
51616 1968
51617 1968
51618 1968
51619 1968
51620 1968
51621 1968
51622 1968
51623 1968
51624 1968
51625 1968
51626 1968
51627 1968
51628 1968
51629 1968
51630 1968
51631 1968
51632 1968
51633 1968
51634 1968
51635 1968
51636 1968
51637 1968
51638 1968
51639 1968
51640 1968
51641 1968
51642 1968
51643 1968
51644 1968
51645 1968
51646 1968
51647 1968
51648 1968
51649 1968
51650 1968
51651 1968
51652 1968
51653 1968
51654 1968
51655 1968
51656 1968
51657 1968
51658 1968
51659 1968
51660 1968
51661 1968
51662 1968
51663 1968
51664 1968
51665 1968
51666 1968
51667 1968
51668 1968
51669 1968
51670 1968
51671 1968
51672 1968
51673 1968
51674 1968
51675 1968
51676 1968
51677 1968
51678 1968
51679 1968
51680 1968
51681 1968
51682 1968
51683 1968
51684 1968
51685 1968
51686 1968
51687 1968
51688 1968
51689 1968
51690 1968
51691 1968
51692 1968
51693 1968
51694 1968
51695 1968
51696 1968
51697 1968
51698 1968
51699 1968
51700 1968
51701 1968
51702 1968
51703 1968
51704 1968
51705 1968
51706 1968
51707 1968
51708 1968
51709 1968
51710 1968
51711 1968
51712 1968
51713 1968
51714 1968
51715 1968
51716 1968
51717 1968
51718 1968
51719 1968
51720 1968
51721 1968
51722 1968
51723 1968
51724 1968
51725 1968
51726 1968
51727 1968
51728 1968
51729 1968
51730 1968
51731 1968
51732 1968
51733 1968
51734 1968
51735 1968
51736 1968
51737 1968
51738 1968
51739 1968
51740 1968
51741 1968
51742 1968
51743 1968
51744 1968
51745 1968
51746 1968
51747 1968
51748 1968
51749 1968
51750 1968
51751 1968
51752 1968
51753 1968
51754 1968
51755 1968
51756 1968
51757 1968
51758 1968
51759 1968
51760 1968
51761 1968
51762 1968
51763 1968
51764 1968
51765 1968
51766 1968
51767 1968
51768 1968
51769 1968
51770 1968
51771 1968
51772 1968
51773 1968
51774 1968
51775 1968
51776 1968
51777 1968
51778 1968
51779 1968
51780 1968
51781 1968
51782 1968
51783 1968
51784 1968
51785 1968
51786 1968
51787 1968
51788 1968
51789 1968
51790 1968
51791 1968
51792 1968
51793 1968
51794 1968
51795 1968
51796 1968
51797 1968
51798 1968
51799 1968
51800 1968
51801 1968
51802 1968
51803 1968
51804 1968
51805 1968
51806 1968
51807 1968
51808 1968
51809 1968
51810 1968
51811 1968
51812 1968
51813 1968
51814 1968
51815 1968
51816 1968
51817 1968
51818 1968
51819 1968
51820 1968
51821 1968
51822 1968
51823 1968
51824 1968
51825 1968
51826 1968
51827 1968
51828 1968
51829 1968
51830 1968
51831 1968
51832 1968
51833 1968
51834 1968
51835 1968
51836 1968
51837 1968
51838 1968
51839 1968
51840 1968
51841 1968
51842 1968
51843 1968
51844 1968
51845 1968
51846 1968
51847 1968
51848 1968
51849 1968
51850 1968
51851 1968
51852 1968
51853 1968
51854 1968
51855 1968
51856 1968
51857 1968
51858 1968
51859 1968
51860 1968
51861 1968
51862 1968
51863 1968
51864 1968
51865 1968
51866 1968
51867 1968
51868 1968
51869 1968
51870 1968
51871 1968
51872 1968
51873 1968
51874 1968
51875 1968
51876 1968
51877 1968
51878 1968
51879 1968
51880 1968
51881 1968
51882 1968
51883 1968
51884 1968
51885 1968
51886 1968
51887 1968
51888 1968
51889 1968
51890 1968
51891 1968
51892 1968
51893 1968
51894 1968
51895 1968
51896 1968
51897 1968
51898 1968
51899 1968
51900 1968
51901 1968
51902 1968
51903 1968
51904 1968
51905 1968
51906 1968
51907 1968
51908 1968
51909 1968
51910 1968
51911 1968
51912 1968
51913 1968
51914 1968
51915 1968
51916 1968
51917 1968
51918 1968
51919 1968
51920 1968
51921 1968
51922 1968
51923 1968
51924 1968
51925 1968
51926 1968
51927 1968
51928 1968
51929 1968
51930 1968
51931 1968
51932 1968
51933 1968
51934 1968
51935 1968
51936 1968
51937 1968
51938 1968
51939 1968
51940 1968
51941 1968
51942 1968
51943 1968
51944 1968
51945 1968
51946 1968
51947 1968
51948 1968
51949 1968
51950 1968
51951 1968
51952 1968
51953 1968
51954 1968
51955 1968
51956 1968
51957 1968
51958 1968
51959 1968
51960 1968
51961 1968
51962 1968
51963 1968
51964 1968
51965 1968
51966 1968
51967 1968
51968 1968
51969 1968
51970 1968
51971 1968
51972 1968
51973 1968
51974 1968
51975 1968
51976 1968
51977 1968
51978 1968
51979 1968
51980 1968
51981 1968
51982 1968
51983 1968
51984 1968
51985 1968
51986 1968
51987 1968
51988 1968
51989 1968
51990 1968
51991 1968
51992 1968
51993 1968
51994 1968
51995 1968
51996 1968
51997 1968
51998 1968
51999 1968
52000 1968
52001 1968
52002 1968
52003 1968
52004 1968
52005 1968
52006 1968
52007 1968
52008 1968
52009 1968
52010 1968
52011 1968
52012 1968
52013 1968
52014 1968
52015 1968
52016 1968
52017 1968
52018 1968
52019 1968
52020 1968
52021 1968
52022 1968
52023 1968
52024 1968
52025 1968
52026 1968
52027 1968
52028 1968
52029 1968
52030 1968
52031 1968
52032 1968
52033 1968
52034 1968
52035 1968
52036 1968
52037 1968
52038 1968
52039 1968
52040 1968
52041 1968
52042 1968
52043 1968
52044 1968
52045 1968
52046 1968
52047 1968
52048 1968
52049 1968
52050 1968
52051 1968
52052 1968
52053 1968
52054 1968
52055 1968
52056 1968
52057 1968
52058 1968
52059 1968
52060 1968
52061 1968
52062 1968
52063 1968
52064 1968
52065 1968
52066 1968
52067 1968
52068 1968
52069 1968
52070 1968
52071 1968
52072 1968
52073 1968
52074 1968
52075 1968
52076 1968
52077 1968
52078 1968
52079 1968
52080 1968
52081 1968
52082 1968
52083 1968
52084 1968
52085 1968
52086 1968
52087 1968
52088 1968
52089 1968
52090 1968
52091 1968
52092 1968
52093 1968
52094 1968
52095 1968
52096 1968
52097 1968
52098 1968
52099 1968
52100 1968
52101 1968
52102 1968
52103 1968
52104 1968
52105 1968
52106 1968
52107 1968
52108 1968
52109 1968
52110 1968
52111 1968
52112 1968
52113 1968
52114 1968
52115 1968
52116 1968
52117 1968
52118 1968
52119 1968
52120 1968
52121 1968
52122 1968
52123 1968
52124 1968
52125 1968
52126 1968
52127 1968
52128 1968
52129 1968
52130 1968
52131 1968
52132 1968
52133 1968
52134 1968
52135 1968
52136 1968
52137 1968
52138 1968
52139 1968
52140 1968
52141 1968
52142 1968
52143 1968
52144 1968
52145 1968
52146 1968
52147 1968
52148 1968
52149 1968
52150 1968
52151 1968
52152 1968
52153 1968
52154 1968
52155 1968
52156 1968
52157 1968
52158 1968
52159 1968
52160 1968
52161 1968
52162 1968
52163 1968
52164 1968
52165 1968
52166 1968
52167 1968
52168 1968
52169 1968
52170 1968
52171 1968
52172 1968
52173 1968
52174 1968
52175 1968
52176 1968
52177 1968
52178 1968
52179 1968
52180 1968
52181 1968
52182 1968
52183 1968
52184 1968
52185 1968
52186 1968
52187 1968
52188 1968
52189 1968
52190 1968
52191 1968
52192 1968
52193 1968
52194 1968
52195 1968
52196 1968
52197 1968
52198 1968
52199 1968
52200 1968
52201 1968
52202 1968
52203 1968
52204 1968
52205 1968
52206 1968
52207 1968
52208 1968
52209 1968
52210 1968
52211 1968
52212 1968
52213 1968
52214 1968
52215 1968
52216 1968
52217 1968
52218 1968
52219 1968
52220 1968
52221 1968
52222 1968
52223 1968
52224 1968
52225 1968
52226 1968
52227 1968
52228 1968
52229 1968
52230 1968
52231 1968
52232 1968
52233 1968
52234 1968
52235 1968
52236 1968
52237 1968
52238 1968
52239 1968
52240 1968
52241 1968
52242 1968
52243 1968
52244 1968
52245 1968
52246 1968
52247 1968
52248 1968
52249 1968
52250 1968
52251 1968
52252 1968
52253 1968
52254 1968
52255 1968
52256 1968
52257 1968
52258 1968
52259 1968
52260 1968
52261 1968
52262 1968
52263 1968
52264 1968
52265 1968
52266 1968
52267 1968
52268 1968
52269 1968
52270 1968
52271 1968
52272 1968
52273 1968
52274 1968
52275 1968
52276 1968
52277 1968
52278 1968
52279 1968
52280 1968
52281 1968
52282 1968
52283 1968
52284 1968
52285 1968
52286 1968
52287 1968
52288 1968
52289 1968
52290 1968
52291 1968
52292 1968
52293 1968
52294 1968
52295 1968
52296 1968
52297 1968
52298 1968
52299 1968
52300 1968
52301 1968
52302 1968
52303 1968
52304 1968
52305 1968
52306 1968
52307 1968
52308 1968
52309 1968
52310 1968
52311 1968
52312 1968
52313 1968
52314 1968
52315 1968
52316 1968
52317 1968
52318 1968
52319 1968
52320 1968
52321 1968
52322 1968
52323 1968
52324 1968
52325 1968
52326 1968
52327 1968
52328 1968
52329 1968
52330 1968
52331 1968
52332 1968
52333 1968
52334 1968
52335 1968
52336 1968
52337 1968
52338 1968
52339 1968
52340 1968
52341 1968
52342 1968
52343 1968
52344 1968
52345 1968
52346 1968
52347 1968
52348 1968
52349 1968
52350 1968
52351 1968
52352 1968
52353 1968
52354 1968
52355 1968
52356 1968
52357 1968
52358 1968
52359 1968
52360 1968
52361 1968
52362 1968
52363 1968
52364 1968
52365 1968
52366 1968
52367 1968
52368 1968
52369 1968
52370 1968
52371 1968
52372 1968
52373 1968
52374 1968
52375 1968
52376 1968
52377 1968
52378 1968
52379 1968
52380 1968
52381 1968
52382 1968
52383 1968
52384 1968
52385 1968
52386 1968
52387 1968
52388 1968
52389 1968
52390 1968
52391 1968
52392 1968
52393 1968
52394 1968
52395 1968
52396 1968
52397 1968
52398 1968
52399 1968
52400 1968
52401 1968
52402 1968
52403 1968
52404 1968
52405 1968
52406 1968
52407 1968
52408 1968
52409 1968
52410 1968
52411 1968
52412 1968
52413 1968
52414 1968
52415 1968
52416 1968
52417 1968
52418 1968
52419 1968
52420 1968
52421 1968
52422 1968
52423 1968
52424 1968
52425 1968
52426 1968
52427 1968
52428 1968
52429 1968
52430 1968
52431 1968
52432 1968
52433 1968
52434 1968
52435 1968
52436 1968
52437 1968
52438 1968
52439 1968
52440 1968
52441 1968
52442 1968
52443 1968
52444 1968
52445 1968
52446 1968
52447 1968
52448 1968
52449 1968
52450 1968
52451 1968
52452 1968
52453 1968
52454 1968
52455 1968
52456 1968
52457 1968
52458 1968
52459 1968
52460 1968
52461 1968
52462 1968
52463 1968
52464 1968
52465 1968
52466 1968
52467 1968
52468 1968
52469 1968
52470 1968
52471 1968
52472 1968
52473 1968
52474 1968
52475 1968
52476 1968
52477 1968
52478 1968
52479 1968
52480 1968
52481 1968
52482 1968
52483 1968
52484 1968
52485 1968
52486 1968
52487 1968
52488 1968
52489 1968
52490 1968
52491 1968
52492 1968
52493 1968
52494 1968
52495 1968
52496 1968
52497 1968
52498 1968
52499 1968
52500 1968
52501 1968
52502 1968
52503 1968
52504 1968
52505 1968
52506 1968
52507 1968
52508 1968
52509 1968
52510 1968
52511 1968
52512 1968
52513 1968
52514 1968
52515 1968
52516 1968
52517 1968
52518 1968
52519 1968
52520 1968
52521 1968
52522 1968
52523 1968
52524 1968
52525 1968
52526 1968
52527 1968
52528 1968
52529 1968
52530 1968
52531 1968
52532 1968
52533 1968
52534 1968
52535 1968
52536 1968
52537 1968
52538 1968
52539 1968
52540 1968
52541 1968
52542 1968
52543 1968
52544 1968
52545 1968
52546 1968
52547 1968
52548 1968
52549 1968
52550 1968
52551 1968
52552 1968
52553 1968
52554 1968
52555 1968
52556 1968
52557 1968
52558 1968
52559 1968
52560 1968
52561 1968
52562 1968
52563 1968
52564 1968
52565 1968
52566 1968
52567 1968
52568 1968
52569 1968
52570 1968
52571 1968
52572 1968
52573 1968
52574 1968
52575 1968
52576 1968
52577 1968
52578 1968
52579 1968
52580 1968
52581 1968
52582 1968
52583 1968
52584 1968
52585 1968
52586 1968
52587 1968
52588 1968
52589 1968
52590 1968
52591 1968
52592 1968
52593 1968
52594 1968
52595 1968
52596 1968
52597 1968
52598 1968
52599 1968
52600 1968
52601 1968
52602 1968
52603 1968
52604 1968
52605 1968
52606 1968
52607 1968
52608 1968
52609 1968
52610 1968
52611 1968
52612 1968
52613 1968
52614 1968
52615 1968
52616 1968
52617 1968
52618 1968
52619 1968
52620 1968
52621 1968
52622 1968
52623 1968
52624 1968
52625 1968
52626 1968
52627 1968
52628 1968
52629 1968
52630 1968
52631 1968
52632 1968
52633 1968
52634 1968
52635 1968
52636 1968
52637 1968
52638 1968
52639 1968
52640 1968
52641 1968
52642 1968
52643 1968
52644 1968
52645 1968
52646 1968
52647 1968
52648 1968
52649 1968
52650 1968
52651 1968
52652 1968
52653 1968
52654 1968
52655 1968
52656 1968
52657 1968
52658 1968
52659 1968
52660 1968
52661 1968
52662 1968
52663 1968
52664 1968
52665 1968
52666 1968
52667 1968
52668 1968
52669 1968
52670 1968
52671 1968
52672 1968
52673 1968
52674 1968
52675 1968
52676 1968
52677 1968
52678 1968
52679 1968
52680 1968
52681 1968
52682 1968
52683 1966
52684 1966
52685 1966
52686 1966
52687 1966
52688 1966
52689 1966
52690 1966
52691 1966
52692 1966
52693 1966
52694 1966
52695 1966
52696 1966
52697 1966
52698 1966
52699 1966
52700 1966
52701 1966
52702 1966
52703 1966
52704 1966
52705 1966
52706 1966
52707 1966
52708 1966
52709 1966
52710 1966
52711 1966
52712 1966
52713 1966
52714 1966
52715 1966
52716 1966
52717 1966
52718 1966
52719 1966
52720 1966
52721 1966
52722 1966
52723 1966
52724 1966
52725 1966
52726 1966
52727 1966
52728 1966
52729 1966
52730 1966
52731 1966
52732 1966
52733 1966
52734 1966
52735 1966
52736 1966
52737 1966
52738 1966
52739 1966
52740 1966
52741 1966
52742 1966
52743 1966
52744 1966
52745 1966
52746 1966
52747 1966
52748 1966
52749 1966
52750 1966
52751 1966
52752 1966
52753 1966
52754 1966
52755 1966
52756 1966
52757 1966
52758 1966
52759 1966
52760 1966
52761 1966
52762 1966
52763 1966
52764 1966
52765 1966
52766 1966
52767 1966
52768 1966
52769 1966
52770 1966
52771 1966
52772 1966
52773 1966
52774 1966
52775 1966
52776 1966
52777 1966
52778 1966
52779 1966
52780 1966
52781 1966
52782 1966
52783 1966
52784 1966
52785 1966
52786 1966
52787 1966
52788 1966
52789 1966
52790 1966
52791 1966
52792 1966
52793 1966
52794 1966
52795 1966
52796 1966
52797 1966
52798 1966
52799 1966
52800 1966
52801 1966
52802 1966
52803 1966
52804 1966
52805 1966
52806 1966
52807 1966
52808 1966
52809 1966
52810 1966
52811 1966
52812 1966
52813 1966
52814 1966
52815 1966
52816 1966
52817 1966
52818 1966
52819 1966
52820 1966
52821 1966
52822 1966
52823 1966
52824 1966
52825 1966
52826 1966
52827 1966
52828 1966
52829 1966
52830 1966
52831 1966
52832 1966
52833 1966
52834 1966
52835 1966
52836 1966
52837 1966
52838 1966
52839 1966
52840 1966
52841 1966
52842 1966
52843 1966
52844 1966
52845 1966
52846 1966
52847 1966
52848 1966
52849 1966
52850 1966
52851 1966
52852 1966
52853 1966
52854 1966
52855 1966
52856 1966
52857 1966
52858 1966
52859 1966
52860 1966
52861 1966
52862 1966
52863 1966
52864 1966
52865 1966
52866 1966
52867 1966
52868 1966
52869 1966
52870 1966
52871 1966
52872 1966
52873 1966
52874 1966
52875 1966
52876 1966
52877 1966
52878 1966
52879 1966
52880 1966
52881 1966
52882 1966
52883 1966
52884 1966
52885 1966
52886 1966
52887 1966
52888 1966
52889 1966
52890 1966
52891 1966
52892 1966
52893 1966
52894 1966
52895 1966
52896 1966
52897 1966
52898 1966
52899 1966
52900 1966
52901 1966
52902 1966
52903 1966
52904 1966
52905 1966
52906 1966
52907 1966
52908 1966
52909 1966
52910 1966
52911 1966
52912 1966
52913 1966
52914 1966
52915 1966
52916 1966
52917 1966
52918 1966
52919 1966
52920 1966
52921 1966
52922 1966
52923 1966
52924 1966
52925 1966
52926 1966
52927 1966
52928 1966
52929 1966
52930 1966
52931 1966
52932 1966
52933 1966
52934 1966
52935 1966
52936 1966
52937 1966
52938 1966
52939 1966
52940 1966
52941 1966
52942 1966
52943 1966
52944 1966
52945 1966
52946 1966
52947 1966
52948 1966
52949 1966
52950 1966
52951 1966
52952 1966
52953 1966
52954 1966
52955 1966
52956 1966
52957 1966
52958 1966
52959 1966
52960 1966
52961 1966
52962 1966
52963 1966
52964 1966
52965 1966
52966 1966
52967 1966
52968 1966
52969 1966
52970 1966
52971 1966
52972 1966
52973 1966
52974 1966
52975 1966
52976 1966
52977 1966
52978 1966
52979 1966
52980 1966
52981 1966
52982 1966
52983 1966
52984 1966
52985 1966
52986 1966
52987 1966
52988 1966
52989 1966
52990 1966
52991 1966
52992 1966
52993 1966
52994 1966
52995 1966
52996 1966
52997 1966
52998 1966
52999 1966
53000 1966
53001 1966
53002 1966
53003 1966
53004 1966
53005 1966
53006 1966
53007 1966
53008 1966
53009 1966
53010 1966
53011 1966
53012 1966
53013 1966
53014 1966
53015 1966
53016 1966
53017 1966
53018 1966
53019 1966
53020 1966
53021 1966
53022 1966
53023 1966
53024 1966
53025 1966
53026 1966
53027 1966
53028 1966
53029 1966
53030 1966
53031 1966
53032 1966
53033 1966
53034 1966
53035 1966
53036 1966
53037 1966
53038 1966
53039 1966
53040 1966
53041 1966
53042 1966
53043 1966
53044 1966
53045 1966
53046 1966
53047 1966
53048 1966
53049 1966
53050 1966
53051 1966
53052 1966
53053 1966
53054 1966
53055 1966
53056 1966
53057 1966
53058 1966
53059 1966
53060 1966
53061 1966
53062 1966
53063 1966
53064 1966
53065 1966
53066 1966
53067 1966
53068 1966
53069 1966
53070 1966
53071 1966
53072 1966
53073 1966
53074 1966
53075 1966
53076 1966
53077 1966
53078 1966
53079 1966
53080 1966
53081 1966
53082 1966
53083 1966
53084 1966
53085 1966
53086 1966
53087 1966
53088 1966
53089 1966
53090 1966
53091 1966
53092 1966
53093 1966
53094 1966
53095 1966
53096 1966
53097 1966
53098 1966
53099 1966
53100 1966
53101 1966
53102 1966
53103 1966
53104 1966
53105 1966
53106 1966
53107 1966
53108 1966
53109 1966
53110 1966
53111 1966
53112 1966
53113 1966
53114 1966
53115 1966
53116 1966
53117 1966
53118 1966
53119 1966
53120 1966
53121 1966
53122 1966
53123 1966
53124 1966
53125 1966
53126 1966
53127 1966
53128 1966
53129 1966
53130 1966
53131 1966
53132 1966
53133 1966
53134 1966
53135 1966
53136 1966
53137 1966
53138 1966
53139 1966
53140 1966
53141 1966
53142 1966
53143 1966
53144 1966
53145 1966
53146 1966
53147 1966
53148 1966
53149 1966
53150 1966
53151 1966
53152 1966
53153 1966
53154 1966
53155 1966
53156 1966
53157 1966
53158 1966
53159 1966
53160 1966
53161 1966
53162 1966
53163 1966
53164 1966
53165 1966
53166 1966
53167 1966
53168 1966
53169 1966
53170 1966
53171 1966
53172 1966
53173 1966
53174 1966
53175 1966
53176 1966
53177 1966
53178 1966
53179 1966
53180 1966
53181 1966
53182 1966
53183 1966
53184 1966
53185 1966
53186 1966
53187 1966
53188 1966
53189 1966
53190 1966
53191 1966
53192 1966
53193 1966
53194 1966
53195 1966
53196 1966
53197 1966
53198 1966
53199 1966
53200 1966
53201 1966
53202 1966
53203 1966
53204 1966
53205 1966
53206 1966
53207 1966
53208 1966
53209 1966
53210 1966
53211 1966
53212 1966
53213 1966
53214 1966
53215 1966
53216 1966
53217 1966
53218 1966
53219 1966
53220 1966
53221 1966
53222 1966
53223 1966
53224 1966
53225 1966
53226 1966
53227 1966
53228 1966
53229 1966
53230 1966
53231 1966
53232 1966
53233 1966
53234 1966
53235 1966
53236 1966
53237 1966
53238 1966
53239 1966
53240 1966
53241 1966
53242 1966
53243 1966
53244 1966
53245 1966
53246 1966
53247 1966
53248 1966
53249 1966
53250 1966
53251 1966
53252 1966
53253 1966
53254 1966
53255 1966
53256 1966
53257 1966
53258 1966
53259 1966
53260 1966
53261 1966
53262 1966
53263 1966
53264 1966
53265 1966
53266 1966
53267 1966
53268 1966
53269 1966
53270 1966
53271 1966
53272 1966
53273 1966
53274 1965
53275 1965
53276 1965
53277 1965
53278 1965
53279 1965
53280 1965
53281 1965
53282 1965
53283 1965
53284 1965
53285 1965
53286 1965
53287 1965
53288 1965
53289 1965
53290 1965
53291 1965
53292 1965
53293 1965
53294 1965
53295 1965
53296 1965
53297 1965
53298 1965
53299 1965
53300 1965
53301 1965
53302 1965
53303 1965
53304 1965
53305 1965
53306 1965
53307 1965
53308 1965
53309 1965
53310 1965
53311 1965
53312 1965
53313 1965
53314 1965
53315 1965
53316 1965
53317 1965
53318 1965
53319 1965
53320 1965
53321 1965
53322 1965
53323 1965
53324 1965
53325 1965
53326 1965
53327 1965
53328 1965
53329 1965
53330 1965
53331 1965
53332 1965
53333 1965
53334 1965
53335 1965
53336 1965
53337 1965
53338 1965
53339 1965
53340 1965
53341 1965
53342 1965
53343 1965
53344 1965
53345 1965
53346 1965
53347 1965
53348 1965
53349 1965
53350 1965
53351 1965
53352 1965
53353 1965
53354 1965
53355 1965
53356 1965
53357 1965
53358 1965
53359 1965
53360 1965
53361 1965
53362 1965
53363 1965
53364 1965
53365 1965
53366 1965
53367 1965
53368 1965
53369 1965
53370 1965
53371 1965
53372 1965
53373 1965
53374 1965
53375 1965
53376 1965
53377 1965
53378 1965
53379 1965
53380 1965
53381 1965
53382 1965
53383 1965
53384 1965
53385 1965
53386 1965
53387 1965
53388 1965
53389 1965
53390 1965
53391 1965
53392 1965
53393 1965
53394 1965
53395 1965
53396 1965
53397 1965
53398 1965
53399 1965
53400 1965
53401 1965
53402 1965
53403 1965
53404 1965
53405 1965
53406 1965
53407 1965
53408 1965
53409 1965
53410 1965
53411 1965
53412 1965
53413 1965
53414 1965
53415 1965
53416 1965
53417 1965
53418 1965
53419 1965
53420 1965
53421 1965
53422 1965
53423 1965
53424 1965
53425 1965
53426 1965
53427 1965
53428 1965
53429 1965
53430 1965
53431 1965
53432 1965
53433 1965
53434 1965
53435 1965
53436 1965
53437 1965
53438 1965
53439 1965
53440 1965
53441 1965
53442 1965
53443 1965
53444 1965
53445 1965
53446 1965
53447 1965
53448 1965
53449 1965
53450 1965
53451 1965
53452 1965
53453 1965
53454 1965
53455 1965
53456 1965
53457 1965
53458 1965
53459 1965
53460 1965
53461 1965
53462 1965
53463 1965
53464 1965
53465 1965
53466 1965
53467 1965
53468 1965
53469 1965
53470 1965
53471 1965
53472 1965
53473 1965
53474 1965
53475 1965
53476 1965
53477 1965
53478 1965
53479 1965
53480 1965
53481 1965
53482 1965
53483 1965
53484 1965
53485 1965
53486 1965
53487 1965
53488 1965
53489 1965
53490 1965
53491 1965
53492 1965
53493 1965
53494 1965
53495 1965
53496 1965
53497 1965
53498 1965
53499 1965
53500 1965
53501 1965
53502 1965
53503 1965
53504 1965
53505 1965
53506 1965
53507 1965
53508 1965
53509 1965
53510 1965
53511 1965
53512 1965
53513 1965
53514 1965
53515 1965
53516 1965
53517 1965
53518 1965
53519 1965
53520 1965
53521 1965
53522 1965
53523 1965
53524 1965
53525 1965
53526 1965
53527 1965
53528 1965
53529 1965
53530 1965
53531 1965
53532 1965
53533 1965
53534 1965
53535 1965
53536 1965
53537 1965
53538 1965
53539 1965
53540 1965
53541 1965
53542 1965
53543 1965
53544 1965
53545 1965
53546 1964
53547 1964
53548 1964
53549 1964
53550 1964
53551 1964
53552 1964
53553 1964
53554 1964
53555 1964
53556 1964
53557 1964
53558 1964
53559 1964
53560 1964
53561 1964
53562 1964
53563 1964
53564 1964
53565 1964
53566 1964
53567 1964
53568 1964
53569 1964
53570 1964
53571 1964
53572 1964
53573 1964
53574 1964
53575 1964
53576 1964
53577 1964
53578 1964
53579 1964
53580 1964
53581 1964
53582 1964
53583 1964
53584 1964
53585 1964
53586 1964
53587 1964
53588 1964
53589 1964
53590 1964
53591 1964
53592 1964
53593 1964
53594 1964
53595 1964
53596 1964
53597 1964
53598 1964
53599 1964
53600 1964
53601 1964
53602 1964
53603 1964
53604 1964
53605 1964
53606 1964
53607 1964
53608 1964
53609 1964
53610 1964
53611 1964
53612 1964
53613 1964
53614 1964
53615 1964
53616 1964
53617 1964
53618 1964
53619 1964
53620 1964
53621 1964
53622 1964
53623 1964
53624 1964
53625 1964
53626 1964
53627 1964
53628 1964
53629 1964
53630 1964
53631 1964
53632 1964
53633 1964
53634 1964
53635 1964
53636 1964
53637 1964
53638 1964
53639 1964
53640 1964
53641 1964
53642 1964
53643 1964
53644 1964
53645 1964
53646 1964
53647 1964
53648 1964
53649 1964
53650 1964
53651 1964
53652 1964
53653 1964
53654 1964
53655 1964
53656 1964
53657 1964
53658 1964
53659 1964
53660 1964
53661 1964
53662 1964
53663 1964
53664 1964
53665 1964
53666 1964
53667 1964
53668 1964
53669 1964
53670 1964
53671 1964
53672 1964
53673 1964
53674 1964
53675 1964
53676 1964
53677 1964
53678 1964
53679 1964
53680 1964
53681 1964
53682 1964
53683 1964
53684 1964
53685 1964
53686 1964
53687 1964
53688 1964
53689 1964
53690 1964
53691 1964
53692 1964
53693 1964
53694 1964
53695 1964
53696 1964
53697 1964
53698 1964
53699 1964
53700 1964
53701 1964
53702 1964
53703 1964
53704 1964
53705 1964
53706 1964
53707 1964
53708 1964
53709 1964
53710 1964
53711 1964
53712 1964
53713 1964
53714 1964
53715 1964
53716 1964
53717 1964
53718 1964
53719 1964
53720 1964
53721 1964
53722 1964
53723 1964
53724 1964
53725 1964
53726 1964
53727 1964
53728 1964
53729 1964
53730 1964
53731 1964
53732 1964
53733 1964
53734 1964
53735 1964
53736 1964
53737 1964
53738 1964
53739 1964
53740 1964
53741 1964
53742 1964
53743 1964
53744 1964
53745 1964
53746 1964
53747 1964
53748 1964
53749 1964
53750 1964
53751 1964
53752 1964
53753 1964
53754 1964
53755 1964
53756 1964
53757 1964
53758 1964
53759 1964
53760 1964
53761 1964
53762 1964
53763 1964
53764 1964
53765 1964
53766 1964
53767 1964
53768 1964
53769 1964
53770 1964
53771 1964
53772 1964
53773 1964
53774 1964
53775 1964
53776 1964
53777 1964
53778 1964
53779 1964
53780 1964
53781 1964
53782 1964
53783 1964
53784 1964
53785 1964
53786 1964
53787 1964
53788 1964
53789 1964
53790 1964
53791 1964
53792 1964
53793 1964
53794 1964
53795 1964
53796 1964
53797 1964
53798 1964
53799 1964
53800 1964
53801 1964
53802 1964
53803 1964
53804 1964
53805 1964
53806 1964
53807 1964
53808 1964
53809 1964
53810 1964
53811 1964
53812 1964
53813 1964
53814 1964
53815 1964
53816 1964
53817 1964
53818 1964
53819 1964
53820 1964
53821 1964
53822 1964
53823 1964
53824 1964
53825 1964
53826 1964
53827 1964
53828 1964
53829 1964
53830 1964
53831 1964
53832 1964
53833 1964
53834 1964
53835 1964
53836 1964
53837 1964
53838 1964
53839 1964
53840 1964
53841 1964
53842 1964
53843 1964
53844 1964
53845 1964
53846 1964
53847 1964
53848 1964
53849 1964
53850 1964
53851 1964
53852 1964
53853 1964
53854 1964
53855 1964
53856 1964
53857 1964
53858 1964
53859 1964
53860 1964
53861 1964
53862 1964
53863 1964
53864 1964
53865 1964
53866 1964
53867 1964
53868 1964
53869 1964
53870 1964
53871 1964
53872 1964
53873 1964
53874 1964
53875 1964
53876 1964
53877 1964
53878 1964
53879 1964
53880 1964
53881 1964
53882 1964
53883 1964
53884 1964
53885 1964
53886 1964
53887 1964
53888 1964
53889 1964
53890 1964
53891 1964
53892 1964
53893 1964
53894 1964
53895 1964
53896 1964
53897 1964
53898 1964
53899 1964
53900 1964
53901 1964
53902 1964
53903 1964
53904 1964
53905 1964
53906 1964
53907 1964
53908 1964
53909 1964
53910 1964
53911 1964
53912 1964
53913 1964
53914 1964
53915 1964
53916 1964
53917 1964
53918 1964
53919 1964
53920 1964
53921 1964
53922 1964
53923 1964
53924 1964
53925 1964
53926 1964
53927 1964
53928 1964
53929 1964
53930 1964
53931 1964
53932 1964
53933 1964
53934 1964
53935 1964
53936 1964
53937 1964
53938 1964
53939 1964
53940 1964
53941 1964
53942 1964
53943 1964
53944 1964
53945 1964
53946 1964
53947 1964
53948 1964
53949 1964
53950 1964
53951 1964
53952 1964
53953 1964
53954 1964
53955 1964
53956 1964
53957 1964
53958 1964
53959 1964
53960 1964
53961 1964
53962 1964
53963 1964
53964 1964
53965 1964
53966 1964
53967 1964
53968 1964
53969 1964
53970 1964
53971 1964
53972 1964
53973 1964
53974 1964
53975 1964
53976 1964
53977 1964
53978 1964
53979 1964
53980 1964
53981 1964
53982 1964
53983 1964
53984 1964
53985 1964
53986 1964
53987 1964
53988 1964
53989 1964
53990 1964
53991 1964
53992 1964
53993 1964
53994 1964
53995 1964
53996 1964
53997 1964
53998 1964
53999 1964
54000 1964
54001 1964
54002 1964
54003 1964
54004 1964
54005 1964
54006 1964
54007 1964
54008 1964
54009 1964
54010 1964
54011 1964
54012 1964
54013 1964
54014 1964
54015 1964
54016 1964
54017 1964
54018 1964
54019 1964
54020 1964
54021 1964
54022 1964
54023 1964
54024 1964
54025 1964
54026 1964
54027 1964
54028 1964
54029 1964
54030 1964
54031 1964
54032 1964
54033 1964
54034 1964
54035 1964
54036 1964
54037 1964
54038 1964
54039 1964
54040 1964
54041 1964
54042 1964
54043 1964
54044 1964
54045 1964
54046 1964
54047 1964
54048 1964
54049 1964
54050 1964
54051 1964
54052 1964
54053 1964
54054 1964
54055 1964
54056 1964
54057 1964
54058 1964
54059 1964
54060 1964
54061 1964
54062 1964
54063 1964
54064 1964
54065 1964
54066 1964
54067 1964
54068 1964
54069 1964
54070 1964
54071 1964
54072 1964
54073 1964
54074 1964
54075 1964
54076 1964
54077 1964
54078 1964
54079 1964
54080 1964
54081 1964
54082 1964
54083 1964
54084 1964
54085 1964
54086 1964
54087 1964
54088 1964
54089 1964
54090 1964
54091 1964
54092 1964
54093 1964
54094 1964
54095 1964
54096 1964
54097 1964
54098 1964
54099 1964
54100 1964
54101 1964
54102 1964
54103 1964
54104 1964
54105 1964
54106 1964
54107 1964
54108 1964
54109 1964
54110 1964
54111 1964
54112 1964
54113 1964
54114 1964
54115 1964
54116 1964
54117 1964
54118 1964
54119 1964
54120 1964
54121 1964
54122 1964
54123 1964
54124 1964
54125 1964
54126 1964
54127 1964
54128 1964
54129 1964
54130 1964
54131 1964
54132 1964
54133 1964
54134 1964
54135 1964
54136 1964
54137 1964
54138 1964
54139 1964
54140 1964
54141 1964
54142 1964
54143 1964
54144 1964
54145 1964
54146 1964
54147 1964
54148 1964
54149 1964
54150 1964
54151 1964
54152 1964
54153 1964
54154 1964
54155 1964
54156 1964
54157 1964
54158 1964
54159 1964
54160 1964
54161 1964
54162 1964
54163 1964
54164 1964
54165 1964
54166 1964
54167 1964
54168 1964
54169 1964
54170 1964
54171 1964
54172 1964
54173 1964
54174 1964
54175 1964
54176 1964
54177 1964
54178 1964
54179 1964
54180 1964
54181 1964
54182 1964
54183 1964
54184 1964
54185 1964
54186 1964
54187 1964
54188 1964
54189 1964
54190 1964
54191 1964
54192 1964
54193 1964
54194 1964
54195 1964
54196 1964
54197 1964
54198 1964
54199 1964
54200 1964
54201 1964
54202 1964
54203 1964
54204 1964
54205 1964
54206 1964
54207 1964
54208 1964
54209 1964
54210 1964
54211 1964
54212 1964
54213 1964
54214 1964
54215 1964
54216 1964
54217 1964
54218 1964
54219 1964
54220 1964
54221 1964
54222 1964
54223 1964
54224 1964
54225 1964
54226 1964
54227 1964
54228 1964
54229 1964
54230 1964
54231 1964
54232 1964
54233 1964
54234 1964
54235 1964
54236 1964
54237 1964
54238 1964
54239 1964
54240 1964
54241 1964
54242 1964
54243 1964
54244 1964
54245 1964
54246 1964
54247 1964
54248 1964
54249 1964
54250 1964
54251 1964
54252 1964
54253 1964
54254 1964
54255 1964
54256 1964
54257 1964
54258 1964
54259 1964
54260 1964
54261 1964
54262 1964
54263 1964
54264 1964
54265 1964
54266 1964
54267 1964
54268 1964
54269 1964
54270 1964
54271 1964
54272 1964
54273 1964
54274 1964
54275 1964
54276 1964
54277 1964
54278 1964
54279 1964
54280 1964
54281 1964
54282 1964
54283 1964
54284 1964
54285 1964
54286 1964
54287 1964
54288 1964
54289 1964
54290 1964
54291 1964
54292 1964
54293 1964
54294 1964
54295 1964
54296 1964
54297 1964
54298 1964
54299 1964
54300 1964
54301 1964
54302 1964
54303 1964
54304 1964
54305 1964
54306 1964
54307 1964
54308 1964
54309 1964
54310 1964
54311 1964
54312 1964
54313 1964
54314 1964
54315 1964
54316 1964
54317 1964
54318 1964
54319 1964
54320 1964
54321 1964
54322 1964
54323 1964
54324 1964
54325 1964
54326 1964
54327 1964
54328 1964
54329 1964
54330 1964
54331 1964
54332 1964
54333 1964
54334 1964
54335 1964
54336 1964
54337 1964
54338 1964
54339 1964
54340 1964
54341 1964
54342 1964
54343 1964
54344 1964
54345 1964
54346 1964
54347 1964
54348 1964
54349 1964
54350 1964
54351 1964
54352 1964
54353 1964
54354 1964
54355 1964
54356 1964
54357 1964
54358 1964
54359 1964
54360 1964
54361 1964
54362 1964
54363 1964
54364 1964
54365 1964
54366 1964
54367 1964
54368 1964
54369 1964
54370 1964
54371 1964
54372 1964
54373 1964
54374 1964
54375 1964
54376 1964
54377 1964
54378 1964
54379 1964
54380 1964
54381 1964
54382 1964
54383 1964
54384 1964
54385 1964
54386 1964
54387 1964
54388 1964
54389 1964
54390 1964
54391 1964
54392 1964
54393 1964
54394 1964
54395 1964
54396 1964
54397 1964
54398 1964
54399 1964
54400 1964
54401 1964
54402 1964
54403 1964
54404 1964
54405 1964
54406 1964
54407 1964
54408 1964
54409 1964
54410 1964
54411 1964
54412 1964
54413 1964
54414 1964
54415 1964
54416 1964
54417 1964
54418 1964
54419 1964
54420 1964
54421 1964
54422 1964
54423 1964
54424 1964
54425 1964
54426 1964
54427 1964
54428 1964
54429 1964
54430 1964
54431 1964
54432 1964
54433 1964
54434 1964
54435 1964
54436 1964
54437 1964
54438 1964
54439 1964
54440 1964
54441 1964
54442 1964
54443 1964
54444 1964
54445 1964
54446 1964
54447 1964
54448 1964
54449 1964
54450 1964
54451 1964
54452 1964
54453 1964
54454 1964
54455 1964
54456 1964
54457 1964
54458 1964
54459 1964
54460 1964
54461 1964
54462 1964
54463 1964
54464 1964
54465 1964
54466 1964
54467 1964
54468 1964
54469 1964
54470 1964
54471 1964
54472 1964
54473 1964
54474 1964
54475 1964
54476 1964
54477 1964
54478 1964
54479 1964
54480 1964
54481 1964
54482 1964
54483 1964
54484 1964
54485 1964
54486 1964
54487 1964
54488 1964
54489 1964
54490 1964
54491 1964
54492 1964
54493 1964
54494 1964
54495 1964
54496 1964
54497 1964
54498 1964
54499 1964
54500 1964
54501 1964
54502 1964
54503 1964
54504 1964
54505 1964
54506 1964
54507 1964
54508 1964
54509 1964
54510 1964
54511 1964
54512 1964
54513 1964
54514 1964
54515 1964
54516 1964
54517 1964
54518 1964
54519 1964
54520 1964
54521 1964
54522 1964
54523 1964
54524 1964
54525 1964
54526 1964
54527 1964
54528 1964
54529 1964
54530 1964
54531 1964
54532 1964
54533 1964
54534 1964
54535 1964
54536 1964
54537 1964
54538 1964
54539 1964
54540 1964
54541 1964
54542 1964
54543 1964
54544 1964
54545 1964
54546 1964
54547 1964
54548 1964
54549 1964
54550 1964
54551 1964
54552 1964
54553 1964
54554 1964
54555 1964
54556 1964
54557 1964
54558 1964
54559 1964
54560 1964
54561 1964
54562 1964
54563 1964
54564 1964
54565 1964
54566 1964
54567 1964
54568 1964
54569 1964
54570 1964
54571 1964
54572 1964
54573 1964
54574 1964
54575 1964
54576 1964
54577 1964
54578 1964
54579 1964
54580 1964
54581 1964
54582 1964
54583 1964
54584 1964
54585 1964
54586 1964
54587 1964
54588 1964
54589 1964
54590 1964
54591 1964
54592 1964
54593 1964
54594 1964
54595 1964
54596 1964
54597 1964
54598 1964
54599 1964
54600 1964
54601 1964
54602 1964
54603 1964
54604 1964
54605 1964
54606 1964
54607 1964
54608 1964
54609 1964
54610 1964
54611 1964
54612 1964
54613 1964
54614 1964
54615 1964
54616 1964
54617 1964
54618 1964
54619 1964
54620 1964
54621 1964
54622 1964
54623 1964
54624 1964
54625 1964
54626 1964
54627 1964
54628 1964
54629 1964
54630 1964
54631 1964
54632 1964
54633 1964
54634 1964
54635 1964
54636 1964
54637 1964
54638 1964
54639 1964
54640 1964
54641 1964
54642 1964
54643 1964
54644 1964
54645 1964
54646 1964
54647 1964
54648 1964
54649 1964
54650 1964
54651 1964
54652 1964
54653 1964
54654 1964
54655 1964
54656 1964
54657 1964
54658 1964
54659 1964
54660 1964
54661 1964
54662 1964
54663 1964
54664 1964
54665 1964
54666 1964
54667 1964
54668 1964
54669 1964
54670 1964
54671 1964
54672 1964
54673 1964
54674 1964
54675 1964
54676 1964
54677 1964
54678 1964
54679 1964
54680 1964
54681 1964
54682 1964
54683 1964
54684 1964
54685 1964
54686 1964
54687 1964
54688 1964
54689 1964
54690 1964
54691 1964
54692 1964
54693 1964
54694 1964
54695 1964
54696 1964
54697 1964
54698 1964
54699 1964
54700 1964
54701 1964
54702 1964
54703 1964
54704 1964
54705 1964
54706 1964
54707 1964
54708 1964
54709 1964
54710 1964
54711 1964
54712 1964
54713 1964
54714 1964
54715 1964
54716 1964
54717 1964
54718 1964
54719 1964
54720 1964
54721 1964
54722 1964
54723 1964
54724 1964
54725 1964
54726 1964
54727 1964
54728 1964
54729 1964
54730 1964
54731 1964
54732 1964
54733 1964
54734 1964
54735 1964
54736 1964
54737 1964
54738 1964
54739 1964
54740 1964
54741 1964
54742 1964
54743 1964
54744 1964
54745 1964
54746 1964
54747 1964
54748 1964
54749 1964
54750 1964
54751 1964
54752 1964
54753 1964
54754 1964
54755 1964
54756 1964
54757 1964
54758 1964
54759 1964
54760 1964
54761 1964
54762 1964
54763 1964
54764 1964
54765 1964
54766 1964
54767 1964
54768 1964
54769 1964
54770 1964
54771 1964
54772 1964
54773 1964
54774 1964
54775 1964
54776 1964
54777 1964
54778 1964
54779 1964
54780 1964
54781 1964
54782 1964
54783 1964
54784 1964
54785 1964
54786 1964
54787 1964
54788 1964
54789 1964
54790 1964
54791 1964
54792 1964
54793 1964
54794 1964
54795 1964
54796 1964
54797 1964
54798 1964
54799 1964
54800 1964
54801 1964
54802 1964
54803 1964
54804 1964
54805 1964
54806 1964
54807 1964
54808 1964
54809 1964
54810 1964
54811 1964
54812 1964
54813 1964
54814 1964
54815 1964
54816 1964
54817 1964
54818 1964
54819 1964
54820 1964
54821 1964
54822 1964
54823 1964
54824 1964
54825 1964
54826 1964
54827 1964
54828 1964
54829 1964
54830 1964
54831 1964
54832 1964
54833 1964
54834 1964
54835 1964
54836 1964
54837 1964
54838 1964
54839 1964
54840 1964
54841 1964
54842 1964
54843 1964
54844 1964
54845 1964
54846 1964
54847 1964
54848 1964
54849 1964
54850 1964
54851 1964
54852 1964
54853 1964
54854 1964
54855 1964
54856 1964
54857 1961
54858 1961
54859 1961
54860 1961
54861 1961
54862 1961
54863 1961
54864 1961
54865 1961
54866 1961
54867 1961
54868 1961
54869 1961
54870 1961
54871 1961
54872 1961
54873 1961
54874 1961
54875 1961
54876 1961
54877 1961
54878 1961
54879 1961
54880 1958
54881 1958
54882 1958
54883 1958
54884 1958
54885 1958
54886 1958
54887 1958
54888 1958
54889 1958
54890 1958
54891 1958
54892 1958
54893 1958
54894 1958
54895 1958
54896 1958
54897 1958
54898 1958
54899 1958
54900 1958
54901 1958
54902 1958
54903 1958
54904 1958
54905 1958
54906 1958
54907 1958
54908 1958
54909 1958
54910 1958
54911 1958
54912 1958
54913 1958
54914 1958
54915 1958
54916 1958
54917 1958
54918 1958
54919 1958
54920 1958
54921 1958
54922 1958
54923 1958
54924 1958
54925 1958
54926 1958
54927 1958
54928 1958
54929 1958
54930 1958
54931 1958
54932 1958
54933 1958
54934 1958
54935 1958
54936 1958
54937 1958
54938 1958
54939 1958
54940 1958
54941 1958
54942 1958
54943 1958
54944 1958
54945 1958
54946 1958
54947 1958
54948 1958
54949 1958
54950 1958
54951 1958
54952 1958
54953 1958
54954 1958
54955 1958
54956 1958
54957 1958
54958 1958
54959 1958
54960 1958
54961 1958
54962 1958
54963 1958
54964 1958
54965 1958
54966 1958
54967 1958
54968 1958
54969 1958
54970 1958
54971 1958
54972 1958
54973 1958
54974 1958
54975 1958
54976 1958
54977 1958
54978 1958
54979 1958
54980 1958
54981 1958
54982 1958
54983 1958
54984 1958
54985 1958
54986 1958
54987 1958
54988 1958
54989 1958
54990 1958
54991 1958
54992 1958
54993 1958
54994 1958
54995 1958
54996 1958
54997 1958
54998 1958
54999 1958
55000 1958
55001 1958
55002 1958
55003 1958
55004 1958
55005 1958
55006 1958
55007 1958
55008 1958
55009 1958
55010 1958
55011 1958
55012 1958
55013 1958
55014 1958
55015 1958
55016 1958
55017 1958
55018 1958
55019 1958
55020 1958
55021 1958
55022 1958
55023 1958
55024 1958
55025 1958
55026 1958
55027 1958
55028 1958
55029 1958
55030 1958
55031 1958
55032 1958
55033 1958
55034 1958
55035 1958
55036 1958
55037 1958
55038 1958
55039 1958
55040 1958
55041 1958
55042 1958
55043 1958
55044 1958
55045 1958
55046 1958
55047 1958
55048 1958
55049 1958
55050 1958
55051 1958
55052 1958
55053 1958
55054 1957
55055 1957
55056 1957
55057 1957
55058 1957
55059 1957
55060 1957
55061 1957
55062 1957
55063 1957
55064 1957
55065 1957
55066 1957
55067 1957
55068 1957
55069 1957
55070 1957
55071 1957
55072 1957
55073 1957
55074 1957
55075 1957
55076 1957
55077 1957
55078 1957
55079 1957
55080 1957
55081 1957
55082 1957
55083 1957
55084 1957
55085 1957
55086 1957
55087 1957
55088 1957
55089 1957
55090 1957
55091 1957
55092 1957
55093 1957
55094 1957
55095 1957
55096 1957
55097 1957
55098 1957
55099 1957
55100 1957
55101 1957
55102 1957
55103 1957
55104 1957
55105 1957
55106 1957
55107 1957
55108 1957
55109 1957
55110 1957
55111 1957
55112 1957
55113 1957
55114 1957
55115 1957
55116 1957
55117 1957
55118 1957
55119 1957
55120 1957
55121 1957
55122 1957
55123 1957
55124 1957
55125 1957
55126 1957
55127 1957
55128 1957
55129 1957
55130 1957
55131 1957
55132 1957
55133 1957
55134 1957
55135 1957
55136 1957
55137 1957
55138 1957
55139 1957
55140 1957
55141 1957
55142 1957
55143 1957
55144 1957
55145 1957
55146 1957
55147 1957
55148 1957
55149 1957
55150 1957
55151 1957
55152 1957
55153 1957
55154 1957
55155 1957
55156 1957
55157 1957
55158 1957
55159 1957
55160 1957
55161 1957
55162 1957
55163 1957
55164 1957
55165 1957
55166 1957
55167 1957
55168 1957
55169 1957
55170 1957
55171 1957
55172 1957
55173 1957
55174 1957
55175 1957
55176 1957
55177 1957
55178 1957
55179 1957
55180 1957
55181 1957
55182 1957
55183 1957
55184 1957
55185 1957
55186 1957
55187 1957
55188 1957
55189 1957
55190 1957
55191 1957
55192 1957
55193 1957
55194 1957
55195 1957
55196 1957
55197 1957
55198 1957
55199 1957
55200 1957
55201 1957
55202 1957
55203 1957
55204 1957
55205 1957
55206 1957
55207 1957
55208 1957
55209 1957
55210 1957
55211 1957
55212 1957
55213 1957
55214 1957
55215 1957
55216 1957
55217 1957
55218 1957
55219 1957
55220 1957
55221 1957
55222 1957
55223 1957
55224 1957
55225 1957
55226 1957
55227 1957
55228 1957
55229 1957
55230 1957
55231 1957
55232 1957
55233 1957
55234 1957
55235 1957
55236 1957
55237 1957
55238 1957
55239 1957
55240 1957
55241 1957
55242 1957
55243 1957
55244 1957
55245 1957
55246 1957
55247 1957
55248 1957
55249 1957
55250 1957
55251 1957
55252 1957
55253 1957
55254 1957
55255 1957
55256 1957
55257 1957
55258 1957
55259 1957
55260 1957
55261 1957
55262 1957
55263 1957
55264 1957
55265 1957
55266 1957
55267 1957
55268 1957
55269 1957
55270 1957
55271 1957
55272 1957
55273 1957
55274 1957
55275 1957
55276 1957
55277 1957
55278 1957
55279 1957
55280 1957
55281 1957
55282 1957
55283 1957
55284 1957
55285 1957
55286 1957
55287 1957
55288 1957
55289 1957
55290 1957
55291 1957
55292 1957
55293 1957
55294 1957
55295 1957
55296 1957
55297 1957
55298 1957
55299 1957
55300 1957
55301 1957
55302 1957
55303 1957
55304 1957
55305 1957
55306 1957
55307 1957
55308 1957
55309 1957
55310 1957
55311 1957
55312 1957
55313 1957
55314 1957
55315 1957
55316 1957
55317 1957
55318 1957
55319 1957
55320 1957
55321 1957
55322 1957
55323 1957
55324 1957
55325 1957
55326 1957
55327 1957
55328 1957
55329 1957
55330 1957
55331 1957
55332 1957
55333 1957
55334 1957
55335 1957
55336 1957
55337 1957
55338 1957
55339 1957
55340 1957
55341 1957
55342 1957
55343 1957
55344 1957
55345 1957
55346 1957
55347 1957
55348 1957
55349 1957
55350 1957
55351 1957
55352 1957
55353 1957
55354 1957
55355 1957
55356 1957
55357 1957
55358 1957
55359 1957
55360 1957
55361 1957
55362 1957
55363 1957
55364 1957
55365 1957
55366 1957
55367 1957
55368 1957
55369 1957
55370 1957
55371 1957
55372 1957
55373 1957
55374 1957
55375 1957
55376 1957
55377 1957
55378 1957
55379 1957
55380 1957
55381 1957
55382 1957
55383 1957
55384 1957
55385 1957
55386 1957
55387 1957
55388 1957
55389 1957
55390 1957
55391 1957
55392 1957
55393 1957
55394 1957
55395 1957
55396 1957
55397 1957
55398 1957
55399 1957
55400 1957
55401 1957
55402 1957
55403 1957
55404 1957
55405 1957
55406 1957
55407 1957
55408 1957
55409 1957
55410 1957
55411 1957
55412 1957
55413 1957
55414 1957
55415 1957
55416 1957
55417 1957
55418 1957
55419 1957
55420 1957
55421 1957
55422 1957
55423 1957
55424 1957
55425 1957
55426 1957
55427 1957
55428 1957
55429 1957
55430 1957
55431 1957
55432 1957
55433 1957
55434 1957
55435 1957
55436 1957
55437 1957
55438 1957
55439 1957
55440 1957
55441 1957
55442 1957
55443 1957
55444 1957
55445 1957
55446 1957
55447 1957
55448 1957
55449 1957
55450 1957
55451 1957
55452 1957
55453 1957
55454 1957
55455 1957
55456 1957
55457 1957
55458 1957
55459 1957
55460 1957
55461 1957
55462 1957
55463 1957
55464 1957
55465 1957
55466 1957
55467 1957
55468 1957
55469 1957
55470 1957
55471 1957
55472 1957
55473 1957
55474 1957
55475 1957
55476 1957
55477 1957
55478 1957
55479 1957
55480 1957
55481 1957
55482 1957
55483 1957
55484 1957
55485 1957
55486 1957
55487 1957
55488 1957
55489 1957
55490 1957
55491 1957
55492 1957
55493 1957
55494 1957
55495 1957
55496 1957
55497 1957
55498 1957
55499 1957
55500 1957
55501 1957
55502 1957
55503 1957
55504 1957
55505 1957
55506 1957
55507 1957
55508 1957
55509 1957
55510 1957
55511 1957
55512 1957
55513 1957
55514 1957
55515 1957
55516 1957
55517 1957
55518 1957
55519 1957
55520 1957
55521 1957
55522 1957
55523 1957
55524 1946
55525 1946
55526 1946
55527 1946
55528 1946
55529 1946
55530 1946
55531 1946
55532 1946
55533 1946
55534 1946
55535 1946
55536 1946
55537 1946
55538 1946
55539 1946
55540 1946
55541 1946
55542 1946
55543 1946
55544 1946
55545 1946
55546 1946
55547 1946
55548 1946
55549 1946
55550 1946
55551 1946
55552 1946
55553 1946
55554 1946
55555 1946
55556 1946
55557 1946
55558 1946
55559 1946
55560 1946
55561 1946
55562 1946
55563 1946
55564 1946
55565 1946
55566 1946
55567 1946
55568 1946
55569 1946
55570 1946
55571 1946
55572 1946
55573 1946
55574 1946
55575 1946
55576 1946
55577 1946
55578 1946
55579 1946
55580 1946
55581 1946
55582 1946
55583 1946
55584 1946
55585 1946
55586 1946
55587 1946
55588 1946
55589 1946
55590 1946
55591 1946
55592 1943
55593 1943
55594 1943
55595 1943
55596 1943
55597 1943
55598 1943
55599 1943
55600 1943
55601 1943
55602 1943
55603 1943
55604 1943
55605 1943
55606 1943
55607 1943
55608 1943
55609 1943
55610 1943
55611 1943
55612 1943
55613 1943
55614 1943
55615 1943
55616 1943
55617 1943
55618 1943
55619 1943
55620 1943
55621 1943
55622 1943
55623 1943
55624 1943
55625 1943
55626 1943
55627 1943
55628 1943
55629 1943
55630 1943
55631 1943
55632 1943
55633 1943
55634 1943
55635 1943
55636 1943
55637 1943
55638 1943
55639 1943
55640 1943
55641 1943
55642 1943
55643 1943
55644 1943
55645 1943
55646 1943
55647 1943
55648 1943
55649 1943
55650 1943
55651 1943
55652 1943
55653 1943
55654 1943
55655 1943
55656 1943
55657 1943
55658 1943
55659 1943
55660 1943
55661 1943
55662 1943
55663 1943
55664 1943
55665 1943
55666 1943
55667 1943
55668 1942
55669 1942
55670 1942
55671 1942
55672 1942
55673 1942
55674 1942
55675 1942
55676 1942
55677 1942
55678 1942
55679 1942
55680 1942
55681 1942
55682 1942
55683 1942
55684 1942
55685 1942
55686 1942
55687 1942
55688 1942
55689 1942
55690 1942
55691 1942
55692 1942
55693 1942
55694 1942
55695 1942
55696 1942
55697 1942
55698 1942
55699 1942
55700 1942
55701 1942
55702 1942
55703 1942
55704 1942
55705 1942
55706 1942
55707 1942
55708 1942
55709 1942
55710 1942
55711 1942
55712 1942
55713 1942
55714 1942
55715 1942
55716 1942
55717 1942
55718 1942
55719 1942
55720 1942
55721 1942
55722 1942
55723 1942
55724 1942
55725 1942
55726 1942
55727 1942
55728 1942
55729 1942
55730 1942
55731 1942
55732 1942
55733 1942
55734 1942
55735 1942
55736 1942
55737 1942
55738 1942
55739 1942
55740 1942
55741 1942
55742 1942
55743 1942
55744 1942
55745 1942
55746 1942
55747 1942
55748 1942
55749 1942
55750 1942
55751 1942
55752 1942
55753 1942
55754 1942
55755 1942
55756 1942
55757 1942
55758 1942
55759 1942
55760 1942
55761 1942
55762 1942
55763 1942
55764 1942
55765 1942
55766 1942
55767 1942
55768 1942
55769 1942
55770 1942
55771 1942
55772 1942
55773 1942
55774 1942
55775 1942
55776 1942
55777 1942
55778 1942
55779 1942
55780 1942
55781 1942
55782 1942
55783 1942
55784 1942
55785 1942
55786 1942
55787 1942
55788 1942
55789 1942
55790 1942
55791 1942
55792 1942
55793 1942
55794 1942
55795 1942
55796 1942
55797 1942
55798 1942
55799 1942
55800 1942
55801 1942
55802 1942
55803 1942
55804 1942
55805 1942
55806 1942
55807 1942
55808 1942
55809 1942
55810 1942
55811 1942
55812 1942
55813 1942
55814 1942
55815 1942
55816 1942
55817 1942
55818 1942
55819 1942
55820 1942
55821 1942
55822 1942
55823 1942
55824 1942
55825 1942
55826 1942
55827 1942
55828 1942
55829 1942
55830 1942
55831 1942
55832 1942
55833 1942
55834 1942
55835 1942
55836 1942
55837 1942
55838 1942
55839 1942
55840 1942
55841 1942
55842 1942
55843 1942
55844 1942
55845 1942
55846 1942
55847 1942
55848 1942
55849 1942
55850 1942
55851 1942
55852 1942
55853 1942
55854 1942
55855 1942
55856 1942
55857 1942
55858 1942
55859 1942
55860 1942
55861 1942
55862 1942
55863 1942
55864 1942
55865 1942
55866 1942
55867 1942
55868 1942
55869 1942
55870 1942
55871 1942
55872 1942
55873 1942
55874 1942
55875 1942
55876 1942
55877 1942
55878 1942
55879 1942
55880 1942
55881 1942
55882 1942
55883 1942
55884 1942
55885 1942
55886 1942
55887 1942
55888 1942
55889 1942
55890 1942
55891 1942
55892 1942
55893 1942
55894 1942
55895 1942
55896 1942
55897 1942
55898 1942
55899 1942
55900 1942
55901 1942
55902 1942
55903 1942
55904 1942
55905 1942
55906 1942
55907 1942
55908 1942
55909 1942
55910 1942
55911 1942
55912 1942
55913 1942
55914 1942
55915 1942
55916 1942
55917 1942
55918 1942
55919 1942
55920 1942
55921 1942
55922 1942
55923 1942
55924 1942
55925 1942
55926 1942
55927 1942
55928 1942
55929 1942
55930 1942
55931 1942
55932 1942
55933 1942
55934 1942
55935 1942
55936 1942
55937 1942
55938 1942
55939 1942
55940 1942
55941 1942
55942 1942
55943 1942
55944 1942
55945 1942
55946 1942
55947 1942
55948 1942
55949 1942
55950 1942
55951 1942
55952 1942
55953 1942
55954 1942
55955 1942
55956 1942
55957 1942
55958 1942
55959 1942
55960 1942
55961 1942
55962 1942
55963 1942
55964 1942
55965 1942
55966 1942
55967 1942
55968 1942
55969 1942
55970 1942
55971 1942
55972 1942
55973 1942
55974 1942
55975 1942
55976 1942
55977 1942
55978 1942
55979 1942
55980 1942
55981 1942
55982 1942
55983 1942
55984 1942
55985 1942
55986 1942
55987 1942
55988 1942
55989 1942
55990 1942
55991 1942
55992 1942
55993 1942
55994 1942
55995 1942
55996 1942
55997 1942
55998 1942
55999 1942
56000 1942
56001 1942
56002 1942
56003 1942
56004 1942
56005 1942
56006 1942
56007 1942
56008 1942
56009 1942
56010 1942
56011 1942
56012 1942
56013 1942
56014 1942
56015 1942
56016 1942
56017 1942
56018 1942
56019 1942
56020 1942
56021 1942
56022 1942
56023 1942
56024 1942
56025 1942
56026 1942
56027 1942
56028 1942
56029 1942
56030 1942
56031 1942
56032 1942
56033 1942
56034 1942
56035 1942
56036 1942
56037 1942
56038 1942
56039 1942
56040 1942
56041 1942
56042 1942
56043 1942
56044 1942
56045 1942
56046 1942
56047 1942
56048 1942
56049 1942
56050 1942
56051 1942
56052 1942
56053 1942
56054 1942
56055 1942
56056 1942
56057 1942
56058 1942
56059 1942
56060 1942
56061 1942
56062 1942
56063 1942
56064 1942
56065 1942
56066 1942
56067 1942
56068 1942
56069 1942
56070 1942
56071 1942
56072 1942
56073 1942
56074 1942
56075 1942
56076 1942
56077 1942
56078 1942
56079 1942
56080 1942
56081 1942
56082 1942
56083 1942
56084 1942
56085 1942
56086 1942
56087 1942
56088 1942
56089 1942
56090 1942
56091 1942
56092 1942
56093 1942
56094 1942
56095 1942
56096 1942
56097 1942
56098 1942
56099 1942
56100 1942
56101 1942
56102 1942
56103 1942
56104 1942
56105 1942
56106 1942
56107 1942
56108 1942
56109 1942
56110 1942
56111 1942
56112 1942
56113 1942
56114 1942
56115 1942
56116 1942
56117 1942
56118 1942
56119 1942
56120 1942
56121 1942
56122 1942
56123 1942
56124 1942
56125 1942
56126 1942
56127 1942
56128 1942
56129 1942
56130 1942
56131 1942
56132 1942
56133 1942
56134 1942
56135 1942
56136 1942
56137 1942
56138 1942
56139 1942
56140 1942
56141 1942
56142 1942
56143 1942
56144 1942
56145 1942
56146 1942
56147 1942
56148 1942
56149 1942
56150 1942
56151 1942
56152 1942
56153 1942
56154 1942
56155 1942
56156 1942
56157 1942
56158 1942
56159 1942
56160 1942
56161 1942
56162 1942
56163 1942
56164 1942
56165 1942
56166 1942
56167 1942
56168 1942
56169 1942
56170 1942
56171 1942
56172 1942
56173 1942
56174 1942
56175 1942
56176 1942
56177 1942
56178 1942
56179 1942
56180 1942
56181 1942
56182 1942
56183 1942
56184 1942
56185 1942
56186 1942
56187 1942
56188 1942
56189 1942
56190 1942
56191 1942
56192 1942
56193 1942
56194 1942
56195 1942
56196 1942
56197 1942
56198 1942
56199 1942
56200 1942
56201 1942
56202 1942
56203 1942
56204 1942
56205 1942
56206 1942
56207 1942
56208 1942
56209 1942
56210 1942
56211 1942
56212 1942
56213 1942
56214 1942
56215 1942
56216 1942
56217 1942
56218 1942
56219 1942
56220 1942
56221 1942
56222 1942
56223 1942
56224 1942
56225 1942
56226 1942
56227 1942
56228 1942
56229 1942
56230 1942
56231 1942
56232 1942
56233 1942
56234 1942
56235 1942
56236 1942
56237 1942
56238 1942
56239 1942
56240 1942
56241 1942
56242 1942
56243 1942
56244 1942
56245 1942
56246 1942
56247 1942
56248 1942
56249 1942
56250 1942
56251 1942
56252 1942
56253 1942
56254 1942
56255 1942
56256 1942
56257 1942
56258 1942
56259 1942
56260 1942
56261 1942
56262 1942
56263 1942
56264 1942
56265 1942
56266 1942
56267 1942
56268 1942
56269 1942
56270 1942
56271 1942
56272 1942
56273 1942
56274 1942
56275 1942
56276 1942
56277 1942
56278 1942
56279 1942
56280 1942
56281 1942
56282 1942
56283 1942
56284 1942
56285 1942
56286 1942
56287 1942
56288 1942
56289 1942
56290 1942
56291 1942
56292 1942
56293 1942
56294 1942
56295 1942
56296 1942
56297 1942
56298 1942
56299 1942
56300 1942
56301 1942
56302 1942
56303 1942
56304 1942
56305 1942
56306 1942
56307 1942
56308 1942
56309 1942
56310 1942
56311 1942
56312 1942
56313 1942
56314 1942
56315 1942
56316 1942
56317 1942
56318 1942
56319 1942
56320 1942
56321 1942
56322 1942
56323 1942
56324 1942
56325 1942
56326 1942
56327 1942
56328 1942
56329 1942
56330 1942
56331 1942
56332 1942
56333 1942
56334 1942
56335 1942
56336 1942
56337 1942
56338 1942
56339 1942
56340 1942
56341 1942
56342 1942
56343 1942
56344 1942
56345 1942
56346 1942
56347 1942
56348 1942
56349 1942
56350 1942
56351 1942
56352 1942
56353 1942
56354 1942
56355 1942
56356 1942
56357 1942
56358 1942
56359 1942
56360 1942
56361 1942
56362 1942
56363 1942
56364 1942
56365 1942
56366 1942
56367 1942
56368 1942
56369 1942
56370 1942
56371 1942
56372 1942
56373 1942
56374 1942
56375 1942
56376 1942
56377 1942
56378 1942
56379 1942
56380 1942
56381 1942
56382 1942
56383 1942
56384 1942
56385 1942
56386 1942
56387 1942
56388 1942
56389 1942
56390 1942
56391 1942
56392 1942
56393 1942
56394 1942
56395 1942
56396 1942
56397 1942
56398 1942
56399 1942
56400 1942
56401 1942
56402 1942
56403 1942
56404 1942
56405 1942
56406 1942
56407 1942
56408 1942
56409 1942
56410 1942
56411 1942
56412 1942
56413 1942
56414 1942
56415 1942
56416 1942
56417 1942
56418 1942
56419 1942
56420 1942
56421 1942
56422 1942
56423 1942
56424 1942
56425 1942
56426 1942
56427 1942
56428 1942
56429 1942
56430 1942
56431 1942
56432 1942
56433 1942
56434 1942
56435 1942
56436 1942
56437 1942
56438 1942
56439 1942
56440 1942
56441 1942
56442 1942
56443 1942
56444 1942
56445 1942
56446 1942
56447 1942
56448 1942
56449 1942
56450 1942
56451 1942
56452 1942
56453 1942
56454 1942
56455 1942
56456 1942
56457 1942
56458 1942
56459 1942
56460 1942
56461 1942
56462 1942
56463 1942
56464 1942
56465 1942
56466 1942
56467 1942
56468 1942
56469 1942
56470 1942
56471 1942
56472 1942
56473 1942
56474 1942
56475 1942
56476 1942
56477 1942
56478 1942
56479 1942
56480 1942
56481 1942
56482 1942
56483 1942
56484 1942
56485 1942
56486 1942
56487 1942
56488 1942
56489 1942
56490 1942
56491 1942
56492 1942
56493 1942
56494 1942
56495 1942
56496 1942
56497 1942
56498 1942
56499 1942
56500 1942
56501 1942
56502 1942
56503 1942
56504 1942
56505 1942
56506 1942
56507 1942
56508 1942
56509 1942
56510 1942
56511 1942
56512 1942
56513 1941
56514 1941
56515 1941
56516 1941
56517 1941
56518 1941
56519 1941
56520 1941
56521 1941
56522 1941
56523 1941
56524 1941
56525 1941
56526 1941
56527 1941
56528 1941
56529 1941
56530 1941
56531 1941
56532 1941
56533 1941
56534 1941
56535 1941
56536 1941
56537 1941
56538 1941
56539 1941
56540 1941
56541 1941
56542 1941
56543 1941
56544 1941
56545 1941
56546 1941
56547 1941
56548 1941
56549 1941
56550 1941
56551 1941
56552 1941
56553 1941
56554 1941
56555 1941
56556 1941
56557 1941
56558 1941
56559 1941
56560 1941
56561 1941
56562 1941
56563 1941
56564 1941
56565 1941
56566 1941
56567 1941
56568 1941
56569 1941
56570 1941
56571 1941
56572 1941
56573 1941
56574 1941
56575 1941
56576 1941
56577 1941
56578 1941
56579 1941
56580 1941
56581 1941
56582 1941
56583 1941
56584 1941
56585 1941
56586 1941
56587 1941
56588 1941
56589 1941
56590 1941
56591 1941
56592 1941
56593 1941
56594 1941
56595 1941
56596 1941
56597 1941
56598 1941
56599 1941
56600 1941
56601 1941
56602 1941
56603 1941
56604 1941
56605 1941
56606 1941
56607 1941
56608 1941
56609 1941
56610 1941
56611 1941
56612 1941
56613 1941
56614 1941
56615 1941
56616 1941
56617 1941
56618 1941
56619 1941
56620 1941
56621 1941
56622 1941
56623 1941
56624 1941
56625 1941
56626 1941
56627 1941
56628 1941
56629 1941
56630 1941
56631 1941
56632 1941
56633 1941
56634 1941
56635 1941
56636 1941
56637 1941
56638 1941
56639 1941
56640 1941
56641 1941
56642 1941
56643 1941
56644 1941
56645 1941
56646 1941
56647 1941
56648 1941
56649 1941
56650 1941
56651 1941
56652 1941
56653 1941
56654 1941
56655 1941
56656 1941
56657 1941
56658 1941
56659 1941
56660 1941
56661 1941
56662 1941
56663 1941
56664 1941
56665 1941
56666 1941
56667 1941
56668 1941
56669 1941
56670 1941
56671 1941
56672 1941
56673 1941
56674 1941
56675 1941
56676 1941
56677 1941
56678 1941
56679 1941
56680 1941
56681 1941
56682 1941
56683 1941
56684 1941
56685 1941
56686 1941
56687 1941
56688 1941
56689 1941
56690 1941
56691 1941
56692 1941
56693 1941
56694 1941
56695 1941
56696 1941
56697 1941
56698 1941
56699 1941
56700 1941
56701 1941
56702 1941
56703 1941
56704 1941
56705 1941
56706 1941
56707 1941
56708 1941
56709 1941
56710 1941
56711 1941
56712 1941
56713 1941
56714 1941
56715 1941
56716 1941
56717 1941
56718 1941
56719 1941
56720 1941
56721 1941
56722 1941
56723 1941
56724 1941
56725 1941
56726 1941
56727 1941
56728 1941
56729 1941
56730 1941
56731 1941
56732 1941
56733 1941
56734 1941
56735 1941
56736 1941
56737 1941
56738 1941
56739 1941
56740 1941
56741 1941
56742 1941
56743 1941
56744 1941
56745 1941
56746 1941
56747 1941
56748 1941
56749 1941
56750 1941
56751 1941
56752 1941
56753 1941
56754 1941
56755 1941
56756 1941
56757 1941
56758 1941
56759 1941
56760 1941
56761 1941
56762 1941
56763 1941
56764 1941
56765 1941
56766 1941
56767 1941
56768 1941
56769 1941
56770 1941
56771 1941
56772 1941
56773 1941
56774 1941
56775 1941
56776 1941
56777 1941
56778 1941
56779 1941
56780 1941
56781 1941
56782 1941
56783 1941
56784 1941
56785 1941
56786 1941
56787 1941
56788 1941
56789 1941
56790 1941
56791 1941
56792 1941
56793 1941
56794 1941
56795 1941
56796 1941
56797 1941
56798 1941
56799 1941
56800 1941
56801 1941
56802 1941
56803 1941
56804 1941
56805 1941
56806 1941
56807 1941
56808 1941
56809 1941
56810 1941
56811 1941
56812 1941
56813 1941
56814 1941
56815 1941
56816 1941
56817 1941
56818 1941
56819 1941
56820 1941
56821 1941
56822 1941
56823 1941
56824 1941
56825 1941
56826 1941
56827 1941
56828 1941
56829 1941
56830 1941
56831 1941
56832 1941
56833 1941
56834 1941
56835 1941
56836 1941
56837 1941
56838 1941
56839 1941
56840 1941
56841 1941
56842 1941
56843 1941
56844 1941
56845 1941
56846 1941
56847 1941
56848 1941
56849 1941
56850 1941
56851 1941
56852 1941
56853 1941
56854 1941
56855 1941
56856 1941
56857 1941
56858 1941
56859 1941
56860 1941
56861 1941
56862 1941
56863 1941
56864 1941
56865 1941
56866 1941
56867 1941
56868 1941
56869 1941
56870 1941
56871 1941
56872 1941
56873 1941
56874 1941
56875 1941
56876 1941
56877 1941
56878 1941
56879 1941
56880 1941
56881 1941
56882 1941
56883 1941
56884 1941
56885 1941
56886 1941
56887 1941
56888 1941
56889 1941
56890 1941
56891 1941
56892 1941
56893 1941
56894 1941
56895 1941
56896 1941
56897 1941
56898 1941
56899 1941
56900 1941
56901 1941
56902 1941
56903 1941
56904 1941
56905 1941
56906 1941
56907 1941
56908 1941
56909 1941
56910 1941
56911 1941
56912 1941
56913 1941
56914 1941
56915 1941
56916 1941
56917 1941
56918 1941
56919 1941
56920 1941
56921 1941
56922 1941
56923 1941
56924 1941
56925 1941
56926 1941
56927 1941
56928 1941
56929 1941
56930 1941
56931 1941
56932 1941
56933 1941
56934 1941
56935 1941
56936 1941
56937 1941
56938 1941
56939 1941
56940 1941
56941 1941
56942 1941
56943 1941
56944 1941
56945 1941
56946 1941
56947 1941
56948 1941
56949 1941
56950 1941
56951 1941
56952 1941
56953 1941
56954 1941
56955 1941
56956 1941
56957 1941
56958 1941
56959 1941
56960 1941
56961 1941
56962 1941
56963 1941
56964 1941
56965 1941
56966 1941
56967 1941
56968 1941
56969 1941
56970 1941
56971 1941
56972 1941
56973 1941
56974 1941
56975 1941
56976 1941
56977 1941
56978 1941
56979 1941
56980 1941
56981 1941
56982 1941
56983 1941
56984 1941
56985 1941
56986 1941
56987 1941
56988 1941
56989 1941
56990 1941
56991 1941
56992 1941
56993 1941
56994 1941
56995 1941
56996 1941
56997 1941
56998 1941
56999 1941
57000 1941
57001 1941
57002 1941
57003 1941
57004 1941
57005 1941
57006 1941
57007 1941
57008 1941
57009 1941
57010 1941
57011 1941
57012 1941
57013 1941
57014 1941
57015 1941
57016 1941
57017 1941
57018 1941
57019 1941
57020 1941
57021 1941
57022 1941
57023 1941
57024 1941
57025 1941
57026 1941
57027 1941
57028 1941
57029 1941
57030 1941
57031 1941
57032 1941
57033 1941
57034 1941
57035 1941
57036 1941
57037 1941
57038 1941
57039 1941
57040 1941
57041 1941
57042 1941
57043 1941
57044 1941
57045 1941
57046 1941
57047 1941
57048 1941
57049 1941
57050 1941
57051 1941
57052 1941
57053 1941
57054 1941
57055 1941
57056 1941
57057 1941
57058 1941
57059 1941
57060 1941
57061 1941
57062 1941
57063 1941
57064 1941
57065 1941
57066 1941
57067 1941
57068 1941
57069 1941
57070 1941
57071 1941
57072 1941
57073 1941
57074 1941
57075 1941
57076 1941
57077 1941
57078 1941
57079 1941
57080 1941
57081 1941
57082 1941
57083 1941
57084 1941
57085 1941
57086 1941
57087 1941
57088 1941
57089 1941
57090 1941
57091 1941
57092 1941
57093 1941
57094 1941
57095 1941
57096 1941
57097 1941
57098 1941
57099 1941
57100 1941
57101 1941
57102 1941
57103 1941
57104 1941
57105 1941
57106 1941
57107 1941
57108 1941
57109 1941
57110 1941
57111 1941
57112 1941
57113 1938
57114 1938
57115 1938
57116 1938
57117 1938
57118 1938
57119 1938
57120 1938
57121 1938
57122 1938
57123 1938
57124 1938
57125 1938
57126 1938
57127 1938
57128 1938
57129 1938
57130 1938
57131 1938
57132 1938
57133 1938
57134 1938
57135 1938
57136 1938
57137 1938
57138 1938
57139 1938
57140 1938
57141 1938
57142 1938
57143 1938
57144 1938
57145 1938
57146 1938
57147 1938
57148 1938
57149 1938
57150 1938
57151 1938
57152 1938
57153 1938
57154 1938
57155 1938
57156 1938
57157 1938
57158 1938
57159 1938
57160 1938
57161 1938
57162 1938
57163 1938
57164 1938
57165 1938
57166 1938
57167 1938
57168 1938
57169 1938
57170 1938
57171 1938
57172 1938
57173 1938
57174 1938
57175 1938
57176 1938
57177 1938
57178 1938
57179 1938
57180 1938
57181 1938
57182 1938
57183 1938
57184 1938
57185 1938
57186 1938
57187 1938
57188 1938
57189 1938
57190 1938
57191 1938
57192 1938
57193 1938
57194 1938
57195 1938
57196 1938
57197 1938
57198 1938
57199 1938
57200 1938
57201 1938
57202 1938
57203 1938
57204 1938
57205 1938
57206 1938
57207 1938
57208 1938
57209 1938
57210 1938
57211 1938
57212 1938
57213 1938
57214 1938
57215 1938
57216 1938
57217 1938
57218 1938
57219 1938
57220 1938
57221 1938
57222 1938
57223 1938
57224 1938
57225 1938
57226 1938
57227 1938
57228 1938
57229 1938
57230 1938
57231 1938
57232 1938
57233 1938
57234 1938
57235 1938
57236 1938
57237 1938
57238 1938
57239 1938
57240 1938
57241 1938
57242 1938
57243 1938
57244 1938
57245 1938
57246 1938
57247 1938
57248 1938
57249 1938
57250 1938
57251 1938
57252 1938
57253 1938
57254 1938
57255 1938
57256 1938
57257 1938
57258 1938
57259 1938
57260 1938
57261 1938
57262 1938
57263 1938
57264 1938
57265 1938
57266 1938
57267 1938
57268 1938
57269 1938
57270 1938
57271 1938
57272 1938
57273 1938
57274 1938
57275 1938
57276 1938
57277 1938
57278 1938
57279 1938
57280 1938
57281 1938
57282 1938
57283 1938
57284 1938
57285 1938
57286 1938
57287 1938
57288 1938
57289 1938
57290 1938
57291 1938
57292 1938
57293 1938
57294 1938
57295 1938
57296 1938
57297 1938
57298 1938
57299 1938
57300 1938
57301 1938
57302 1938
57303 1938
57304 1938
57305 1938
57306 1938
57307 1938
57308 1938
57309 1938
57310 1938
57311 1938
57312 1938
57313 1938
57314 1938
57315 1938
57316 1938
57317 1938
57318 1938
57319 1938
57320 1938
57321 1938
57322 1938
57323 1938
57324 1938
57325 1938
57326 1938
57327 1938
57328 1938
57329 1938
57330 1938
57331 1938
57332 1938
57333 1938
57334 1938
57335 1938
57336 1938
57337 1938
57338 1938
57339 1938
57340 1938
57341 1938
57342 1938
57343 1938
57344 1938
57345 1938
57346 1938
57347 1938
57348 1938
57349 1938
57350 1938
57351 1938
57352 1938
57353 1938
57354 1938
57355 1938
57356 1938
57357 1938
57358 1938
57359 1938
57360 1938
57361 1938
57362 1938
57363 1938
57364 1938
57365 1938
57366 1938
57367 1938
57368 1938
57369 1938
57370 1938
57371 1938
57372 1938
57373 1938
57374 1938
57375 1938
57376 1938
57377 1938
57378 1938
57379 1938
57380 1938
57381 1938
57382 1938
57383 1938
57384 1938
57385 1938
57386 1938
57387 1938
57388 1938
57389 1938
57390 1938
57391 1938
57392 1938
57393 1938
57394 1938
57395 1938
57396 1938
57397 1938
57398 1938
57399 1938
57400 1938
57401 1938
57402 1938
57403 1938
57404 1938
57405 1938
57406 1938
57407 1938
57408 1938
57409 1938
57410 1938
57411 1938
57412 1938
57413 1938
57414 1938
57415 1938
57416 1938
57417 1938
57418 1938
57419 1938
57420 1938
57421 1938
57422 1938
57423 1936
57424 1936
57425 1936
57426 1936
57427 1936
57428 1936
57429 1936
57430 1936
57431 1936
57432 1936
57433 1936
57434 1936
57435 1936
57436 1936
57437 1936
57438 1936
57439 1936
57440 1936
57441 1936
57442 1936
57443 1936
57444 1936
57445 1936
57446 1936
57447 1936
57448 1936
57449 1936
57450 1936
57451 1936
57452 1936
57453 1936
57454 1936
57455 1936
57456 1936
57457 1936
57458 1936
57459 1936
57460 1936
57461 1936
57462 1936
57463 1936
57464 1936
57465 1936
57466 1936
57467 1936
57468 1936
57469 1936
57470 1936
57471 1936
57472 1936
57473 1936
57474 1936
57475 1936
57476 1936
57477 1936
57478 1936
57479 1936
57480 1936
57481 1936
57482 1936
57483 1936
57484 1936
57485 1936
57486 1936
57487 1936
57488 1936
57489 1936
57490 1936
57491 1936
57492 1936
57493 1936
57494 1936
57495 1936
57496 1936
57497 1936
57498 1936
57499 1936
57500 1936
57501 1936
57502 1936
57503 1936
57504 1936
57505 1936
57506 1936
57507 1936
57508 1936
57509 1936
57510 1936
57511 1936
57512 1936
57513 1936
57514 1936
57515 1936
57516 1936
57517 1936
57518 1936
57519 1936
57520 1936
57521 1936
57522 1936
57523 1936
57524 1936
57525 1936
57526 1936
57527 1936
57528 1936
57529 1936
57530 1936
57531 1936
57532 1936
57533 1936
57534 1936
57535 1936
57536 1936
57537 1936
57538 1936
57539 1936
57540 1936
57541 1936
57542 1936
57543 1936
57544 1936
57545 1936
57546 1936
57547 1936
57548 1936
57549 1936
57550 1936
57551 1936
57552 1936
57553 1936
57554 1936
57555 1936
57556 1936
57557 1936
57558 1936
57559 1936
57560 1936
57561 1936
57562 1936
57563 1936
57564 1936
57565 1936
57566 1936
57567 1936
57568 1936
57569 1936
57570 1936
57571 1936
57572 1936
57573 1936
57574 1936
57575 1936
57576 1936
57577 1936
57578 1936
57579 1936
57580 1936
57581 1936
57582 1936
57583 1936
57584 1936
57585 1936
57586 1936
57587 1936
57588 1936
57589 1936
57590 1936
57591 1936
57592 1936
57593 1936
57594 1936
57595 1936
57596 1936
57597 1936
57598 1936
57599 1936
57600 1936
57601 1936
57602 1936
57603 1936
57604 1936
57605 1936
57606 1936
57607 1936
57608 1936
57609 1936
57610 1936
57611 1936
57612 1936
57613 1936
57614 1936
57615 1936
57616 1936
57617 1936
57618 1936
57619 1936
57620 1936
57621 1936
57622 1936
57623 1936
57624 1936
57625 1936
57626 1936
57627 1936
57628 1936
57629 1936
57630 1936
57631 1936
57632 1936
57633 1936
57634 1936
57635 1936
57636 1936
57637 1936
57638 1936
57639 1936
57640 1936
57641 1936
57642 1936
57643 1936
57644 1936
57645 1936
57646 1936
57647 1936
57648 1936
57649 1936
57650 1936
57651 1936
57652 1936
57653 1936
57654 1936
57655 1936
57656 1936
57657 1936
57658 1936
57659 1936
57660 1936
57661 1936
57662 1936
57663 1936
57664 1936
57665 1936
57666 1936
57667 1936
57668 1936
57669 1936
57670 1936
57671 1936
57672 1936
57673 1936
57674 1936
57675 1936
57676 1936
57677 1936
57678 1936
57679 1936
57680 1936
57681 1936
57682 1936
57683 1936
57684 1936
57685 1936
57686 1936
57687 1936
57688 1936
57689 1936
57690 1936
57691 1936
57692 1936
57693 1936
57694 1936
57695 1936
57696 1936
57697 1936
57698 1936
57699 1936
57700 1936
57701 1936
57702 1936
57703 1936
57704 1936
57705 1936
57706 1936
57707 1936
57708 1936
57709 1936
57710 1936
57711 1936
57712 1936
57713 1936
57714 1936
57715 1936
57716 1936
57717 1936
57718 1936
57719 1936
57720 1936
57721 1936
57722 1936
57723 1936
57724 1936
57725 1936
57726 1936
57727 1936
57728 1936
57729 1936
57730 1936
57731 1936
57732 1936
57733 1936
57734 1936
57735 1936
57736 1936
57737 1936
57738 1936
57739 1936
57740 1936
57741 1936
57742 1936
57743 1936
57744 1936
57745 1936
57746 1936
57747 1936
57748 1936
57749 1936
57750 1936
57751 1936
57752 1936
57753 1936
57754 1936
57755 1936
57756 1936
57757 1936
57758 1936
57759 1936
57760 1936
57761 1936
57762 1936
57763 1936
57764 1936
57765 1936
57766 1936
57767 1936
57768 1936
57769 1936
57770 1936
57771 1936
57772 1936
57773 1936
57774 1936
57775 1936
57776 1936
57777 1936
57778 1936
57779 1936
57780 1936
57781 1936
57782 1936
57783 1936
57784 1936
57785 1936
57786 1936
57787 1936
57788 1936
57789 1936
57790 1936
57791 1936
57792 1936
57793 1936
57794 1936
57795 1936
57796 1936
57797 1936
57798 1936
57799 1936
57800 1936
57801 1936
57802 1936
57803 1936
57804 1936
57805 1936
57806 1936
57807 1936
57808 1936
57809 1936
57810 1936
57811 1936
57812 1936
57813 1936
57814 1936
57815 1936
57816 1936
57817 1936
57818 1936
57819 1936
57820 1936
57821 1936
57822 1936
57823 1936
57824 1936
57825 1936
57826 1936
57827 1936
57828 1936
57829 1936
57830 1936
57831 1936
57832 1936
57833 1936
57834 1936
57835 1936
57836 1936
57837 1936
57838 1936
57839 1936
57840 1936
57841 1936
57842 1936
57843 1936
57844 1936
57845 1936
57846 1936
57847 1936
57848 1936
57849 1936
57850 1936
57851 1936
57852 1936
57853 1936
57854 1936
57855 1936
57856 1936
57857 1936
57858 1936
57859 1936
57860 1936
57861 1936
57862 1936
57863 1936
57864 1936
57865 1936
57866 1936
57867 1936
57868 1936
57869 1936
57870 1936
57871 1936
57872 1936
57873 1936
57874 1936
57875 1936
57876 1936
57877 1936
57878 1936
57879 1936
57880 1936
57881 1936
57882 1936
57883 1936
57884 1936
57885 1936
57886 1936
57887 1936
57888 1936
57889 1936
57890 1936
57891 1936
57892 1936
57893 1936
57894 1936
57895 1936
57896 1936
57897 1936
57898 1936
57899 1936
57900 1936
57901 1936
57902 1936
57903 1936
57904 1936
57905 1936
57906 1936
57907 1936
57908 1936
57909 1936
57910 1936
57911 1936
57912 1936
57913 1936
57914 1936
57915 1936
57916 1936
57917 1936
57918 1936
57919 1936
57920 1936
57921 1936
57922 1936
57923 1936
57924 1936
57925 1936
57926 1933
57927 1933
57928 1933
57929 1933
57930 1933
57931 1933
57932 1933
57933 1933
57934 1933
57935 1933
57936 1933
57937 1933
57938 1933
57939 1933
57940 1933
57941 1933
57942 1933
57943 1933
57944 1933
57945 1933
57946 1933
57947 1933
57948 1933
57949 1933
57950 1933
57951 1933
57952 1933
57953 1933
57954 1933
57955 1933
57956 1933
57957 1933
57958 1933
57959 1933
57960 1933
57961 1933
57962 1933
57963 1933
57964 1933
57965 1933
57966 1933
57967 1933
57968 1933
57969 1933
57970 1933
57971 1933
57972 1933
57973 1933
57974 1933
57975 1933
57976 1933
57977 1933
57978 1933
57979 1933
57980 1933
57981 1933
57982 1933
57983 1933
57984 1933
57985 1933
57986 1933
57987 1933
57988 1933
57989 1933
57990 1933
57991 1933
57992 1933
57993 1933
57994 1933
57995 1933
57996 1933
57997 1933
57998 1933
57999 1933
58000 1933
58001 1933
58002 1933
58003 1933
58004 1933
58005 1933
58006 1933
58007 1933
58008 1933
58009 1933
58010 1933
58011 1933
58012 1933
58013 1933
58014 1933
58015 1933
58016 1933
58017 1933
58018 1933
58019 1933
58020 1933
58021 1933
58022 1933
58023 1933
58024 1933
58025 1933
58026 1933
58027 1933
58028 1933
58029 1933
58030 1933
58031 1933
58032 1933
58033 1933
58034 1933
58035 1933
58036 1933
58037 1933
58038 1933
58039 1933
58040 1933
58041 1933
58042 1933
58043 1933
58044 1933
58045 1933
58046 1933
58047 1933
58048 1933
58049 1933
58050 1933
58051 1933
58052 1933
58053 1933
58054 1933
58055 1933
58056 1933
58057 1933
58058 1933
58059 1933
58060 1933
58061 1933
58062 1933
58063 1933
58064 1933
58065 1933
58066 1933
58067 1933
58068 1933
58069 1933
58070 1933
58071 1933
58072 1933
58073 1933
58074 1933
58075 1933
58076 1933
58077 1933
58078 1933
58079 1933
58080 1933
58081 1933
58082 1933
58083 1933
58084 1933
58085 1933
58086 1933
58087 1933
58088 1933
58089 1933
58090 1933
58091 1933
58092 1933
58093 1933
58094 1933
58095 1933
58096 1933
58097 1933
58098 1933
58099 1933
58100 1933
58101 1933
58102 1933
58103 1933
58104 1933
58105 1933
58106 1933
58107 1933
58108 1933
58109 1933
58110 1933
58111 1933
58112 1933
58113 1933
58114 1933
58115 1933
58116 1933
58117 1933
58118 1933
58119 1933
58120 1933
58121 1933
58122 1933
58123 1933
58124 1933
58125 1933
58126 1933
58127 1933
58128 1933
58129 1933
58130 1933
58131 1933
58132 1933
58133 1933
58134 1933
58135 1933
58136 1933
58137 1933
58138 1933
58139 1933
58140 1933
58141 1933
58142 1933
58143 1933
58144 1933
58145 1933
58146 1933
58147 1933
58148 1933
58149 1933
58150 1933
58151 1933
58152 1933
58153 1933
58154 1933
58155 1933
58156 1933
58157 1933
58158 1933
58159 1933
58160 1933
58161 1933
58162 1933
58163 1933
58164 1933
58165 1933
58166 1933
58167 1933
58168 1933
58169 1933
58170 1933
58171 1933
58172 1933
58173 1933
58174 1933
58175 1933
58176 1933
58177 1933
58178 1933
58179 1933
58180 1933
58181 1933
58182 1933
58183 1933
58184 1933
58185 1933
58186 1933
58187 1933
58188 1933
58189 1933
58190 1933
58191 1933
58192 1933
58193 1933
58194 1933
58195 1933
58196 1933
58197 1933
58198 1933
58199 1933
58200 1933
58201 1933
58202 1933
58203 1933
58204 1933
58205 1933
58206 1933
58207 1933
58208 1933
58209 1933
58210 1933
58211 1933
58212 1933
58213 1933
58214 1933
58215 1933
58216 1933
58217 1933
58218 1933
58219 1933
58220 1933
58221 1933
58222 1933
58223 1933
58224 1933
58225 1933
58226 1933
58227 1933
58228 1933
58229 1933
58230 1933
58231 1933
58232 1933
58233 1933
58234 1933
58235 1933
58236 1933
58237 1933
58238 1933
58239 1933
58240 1933
58241 1933
58242 1933
58243 1933
58244 1933
58245 1933
58246 1933
58247 1933
58248 1933
58249 1933
58250 1933
58251 1933
58252 1933
58253 1933
58254 1933
58255 1933
58256 1933
58257 1933
58258 1933
58259 1933
58260 1933
58261 1933
58262 1933
58263 1933
58264 1933
58265 1933
58266 1933
58267 1933
58268 1933
58269 1933
58270 1933
58271 1933
58272 1933
58273 1933
58274 1933
58275 1933
58276 1933
58277 1933
58278 1933
58279 1933
58280 1933
58281 1933
58282 1933
58283 1933
58284 1933
58285 1933
58286 1933
58287 1933
58288 1933
58289 1933
58290 1933
58291 1933
58292 1933
58293 1933
58294 1933
58295 1933
58296 1933
58297 1933
58298 1933
58299 1933
58300 1933
58301 1933
58302 1933
58303 1933
58304 1933
58305 1933
58306 1933
58307 1933
58308 1933
58309 1933
58310 1933
58311 1933
58312 1933
58313 1933
58314 1933
58315 1933
58316 1933
58317 1933
58318 1933
58319 1933
58320 1933
58321 1933
58322 1933
58323 1933
58324 1933
58325 1933
58326 1933
58327 1933
58328 1933
58329 1933
58330 1933
58331 1933
58332 1933
58333 1933
58334 1933
58335 1933
58336 1933
58337 1933
58338 1933
58339 1933
58340 1933
58341 1933
58342 1933
58343 1933
58344 1933
58345 1933
58346 1933
58347 1933
58348 1933
58349 1933
58350 1933
58351 1933
58352 1933
58353 1933
58354 1933
58355 1933
58356 1933
58357 1933
58358 1933
58359 1933
58360 1933
58361 1933
58362 1933
58363 1933
58364 1933
58365 1933
58366 1933
58367 1933
58368 1933
58369 1933
58370 1933
58371 1933
58372 1933
58373 1933
58374 1933
58375 1933
58376 1933
58377 1933
58378 1933
58379 1933
58380 1933
58381 1933
58382 1933
58383 1933
58384 1933
58385 1933
58386 1933
58387 1933
58388 1933
58389 1933
58390 1933
58391 1933
58392 1933
58393 1933
58394 1933
58395 1933
58396 1933
58397 1933
58398 1933
58399 1933
58400 1933
58401 1933
58402 1933
58403 1933
58404 1933
58405 1933
58406 1933
58407 1933
58408 1933
58409 1933
58410 1933
58411 1933
58412 1933
58413 1933
58414 1933
58415 1933
58416 1933
58417 1933
58418 1933
58419 1933
58420 1933
58421 1933
58422 1933
58423 1933
58424 1933
58425 1933
58426 1933
58427 1933
58428 1933
58429 1933
58430 1933
58431 1933
58432 1933
58433 1933
58434 1933
58435 1933
58436 1933
58437 1933
58438 1933
58439 1933
58440 1933
58441 1933
58442 1933
58443 1933
58444 1933
58445 1933
58446 1933
58447 1933
58448 1933
58449 1933
58450 1933
58451 1933
58452 1933
58453 1933
58454 1933
58455 1933
58456 1933
58457 1933
58458 1933
58459 1933
58460 1933
58461 1933
58462 1933
58463 1933
58464 1933
58465 1933
58466 1933
58467 1933
58468 1933
58469 1933
58470 1933
58471 1933
58472 1933
58473 1933
58474 1933
58475 1933
58476 1933
58477 1933
58478 1933
58479 1933
58480 1933
58481 1933
58482 1933
58483 1933
58484 1933
58485 1933
58486 1933
58487 1933
58488 1933
58489 1933
58490 1933
58491 1933
58492 1933
58493 1933
58494 1933
58495 1933
58496 1933
58497 1933
58498 1933
58499 1933
58500 1933
58501 1933
58502 1933
58503 1933
58504 1933
58505 1933
58506 1933
58507 1933
58508 1933
58509 1933
58510 1933
58511 1933
58512 1933
58513 1933
58514 1933
58515 1933
58516 1933
58517 1933
58518 1933
58519 1933
58520 1933
58521 1933
58522 1933
58523 1933
58524 1933
58525 1933
58526 1933
58527 1933
58528 1933
58529 1933
58530 1933
58531 1933
58532 1933
58533 1933
58534 1933
58535 1933
58536 1933
58537 1933
58538 1933
58539 1933
58540 1933
58541 1933
58542 1933
58543 1933
58544 1933
58545 1933
58546 1933
58547 1933
58548 1933
58549 1933
58550 1933
58551 1933
58552 1933
58553 1933
58554 1933
58555 1933
58556 1933
58557 1933
58558 1933
58559 1933
58560 1933
58561 1933
58562 1933
58563 1933
58564 1933
58565 1933
58566 1933
58567 1933
58568 1933
58569 1933
58570 1933
58571 1933
58572 1933
58573 1933
58574 1933
58575 1933
58576 1933
58577 1933
58578 1933
58579 1933
58580 1933
58581 1933
58582 1933
58583 1933
58584 1933
58585 1933
58586 1933
58587 1933
58588 1933
58589 1933
58590 1933
58591 1933
58592 1933
58593 1933
58594 1933
58595 1933
58596 1933
58597 1933
58598 1933
58599 1933
58600 1933
58601 1933
58602 1933
58603 1933
58604 1933
58605 1933
58606 1933
58607 1933
58608 1933
58609 1933
58610 1933
58611 1933
58612 1933
58613 1933
58614 1933
58615 1933
58616 1933
58617 1933
58618 1933
58619 1933
58620 1933
58621 1933
58622 1933
58623 1933
58624 1933
58625 1933
58626 1933
58627 1933
58628 1933
58629 1933
58630 1933
58631 1933
58632 1933
58633 1933
58634 1933
58635 1933
58636 1933
58637 1933
58638 1933
58639 1933
58640 1933
58641 1933
58642 1923
58643 1923
58644 1923
58645 1923
58646 1923
58647 1923
58648 1923
58649 1923
58650 1923
58651 1923
58652 1923
58653 1923
58654 1923
58655 1923
58656 1923
58657 1923
58658 1923
58659 1923
58660 1923
58661 1923
58662 1923
58663 1923
58664 1923
58665 1923
58666 1923
58667 1923
58668 1923
58669 1923
58670 1923
58671 1923
58672 1923
58673 1923
58674 1923
58675 1923
58676 1923
58677 1923
58678 1923
58679 1923
58680 1923
58681 1923
58682 1923
58683 1923
58684 1923
58685 1923
58686 1923
58687 1923
58688 1923
58689 1923
58690 1923
58691 1923
58692 1923
58693 1923
58694 1923
58695 1923
58696 1923
58697 1923
58698 1923
58699 1923
58700 1923
58701 1923
58702 1923
58703 1923
58704 1923
58705 1923
58706 1923
58707 1923
58708 1923
58709 1923
58710 1923
58711 1923
58712 1923
58713 1923
58714 1923
58715 1923
58716 1923
58717 1923
58718 1923
58719 1923
58720 1923
58721 1923
58722 1923
58723 1923
58724 1923
58725 1923
58726 1923
58727 1923
58728 1923
58729 1923
58730 1923
58731 1923
58732 1923
58733 1923
58734 1923
58735 1923
58736 1923
58737 1923
58738 1923
58739 1923
58740 1923
58741 1923
58742 1923
58743 1923
58744 1923
58745 1923
58746 1923
58747 1923
58748 1923
58749 1923
58750 1923
58751 1923
58752 1923
58753 1923
58754 1923
58755 1923
58756 1923
58757 1923
58758 1923
58759 1923
58760 1923
58761 1923
58762 1923
58763 1923
58764 1923
58765 1923
58766 1923
58767 1923
58768 1923
58769 1923
58770 1923
58771 1923
58772 1923
58773 1923
58774 1923
58775 1923
58776 1923
58777 1923
58778 1923
58779 1923
58780 1923
58781 1923
58782 1923
58783 1923
58784 1923
58785 1923
58786 1923
58787 1923
58788 1923
58789 1923
58790 1923
58791 1923
58792 1923
58793 1923
58794 1923
58795 1923
58796 1923
58797 1923
58798 1923
58799 1923
58800 1923
58801 1923
58802 1923
58803 1923
58804 1923
58805 1923
58806 1923
58807 1923
58808 1923
58809 1923
58810 1923
58811 1923
58812 1923
58813 1923
58814 1923
58815 1923
58816 1923
58817 1923
58818 1923
58819 1923
58820 1923
58821 1923
58822 1923
58823 1923
58824 1923
58825 1923
58826 1923
58827 1923
58828 1923
58829 1923
58830 1923
58831 1923
58832 1923
58833 1923
58834 1923
58835 1923
58836 1923
58837 1923
58838 1923
58839 1923
58840 1923
58841 1923
58842 1923
58843 1923
58844 1923
58845 1923
58846 1923
58847 1923
58848 1923
58849 1923
58850 1923
58851 1923
58852 1923
58853 1923
58854 1923
58855 1923
58856 1923
58857 1923
58858 1923
58859 1923
58860 1923
58861 1923
58862 1923
58863 1923
58864 1923
58865 1923
58866 1923
58867 1923
58868 1923
58869 1923
58870 1923
58871 1923
58872 1923
58873 1923
58874 1923
58875 1923
58876 1923
58877 1923
58878 1923
58879 1923
58880 1923
58881 1923
58882 1923
58883 1923
58884 1923
58885 1923
58886 1923
58887 1923
58888 1923
58889 1923
58890 1923
58891 1923
58892 1923
58893 1923
58894 1923
58895 1923
58896 1923
58897 1923
58898 1923
58899 1923
58900 1923
58901 1923
58902 1923
58903 1923
58904 1923
58905 1923
58906 1923
58907 1923
58908 1923
58909 1923
58910 1923
58911 1923
58912 1923
58913 1923
58914 1923
58915 1923
58916 1923
58917 1923
58918 1923
58919 1923
58920 1923
58921 1923
58922 1923
58923 1923
58924 1923
58925 1923
58926 1923
58927 1923
58928 1923
58929 1923
58930 1923
58931 1923
58932 1923
58933 1923
58934 1923
58935 1923
58936 1923
58937 1923
58938 1923
58939 1923
58940 1923
58941 1923
58942 1923
58943 1923
58944 1923
58945 1923
58946 1923
58947 1923
58948 1923
58949 1923
58950 1923
58951 1923
58952 1923
58953 1923
58954 1923
58955 1923
58956 1923
58957 1923
58958 1923
58959 1923
58960 1922
58961 1922
58962 1922
58963 1922
58964 1922
58965 1922
58966 1922
58967 1922
58968 1922
58969 1922
58970 1922
58971 1922
58972 1922
58973 1922
58974 1922
58975 1922
58976 1922
58977 1922
58978 1922
58979 1922
58980 1922
58981 1922
58982 1922
58983 1922
58984 1922
58985 1922
58986 1922
58987 1922
58988 1922
58989 1922
58990 1922
58991 1922
58992 1922
58993 1922
58994 1922
58995 1922
58996 1922
58997 1922
58998 1922
58999 1922
59000 1922
59001 1922
59002 1922
59003 1922
59004 1922
59005 1922
59006 1922
59007 1922
59008 1922
59009 1922
59010 1922
59011 1922
59012 1922
59013 1922
59014 1922
59015 1922
59016 1922
59017 1922
59018 1922
59019 1922
59020 1922
59021 1922
59022 1922
59023 1922
59024 1922
59025 1922
59026 1922
59027 1922
59028 1922
59029 1922
59030 1922
59031 1922
59032 1922
59033 1922
59034 1922
59035 1922
59036 1922
59037 1922
59038 1922
59039 1922
59040 1922
59041 1922
59042 1922
59043 1922
59044 1922
59045 1922
59046 1922
59047 1922
59048 1922
59049 1922
59050 1922
59051 1922
59052 1922
59053 1922
59054 1922
59055 1922
59056 1922
59057 1922
59058 1922
59059 1922
59060 1922
59061 1922
59062 1922
59063 1922
59064 1922
59065 1922
59066 1922
59067 1922
59068 1922
59069 1922
59070 1922
59071 1922
59072 1922
59073 1922
59074 1922
59075 1922
59076 1922
59077 1922
59078 1922
59079 1922
59080 1922
59081 1922
59082 1922
59083 1922
59084 1922
59085 1922
59086 1922
59087 1922
59088 1922
59089 1922
59090 1922
59091 1922
59092 1922
59093 1922
59094 1922
59095 1922
59096 1922
59097 1922
59098 1922
59099 1922
59100 1922
59101 1922
59102 1922
59103 1922
59104 1922
59105 1922
59106 1922
59107 1922
59108 1922
59109 1922
59110 1922
59111 1922
59112 1922
59113 1922
59114 1922
59115 1922
59116 1922
59117 1922
59118 1922
59119 1922
59120 1922
59121 1922
59122 1922
59123 1922
59124 1922
59125 1922
59126 1922
59127 1922
59128 1922
59129 1922
59130 1922
59131 1922
59132 1922
59133 1922
59134 1922
59135 1922
59136 1922
59137 1922
59138 1922
59139 1922
59140 1922
59141 1922
59142 1922
59143 1922
59144 1922
59145 1922
59146 1922
59147 1922
59148 1922
59149 1922
59150 1922
59151 1922
59152 1922
59153 1922
59154 1922
59155 1922
59156 1922
59157 1922
59158 1922
59159 1922
59160 1922
59161 1922
59162 1922
59163 1922
59164 1922
59165 1922
59166 1922
59167 1922
59168 1922
59169 1922
59170 1922
59171 1922
59172 1922
59173 1922
59174 1922
59175 1922
59176 1922
59177 1922
59178 1922
59179 1922
59180 1922
59181 1922
59182 1922
59183 1922
59184 1922
59185 1922
59186 1922
59187 1922
59188 1922
59189 1922
59190 1922
59191 1922
59192 1922
59193 1922
59194 1922
59195 1922
59196 1922
59197 1922
59198 1922
59199 1922
59200 1922
59201 1922
59202 1922
59203 1922
59204 1922
59205 1922
59206 1922
59207 1922
59208 1922
59209 1922
59210 1922
59211 1922
59212 1922
59213 1922
59214 1922
59215 1922
59216 1922
59217 1922
59218 1922
59219 1922
59220 1922
59221 1922
59222 1922
59223 1922
59224 1922
59225 1922
59226 1922
59227 1922
59228 1922
59229 1922
59230 1922
59231 1922
59232 1922
59233 1922
59234 1922
59235 1922
59236 1922
59237 1922
59238 1922
59239 1922
59240 1922
59241 1922
59242 1922
59243 1922
59244 1922
59245 1922
59246 1922
59247 1922
59248 1922
59249 1922
59250 1922
59251 1922
59252 1922
59253 1922
59254 1922
59255 1922
59256 1922
59257 1922
59258 1922
59259 1922
59260 1922
59261 1922
59262 1922
59263 1922
59264 1922
59265 1922
59266 1922
59267 1922
59268 1922
59269 1922
59270 1922
59271 1922
59272 1922
59273 1922
59274 1922
59275 1922
59276 1922
59277 1922
59278 1922
59279 1922
59280 1922
59281 1922
59282 1922
59283 1922
59284 1922
59285 1922
59286 1922
59287 1922
59288 1922
59289 1922
59290 1922
59291 1922
59292 1922
59293 1922
59294 1922
59295 1922
59296 1922
59297 1922
59298 1922
59299 1922
59300 1922
59301 1922
59302 1922
59303 1922
59304 1922
59305 1922
59306 1922
59307 1922
59308 1922
59309 1922
59310 1922
59311 1922
59312 1922
59313 1922
59314 1922
59315 1922
59316 1922
59317 1922
59318 1922
59319 1922
59320 1922
59321 1922
59322 1922
59323 1922
59324 1922
59325 1922
59326 1922
59327 1922
59328 1922
59329 1922
59330 1922
59331 1922
59332 1922
59333 1922
59334 1922
59335 1922
59336 1922
59337 1922
59338 1922
59339 1922
59340 1922
59341 1922
59342 1922
59343 1922
59344 1922
59345 1922
59346 1922
59347 1922
59348 1922
59349 1922
59350 1922
59351 1922
59352 1922
59353 1922
59354 1922
59355 1922
59356 1922
59357 1922
59358 1922
59359 1922
59360 1922
59361 1922
59362 1922
59363 1922
59364 1922
59365 1922
59366 1922
59367 1922
59368 1922
59369 1922
59370 1922
59371 1922
59372 1922
59373 1922
59374 1922
59375 1922
59376 1922
59377 1922
59378 1922
59379 1922
59380 1922
59381 1922
59382 1922
59383 1922
59384 1922
59385 1922
59386 1922
59387 1922
59388 1922
59389 1922
59390 1922
59391 1922
59392 1922
59393 1922
59394 1922
59395 1922
59396 1922
59397 1922
59398 1922
59399 1922
59400 1922
59401 1922
59402 1922
59403 1922
59404 1922
59405 1922
59406 1922
59407 1922
59408 1922
59409 1922
59410 1922
59411 1922
59412 1922
59413 1922
59414 1922
59415 1922
59416 1922
59417 1922
59418 1922
59419 1922
59420 1922
59421 1922
59422 1922
59423 1922
59424 1922
59425 1922
59426 1922
59427 1922
59428 1922
59429 1922
59430 1922
59431 1922
59432 1922
59433 1922
59434 1922
59435 1922
59436 1922
59437 1922
59438 1922
59439 1922
59440 1922
59441 1922
59442 1922
59443 1922
59444 1922
59445 1922
59446 1922
59447 1922
59448 1922
59449 1922
59450 1922
59451 1922
59452 1922
59453 1922
59454 1922
59455 1922
59456 1922
59457 1922
59458 1922
59459 1922
59460 1922
59461 1922
59462 1922
59463 1922
59464 1922
59465 1922
59466 1922
59467 1922
59468 1922
59469 1922
59470 1922
59471 1922
59472 1922
59473 1922
59474 1922
59475 1922
59476 1922
59477 1922
59478 1922
59479 1922
59480 1922
59481 1922
59482 1922
59483 1922
59484 1922
59485 1922
59486 1922
59487 1922
59488 1922
59489 1922
59490 1922
59491 1922
59492 1922
59493 1922
59494 1922
59495 1922
59496 1922
59497 1922
59498 1922
59499 1922
59500 1922
59501 1922
59502 1922
59503 1922
59504 1922
59505 1922
59506 1922
59507 1922
59508 1922
59509 1922
59510 1922
59511 1922
59512 1922
59513 1922
59514 1922
59515 1922
59516 1922
59517 1922
59518 1922
59519 1922
59520 1922
59521 1922
59522 1922
59523 1922
59524 1922
59525 1922
59526 1922
59527 1922
59528 1922
59529 1922
59530 1922
59531 1922
59532 1922
59533 1922
59534 1922
59535 1922
59536 1922
59537 1922
59538 1922
59539 1922
59540 1922
59541 1922
59542 1922
59543 1922
59544 1922
59545 1922
59546 1922
59547 1922
59548 1922
59549 1922
59550 1922
59551 1922
59552 1922
59553 1922
59554 1922
59555 1922
59556 1922
59557 1922
59558 1922
59559 1922
59560 1922
59561 1922
59562 1922
59563 1922
59564 1922
59565 1922
59566 1922
59567 1922
59568 1922
59569 1922
59570 1922
59571 1922
59572 1922
59573 1922
59574 1922
59575 1922
59576 1922
59577 1922
59578 1922
59579 1922
59580 1922
59581 1922
59582 1922
59583 1922
59584 1922
59585 1922
59586 1922
59587 1922
59588 1922
59589 1922
59590 1922
59591 1922
59592 1922
59593 1922
59594 1922
59595 1922
59596 1922
59597 1922
59598 1922
59599 1922
59600 1922
59601 1922
59602 1922
59603 1922
59604 1922
59605 1922
59606 1922
59607 1922
59608 1922
59609 1922
59610 1922
59611 1922
59612 1922
59613 1922
59614 1922
59615 1922
59616 1922
59617 1922
59618 1922
59619 1922
59620 1922
59621 1922
59622 1922
59623 1922
59624 1922
59625 1922
59626 1922
59627 1922
59628 1922
59629 1922
59630 1922
59631 1922
59632 1922
59633 1922
59634 1922
59635 1922
59636 1922
59637 1922
59638 1922
59639 1922
59640 1922
59641 1922
59642 1922
59643 1922
59644 1922
59645 1922
59646 1922
59647 1922
59648 1922
59649 1922
59650 1922
59651 1922
59652 1922
59653 1922
59654 1922
59655 1922
59656 1922
59657 1922
59658 1922
59659 1922
59660 1922
59661 1922
59662 1922
59663 1922
59664 1922
59665 1922
59666 1922
59667 1922
59668 1922
59669 1922
59670 1922
59671 1922
59672 1922
59673 1922
59674 1922
59675 1922
59676 1922
59677 1922
59678 1922
59679 1922
59680 1922
59681 1922
59682 1922
59683 1922
59684 1922
59685 1922
59686 1922
59687 1922
59688 1922
59689 1922
59690 1922
59691 1922
59692 1922
59693 1922
59694 1922
59695 1922
59696 1922
59697 1922
59698 1922
59699 1922
59700 1922
59701 1922
59702 1922
59703 1922
59704 1922
59705 1922
59706 1922
59707 1922
59708 1922
59709 1922
59710 1922
59711 1922
59712 1922
59713 1922
59714 1922
59715 1922
59716 1922
59717 1922
59718 1922
59719 1922
59720 1922
59721 1922
59722 1922
59723 1922
59724 1922
59725 1922
59726 1922
59727 1922
59728 1922
59729 1922
59730 1922
59731 1922
59732 1922
59733 1922
59734 1922
59735 1922
59736 1922
59737 1922
59738 1922
59739 1922
59740 1922
59741 1922
59742 1922
59743 1922
59744 1922
59745 1922
59746 1922
59747 1922
59748 1922
59749 1922
59750 1922
59751 1922
59752 1922
59753 1922
59754 1922
59755 1922
59756 1922
59757 1922
59758 1922
59759 1922
59760 1922
59761 1922
59762 1922
59763 1922
59764 1922
59765 1922
59766 1922
59767 1922
59768 1922
59769 1922
59770 1922
59771 1922
59772 1922
59773 1922
59774 1922
59775 1922
59776 1922
59777 1922
59778 1922
59779 1922
59780 1922
59781 1922
59782 1922
59783 1922
59784 1922
59785 1922
59786 1922
59787 1922
59788 1922
59789 1922
59790 1922
59791 1922
59792 1922
59793 1922
59794 1922
59795 1922
59796 1922
59797 1922
59798 1922
59799 1922
59800 1922
59801 1922
59802 1922
59803 1922
59804 1922
59805 1922
59806 1922
59807 1922
59808 1922
59809 1922
59810 1922
59811 1922
59812 1922
59813 1922
59814 1922
59815 1922
59816 1922
59817 1922
59818 1922
59819 1922
59820 1922
59821 1922
59822 1922
59823 1922
59824 1922
59825 1922
59826 1922
59827 1922
59828 1922
59829 1922
59830 1922
59831 1922
59832 1922
59833 1922
59834 1922
59835 1922
59836 1922
59837 1922
59838 1922
59839 1922
59840 1922
59841 1922
59842 1922
59843 1922
59844 1922
59845 1922
59846 1922
59847 1922
59848 1922
59849 1922
59850 1922
59851 1922
59852 1922
59853 1922
59854 1922
59855 1922
59856 1922
59857 1922
59858 1922
59859 1922
59860 1922
59861 1922
59862 1922
59863 1922
59864 1922
59865 1922
59866 1922
59867 1922
59868 1922
59869 1922
59870 1922
59871 1922
59872 1922
59873 1922
59874 1922
59875 1922
59876 1922
59877 1922
59878 1922
59879 1922
59880 1922
59881 1922
59882 1922
59883 1922
59884 1922
59885 1922
59886 1922
59887 1922
59888 1922
59889 1922
59890 1922
59891 1922
59892 1922
59893 1922
59894 1922
59895 1922
59896 1922
59897 1922
59898 1922
59899 1922
59900 1922
59901 1922
59902 1922
59903 1922
59904 1922
59905 1922
59906 1922
59907 1922
59908 1922
59909 1922
59910 1922
59911 1922
59912 1922
59913 1922
59914 1922
59915 1922
59916 1922
59917 1922
59918 1922
59919 1922
59920 1922
59921 1922
59922 1922
59923 1922
59924 1922
59925 1922
59926 1922
59927 1922
59928 1922
59929 1922
59930 1922
59931 1922
59932 1922
59933 1922
59934 1922
59935 1922
59936 1922
59937 1922
59938 1922
59939 1922
59940 1922
59941 1922
59942 1922
59943 1922
59944 1922
59945 1922
59946 1922
59947 1922
59948 1922
59949 1922
59950 1922
59951 1922
59952 1922
59953 1922
59954 1922
59955 1922
59956 1922
59957 1922
59958 1922
59959 1922
59960 1922
59961 1922
59962 1922
59963 1922
59964 1922
59965 1922
59966 1922
59967 1922
59968 1922
59969 1922
59970 1922
59971 1922
59972 1922
59973 1922
59974 1922
59975 1922
59976 1922
59977 1922
59978 1922
59979 1922
59980 1922
59981 1922
59982 1922
59983 1922
59984 1922
59985 1922
59986 1922
59987 1922
59988 1922
59989 1922
59990 1922
59991 1922
59992 1922
59993 1922
59994 1922
59995 1922
59996 1922
59997 1922
59998 1922
59999 1922
60000 1922
60001 1922
60002 1922
60003 1922
60004 1922
60005 1922
60006 1922
60007 1922
60008 1922
60009 1922
60010 1922
60011 1922
60012 1922
60013 1922
60014 1922
60015 1922
60016 1922
60017 1922
60018 1922
60019 1922
60020 1922
60021 1922
60022 1922
60023 1922
60024 1922
60025 1922
60026 1922
60027 1922
60028 1922
60029 1922
60030 1922
60031 1922
60032 1922
60033 1922
60034 1922
60035 1922
60036 1922
60037 1922
60038 1922
60039 1922
60040 1922
60041 1922
60042 1922
60043 1922
60044 1922
60045 1922
60046 1922
60047 1922
60048 1922
60049 1922
60050 1922
60051 1922
60052 1922
60053 1922
60054 1922
60055 1922
60056 1922
60057 1922
60058 1922
60059 1922
60060 1922
60061 1922
60062 1922
60063 1922
60064 1922
60065 1922
60066 1922
60067 1922
60068 1922
60069 1922
60070 1922
60071 1922
60072 1922
60073 1922
60074 1922
60075 1922
60076 1922
60077 1922
60078 1922
60079 1922
60080 1922
60081 1922
60082 1922
60083 1922
60084 1922
60085 1922
60086 1922
60087 1922
60088 1922
60089 1922
60090 1922
60091 1922
60092 1922
60093 1922
60094 1922
60095 1922
60096 1922
60097 1922
60098 1922
60099 1922
60100 1922
60101 1922
60102 1922
60103 1922
60104 1922
60105 1922
60106 1922
60107 1922
60108 1922
60109 1922
60110 1922
60111 1922
60112 1922
60113 1922
60114 1922
60115 1922
60116 1922
60117 1922
60118 1922
60119 1922
60120 1922
60121 1922
60122 1922
60123 1922
60124 1922
60125 1922
60126 1922
60127 1922
60128 1922
60129 1922
60130 1922
60131 1922
60132 1922
60133 1922
60134 1922
60135 1922
60136 1922
60137 1922
60138 1922
60139 1922
60140 1922
60141 1922
60142 1922
60143 1922
60144 1922
60145 1922
60146 1922
60147 1922
60148 1922
60149 1922
60150 1922
60151 1922
60152 1922
60153 1922
60154 1922
60155 1922
60156 1922
60157 1922
60158 1922
60159 1922
60160 1922
60161 1922
60162 1922
60163 1922
60164 1922
60165 1922
60166 1922
60167 1922
60168 1922
60169 1922
60170 1922
60171 1922
60172 1922
60173 1922
60174 1922
60175 1922
60176 1922
60177 1922
60178 1922
60179 1922
60180 1922
60181 1922
60182 1922
60183 1922
60184 1922
60185 1922
60186 1922
60187 1922
60188 1922
60189 1922
60190 1922
60191 1922
60192 1922
60193 1922
60194 1922
60195 1922
60196 1922
60197 1922
60198 1922
60199 1922
60200 1922
60201 1922
60202 1922
60203 1922
60204 1922
60205 1922
60206 1922
60207 1922
60208 1922
60209 1922
60210 1922
60211 1922
60212 1922
60213 1922
60214 1922
60215 1922
60216 1922
60217 1922
60218 1922
60219 1922
60220 1922
60221 1922
60222 1922
60223 1922
60224 1922
60225 1922
60226 1922
60227 1922
60228 1922
60229 1922
60230 1922
60231 1922
60232 1922
60233 1922
60234 1922
60235 1922
60236 1922
60237 1922
60238 1922
60239 1922
60240 1922
60241 1922
60242 1922
60243 1922
60244 1922
60245 1922
60246 1922
60247 1922
60248 1922
60249 1922
60250 1922
60251 1922
60252 1922
60253 1922
60254 1922
60255 1922
60256 1922
60257 1922
60258 1922
60259 1922
60260 1922
60261 1922
60262 1922
60263 1922
60264 1922
60265 1922
60266 1922
60267 1922
60268 1922
60269 1922
60270 1922
60271 1922
60272 1922
60273 1922
60274 1922
60275 1922
60276 1922
60277 1922
60278 1922
60279 1922
60280 1922
60281 1922
60282 1922
60283 1922
60284 1922
60285 1922
60286 1922
60287 1922
60288 1922
60289 1922
60290 1922
60291 1922
60292 1922
60293 1922
60294 1922
60295 1922
60296 1922
60297 1922
60298 1922
60299 1922
60300 1922
60301 1922
60302 1922
60303 1922
60304 1922
60305 1922
60306 1922
60307 1922
60308 1922
60309 1922
60310 1922
60311 1922
60312 1922
60313 1922
60314 1922
60315 1922
60316 1922
60317 1922
60318 1922
60319 1922
60320 1922
60321 1922
60322 1922
60323 1922
60324 1922
60325 1922
60326 1922
60327 1922
60328 1922
60329 1922
60330 1922
60331 1922
60332 1922
60333 1922
60334 1922
60335 1922
60336 1922
60337 1922
60338 1922
60339 1922
60340 1922
60341 1922
60342 1922
60343 1922
60344 1922
60345 1922
60346 1922
60347 1922
60348 1922
60349 1922
60350 1922
60351 1922
60352 1922
60353 1922
60354 1922
60355 1922
60356 1922
60357 1922
60358 1922
60359 1922
60360 1922
60361 1922
60362 1922
60363 1922
60364 1922
60365 1922
60366 1922
60367 1922
60368 1922
60369 1922
60370 1922
60371 1922
60372 1922
60373 1922
60374 1922
60375 1922
60376 1922
60377 1922
60378 1922
60379 1922
60380 1922
60381 1922
60382 1922
60383 1922
60384 1922
60385 1922
60386 1922
60387 1922
60388 1922
60389 1922
60390 1922
60391 1922
60392 1922
60393 1922
60394 1922
60395 1922
60396 1922
60397 1922
60398 1922
60399 1922
60400 1922
60401 1922
60402 1922
60403 1922
60404 1922
60405 1922
60406 1922
60407 1922
60408 1922
60409 1922
60410 1922
60411 1922
60412 1922
60413 1922
60414 1922
60415 1922
60416 1922
60417 1922
60418 1922
60419 1922
60420 1922
60421 1922
60422 1922
60423 1922
60424 1922
60425 1922
60426 1922
60427 1922
60428 1922
60429 1922
60430 1922
60431 1918
60432 1918
60433 1918
60434 1918
60435 1918
60436 1918
60437 1918
60438 1918
60439 1918
60440 1918
60441 1918
60442 1918
60443 1918
60444 1918
60445 1918
60446 1918
60447 1918
60448 1918
60449 1918
60450 1918
60451 1918
60452 1918
60453 1918
60454 1918
60455 1918
60456 1918
60457 1918
60458 1918
60459 1918
60460 1918
60461 1918
60462 1918
60463 1918
60464 1918
60465 1918
60466 1918
60467 1918
60468 1918
60469 1918
60470 1918
60471 1918
60472 1918
60473 1918
60474 1918
60475 1918
60476 1918
60477 1918
60478 1918
60479 1918
60480 1918
60481 1918
60482 1918
60483 1918
60484 1918
60485 1918
60486 1918
60487 1918
60488 1918
60489 1918
60490 1918
60491 1918
60492 1918
60493 1918
60494 1918
60495 1918
60496 1918
60497 1918
60498 1918
60499 1918
60500 1918
60501 1918
60502 1918
60503 1918
60504 1918
60505 1918
60506 1918
60507 1918
60508 1918
60509 1918
60510 1918
60511 1918
60512 1918
60513 1918
60514 1918
60515 1918
60516 1918
60517 1918
60518 1918
60519 1918
60520 1918
60521 1918
60522 1918
60523 1918
60524 1918
60525 1918
60526 1918
60527 1918
60528 1918
60529 1918
60530 1918
60531 1918
60532 1918
60533 1918
60534 1918
60535 1918
60536 1918
60537 1918
60538 1918
60539 1918
60540 1918
60541 1918
60542 1918
60543 1918
60544 1918
60545 1918
60546 1918
60547 1918
60548 1918
60549 1918
60550 1918
60551 1918
60552 1918
60553 1918
60554 1918
60555 1918
60556 1918
60557 1918
60558 1918
60559 1918
60560 1918
60561 1918
60562 1918
60563 1918
60564 1918
60565 1918
60566 1918
60567 1918
60568 1918
60569 1918
60570 1918
60571 1918
60572 1918
60573 1918
60574 1918
60575 1918
60576 1918
60577 1918
60578 1918
60579 1918
60580 1918
60581 1918
60582 1918
60583 1918
60584 1918
60585 1918
60586 1918
60587 1918
60588 1918
60589 1918
60590 1918
60591 1918
60592 1918
60593 1918
60594 1918
60595 1918
60596 1918
60597 1918
60598 1918
60599 1918
60600 1918
60601 1918
60602 1918
60603 1918
60604 1918
60605 1918
60606 1918
60607 1918
60608 1918
60609 1918
60610 1918
60611 1918
60612 1918
60613 1918
60614 1918
60615 1918
60616 1918
60617 1918
60618 1918
60619 1918
60620 1918
60621 1918
60622 1918
60623 1918
60624 1918
60625 1918
60626 1918
60627 1918
60628 1918
60629 1918
60630 1918
60631 1918
60632 1918
60633 1918
60634 1918
60635 1918
60636 1918
60637 1918
60638 1918
60639 1918
60640 1918
60641 1918
60642 1918
60643 1918
60644 1918
60645 1918
60646 1918
60647 1918
60648 1918
60649 1918
60650 1918
60651 1918
60652 1918
60653 1918
60654 1918
60655 1918
60656 1918
60657 1918
60658 1918
60659 1918
60660 1918
60661 1918
60662 1918
60663 1918
60664 1918
60665 1918
60666 1918
60667 1918
60668 1918
60669 1918
60670 1918
60671 1918
60672 1918
60673 1918
60674 1918
60675 1918
60676 1918
60677 1918
60678 1918
60679 1918
60680 1918
60681 1918
60682 1918
60683 1918
60684 1918
60685 1918
60686 1918
60687 1918
60688 1918
60689 1918
60690 1918
60691 1918
60692 1918
60693 1918
60694 1918
60695 1918
60696 1918
60697 1918
60698 1918
60699 1918
60700 1918
60701 1918
60702 1918
60703 1918
60704 1918
60705 1918
60706 1918
60707 1918
60708 1918
60709 1918
60710 1918
60711 1918
60712 1918
60713 1918
60714 1918
60715 1918
60716 1918
60717 1918
60718 1918
60719 1918
60720 1918
60721 1918
60722 1918
60723 1918
60724 1918
60725 1918
60726 1918
60727 1918
60728 1918
60729 1918
60730 1918
60731 1918
60732 1918
60733 1918
60734 1918
60735 1918
60736 1918
60737 1918
60738 1918
60739 1918
60740 1918
60741 1918
60742 1918
60743 1918
60744 1918
60745 1918
60746 1918
60747 1918
60748 1918
60749 1918
60750 1918
60751 1918
60752 1918
60753 1918
60754 1918
60755 1918
60756 1918
60757 1918
60758 1918
60759 1918
60760 1918
60761 1918
60762 1918
60763 1918
60764 1918
60765 1918
60766 1918
60767 1918
60768 1918
60769 1918
60770 1918
60771 1918
60772 1918
60773 1918
60774 1918
60775 1918
60776 1918
60777 1918
60778 1918
60779 1918
60780 1918
60781 1918
60782 1918
60783 1918
60784 1918
60785 1918
60786 1918
60787 1918
60788 1918
60789 1918
60790 1918
60791 1918
60792 1918
60793 1918
60794 1918
60795 1918
60796 1918
60797 1918
60798 1918
60799 1918
60800 1918
60801 1918
60802 1918
60803 1918
60804 1918
60805 1918
60806 1918
60807 1918
60808 1918
60809 1918
60810 1918
60811 1918
60812 1918
60813 1918
60814 1918
60815 1918
60816 1918
60817 1918
60818 1918
60819 1918
60820 1918
60821 1918
60822 1918
60823 1918
60824 1918
60825 1918
60826 1918
60827 1918
60828 1918
60829 1918
60830 1918
60831 1918
60832 1918
60833 1918
60834 1918
60835 1918
60836 1918
60837 1918
60838 1918
60839 1918
60840 1918
60841 1918
60842 1918
60843 1918
60844 1918
60845 1918
60846 1918
60847 1918
60848 1918
60849 1918
60850 1918
60851 1918
60852 1918
60853 1918
60854 1918
60855 1918
60856 1918
60857 1918
60858 1918
60859 1918
60860 1918
60861 1918
60862 1918
60863 1918
60864 1918
60865 1918
60866 1918
60867 1918
60868 1918
60869 1918
60870 1918
60871 1918
60872 1918
60873 1918
60874 1918
60875 1918
60876 1918
60877 1918
60878 1918
60879 1918
60880 1918
60881 1904
60882 1904
60883 1904
60884 1904
60885 1904
60886 1904
60887 1904
60888 1904
60889 1904
60890 1904
60891 1904
60892 1904
60893 1904
60894 1904
60895 1904
60896 1904
60897 1904
60898 1904
60899 1904
60900 1904
60901 1904
60902 1904
60903 1904
60904 1904
60905 1904
60906 1904
60907 1904
60908 1904
60909 1904
60910 1904
60911 1904
60912 1904
60913 1904
60914 1904
60915 1904
60916 1904
60917 1904
60918 1904
60919 1904
60920 1904
60921 1904
60922 1904
60923 1904
60924 1904
60925 1904
60926 1904
60927 1904
60928 1904
60929 1904
60930 1904
60931 1904
60932 1904
60933 1904
60934 1904
60935 1904
60936 1904
60937 1904
60938 1904
60939 1904
60940 1904
60941 1904
60942 1904
60943 1904
60944 1904
60945 1904
60946 1904
60947 1904
60948 1904
60949 1904
60950 1904
60951 1904
60952 1904
60953 1904
60954 1904
60955 1904
60956 1904
60957 1904
60958 1904
60959 1904
60960 1904
60961 1904
60962 1904
60963 1904
60964 1904
60965 1904
60966 1904
60967 1904
60968 1904
60969 1904
60970 1904
60971 1904
60972 1904
60973 1904
60974 1904
60975 1904
60976 1904
60977 1904
60978 1904
60979 1904
60980 1904
60981 1904
60982 1904
60983 1904
60984 1904
60985 1904
60986 1904
60987 1904
60988 1904
60989 1904
60990 1904
60991 1904
60992 1904
60993 1904
60994 1904
60995 1904
60996 1904
60997 1904
60998 1904
60999 1904
61000 1904
61001 1904
61002 1904
61003 1904
61004 1904
61005 1904
61006 1904
61007 1904
61008 1904
61009 1904
61010 1904
61011 1904
61012 1904
61013 1904
61014 1904
61015 1904
61016 1904
61017 1904
61018 1904
61019 1904
61020 1904
61021 1904
61022 1904
61023 1904
61024 1904
61025 1904
61026 1904
61027 1904
61028 1904
61029 1904
61030 1904
61031 1904
61032 1904
61033 1904
61034 1904
61035 1904
61036 1904
61037 1904
61038 1904
61039 1904
61040 1904
61041 1904
61042 1904
61043 1904
61044 1904
61045 1904
61046 1904
61047 1904
61048 1904
61049 1904
61050 1904
61051 1904
61052 1904
61053 1904
61054 1904
61055 1904
61056 1904
61057 1904
61058 1904
61059 1904
61060 1904
61061 1904
61062 1904
61063 1904
61064 1904
61065 1904
61066 1904
61067 1904
61068 1904
61069 1904
61070 1904
61071 1904
61072 1904
61073 1904
61074 1904
61075 1904
61076 1904
61077 1904
61078 1904
61079 1904
61080 1904
61081 1904
61082 1904
61083 1904
61084 1904
61085 1904
61086 1904
61087 1904
61088 1904
61089 1904
61090 1904
61091 1904
61092 1904
61093 1904
61094 1904
61095 1904
61096 1904
61097 1904
61098 1904
61099 1904
61100 1904
61101 1904
61102 1904
61103 1904
61104 1904
61105 1904
61106 1904
61107 1904
61108 1904
61109 1904
61110 1904
61111 1904
61112 1904
61113 1904
61114 1904
61115 1904
61116 1904
61117 1904
61118 1904
61119 1904
61120 1904
61121 1904
61122 1904
61123 1904
61124 1904
61125 1904
61126 1904
61127 1904
61128 1904
61129 1904
61130 1904
61131 1904
61132 1904
61133 1904
61134 1904
61135 1904
61136 1904
61137 1904
61138 1904
61139 1904
61140 1904
61141 1904
61142 1904
61143 1904
61144 1904
61145 1904
61146 1904
61147 1904
61148 1904
61149 1904
61150 1904
61151 1904
61152 1904
61153 1904
61154 1904
61155 1904
61156 1904
61157 1904
61158 1904
61159 1904
61160 1904
61161 1904
61162 1904
61163 1904
61164 1904
61165 1904
61166 1904
61167 1904
61168 1904
61169 1904
61170 1904
61171 1904
61172 1904
61173 1904
61174 1904
61175 1904
61176 1904
61177 1904
61178 1904
61179 1904
61180 1904
61181 1904
61182 1904
61183 1904
61184 1904
61185 1904
61186 1904
61187 1904
61188 1904
61189 1904
61190 1904
61191 1904
61192 1904
61193 1904
61194 1904
61195 1904
61196 1904
61197 1904
61198 1904
61199 1904
61200 1904
61201 1904
61202 1904
61203 1904
61204 1904
61205 1904
61206 1904
61207 1904
61208 1904
61209 1904
61210 1904
61211 1904
61212 1904
61213 1904
61214 1904
61215 1904
61216 1904
61217 1904
61218 1904
61219 1904
61220 1904
61221 1904
61222 1904
61223 1904
61224 1904
61225 1904
61226 1904
61227 1904
61228 1904
61229 1904
61230 1904
61231 1904
61232 1904
61233 1904
61234 1904
61235 1904
61236 1904
61237 1904
61238 1904
61239 1904
61240 1904
61241 1904
61242 1904
61243 1904
61244 1904
61245 1904
61246 1904
61247 1904
61248 1904
61249 1904
61250 1904
61251 1904
61252 1904
61253 1904
61254 1904
61255 1904
61256 1904
61257 1904
61258 1904
61259 1904
61260 1904
61261 1904
61262 1904
61263 1904
61264 1904
61265 1904
61266 1904
61267 1904
61268 1904
61269 1904
61270 1904
61271 1904
61272 1904
61273 1904
61274 1904
61275 1904
61276 1904
61277 1904
61278 1904
61279 1904
61280 1904
61281 1904
61282 1904
61283 1904
61284 1904
61285 1904
61286 1904
61287 1904
61288 1904
61289 1904
61290 1904
61291 1904
61292 1904
61293 1904
61294 1904
61295 1904
61296 1904
61297 1904
61298 1904
61299 1904
61300 1904
61301 1904
61302 1904
61303 1904
61304 1904
61305 1904
61306 1904
61307 1904
61308 1904
61309 1904
61310 1904
61311 1904
61312 1904
61313 1904
61314 1904
61315 1904
61316 1904
61317 1904
61318 1904
61319 1904
61320 1904
61321 1904
61322 1904
61323 1904
61324 1904
61325 1904
61326 1904
61327 1904
61328 1904
61329 1904
61330 1904
61331 1904
61332 1904
61333 1904
61334 1904
61335 1904
61336 1904
61337 1904
61338 1904
61339 1904
61340 1904
61341 1904
61342 1904
61343 1904
61344 1904
61345 1904
61346 1904
61347 1904
61348 1904
61349 1904
61350 1904
61351 1904
61352 1904
61353 1904
61354 1904
61355 1904
61356 1904
61357 1904
61358 1904
61359 1904
61360 1904
61361 1904
61362 1904
61363 1904
61364 1904
61365 1904
61366 1904
61367 1904
61368 1904
61369 1904
61370 1904
61371 1904
61372 1904
61373 1904
61374 1904
61375 1904
61376 1904
61377 1904
61378 1904
61379 1904
61380 1904
61381 1904
61382 1904
61383 1904
61384 1904
61385 1904
61386 1904
61387 1904
61388 1904
61389 1904
61390 1904
61391 1904
61392 1904
61393 1904
61394 1904
61395 1904
61396 1904
61397 1904
61398 1904
61399 1904
61400 1904
61401 1904
61402 1904
61403 1904
61404 1904
61405 1904
61406 1904
61407 1904
61408 1904
61409 1904
61410 1904
61411 1904
61412 1904
61413 1904
61414 1904
61415 1904
61416 1904
61417 1904
61418 1904
61419 1904
61420 1904
61421 1904
61422 1904
61423 1904
61424 1904
61425 1904
61426 1904
61427 1904
61428 1904
61429 1904
61430 1904
61431 1904
61432 1904
61433 1904
61434 1904
61435 1904
61436 1904
61437 1904
61438 1904
61439 1904
61440 1904
61441 1904
61442 1904
61443 1904
61444 1904
61445 1904
61446 1904
61447 1904
61448 1904
61449 1904
61450 1904
61451 1904
61452 1904
61453 1904
61454 1904
61455 1904
61456 1904
61457 1904
61458 1904
61459 1904
61460 1904
61461 1904
61462 1904
61463 1904
61464 1904
61465 1904
61466 1904
61467 1904
61468 1904
61469 1904
61470 1904
61471 1904
61472 1904
61473 1904
61474 1904
61475 1904
61476 1904
61477 1904
61478 1904
61479 1904
61480 1904
61481 1904
61482 1904
61483 1904
61484 1904
61485 1904
61486 1904
61487 1904
61488 1904
61489 1904
61490 1904
61491 1904
61492 1904
61493 1904
61494 1904
61495 1904
61496 1904
61497 1904
61498 1904
61499 1904
61500 1904
61501 1904
61502 1904
61503 1904
61504 1904
61505 1904
61506 1904
61507 1904
61508 1904
61509 1904
61510 1904
61511 1904
61512 1904
61513 1904
61514 1904
61515 1904
61516 1904
61517 1904
61518 1904
61519 1904
61520 1904
61521 1904
61522 1904
61523 1904
61524 1904
61525 1904
61526 1904
61527 1904
61528 1904
61529 1904
61530 1904
61531 1904
61532 1904
61533 1904
61534 1904
61535 1904
61536 1904
61537 1904
61538 1904
61539 1904
61540 1904
61541 1904
61542 1904
61543 1904
61544 1904
61545 1904
61546 1904
61547 1904
61548 1904
61549 1904
61550 1904
61551 1904
61552 1904
61553 1904
61554 1904
61555 1904
61556 1904
61557 1904
61558 1904
61559 1904
61560 1904
61561 1904
61562 1904
61563 1904
61564 1904
61565 1904
61566 1904
61567 1904
61568 1904
61569 1904
61570 1904
61571 1904
61572 1904
61573 1904
61574 1904
61575 1904
61576 1904
61577 1904
61578 1904
61579 1904
61580 1904
61581 1904
61582 1904
61583 1904
61584 1904
61585 1904
61586 1904
61587 1904
61588 1904
61589 1904
61590 1904
61591 1904
61592 1904
61593 1904
61594 1904
61595 1904
61596 1904
61597 1904
61598 1904
61599 1904
61600 1904
61601 1904
61602 1904
61603 1904
61604 1904
61605 1904
61606 1904
61607 1904
61608 1904
61609 1904
61610 1904
61611 1904
61612 1904
61613 1904
61614 1904
61615 1904
61616 1904
61617 1904
61618 1904
61619 1904
61620 1904
61621 1904
61622 1904
61623 1904
61624 1904
61625 1904
61626 1904
61627 1904
61628 1904
61629 1904
61630 1904
61631 1904
61632 1904
61633 1904
61634 1904
61635 1904
61636 1904
61637 1904
61638 1904
61639 1904
61640 1904
61641 1904
61642 1904
61643 1904
61644 1904
61645 1904
61646 1904
61647 1904
61648 1904
61649 1904
61650 1904
61651 1904
61652 1904
61653 1904
61654 1904
61655 1904
61656 1904
61657 1904
61658 1904
61659 1904
61660 1904
61661 1904
61662 1904
61663 1904
61664 1904
61665 1904
61666 1904
61667 1904
61668 1904
61669 1904
61670 1904
61671 1904
61672 1904
61673 1904
61674 1904
61675 1904
61676 1904
61677 1904
61678 1904
61679 1904
61680 1904
61681 1904
61682 1904
61683 1904
61684 1904
61685 1904
61686 1904
61687 1904
61688 1904
61689 1904
61690 1904
61691 1904
61692 1904
61693 1904
61694 1904
61695 1904
61696 1904
61697 1904
61698 1904
61699 1904
61700 1904
61701 1904
61702 1904
61703 1904
61704 1904
61705 1904
61706 1904
61707 1904
61708 1904
61709 1904
61710 1904
61711 1904
61712 1904
61713 1904
61714 1904
61715 1904
61716 1904
61717 1904
61718 1904
61719 1904
61720 1904
61721 1904
61722 1904
61723 1904
61724 1904
61725 1904
61726 1904
61727 1904
61728 1904
61729 1904
61730 1904
61731 1904
61732 1904
61733 1904
61734 1904
61735 1904
61736 1904
61737 1904
61738 1904
61739 1904
61740 1904
61741 1904
61742 1904
61743 1904
61744 1904
61745 1904
61746 1904
61747 1904
61748 1904
61749 1904
61750 1904
61751 1904
61752 1904
61753 1904
61754 1904
61755 1904
61756 1904
61757 1904
61758 1904
61759 1904
61760 1904
61761 1904
61762 1904
61763 1904
61764 1904
61765 1904
61766 1904
61767 1904
61768 1904
61769 1904
61770 1904
61771 1904
61772 1904
61773 1904
61774 1904
61775 1904
61776 1904
61777 1904
61778 1904
61779 1904
61780 1904
61781 1904
61782 1904
61783 1904
61784 1904
61785 1904
61786 1904
61787 1904
61788 1904
61789 1904
61790 1904
61791 1904
61792 1904
61793 1904
61794 1904
61795 1904
61796 1904
61797 1904
61798 1904
61799 1904
61800 1904
61801 1904
61802 1904
61803 1904
61804 1904
61805 1904
61806 1904
61807 1904
61808 1904
61809 1904
61810 1904
61811 1904
61812 1904
61813 1904
61814 1904
61815 1904
61816 1904
61817 1904
61818 1904
61819 1904
61820 1904
61821 1904
61822 1904
61823 1904
61824 1904
61825 1904
61826 1904
61827 1904
61828 1904
61829 1904
61830 1904
61831 1904
61832 1904
61833 1904
61834 1904
61835 1904
61836 1904
61837 1904
61838 1904
61839 1904
61840 1904
61841 1904
61842 1904
61843 1904
61844 1904
61845 1904
61846 1904
61847 1904
61848 1904
61849 1904
61850 1904
61851 1904
61852 1904
61853 1904
61854 1904
61855 1904
61856 1904
61857 1904
61858 1904
61859 1904
61860 1904
61861 1904
61862 1904
61863 1904
61864 1904
61865 1904
61866 1904
61867 1904
61868 1904
61869 1904
61870 1904
61871 1904
61872 1904
61873 1904
61874 1904
61875 1904
61876 1904
61877 1904
61878 1904
61879 1904
61880 1904
61881 1904
61882 1904
61883 1904
61884 1904
61885 1904
61886 1904
61887 1904
61888 1904
61889 1904
61890 1904
61891 1904
61892 1904
61893 1904
61894 1904
61895 1904
61896 1904
61897 1904
61898 1904
61899 1904
61900 1904
61901 1904
61902 1904
61903 1904
61904 1904
61905 1904
61906 1904
61907 1904
61908 1904
61909 1904
61910 1904
61911 1904
61912 1904
61913 1904
61914 1904
61915 1904
61916 1904
61917 1904
61918 1904
61919 1904
61920 1904
61921 1904
61922 1904
61923 1904
61924 1904
61925 1904
61926 1904
61927 1904
61928 1904
61929 1904
61930 1904
61931 1904
61932 1904
61933 1904
61934 1904
61935 1904
61936 1904
61937 1904
61938 1904
61939 1904
61940 1904
61941 1904
61942 1904
61943 1904
61944 1904
61945 1904
61946 1904
61947 1904
61948 1904
61949 1904
61950 1904
61951 1904
61952 1904
61953 1904
61954 1904
61955 1904
61956 1904
61957 1904
61958 1904
61959 1904
61960 1904
61961 1904
61962 1904
61963 1904
61964 1904
61965 1904
61966 1904
61967 1904
61968 1904
61969 1904
61970 1904
61971 1904
61972 1904
61973 1904
61974 1904
61975 1904
61976 1904
61977 1904
61978 1904
61979 1904
61980 1904
61981 1904
61982 1904
61983 1904
61984 1904
61985 1904
61986 1904
61987 1904
61988 1904
61989 1904
61990 1904
61991 1904
61992 1904
61993 1904
61994 1904
61995 1904
61996 1904
61997 1904
61998 1904
61999 1904
62000 1904
62001 1904
62002 1904
62003 1904
62004 1904
62005 1904
62006 1904
62007 1904
62008 1904
62009 1904
62010 1904
62011 1904
62012 1904
62013 1904
62014 1904
62015 1904
62016 1904
62017 1904
62018 1904
62019 1904
62020 1904
62021 1904
62022 1904
62023 1904
62024 1904
62025 1904
62026 1904
62027 1904
62028 1904
62029 1904
62030 1904
62031 1904
62032 1904
62033 1904
62034 1904
62035 1904
62036 1904
62037 1904
62038 1904
62039 1904
62040 1904
62041 1904
62042 1904
62043 1904
62044 1904
62045 1904
62046 1904
62047 1904
62048 1904
62049 1904
62050 1904
62051 1904
62052 1904
62053 1904
62054 1904
62055 1904
62056 1904
62057 1904
62058 1904
62059 1904
62060 1904
62061 1904
62062 1904
62063 1904
62064 1904
62065 1904
62066 1904
62067 1904
62068 1904
62069 1904
62070 1904
62071 1904
62072 1904
62073 1904
62074 1904
62075 1904
62076 1904
62077 1904
62078 1904
62079 1904
62080 1904
62081 1904
62082 1904
62083 1904
62084 1904
62085 1904
62086 1904
62087 1904
62088 1904
62089 1904
62090 1904
62091 1904
62092 1904
62093 1904
62094 1904
62095 1904
62096 1904
62097 1904
62098 1904
62099 1904
62100 1904
62101 1904
62102 1904
62103 1904
62104 1904
62105 1904
62106 1904
62107 1904
62108 1904
62109 1904
62110 1904
62111 1904
62112 1904
62113 1904
62114 1904
62115 1904
62116 1904
62117 1904
62118 1904
62119 1904
62120 1904
62121 1904
62122 1904
62123 1904
62124 1904
62125 1904
62126 1904
62127 1904
62128 1904
62129 1904
62130 1904
62131 1904
62132 1904
62133 1904
62134 1904
62135 1904
62136 1904
62137 1904
62138 1904
62139 1904
62140 1904
62141 1904
62142 1904
62143 1904
62144 1904
62145 1904
62146 1904
62147 1904
62148 1904
62149 1904
62150 1904
62151 1904
62152 1904
62153 1904
62154 1904
62155 1904
62156 1904
62157 1904
62158 1904
62159 1904
62160 1904
62161 1904
62162 1904
62163 1904
62164 1904
62165 1904
62166 1904
62167 1904
62168 1904
62169 1904
62170 1904
62171 1904
62172 1904
62173 1904
62174 1904
62175 1904
62176 1904
62177 1904
62178 1904
62179 1904
62180 1904
62181 1904
62182 1904
62183 1904
62184 1904
62185 1904
62186 1904
62187 1904
62188 1904
62189 1904
62190 1904
62191 1904
62192 1904
62193 1904
62194 1904
62195 1904
62196 1904
62197 1904
62198 1904
62199 1904
62200 1904
62201 1904
62202 1904
62203 1904
62204 1904
62205 1904
62206 1904
62207 1904
62208 1904
62209 1904
62210 1904
62211 1904
62212 1904
62213 1904
62214 1904
62215 1904
62216 1904
62217 1904
62218 1904
62219 1904
62220 1904
62221 1904
62222 1904
62223 1904
62224 1904
62225 1904
62226 1904
62227 1904
62228 1904
62229 1904
62230 1904
62231 1904
62232 1904
62233 1904
62234 1904
62235 1904
62236 1904
62237 1904
62238 1904
62239 1904
62240 1904
62241 1904
62242 1904
62243 1904
62244 1904
62245 1904
62246 1904
62247 1904
62248 1904
62249 1904
62250 1904
62251 1904
62252 1904
62253 1904
62254 1904
62255 1904
62256 1904
62257 1904
62258 1904
62259 1904
62260 1904
62261 1904
62262 1904
62263 1904
62264 1904
62265 1904
62266 1904
62267 1904
62268 1904
62269 1904
62270 1904
62271 1904
62272 1904
62273 1904
62274 1904
62275 1904
62276 1904
62277 1904
62278 1904
62279 1904
62280 1904
62281 1904
62282 1904
62283 1904
62284 1904
62285 1904
62286 1904
62287 1904
62288 1904
62289 1904
62290 1904
62291 1904
62292 1904
62293 1904
62294 1904
62295 1904
62296 1904
62297 1904
62298 1904
62299 1904
62300 1904
62301 1904
62302 1904
62303 1904
62304 1904
62305 1904
62306 1904
62307 1904
62308 1904
62309 1904
62310 1904
62311 1904
62312 1904
62313 1904
62314 1904
62315 1904
62316 1904
62317 1904
62318 1904
62319 1904
62320 1904
62321 1904
62322 1904
62323 1904
62324 1904
62325 1904
62326 1904
62327 1904
62328 1904
62329 1904
62330 1904
62331 1904
62332 1904
62333 1904
62334 1904
62335 1904
62336 1904
62337 1904
62338 1904
62339 1904
62340 1904
62341 1904
62342 1904
62343 1904
62344 1904
62345 1904
62346 1904
62347 1904
62348 1904
62349 1904
62350 1904
62351 1904
62352 1904
62353 1904
62354 1904
62355 1904
62356 1904
62357 1904
62358 1904
62359 1904
62360 1904
62361 1904
62362 1904
62363 1904
62364 1904
62365 1904
62366 1904
62367 1904
62368 1904
62369 1904
62370 1904
62371 1904
62372 1904
62373 1904
62374 1904
62375 1904
62376 1904
62377 1904
62378 1904
62379 1904
62380 1904
62381 1904
62382 1904
62383 1904
62384 1904
62385 1904
62386 1904
62387 1904
62388 1904
62389 1904
62390 1904
62391 1904
62392 1904
62393 1904
62394 1904
62395 1904
62396 1904
62397 1904
62398 1904
62399 1904
62400 1904
62401 1904
62402 1904
62403 1904
62404 1904
62405 1904
62406 1904
62407 1904
62408 1904
62409 1904
62410 1904
62411 1904
62412 1904
62413 1904
62414 1904
62415 1904
62416 1904
62417 1904
62418 1904
62419 1904
62420 1904
62421 1904
62422 1904
62423 1904
62424 1904
62425 1904
62426 1904
62427 1904
62428 1904
62429 1904
62430 1904
62431 1904
62432 1904
62433 1904
62434 1904
62435 1904
62436 1904
62437 1904
62438 1904
62439 1904
62440 1904
62441 1904
62442 1904
62443 1904
62444 1904
62445 1904
62446 1904
62447 1904
62448 1904
62449 1904
62450 1904
62451 1904
62452 1904
62453 1904
62454 1904
62455 1904
62456 1904
62457 1904
62458 1904
62459 1904
62460 1904
62461 1904
62462 1904
62463 1904
62464 1904
62465 1904
62466 1904
62467 1904
62468 1904
62469 1904
62470 1904
62471 1904
62472 1904
62473 1904
62474 1904
62475 1904
62476 1904
62477 1904
62478 1904
62479 1904
62480 1904
62481 1904
62482 1904
62483 1904
62484 1904
62485 1904
62486 1904
62487 1904
62488 1904
62489 1904
62490 1904
62491 1904
62492 1904
62493 1904
62494 1904
62495 1904
62496 1904
62497 1904
62498 1904
62499 1904
62500 1904
62501 1904
62502 1904
62503 1904
62504 1904
62505 1904
62506 1904
62507 1904
62508 1904
62509 1904
62510 1904
62511 1904
62512 1904
62513 1904
62514 1896
62515 1896
62516 1896
62517 1896
62518 1896
62519 1896
62520 1896
62521 1896
62522 1896
62523 1896
62524 1896
62525 1896
62526 1896
62527 1896
62528 1896
62529 1896
62530 1896
62531 1896
62532 1896
62533 1896
62534 1896
62535 1896
62536 1896
62537 1896
62538 1896
62539 1896
62540 1896
62541 1896
62542 1896
62543 1896
62544 1896
62545 1896
62546 1896
62547 1896
62548 1896
62549 1896
62550 1896
62551 1896
62552 1896
62553 1896
62554 1896
62555 1896
62556 1896
62557 1896
62558 1896
62559 1896
62560 1896
62561 1896
62562 1896
62563 1896
62564 1896
62565 1896
62566 1896
62567 1896
62568 1896
62569 1896
62570 1896
62571 1896
62572 1896
62573 1896
62574 1896
62575 1896
62576 1896
62577 1896
62578 1896
62579 1896
62580 1896
62581 1896
62582 1896
62583 1896
62584 1896
62585 1896
62586 1896
62587 1896
62588 1896
62589 1896
62590 1896
62591 1896
62592 1896
62593 1896
62594 1896
62595 1896
62596 1896
62597 1896
62598 1896
62599 1896
62600 1896
62601 1896
62602 1896
62603 1896
62604 1896
62605 1896
62606 1896
62607 1896
62608 1896
62609 1896
62610 1896
62611 1896
62612 1896
62613 1896
62614 1896
62615 1896
62616 1896
62617 1896
62618 1896
62619 1896
62620 1896
62621 1896
62622 1896
62623 1896
62624 1896
62625 1896
62626 1896
62627 1896
62628 1896
62629 1896
62630 1896
62631 1896
62632 1896
62633 1896
62634 1896
62635 1896
62636 1896
62637 1896
62638 1896
62639 1896
62640 1896
62641 1896
62642 1896
62643 1896
62644 1896
62645 1896
62646 1896
62647 1896
62648 1896
62649 1896
62650 1896
62651 1896
62652 1896
62653 1896
62654 1896
62655 1896
62656 1896
62657 1896
62658 1896
62659 1896
62660 1896
62661 1896
62662 1896
62663 1896
62664 1896
62665 1896
62666 1896
62667 1896
62668 1896
62669 1896
62670 1896
62671 1896
62672 1896
62673 1896
62674 1896
62675 1896
62676 1896
62677 1896
62678 1896
62679 1896
62680 1896
62681 1896
62682 1896
62683 1896
62684 1896
62685 1896
62686 1896
62687 1896
62688 1896
62689 1896
62690 1896
62691 1896
62692 1896
62693 1896
62694 1896
62695 1896
62696 1896
62697 1896
62698 1896
62699 1896
62700 1896
62701 1896
62702 1896
62703 1896
62704 1896
62705 1896
62706 1896
62707 1896
62708 1896
62709 1896
62710 1896
62711 1896
62712 1896
62713 1896
62714 1896
62715 1896
62716 1896
62717 1896
62718 1896
62719 1896
62720 1896
62721 1896
62722 1896
62723 1896
62724 1896
62725 1896
62726 1896
62727 1896
62728 1896
62729 1896
62730 1896
62731 1896
62732 1896
62733 1896
62734 1896
62735 1896
62736 1896
62737 1896
62738 1896
62739 1896
62740 1896
62741 1896
62742 1896
62743 1896
62744 1896
62745 1896
62746 1896
62747 1896
62748 1896
62749 1896
62750 1896
62751 1896
62752 1896
62753 1896
62754 1896
62755 1896
62756 1896
62757 1896
62758 1896
62759 1896
62760 1896
62761 1896
62762 1896
62763 1896
62764 1896
62765 1896
62766 1896
62767 1896
62768 1896
62769 1896
62770 1896
62771 1896
62772 1896
62773 1896
62774 1896
62775 1896
62776 1896
62777 1896
62778 1896
62779 1896
62780 1896
62781 1896
62782 1896
62783 1896
62784 1896
62785 1896
62786 1896
62787 1896
62788 1896
62789 1896
62790 1896
62791 1896
62792 1896
62793 1896
62794 1896
62795 1896
62796 1896
62797 1896
62798 1896
62799 1896
62800 1896
62801 1896
62802 1896
62803 1896
62804 1896
62805 1896
62806 1896
62807 1896
62808 1896
62809 1896
62810 1896
62811 1896
62812 1896
62813 1896
62814 1896
62815 1896
62816 1896
62817 1896
62818 1896
62819 1896
62820 1896
62821 1896
62822 1896
62823 1896
62824 1896
62825 1896
62826 1896
62827 1896
62828 1896
62829 1896
62830 1896
62831 1896
62832 1896
62833 1896
62834 1896
62835 1896
62836 1896
62837 1896
62838 1896
62839 1896
62840 1896
62841 1896
62842 1896
62843 1896
62844 1896
62845 1896
62846 1896
62847 1896
62848 1896
62849 1896
62850 1896
62851 1896
62852 1896
62853 1896
62854 1896
62855 1896
62856 1896
62857 1896
62858 1896
62859 1896
62860 1896
62861 1896
62862 1896
62863 1896
62864 1896
62865 1896
62866 1896
62867 1896
62868 1896
62869 1896
62870 1896
62871 1896
62872 1896
62873 1896
62874 1896
62875 1896
62876 1896
62877 1896
62878 1896
62879 1896
62880 1896
62881 1896
62882 1896
62883 1896
62884 1896
62885 1896
62886 1896
62887 1896
62888 1896
62889 1896
62890 1896
62891 1896
62892 1896
62893 1896
62894 1896
62895 1896
62896 1896
62897 1896
62898 1896
62899 1896
62900 1896
62901 1896
62902 1896
62903 1896
62904 1896
62905 1896
62906 1896
62907 1896
62908 1896
62909 1896
62910 1896
62911 1896
62912 1896
62913 1896
62914 1896
62915 1896
62916 1896
62917 1896
62918 1896
62919 1896
62920 1896
62921 1896
62922 1896
62923 1896
62924 1896
62925 1896
62926 1896
62927 1896
62928 1896
62929 1896
62930 1896
62931 1896
62932 1896
62933 1896
62934 1896
62935 1896
62936 1896
62937 1896
62938 1896
62939 1896
62940 1896
62941 1896
62942 1896
62943 1896
62944 1896
62945 1896
62946 1896
62947 1896
62948 1896
62949 1896
62950 1896
62951 1896
62952 1896
62953 1896
62954 1896
62955 1896
62956 1896
62957 1896
62958 1896
62959 1896
62960 1896
62961 1896
62962 1896
62963 1896
62964 1896
62965 1896
62966 1896
62967 1896
62968 1896
62969 1896
62970 1896
62971 1896
62972 1896
62973 1896
62974 1896
62975 1896
62976 1896
62977 1896
62978 1896
62979 1896
62980 1896
62981 1896
62982 1896
62983 1896
62984 1896
62985 1896
62986 1896
62987 1896
62988 1896
62989 1896
62990 1896
62991 1896
62992 1896
62993 1896
62994 1896
62995 1896
62996 1896
62997 1896
62998 1896
62999 1896
63000 1896
63001 1896
63002 1896
63003 1896
63004 1896
63005 1896
63006 1896
63007 1896
63008 1896
63009 1896
63010 1896
63011 1896
63012 1896
63013 1896
63014 1896
63015 1896
63016 1896
63017 1896
63018 1896
63019 1896
63020 1896
63021 1896
63022 1896
63023 1896
63024 1896
63025 1896
63026 1896
63027 1896
63028 1896
63029 1896
63030 1896
63031 1896
63032 1896
63033 1896
63034 1896
63035 1896
63036 1896
63037 1896
63038 1896
63039 1896
63040 1896
63041 1896
63042 1896
63043 1896
63044 1896
63045 1896
63046 1896
63047 1896
63048 1896
63049 1896
63050 1896
63051 1896
63052 1896
63053 1896
63054 1896
63055 1896
63056 1888
63057 1888
63058 1888
63059 1888
63060 1888
63061 1888
63062 1888
63063 1888
63064 1888
63065 1888
63066 1888
63067 1888
63068 1888
63069 1888
63070 1888
63071 1888
63072 1888
63073 1888
63074 1888
63075 1888
63076 1888
63077 1888
63078 1888
63079 1888
63080 1888
63081 1888
63082 1888
63083 1888
63084 1888
63085 1888
63086 1888
63087 1888
63088 1888
63089 1888
63090 1888
63091 1888
63092 1888
63093 1888
63094 1888
63095 1888
63096 1888
63097 1888
63098 1888
63099 1888
63100 1888
63101 1888
63102 1888
63103 1888
63104 1888
63105 1888
63106 1888
63107 1888
63108 1888
63109 1888
63110 1888
63111 1888
63112 1888
63113 1888
63114 1888
63115 1888
63116 1888
63117 1888
63118 1888
63119 1888
63120 1888
63121 1888
63122 1888
63123 1888
63124 1888
63125 1888
63126 1888
63127 1888
63128 1888
63129 1888
63130 1888
63131 1888
63132 1888
63133 1888
63134 1888
63135 1888
63136 1888
63137 1888
63138 1888
63139 1888
63140 1888
63141 1888
63142 1888
63143 1888
63144 1888
63145 1888
63146 1888
63147 1888
63148 1888
63149 1888
63150 1888
63151 1888
63152 1888
63153 1888
63154 1888
63155 1888
63156 1888
63157 1888
63158 1888
63159 1888
63160 1888
63161 1888
63162 1888
63163 1888
63164 1888
63165 1888
63166 1888
63167 1888
63168 1888
63169 1888
63170 1888
63171 1888
63172 1888
63173 1888
63174 1888
63175 1888
63176 1888
63177 1888
63178 1888
63179 1888
63180 1888
63181 1888
63182 1888
63183 1888
63184 1888
63185 1888
63186 1888
63187 1888
63188 1888
63189 1888
63190 1888
63191 1888
63192 1888
63193 1888
63194 1888
63195 1888
63196 1888
63197 1888
63198 1888
63199 1888
63200 1888
63201 1888
63202 1888
63203 1888
63204 1888
63205 1888
63206 1888
63207 1888
63208 1888
63209 1888
63210 1888
63211 1888
63212 1888
63213 1888
63214 1888
63215 1888
63216 1888
63217 1888
63218 1888
63219 1888
63220 1888
63221 1888
63222 1888
63223 1888
63224 1888
63225 1888
63226 1888
63227 1888
63228 1888
63229 1888
63230 1888
63231 1888
63232 1888
63233 1888
63234 1888
63235 1888
63236 1888
63237 1888
63238 1888
63239 1888
63240 1888
63241 1888
63242 1888
63243 1888
63244 1888
63245 1888
63246 1888
63247 1888
63248 1888
63249 1888
63250 1888
63251 1888
63252 1888
63253 1888
63254 1888
63255 1888
63256 1888
63257 1888
63258 1888
63259 1888
63260 1888
63261 1888
63262 1888
63263 1888
63264 1888
63265 1888
63266 1888
63267 1888
63268 1888
63269 1888
63270 1888
63271 1888
63272 1888
63273 1888
63274 1888
63275 1888
63276 1888
63277 1888
63278 1888
63279 1888
63280 1888
63281 1888
63282 1888
63283 1888
63284 1888
63285 1888
63286 1888
63287 1888
63288 1888
63289 1888
63290 1888
63291 1888
63292 1888
63293 1888
63294 1888
63295 1888
63296 1888
63297 1888
63298 1888
63299 1888
63300 1888
63301 1888
63302 1888
63303 1888
63304 1888
63305 1888
63306 1888
63307 1888
63308 1888
63309 1888
63310 1888
63311 1888
63312 1888
63313 1888
63314 1888
63315 1888
63316 1888
63317 1888
63318 1888
63319 1888
63320 1888
63321 1888
63322 1888
63323 1888
63324 1888
63325 1888
63326 1888
63327 1888
63328 1888
63329 1888
63330 1888
63331 1888
63332 1888
63333 1888
63334 1888
63335 1888
63336 1888
63337 1888
63338 1888
63339 1888
63340 1888
63341 1888
63342 1888
63343 1888
63344 1888
63345 1888
63346 1888
63347 1888
63348 1888
63349 1888
63350 1888
63351 1888
63352 1888
63353 1888
63354 1888
63355 1888
63356 1888
63357 1888
63358 1888
63359 1888
63360 1888
63361 1888
63362 1888
63363 1888
63364 1888
63365 1888
63366 1888
63367 1888
63368 1888
63369 1888
63370 1888
63371 1888
63372 1888
63373 1888
63374 1888
63375 1888
63376 1888
63377 1888
63378 1888
63379 1888
63380 1888
63381 1888
63382 1888
63383 1888
63384 1888
63385 1888
63386 1888
63387 1888
63388 1888
63389 1888
63390 1888
63391 1888
63392 1888
63393 1888
63394 1888
63395 1888
63396 1888
63397 1888
63398 1888
63399 1888
63400 1888
63401 1888
63402 1888
63403 1888
63404 1888
63405 1888
63406 1888
63407 1888
63408 1888
63409 1888
63410 1888
63411 1888
63412 1888
63413 1888
63414 1888
63415 1888
63416 1888
63417 1888
63418 1888
63419 1888
63420 1888
63421 1888
63422 1888
63423 1888
63424 1888
63425 1888
63426 1888
63427 1888
63428 1888
63429 1888
63430 1888
63431 1888
63432 1888
63433 1888
63434 1888
63435 1888
63436 1888
63437 1888
63438 1888
63439 1888
63440 1888
63441 1888
63442 1888
63443 1888
63444 1888
63445 1888
63446 1888
63447 1888
63448 1888
63449 1888
63450 1888
63451 1888
63452 1888
63453 1888
63454 1888
63455 1888
63456 1888
63457 1888
63458 1888
63459 1888
63460 1888
63461 1888
63462 1888
63463 1888
63464 1888
63465 1888
63466 1888
63467 1888
63468 1888
63469 1888
63470 1888
63471 1888
63472 1888
63473 1888
63474 1888
63475 1888
63476 1888
63477 1888
63478 1888
63479 1888
63480 1888
63481 1888
63482 1888
63483 1888
63484 1888
63485 1888
63486 1888
63487 1888
63488 1888
63489 1888
63490 1888
63491 1888
63492 1888
63493 1888
63494 1888
63495 1888
63496 1888
63497 1888
63498 1888
63499 1888
63500 1888
63501 1888
63502 1888
63503 1888
63504 1888
63505 1888
63506 1884
63507 1884
63508 1884
63509 1884
63510 1884
63511 1884
63512 1884
63513 1884
63514 1884
63515 1884
63516 1884
63517 1884
63518 1884
63519 1884
63520 1884
63521 1884
63522 1884
63523 1884
63524 1884
63525 1884
63526 1884
63527 1884
63528 1884
63529 1884
63530 1884
63531 1884
63532 1884
63533 1884
63534 1884
63535 1884
63536 1884
63537 1884
63538 1884
63539 1884
63540 1884
63541 1884
63542 1884
63543 1884
63544 1884
63545 1884
63546 1884
63547 1884
63548 1884
63549 1884
63550 1884
63551 1884
63552 1884
63553 1884
63554 1884
63555 1884
63556 1884
63557 1884
63558 1884
63559 1884
63560 1884
63561 1884
63562 1884
63563 1884
63564 1884
63565 1884
63566 1884
63567 1884
63568 1884
63569 1884
63570 1884
63571 1884
63572 1884
63573 1884
63574 1884
63575 1884
63576 1884
63577 1884
63578 1884
63579 1884
63580 1884
63581 1884
63582 1884
63583 1884
63584 1884
63585 1884
63586 1884
63587 1884
63588 1884
63589 1884
63590 1884
63591 1884
63592 1884
63593 1884
63594 1884
63595 1884
63596 1884
63597 1884
63598 1884
63599 1884
63600 1884
63601 1884
63602 1884
63603 1884
63604 1884
63605 1884
63606 1884
63607 1884
63608 1884
63609 1884
63610 1884
63611 1884
63612 1884
63613 1884
63614 1884
63615 1884
63616 1884
63617 1884
63618 1884
63619 1884
63620 1884
63621 1884
63622 1884
63623 1884
63624 1884
63625 1884
63626 1884
63627 1884
63628 1884
63629 1884
63630 1884
63631 1884
63632 1884
63633 1884
63634 1884
63635 1884
63636 1884
63637 1884
63638 1884
63639 1884
63640 1884
63641 1884
63642 1884
63643 1884
63644 1884
63645 1884
63646 1884
63647 1884
63648 1884
63649 1884
63650 1884
63651 1884
63652 1884
63653 1884
63654 1884
63655 1884
63656 1884
63657 1884
63658 1884
63659 1884
63660 1884
63661 1884
63662 1884
63663 1884
63664 1884
63665 1884
63666 1884
63667 1884
63668 1884
63669 1884
63670 1884
63671 1884
63672 1884
63673 1884
63674 1884
63675 1884
63676 1884
63677 1884
63678 1884
63679 1884
63680 1884
63681 1884
63682 1884
63683 1884
63684 1884
63685 1884
63686 1884
63687 1884
63688 1884
63689 1884
63690 1884
63691 1884
63692 1884
63693 1884
63694 1884
63695 1884
63696 1884
63697 1884
63698 1884
63699 1884
63700 1884
63701 1884
63702 1884
63703 1884
63704 1884
63705 1884
63706 1884
63707 1884
63708 1884
63709 1884
63710 1884
63711 1884
63712 1884
63713 1884
63714 1884
63715 1884
63716 1884
63717 1884
63718 1884
63719 1884
63720 1884
63721 1884
63722 1884
63723 1884
63724 1884
63725 1884
63726 1884
63727 1884
63728 1884
63729 1884
63730 1884
63731 1884
63732 1884
63733 1884
63734 1884
63735 1884
63736 1884
63737 1884
63738 1884
63739 1884
63740 1884
63741 1884
63742 1884
63743 1884
63744 1884
63745 1884
63746 1884
63747 1884
63748 1884
63749 1884
63750 1884
63751 1884
63752 1884
63753 1884
63754 1884
63755 1884
63756 1884
63757 1884
63758 1884
63759 1884
63760 1884
63761 1884
63762 1884
63763 1884
63764 1884
63765 1884
63766 1884
63767 1884
63768 1884
63769 1884
63770 1884
63771 1884
63772 1884
63773 1884
63774 1884
63775 1884
63776 1884
63777 1884
63778 1884
63779 1884
63780 1884
63781 1884
63782 1884
63783 1884
63784 1884
63785 1884
63786 1884
63787 1884
63788 1884
63789 1884
63790 1884
63791 1884
63792 1884
63793 1884
63794 1884
63795 1884
63796 1884
63797 1884
63798 1884
63799 1884
63800 1884
63801 1884
63802 1884
63803 1884
63804 1884
63805 1884
63806 1884
63807 1884
63808 1884
63809 1884
63810 1884
63811 1884
63812 1884
63813 1884
63814 1884
63815 1884
63816 1884
63817 1884
63818 1884
63819 1884
63820 1884
63821 1884
63822 1884
63823 1884
63824 1884
63825 1884
63826 1884
63827 1884
63828 1884
63829 1884
63830 1884
63831 1884
63832 1884
63833 1884
63834 1884
63835 1884
63836 1884
63837 1884
63838 1884
63839 1884
63840 1884
63841 1884
63842 1884
63843 1884
63844 1884
63845 1884
63846 1884
63847 1884
63848 1884
63849 1884
63850 1884
63851 1884
63852 1884
63853 1884
63854 1884
63855 1884
63856 1884
63857 1884
63858 1884
63859 1884
63860 1884
63861 1884
63862 1884
63863 1884
63864 1884
63865 1884
63866 1884
63867 1884
63868 1884
63869 1884
63870 1884
63871 1884
63872 1884
63873 1884
63874 1884
63875 1884
63876 1884
63877 1884
63878 1884
63879 1884
63880 1884
63881 1884
63882 1884
63883 1884
63884 1884
63885 1884
63886 1884
63887 1884
63888 1884
63889 1884
63890 1884
63891 1884
63892 1884
63893 1884
63894 1884
63895 1884
63896 1884
63897 1884
63898 1884
63899 1884
63900 1884
63901 1884
63902 1884
63903 1884
63904 1884
63905 1884
63906 1884
63907 1884
63908 1884
63909 1884
63910 1884
63911 1884
63912 1884
63913 1884
63914 1884
63915 1884
63916 1884
63917 1884
63918 1884
63919 1884
63920 1884
63921 1884
63922 1884
63923 1884
63924 1884
63925 1884
63926 1884
63927 1884
63928 1884
63929 1884
63930 1884
63931 1884
63932 1884
63933 1884
63934 1884
63935 1884
63936 1884
63937 1884
63938 1884
63939 1884
63940 1884
63941 1884
63942 1884
63943 1884
63944 1884
63945 1884
63946 1884
63947 1884
63948 1884
63949 1884
63950 1884
63951 1884
63952 1884
63953 1884
63954 1884
63955 1884
63956 1884
63957 1884
63958 1884
63959 1884
63960 1884
63961 1884
63962 1884
63963 1884
63964 1884
63965 1884
63966 1884
63967 1884
63968 1884
63969 1884
63970 1884
63971 1884
63972 1884
63973 1884
63974 1884
63975 1884
63976 1884
63977 1884
63978 1884
63979 1884
63980 1884
63981 1884
63982 1884
63983 1884
63984 1884
63985 1884
63986 1884
63987 1884
63988 1884
63989 1884
63990 1884
63991 1884
63992 1884
63993 1884
63994 1884
63995 1884
63996 1884
63997 1884
63998 1884
63999 1884
64000 1884
64001 1884
64002 1884
64003 1884
64004 1884
64005 1884
64006 1884
64007 1882
64008 1882
64009 1882
64010 1882
64011 1882
64012 1882
64013 1882
64014 1882
64015 1882
64016 1882
64017 1882
64018 1882
64019 1882
64020 1882
64021 1882
64022 1882
64023 1882
64024 1882
64025 1882
64026 1882
64027 1882
64028 1882
64029 1882
64030 1882
64031 1882
64032 1882
64033 1882
64034 1882
64035 1882
64036 1882
64037 1882
64038 1882
64039 1882
64040 1882
64041 1882
64042 1882
64043 1882
64044 1882
64045 1882
64046 1882
64047 1882
64048 1882
64049 1882
64050 1882
64051 1882
64052 1882
64053 1882
64054 1882
64055 1882
64056 1882
64057 1882
64058 1882
64059 1882
64060 1882
64061 1882
64062 1882
64063 1882
64064 1882
64065 1882
64066 1882
64067 1882
64068 1882
64069 1882
64070 1882
64071 1882
64072 1882
64073 1882
64074 1882
64075 1882
64076 1882
64077 1882
64078 1882
64079 1882
64080 1882
64081 1882
64082 1882
64083 1882
64084 1882
64085 1882
64086 1882
64087 1882
64088 1882
64089 1882
64090 1882
64091 1882
64092 1882
64093 1882
64094 1882
64095 1882
64096 1882
64097 1882
64098 1882
64099 1882
64100 1882
64101 1882
64102 1882
64103 1882
64104 1882
64105 1882
64106 1882
64107 1882
64108 1882
64109 1882
64110 1882
64111 1882
64112 1882
64113 1882
64114 1882
64115 1882
64116 1882
64117 1882
64118 1882
64119 1882
64120 1882
64121 1882
64122 1882
64123 1882
64124 1882
64125 1882
64126 1882
64127 1882
64128 1882
64129 1882
64130 1882
64131 1882
64132 1882
64133 1882
64134 1882
64135 1882
64136 1882
64137 1882
64138 1882
64139 1882
64140 1882
64141 1882
64142 1882
64143 1882
64144 1882
64145 1882
64146 1882
64147 1882
64148 1882
64149 1882
64150 1882
64151 1882
64152 1882
64153 1882
64154 1882
64155 1882
64156 1882
64157 1882
64158 1882
64159 1882
64160 1882
64161 1882
64162 1882
64163 1882
64164 1882
64165 1882
64166 1882
64167 1882
64168 1882
64169 1882
64170 1882
64171 1882
64172 1882
64173 1882
64174 1882
64175 1882
64176 1882
64177 1882
64178 1882
64179 1882
64180 1882
64181 1882
64182 1882
64183 1882
64184 1882
64185 1882
64186 1882
64187 1882
64188 1882
64189 1882
64190 1882
64191 1882
64192 1882
64193 1882
64194 1882
64195 1882
64196 1882
64197 1882
64198 1882
64199 1882
64200 1882
64201 1882
64202 1882
64203 1882
64204 1882
64205 1882
64206 1882
64207 1882
64208 1882
64209 1882
64210 1882
64211 1882
64212 1882
64213 1882
64214 1882
64215 1882
64216 1882
64217 1882
64218 1882
64219 1882
64220 1882
64221 1882
64222 1882
64223 1882
64224 1882
64225 1882
64226 1882
64227 1882
64228 1882
64229 1882
64230 1882
64231 1882
64232 1882
64233 1882
64234 1882
64235 1882
64236 1882
64237 1882
64238 1882
64239 1882
64240 1882
64241 1882
64242 1882
64243 1882
64244 1882
64245 1882
64246 1882
64247 1882
64248 1882
64249 1882
64250 1882
64251 1882
64252 1882
64253 1882
64254 1882
64255 1882
64256 1882
64257 1882
64258 1882
64259 1882
64260 1882
64261 1882
64262 1882
64263 1882
64264 1882
64265 1882
64266 1882
64267 1882
64268 1882
64269 1882
64270 1882
64271 1882
64272 1882
64273 1882
64274 1882
64275 1882
64276 1882
64277 1882
64278 1882
64279 1882
64280 1882
64281 1882
64282 1882
64283 1882
64284 1882
64285 1882
64286 1882
64287 1882
64288 1882
64289 1882
64290 1882
64291 1882
64292 1882
64293 1882
64294 1882
64295 1882
64296 1882
64297 1882
64298 1882
64299 1882
64300 1882
64301 1882
64302 1882
64303 1882
64304 1882
64305 1882
64306 1882
64307 1882
64308 1882
64309 1882
64310 1882
64311 1882
64312 1882
64313 1882
64314 1882
64315 1882
64316 1882
64317 1882
64318 1882
64319 1882
64320 1882
64321 1882
64322 1882
64323 1882
64324 1882
64325 1882
64326 1882
64327 1882
64328 1882
64329 1882
64330 1882
64331 1882
64332 1882
64333 1882
64334 1882
64335 1882
64336 1882
64337 1882
64338 1882
64339 1882
64340 1882
64341 1882
64342 1882
64343 1882
64344 1882
64345 1882
64346 1882
64347 1882
64348 1882
64349 1882
64350 1882
64351 1882
64352 1882
64353 1882
64354 1882
64355 1882
64356 1882
64357 1882
64358 1882
64359 1882
64360 1882
64361 1882
64362 1882
64363 1882
64364 1882
64365 1882
64366 1882
64367 1882
64368 1882
64369 1882
64370 1882
64371 1882
64372 1882
64373 1882
64374 1882
64375 1882
64376 1882
64377 1882
64378 1882
64379 1882
64380 1882
64381 1882
64382 1882
64383 1882
64384 1882
64385 1882
64386 1882
64387 1882
64388 1882
64389 1882
64390 1882
64391 1882
64392 1882
64393 1882
64394 1882
64395 1882
64396 1882
64397 1882
64398 1882
64399 1882
64400 1882
64401 1882
64402 1882
64403 1882
64404 1882
64405 1882
64406 1882
64407 1882
64408 1882
64409 1882
64410 1882
64411 1882
64412 1882
64413 1882
64414 1882
64415 1882
64416 1882
64417 1882
64418 1882
64419 1882
64420 1882
64421 1882
64422 1882
64423 1882
64424 1882
64425 1882
64426 1882
64427 1882
64428 1882
64429 1882
64430 1882
64431 1882
64432 1882
64433 1882
64434 1882
64435 1882
64436 1882
64437 1882
64438 1882
64439 1882
64440 1882
64441 1882
64442 1882
64443 1882
64444 1882
64445 1882
64446 1882
64447 1882
64448 1882
64449 1882
64450 1882
64451 1882
64452 1882
64453 1882
64454 1882
64455 1882
64456 1882
64457 1882
64458 1882
64459 1882
64460 1882
64461 1882
64462 1882
64463 1882
64464 1882
64465 1882
64466 1882
64467 1882
64468 1882
64469 1882
64470 1882
64471 1882
64472 1882
64473 1882
64474 1882
64475 1882
64476 1882
64477 1882
64478 1882
64479 1882
64480 1882
64481 1882
64482 1882
64483 1882
64484 1882
64485 1882
64486 1882
64487 1882
64488 1882
64489 1882
64490 1882
64491 1882
64492 1882
64493 1882
64494 1882
64495 1882
64496 1882
64497 1882
64498 1882
64499 1882
64500 1882
64501 1882
64502 1882
64503 1882
64504 1882
64505 1882
64506 1882
64507 1880
64508 1880
64509 1880
64510 1880
64511 1880
64512 1880
64513 1880
64514 1880
64515 1880
64516 1880
64517 1880
64518 1880
64519 1880
64520 1880
64521 1880
64522 1880
64523 1880
64524 1880
64525 1880
64526 1880
64527 1880
64528 1880
64529 1880
64530 1880
64531 1880
64532 1880
64533 1880
64534 1880
64535 1880
64536 1880
64537 1880
64538 1880
64539 1880
64540 1880
64541 1880
64542 1880
64543 1880
64544 1880
64545 1880
64546 1880
64547 1880
64548 1880
64549 1880
64550 1880
64551 1880
64552 1880
64553 1880
64554 1880
64555 1880
64556 1880
64557 1880
64558 1880
64559 1880
64560 1880
64561 1880
64562 1880
64563 1880
64564 1880
64565 1880
64566 1880
64567 1880
64568 1880
64569 1880
64570 1880
64571 1880
64572 1880
64573 1880
64574 1880
64575 1880
64576 1880
64577 1880
64578 1880
64579 1880
64580 1880
64581 1880
64582 1880
64583 1880
64584 1880
64585 1880
64586 1880
64587 1880
64588 1880
64589 1880
64590 1880
64591 1880
64592 1880
64593 1880
64594 1880
64595 1880
64596 1880
64597 1880
64598 1880
64599 1880
64600 1880
64601 1880
64602 1880
64603 1880
64604 1880
64605 1880
64606 1880
64607 1880
64608 1880
64609 1880
64610 1880
64611 1880
64612 1880
64613 1880
64614 1880
64615 1880
64616 1880
64617 1880
64618 1880
64619 1880
64620 1880
64621 1880
64622 1880
64623 1880
64624 1880
64625 1880
64626 1880
64627 1880
64628 1880
64629 1880
64630 1880
64631 1880
64632 1880
64633 1880
64634 1880
64635 1880
64636 1880
64637 1880
64638 1880
64639 1880
64640 1880
64641 1880
64642 1880
64643 1880
64644 1880
64645 1880
64646 1880
64647 1880
64648 1880
64649 1880
64650 1880
64651 1880
64652 1880
64653 1880
64654 1880
64655 1880
64656 1880
64657 1880
64658 1879
64659 1879
64660 1879
64661 1879
64662 1879
64663 1879
64664 1879
64665 1879
64666 1879
64667 1879
64668 1879
64669 1879
64670 1879
64671 1879
64672 1879
64673 1879
64674 1879
64675 1879
64676 1879
64677 1879
64678 1879
64679 1879
64680 1879
64681 1879
64682 1879
64683 1879
64684 1879
64685 1879
64686 1879
64687 1879
64688 1879
64689 1879
64690 1879
64691 1879
64692 1879
64693 1879
64694 1879
64695 1879
64696 1879
64697 1879
64698 1879
64699 1879
64700 1879
64701 1879
64702 1879
64703 1879
64704 1879
64705 1879
64706 1879
64707 1879
64708 1879
64709 1879
64710 1879
64711 1879
64712 1879
64713 1879
64714 1879
64715 1879
64716 1879
64717 1879
64718 1879
64719 1879
64720 1879
64721 1879
64722 1879
64723 1879
64724 1879
64725 1879
64726 1879
64727 1879
64728 1879
64729 1879
64730 1879
64731 1879
64732 1879
64733 1879
64734 1879
64735 1879
64736 1879
64737 1879
64738 1879
64739 1879
64740 1879
64741 1879
64742 1879
64743 1879
64744 1879
64745 1879
64746 1879
64747 1879
64748 1879
64749 1879
64750 1879
64751 1879
64752 1879
64753 1879
64754 1879
64755 1879
64756 1879
64757 1879
64758 1879
64759 1879
64760 1879
64761 1879
64762 1879
64763 1879
64764 1879
64765 1879
64766 1879
64767 1879
64768 1879
64769 1879
64770 1879
64771 1879
64772 1879
64773 1879
64774 1879
64775 1879
64776 1879
64777 1879
64778 1879
64779 1879
64780 1879
64781 1879
64782 1879
64783 1879
64784 1879
64785 1879
64786 1879
64787 1879
64788 1879
64789 1879
64790 1879
64791 1879
64792 1879
64793 1879
64794 1879
64795 1879
64796 1879
64797 1879
64798 1879
64799 1879
64800 1879
64801 1879
64802 1879
64803 1879
64804 1879
64805 1879
64806 1879
64807 1879
64808 1879
64809 1879
64810 1879
64811 1879
64812 1879
64813 1879
64814 1879
64815 1879
64816 1879
64817 1879
64818 1879
64819 1879
64820 1879
64821 1879
64822 1879
64823 1879
64824 1879
64825 1879
64826 1879
64827 1879
64828 1879
64829 1879
64830 1879
64831 1879
64832 1879
64833 1879
64834 1879
64835 1879
64836 1879
64837 1879
64838 1879
64839 1879
64840 1879
64841 1879
64842 1879
64843 1879
64844 1879
64845 1879
64846 1879
64847 1879
64848 1879
64849 1879
64850 1879
64851 1879
64852 1879
64853 1879
64854 1879
64855 1879
64856 1879
64857 1879
64858 1879
64859 1879
64860 1879
64861 1879
64862 1879
64863 1879
64864 1879
64865 1879
64866 1879
64867 1879
64868 1879
64869 1879
64870 1879
64871 1879
64872 1879
64873 1879
64874 1879
64875 1879
64876 1879
64877 1879
64878 1879
64879 1879
64880 1879
64881 1879
64882 1879
64883 1879
64884 1879
64885 1879
64886 1879
64887 1879
64888 1879
64889 1879
64890 1879
64891 1879
64892 1879
64893 1879
64894 1879
64895 1879
64896 1879
64897 1879
64898 1879
64899 1879
64900 1879
64901 1879
64902 1879
64903 1879
64904 1879
64905 1879
64906 1879
64907 1879
64908 1879
64909 1879
64910 1879
64911 1879
64912 1879
64913 1879
64914 1879
64915 1879
64916 1879
64917 1879
64918 1879
64919 1879
64920 1879
64921 1879
64922 1879
64923 1879
64924 1879
64925 1879
64926 1879
64927 1879
64928 1879
64929 1879
64930 1879
64931 1879
64932 1879
64933 1879
64934 1879
64935 1879
64936 1879
64937 1879
64938 1879
64939 1879
64940 1879
64941 1879
64942 1879
64943 1879
64944 1879
64945 1879
64946 1879
64947 1879
64948 1879
64949 1879
64950 1879
64951 1879
64952 1879
64953 1879
64954 1879
64955 1879
64956 1879
64957 1879
64958 1879
64959 1879
64960 1879
64961 1879
64962 1879
64963 1879
64964 1879
64965 1879
64966 1879
64967 1879
64968 1879
64969 1879
64970 1879
64971 1879
64972 1879
64973 1879
64974 1879
64975 1879
64976 1879
64977 1879
64978 1879
64979 1879
64980 1879
64981 1879
64982 1879
64983 1879
64984 1879
64985 1879
64986 1879
64987 1879
64988 1879
64989 1879
64990 1879
64991 1879
64992 1879
64993 1879
64994 1879
64995 1879
64996 1879
64997 1879
64998 1879
64999 1879
65000 1879
65001 1879
65002 1879
65003 1879
65004 1879
65005 1879
65006 1879
65007 1879
65008 1879
65009 1879
65010 1879
65011 1879
65012 1879
65013 1879
65014 1879
65015 1879
65016 1879
65017 1879
65018 1879
65019 1879
65020 1879
65021 1879
65022 1879
65023 1879
65024 1879
65025 1879
65026 1879
65027 1879
65028 1879
65029 1879
65030 1879
65031 1879
65032 1879
65033 1879
65034 1879
65035 1879
65036 1879
65037 1879
65038 1879
65039 1879
65040 1879
65041 1879
65042 1879
65043 1879
65044 1879
65045 1879
65046 1879
65047 1879
65048 1879
65049 1879
65050 1879
65051 1879
65052 1879
65053 1879
65054 1879
65055 1879
65056 1879
65057 1879
65058 1879
65059 1879
65060 1879
65061 1879
65062 1879
65063 1879
65064 1879
65065 1879
65066 1879
65067 1879
65068 1879
65069 1879
65070 1879
65071 1879
65072 1879
65073 1879
65074 1879
65075 1879
65076 1879
65077 1879
65078 1879
65079 1879
65080 1879
65081 1879
65082 1879
65083 1879
65084 1879
65085 1879
65086 1879
65087 1879
65088 1879
65089 1879
65090 1879
65091 1879
65092 1879
65093 1879
65094 1879
65095 1879
65096 1879
65097 1879
65098 1879
65099 1879
65100 1879
65101 1879
65102 1879
65103 1879
65104 1879
65105 1879
65106 1879
65107 1879
65108 1879
65109 1879
65110 1879
65111 1879
65112 1879
65113 1879
65114 1879
65115 1879
65116 1879
65117 1879
65118 1879
65119 1879
65120 1879
65121 1879
65122 1879
65123 1879
65124 1879
65125 1879
65126 1879
65127 1879
65128 1879
65129 1879
65130 1879
65131 1879
65132 1879
65133 1879
65134 1879
65135 1879
65136 1879
65137 1879
65138 1879
65139 1879
65140 1879
65141 1879
65142 1879
65143 1879
65144 1879
65145 1879
65146 1879
65147 1879
65148 1879
65149 1879
65150 1879
65151 1879
65152 1879
65153 1879
65154 1879
65155 1879
65156 1879
65157 1879
65158 1879
65159 1879
65160 1879
65161 1879
65162 1879
65163 1879
65164 1879
65165 1879
65166 1879
65167 1879
65168 1879
65169 1879
65170 1879
65171 1879
65172 1879
65173 1879
65174 1879
65175 1879
65176 1879
65177 1879
65178 1879
65179 1879
65180 1879
65181 1879
65182 1879
65183 1879
65184 1879
65185 1879
65186 1879
65187 1879
65188 1879
65189 1879
65190 1879
65191 1879
65192 1879
65193 1879
65194 1879
65195 1879
65196 1879
65197 1879
65198 1879
65199 1879
65200 1879
65201 1879
65202 1879
65203 1879
65204 1879
65205 1879
65206 1879
65207 1879
65208 1879
65209 1879
65210 1879
65211 1879
65212 1879
65213 1879
65214 1879
65215 1879
65216 1879
65217 1879
65218 1879
65219 1879
65220 1879
65221 1879
65222 1879
65223 1879
65224 1879
65225 1879
65226 1879
65227 1879
65228 1879
65229 1879
65230 1879
65231 1879
65232 1879
65233 1879
65234 1879
65235 1879
65236 1879
65237 1879
65238 1879
65239 1879
65240 1879
65241 1879
65242 1879
65243 1879
65244 1879
65245 1879
65246 1879
65247 1879
65248 1879
65249 1879
65250 1879
65251 1879
65252 1879
65253 1879
65254 1879
65255 1879
65256 1879
65257 1879
65258 1879
65259 1879
65260 1879
65261 1879
65262 1879
65263 1879
65264 1879
65265 1879
65266 1879
65267 1879
65268 1879
65269 1879
65270 1879
65271 1879
65272 1879
65273 1879
65274 1879
65275 1879
65276 1879
65277 1879
65278 1879
65279 1879
65280 1879
65281 1879
65282 1879
65283 1879
65284 1879
65285 1879
65286 1879
65287 1879
65288 1879
65289 1879
65290 1879
65291 1879
65292 1879
65293 1879
65294 1879
65295 1879
65296 1879
65297 1879
65298 1879
65299 1879
65300 1879
65301 1879
65302 1879
65303 1879
65304 1879
65305 1879
65306 1879
65307 1879
65308 1879
65309 1879
65310 1879
65311 1879
65312 1879
65313 1879
65314 1879
65315 1879
65316 1879
65317 1879
65318 1879
65319 1879
65320 1879
65321 1879
65322 1879
65323 1879
65324 1879
65325 1879
65326 1879
65327 1879
65328 1879
65329 1879
65330 1879
65331 1879
65332 1879
65333 1879
65334 1879
65335 1879
65336 1879
65337 1879
65338 1879
65339 1879
65340 1879
65341 1879
65342 1879
65343 1879
65344 1879
65345 1879
65346 1879
65347 1879
65348 1879
65349 1879
65350 1879
65351 1879
65352 1879
65353 1879
65354 1879
65355 1879
65356 1879
65357 1879
65358 1879
65359 1879
65360 1879
65361 1879
65362 1879
65363 1879
65364 1879
65365 1879
65366 1879
65367 1879
65368 1879
65369 1879
65370 1879
65371 1879
65372 1879
65373 1879
65374 1879
65375 1879
65376 1879
65377 1879
65378 1879
65379 1879
65380 1879
65381 1879
65382 1879
65383 1879
65384 1879
65385 1879
65386 1879
65387 1879
65388 1879
65389 1879
65390 1879
65391 1879
65392 1879
65393 1879
65394 1879
65395 1879
65396 1879
65397 1879
65398 1879
65399 1879
65400 1879
65401 1879
65402 1879
65403 1879
65404 1879
65405 1879
65406 1879
65407 1879
65408 1879
65409 1879
65410 1879
65411 1879
65412 1879
65413 1879
65414 1879
65415 1879
65416 1879
65417 1879
65418 1879
65419 1879
65420 1879
65421 1879
65422 1879
65423 1879
65424 1879
65425 1879
65426 1879
65427 1879
65428 1879
65429 1879
65430 1879
65431 1879
65432 1879
65433 1879
65434 1879
65435 1879
65436 1879
65437 1879
65438 1879
65439 1879
65440 1879
65441 1879
65442 1879
65443 1879
65444 1879
65445 1879
65446 1879
65447 1879
65448 1879
65449 1879
65450 1879
65451 1879
65452 1879
65453 1879
65454 1879
65455 1879
65456 1879
65457 1879
65458 1879
65459 1879
65460 1879
65461 1879
65462 1879
65463 1879
65464 1879
65465 1879
65466 1879
65467 1879
65468 1879
65469 1879
65470 1879
65471 1879
65472 1879
65473 1879
65474 1879
65475 1879
65476 1879
65477 1879
65478 1879
65479 1879
65480 1879
65481 1879
65482 1879
65483 1879
65484 1879
65485 1879
65486 1879
65487 1879
65488 1879
65489 1879
65490 1879
65491 1879
65492 1879
65493 1879
65494 1879
65495 1879
65496 1879
65497 1879
65498 1879
65499 1879
65500 1879
65501 1879
65502 1879
65503 1879
65504 1879
65505 1879
65506 1879
65507 1879
65508 1879
65509 1879
65510 1879
65511 1879
65512 1879
65513 1879
65514 1879
65515 1879
65516 1879
65517 1879
65518 1879
65519 1879
65520 1879
65521 1879
65522 1879
65523 1879
65524 1879
65525 1879
65526 1879
65527 1879
65528 1879
65529 1879
65530 1879
65531 1879
65532 1879
65533 1879
65534 1879
65535 1879
65536 1879
65537 1879
65538 1879
65539 1879
65540 1879
65541 1879
65542 1879
65543 1879
65544 1879
65545 1879
65546 1879
65547 1879
65548 1879
65549 1879
65550 1879
65551 1879
65552 1879
65553 1879
65554 1879
65555 1879
65556 1879
65557 1879
65558 1879
65559 1879
65560 1879
65561 1879
65562 1879
65563 1879
65564 1879
65565 1879
65566 1879
65567 1879
65568 1879
65569 1879
65570 1879
65571 1879
65572 1879
65573 1879
65574 1879
65575 1879
65576 1879
65577 1879
65578 1879
65579 1879
65580 1879
65581 1879
65582 1879
65583 1879
65584 1879
65585 1879
65586 1879
65587 1879
65588 1879
65589 1879
65590 1879
65591 1879
65592 1879
65593 1879
65594 1879
65595 1879
65596 1879
65597 1879
65598 1879
65599 1879
65600 1879
65601 1879
65602 1879
65603 1879
65604 1879
65605 1879
65606 1879
65607 1879
65608 1879
65609 1879
65610 1879
65611 1879
65612 1879
65613 1879
65614 1879
65615 1879
65616 1879
65617 1879
65618 1879
65619 1879
65620 1879
65621 1879
65622 1879
65623 1879
65624 1879
65625 1879
65626 1879
65627 1879
65628 1879
65629 1879
65630 1879
65631 1879
65632 1879
65633 1879
65634 1879
65635 1879
65636 1879
65637 1879
65638 1879
65639 1879
65640 1879
65641 1879
65642 1879
65643 1879
65644 1879
65645 1879
65646 1879
65647 1879
65648 1879
65649 1879
65650 1879
65651 1879
65652 1879
65653 1879
65654 1879
65655 1879
65656 1879
65657 1879
65658 1879
65659 1879
65660 1879
65661 1879
65662 1879
65663 1879
65664 1879
65665 1879
65666 1879
65667 1879
65668 1879
65669 1879
65670 1879
65671 1879
65672 1879
65673 1879
65674 1879
65675 1879
65676 1879
65677 1879
65678 1879
65679 1879
65680 1879
65681 1879
65682 1879
65683 1879
65684 1879
65685 1879
65686 1879
65687 1879
65688 1879
65689 1879
65690 1879
65691 1879
65692 1879
65693 1879
65694 1879
65695 1879
65696 1879
65697 1879
65698 1879
65699 1879
65700 1879
65701 1879
65702 1879
65703 1879
65704 1879
65705 1879
65706 1879
65707 1879
65708 1879
65709 1879
65710 1879
65711 1879
65712 1879
65713 1879
65714 1879
65715 1879
65716 1879
65717 1879
65718 1879
65719 1879
65720 1879
65721 1879
65722 1879
65723 1879
65724 1879
65725 1879
65726 1879
65727 1879
65728 1879
65729 1879
65730 1879
65731 1879
65732 1879
65733 1879
65734 1879
65735 1879
65736 1879
65737 1879
65738 1879
65739 1879
65740 1879
65741 1879
65742 1879
65743 1879
65744 1879
65745 1879
65746 1879
65747 1879
65748 1879
65749 1879
65750 1879
65751 1879
65752 1879
65753 1879
65754 1879
65755 1879
65756 1879
65757 1879
65758 1879
65759 1879
65760 1879
65761 1879
65762 1879
65763 1879
65764 1879
65765 1879
65766 1879
65767 1879
65768 1879
65769 1879
65770 1879
65771 1879
65772 1879
65773 1879
65774 1879
65775 1879
65776 1879
65777 1879
65778 1879
65779 1879
65780 1879
65781 1879
65782 1879
65783 1879
65784 1879
65785 1879
65786 1879
65787 1879
65788 1879
65789 1879
65790 1879
65791 1879
65792 1879
65793 1879
65794 1879
65795 1879
65796 1879
65797 1879
65798 1879
65799 1879
65800 1879
65801 1879
65802 1879
65803 1879
65804 1879
65805 1879
65806 1879
65807 1879
65808 1879
65809 1879
65810 1879
65811 1879
65812 1879
65813 1879
65814 1879
65815 1879
65816 1879
65817 1879
65818 1879
65819 1879
65820 1879
65821 1879
65822 1879
65823 1879
65824 1879
65825 1879
65826 1879
65827 1879
65828 1879
65829 1879
65830 1879
65831 1879
65832 1879
65833 1879
65834 1879
65835 1879
65836 1879
65837 1879
65838 1879
65839 1879
65840 1879
65841 1879
65842 1879
65843 1879
65844 1879
65845 1879
65846 1879
65847 1879
65848 1879
65849 1879
65850 1879
65851 1879
65852 1879
65853 1879
65854 1879
65855 1879
65856 1879
65857 1879
65858 1879
65859 1879
65860 1879
65861 1879
65862 1879
65863 1879
65864 1879
65865 1879
65866 1879
65867 1879
65868 1879
65869 1879
65870 1879
65871 1879
65872 1879
65873 1879
65874 1879
65875 1879
65876 1879
65877 1879
65878 1879
65879 1879
65880 1879
65881 1879
65882 1879
65883 1879
65884 1879
65885 1879
65886 1879
65887 1879
65888 1879
65889 1879
65890 1879
65891 1879
65892 1879
65893 1879
65894 1879
65895 1879
65896 1879
65897 1879
65898 1879
65899 1879
65900 1879
65901 1879
65902 1879
65903 1879
65904 1879
65905 1879
65906 1879
65907 1879
65908 1879
65909 1879
65910 1879
65911 1879
65912 1879
65913 1879
65914 1879
65915 1879
65916 1879
65917 1879
65918 1879
65919 1879
65920 1879
65921 1879
65922 1879
65923 1879
65924 1879
65925 1879
65926 1879
65927 1879
65928 1879
65929 1879
65930 1879
65931 1879
65932 1879
65933 1879
65934 1879
65935 1879
65936 1879
65937 1879
65938 1879
65939 1879
65940 1879
65941 1879
65942 1879
65943 1879
65944 1879
65945 1879
65946 1879
65947 1879
65948 1879
65949 1879
65950 1879
65951 1879
65952 1879
65953 1879
65954 1879
65955 1879
65956 1879
65957 1879
65958 1879
65959 1879
65960 1879
65961 1879
65962 1879
65963 1879
65964 1879
65965 1879
65966 1879
65967 1879
65968 1879
65969 1879
65970 1879
65971 1879
65972 1879
65973 1879
65974 1879
65975 1879
65976 1879
65977 1879
65978 1879
65979 1879
65980 1879
65981 1879
65982 1879
65983 1879
65984 1879
65985 1879
65986 1879
65987 1879
65988 1879
65989 1879
65990 1879
65991 1879
65992 1879
65993 1879
65994 1879
65995 1879
65996 1879
65997 1879
65998 1879
65999 1879
66000 1879
66001 1879
66002 1879
66003 1879
66004 1879
66005 1879
66006 1879
66007 1879
66008 1879
66009 1879
66010 1879
66011 1879
66012 1879
66013 1879
66014 1879
66015 1879
66016 1879
66017 1879
66018 1879
66019 1879
66020 1879
66021 1879
66022 1879
66023 1879
66024 1879
66025 1879
66026 1879
66027 1879
66028 1879
66029 1879
66030 1879
66031 1879
66032 1879
66033 1879
66034 1879
66035 1879
66036 1879
66037 1879
66038 1879
66039 1879
66040 1879
66041 1879
66042 1879
66043 1879
66044 1879
66045 1879
66046 1879
66047 1879
66048 1879
66049 1879
66050 1879
66051 1879
66052 1879
66053 1879
66054 1879
66055 1879
66056 1879
66057 1879
66058 1879
66059 1879
66060 1879
66061 1879
66062 1879
66063 1879
66064 1879
66065 1879
66066 1879
66067 1879
66068 1879
66069 1879
66070 1879
66071 1879
66072 1879
66073 1879
66074 1879
66075 1879
66076 1879
66077 1879
66078 1879
66079 1879
66080 1879
66081 1879
66082 1879
66083 1879
66084 1879
66085 1879
66086 1873
66087 1873
66088 1873
66089 1873
66090 1873
66091 1873
66092 1873
66093 1873
66094 1873
66095 1873
66096 1873
66097 1873
66098 1873
66099 1873
66100 1873
66101 1873
66102 1873
66103 1873
66104 1873
66105 1873
66106 1873
66107 1873
66108 1873
66109 1873
66110 1873
66111 1873
66112 1873
66113 1873
66114 1873
66115 1873
66116 1873
66117 1873
66118 1873
66119 1873
66120 1873
66121 1873
66122 1873
66123 1873
66124 1873
66125 1873
66126 1873
66127 1873
66128 1873
66129 1873
66130 1873
66131 1873
66132 1873
66133 1873
66134 1873
66135 1873
66136 1873
66137 1873
66138 1873
66139 1873
66140 1873
66141 1873
66142 1873
66143 1873
66144 1873
66145 1873
66146 1873
66147 1873
66148 1873
66149 1873
66150 1873
66151 1873
66152 1873
66153 1873
66154 1873
66155 1873
66156 1873
66157 1873
66158 1873
66159 1873
66160 1873
66161 1873
66162 1873
66163 1873
66164 1873
66165 1873
66166 1873
66167 1873
66168 1873
66169 1873
66170 1873
66171 1873
66172 1873
66173 1873
66174 1873
66175 1873
66176 1873
66177 1873
66178 1873
66179 1873
66180 1873
66181 1873
66182 1873
66183 1873
66184 1873
66185 1873
66186 1873
66187 1873
66188 1873
66189 1873
66190 1873
66191 1873
66192 1873
66193 1873
66194 1873
66195 1873
66196 1873
66197 1873
66198 1873
66199 1873
66200 1873
66201 1873
66202 1873
66203 1873
66204 1873
66205 1873
66206 1873
66207 1873
66208 1873
66209 1873
66210 1873
66211 1873
66212 1873
66213 1873
66214 1873
66215 1873
66216 1873
66217 1873
66218 1873
66219 1873
66220 1873
66221 1873
66222 1873
66223 1873
66224 1873
66225 1873
66226 1873
66227 1873
66228 1873
66229 1873
66230 1873
66231 1873
66232 1873
66233 1873
66234 1873
66235 1873
66236 1873
66237 1873
66238 1873
66239 1873
66240 1873
66241 1873
66242 1873
66243 1873
66244 1873
66245 1873
66246 1873
66247 1873
66248 1873
66249 1873
66250 1873
66251 1873
66252 1873
66253 1873
66254 1873
66255 1873
66256 1873
66257 1873
66258 1873
66259 1873
66260 1873
66261 1873
66262 1873
66263 1873
66264 1873
66265 1873
66266 1873
66267 1873
66268 1873
66269 1873
66270 1873
66271 1873
66272 1873
66273 1873
66274 1873
66275 1873
66276 1873
66277 1873
66278 1873
66279 1873
66280 1873
66281 1873
66282 1873
66283 1873
66284 1873
66285 1873
66286 1873
66287 1873
66288 1873
66289 1873
66290 1873
66291 1873
66292 1873
66293 1873
66294 1873
66295 1873
66296 1873
66297 1873
66298 1873
66299 1873
66300 1873
66301 1873
66302 1873
66303 1873
66304 1873
66305 1873
66306 1873
66307 1873
66308 1873
66309 1873
66310 1873
66311 1873
66312 1873
66313 1873
66314 1873
66315 1873
66316 1873
66317 1873
66318 1873
66319 1873
66320 1873
66321 1873
66322 1873
66323 1873
66324 1873
66325 1873
66326 1873
66327 1873
66328 1873
66329 1873
66330 1873
66331 1873
66332 1873
66333 1873
66334 1873
66335 1873
66336 1873
66337 1873
66338 1873
66339 1873
66340 1873
66341 1873
66342 1873
66343 1873
66344 1873
66345 1873
66346 1873
66347 1873
66348 1873
66349 1873
66350 1873
66351 1873
66352 1873
66353 1873
66354 1873
66355 1873
66356 1873
66357 1873
66358 1873
66359 1873
66360 1873
66361 1873
66362 1873
66363 1873
66364 1873
66365 1873
66366 1873
66367 1873
66368 1873
66369 1873
66370 1873
66371 1873
66372 1873
66373 1873
66374 1873
66375 1873
66376 1873
66377 1873
66378 1873
66379 1873
66380 1873
66381 1873
66382 1873
66383 1873
66384 1873
66385 1873
66386 1873
66387 1873
66388 1873
66389 1873
66390 1873
66391 1873
66392 1873
66393 1873
66394 1873
66395 1873
66396 1873
66397 1873
66398 1873
66399 1873
66400 1873
66401 1873
66402 1873
66403 1873
66404 1873
66405 1873
66406 1873
66407 1873
66408 1873
66409 1873
66410 1873
66411 1873
66412 1873
66413 1873
66414 1873
66415 1873
66416 1873
66417 1873
66418 1873
66419 1873
66420 1873
66421 1873
66422 1873
66423 1873
66424 1873
66425 1873
66426 1873
66427 1873
66428 1873
66429 1873
66430 1873
66431 1873
66432 1873
66433 1873
66434 1873
66435 1873
66436 1873
66437 1873
66438 1873
66439 1873
66440 1873
66441 1873
66442 1873
66443 1873
66444 1873
66445 1873
66446 1873
66447 1873
66448 1873
66449 1873
66450 1873
66451 1873
66452 1873
66453 1873
66454 1873
66455 1873
66456 1873
66457 1873
66458 1873
66459 1873
66460 1873
66461 1873
66462 1873
66463 1873
66464 1873
66465 1873
66466 1873
66467 1873
66468 1873
66469 1873
66470 1873
66471 1873
66472 1873
66473 1873
66474 1873
66475 1873
66476 1873
66477 1873
66478 1873
66479 1873
66480 1873
66481 1873
66482 1873
66483 1873
66484 1873
66485 1873
66486 1873
66487 1873
66488 1873
66489 1873
66490 1873
66491 1873
66492 1873
66493 1873
66494 1873
66495 1873
66496 1873
66497 1873
66498 1873
66499 1873
66500 1873
66501 1873
66502 1873
66503 1873
66504 1873
66505 1873
66506 1873
66507 1873
66508 1873
66509 1873
66510 1873
66511 1873
66512 1873
66513 1873
66514 1873
66515 1873
66516 1873
66517 1873
66518 1873
66519 1873
66520 1873
66521 1873
66522 1873
66523 1873
66524 1873
66525 1873
66526 1873
66527 1873
66528 1873
66529 1873
66530 1873
66531 1873
66532 1873
66533 1873
66534 1873
66535 1873
66536 1873
66537 1873
66538 1873
66539 1873
66540 1873
66541 1873
66542 1873
66543 1873
66544 1873
66545 1873
66546 1873
66547 1873
66548 1873
66549 1873
66550 1873
66551 1873
66552 1873
66553 1873
66554 1873
66555 1873
66556 1873
66557 1873
66558 1873
66559 1873
66560 1873
66561 1873
66562 1873
66563 1873
66564 1873
66565 1873
66566 1873
66567 1873
66568 1873
66569 1873
66570 1873
66571 1873
66572 1873
66573 1873
66574 1873
66575 1873
66576 1873
66577 1873
66578 1873
66579 1873
66580 1873
66581 1873
66582 1873
66583 1873
66584 1873
66585 1873
66586 1873
66587 1873
66588 1873
66589 1873
66590 1873
66591 1873
66592 1873
66593 1873
66594 1873
66595 1873
66596 1873
66597 1873
66598 1873
66599 1873
66600 1873
66601 1873
66602 1873
66603 1873
66604 1873
66605 1873
66606 1873
66607 1873
66608 1873
66609 1873
66610 1873
66611 1873
66612 1873
66613 1873
66614 1873
66615 1873
66616 1873
66617 1873
66618 1873
66619 1873
66620 1873
66621 1873
66622 1873
66623 1873
66624 1873
66625 1873
66626 1873
66627 1873
66628 1873
66629 1873
66630 1873
66631 1873
66632 1873
66633 1873
66634 1873
66635 1873
66636 1873
66637 1873
66638 1873
66639 1873
66640 1873
66641 1873
66642 1873
66643 1873
66644 1873
66645 1873
66646 1873
66647 1873
66648 1873
66649 1873
66650 1873
66651 1873
66652 1873
66653 1873
66654 1873
66655 1873
66656 1873
66657 1873
66658 1873
66659 1873
66660 1873
66661 1873
66662 1873
66663 1873
66664 1873
66665 1873
66666 1873
66667 1873
66668 1873
66669 1873
66670 1873
66671 1873
66672 1873
66673 1873
66674 1873
66675 1873
66676 1873
66677 1873
66678 1873
66679 1873
66680 1873
66681 1873
66682 1873
66683 1873
66684 1873
66685 1873
66686 1873
66687 1873
66688 1873
66689 1873
66690 1873
66691 1873
66692 1873
66693 1873
66694 1873
66695 1873
66696 1873
66697 1873
66698 1873
66699 1873
66700 1873
66701 1873
66702 1873
66703 1873
66704 1873
66705 1873
66706 1873
66707 1873
66708 1873
66709 1873
66710 1873
66711 1873
66712 1873
66713 1873
66714 1873
66715 1873
66716 1873
66717 1873
66718 1873
66719 1873
66720 1873
66721 1873
66722 1873
66723 1873
66724 1873
66725 1873
66726 1873
66727 1873
66728 1873
66729 1873
66730 1873
66731 1873
66732 1873
66733 1873
66734 1873
66735 1873
66736 1873
66737 1873
66738 1873
66739 1873
66740 1873
66741 1873
66742 1873
66743 1873
66744 1873
66745 1873
66746 1873
66747 1873
66748 1873
66749 1873
66750 1873
66751 1873
66752 1873
66753 1873
66754 1873
66755 1873
66756 1873
66757 1873
66758 1873
66759 1873
66760 1873
66761 1873
66762 1873
66763 1873
66764 1873
66765 1873
66766 1873
66767 1873
66768 1873
66769 1873
66770 1873
66771 1873
66772 1873
66773 1873
66774 1873
66775 1873
66776 1873
66777 1873
66778 1873
66779 1873
66780 1873
66781 1873
66782 1873
66783 1873
66784 1873
66785 1873
66786 1873
66787 1873
66788 1873
66789 1873
66790 1873
66791 1873
66792 1873
66793 1873
66794 1873
66795 1873
66796 1873
66797 1873
66798 1873
66799 1873
66800 1873
66801 1873
66802 1873
66803 1873
66804 1873
66805 1873
66806 1873
66807 1873
66808 1873
66809 1873
66810 1873
66811 1873
66812 1873
66813 1873
66814 1873
66815 1873
66816 1873
66817 1873
66818 1873
66819 1873
66820 1873
66821 1873
66822 1873
66823 1873
66824 1873
66825 1873
66826 1873
66827 1873
66828 1873
66829 1873
66830 1873
66831 1873
66832 1873
66833 1873
66834 1873
66835 1873
66836 1873
66837 1873
66838 1873
66839 1873
66840 1873
66841 1873
66842 1873
66843 1873
66844 1873
66845 1873
66846 1873
66847 1873
66848 1873
66849 1873
66850 1873
66851 1873
66852 1873
66853 1873
66854 1873
66855 1873
66856 1873
66857 1873
66858 1873
66859 1873
66860 1873
66861 1873
66862 1873
66863 1873
66864 1873
66865 1873
66866 1873
66867 1873
66868 1873
66869 1873
66870 1873
66871 1873
66872 1873
66873 1873
66874 1873
66875 1873
66876 1873
66877 1873
66878 1873
66879 1873
66880 1873
66881 1873
66882 1873
66883 1873
66884 1873
66885 1873
66886 1873
66887 1873
66888 1873
66889 1873
66890 1873
66891 1873
66892 1873
66893 1873
66894 1873
66895 1873
66896 1873
66897 1873
66898 1873
66899 1873
66900 1873
66901 1873
66902 1873
66903 1873
66904 1873
66905 1873
66906 1873
66907 1858
66908 1858
66909 1858
66910 1858
66911 1858
66912 1858
66913 1858
66914 1858
66915 1858
66916 1858
66917 1858
66918 1858
66919 1858
66920 1858
66921 1858
66922 1858
66923 1858
66924 1858
66925 1858
66926 1858
66927 1858
66928 1858
66929 1858
66930 1858
66931 1858
66932 1858
66933 1858
66934 1858
66935 1858
66936 1858
66937 1858
66938 1858
66939 1858
66940 1858
66941 1858
66942 1858
66943 1858
66944 1858
66945 1858
66946 1858
66947 1858
66948 1858
66949 1858
66950 1858
66951 1858
66952 1858
66953 1858
66954 1858
66955 1858
66956 1858
66957 1858
66958 1858
66959 1858
66960 1858
66961 1858
66962 1858
66963 1858
66964 1858
66965 1858
66966 1858
66967 1858
66968 1858
66969 1858
66970 1858
66971 1858
66972 1858
66973 1858
66974 1858
66975 1858
66976 1858
66977 1858
66978 1858
66979 1858
66980 1858
66981 1858
66982 1858
66983 1858
66984 1858
66985 1858
66986 1858
66987 1858
66988 1858
66989 1858
66990 1858
