1 6987
2 6987
3 6969
4 6969
5 6969
6 6969
7 6937
8 6937
9 6930
10 6930
11 6924
12 6920
13 6896
14 6896
15 6879
16 6871
17 6871
18 6871
19 6871
20 6860
21 6855
22 6855
23 6833
24 6831
25 6831
26 6831
27 6820
28 6798
29 6797
30 6790
31 6783
32 6783
33 6783
34 6783
35 6778
36 6722
37 6718
38 6709
39 6660
40 6660
41 6660
42 6623
43 6607
44 6607
45 6607
46 6604
47 6604
48 6604
49 6593
50 6593
51 6593
52 6574
53 6574
54 6574
55 6565
56 6561
57 6561
58 6561
59 6561
60 6561
61 6561
62 6561
63 6561
64 6540
65 6540
66 6535
67 6527
68 6527
69 6527
70 6522
71 6522
72 6522
73 6469
74 6469
75 6469
76 6469
77 6469
78 6422
79 6422
80 6413
81 6409
82 6409
83 6409
84 6409
85 6408
86 6408
87 6408
88 6378
89 6378
90 6358
91 6358
92 6351
93 6351
94 6351
95 6351
96 6349
97 6349
98 6349
99 6349
100 6322
101 6308
102 6308
103 6288
104 6288
105 6288
106 6288
107 6288
108 6288
109 6280
110 6280
111 6280
112 6244
113 6220
114 6215
115 6215
116 6215
117 6188
118 6188
119 6188
120 6188
121 6188
122 6179
123 6179
124 6179
125 6140
126 6140
127 6140
128 6140
129 6134
130 6134
131 6134
132 6134
133 6134
134 6134
135 6111
136 6111
137 6111
138 6111
139 6111
140 6111
141 6111
142 6111
143 6111
144 6111
145 6098
146 6095
147 6095
148 6095
149 6095
150 6095
151 6095
152 6095
153 6095
154 6089
155 6089
156 6089
157 6089
158 6056
159 6056
160 6056
161 6054
162 6032
163 6032
164 6032
165 6032
166 6032
167 6032
168 6032
169 6032
170 6032
171 6032
172 6032
173 6032
174 6032
175 6024
176 6024
177 6024
178 6023
179 6018
180 6018
181 6018
182 6018
183 6018
184 6018
185 5995
186 5995
187 5973
188 5948
189 5948
190 5941
191 5941
192 5941
193 5941
194 5941
195 5941
196 5941
197 5941
198 5933
199 5933
200 5908
201 5908
202 5908
203 5908
204 5908
205 5908
206 5887
207 5887
208 5887
209 5883
210 5883
211 5883
212 5883
213 5883
214 5883
215 5883
216 5883
217 5883
218 5883
219 5881
220 5881
221 5881
222 5877
223 5877
224 5877
225 5877
226 5873
227 5873
228 5873
229 5853
230 5851
231 5851
232 5843
233 5843
234 5843
235 5843
236 5843
237 5839
238 5839
239 5839
240 5822
241 5822
242 5780
243 5780
244 5780
245 5779
246 5779
247 5774
248 5774
249 5774
250 5774
251 5774
252 5774
253 5774
254 5772
255 5765
256 5765
257 5764
258 5764
259 5764
260 5764
261 5764
262 5756
263 5756
264 5732
265 5724
266 5724
267 5719
268 5719
269 5710
270 5710
271 5710
272 5710
273 5708
274 5708
275 5708
276 5708
277 5708
278 5708
279 5708
280 5708
281 5708
282 5708
283 5708
284 5700
285 5700
286 5700
287 5700
288 5697
289 5697
290 5697
291 5697
292 5697
293 5697
294 5697
295 5697
296 5697
297 5695
298 5695
299 5695
300 5695
301 5695
302 5695
303 5695
304 5673
305 5670
306 5670
307 5656
308 5656
309 5656
310 5656
311 5656
312 5656
313 5656
314 5656
315 5656
316 5644
317 5644
318 5644
319 5644
320 5644
321 5644
322 5617
323 5609
324 5609
325 5609
326 5609
327 5609
328 5598
329 5587
330 5587
331 5587
332 5587
333 5587
334 5587
335 5585
336 5579
337 5579
338 5579
339 5579
340 5579
341 5579
342 5579
343 5575
344 5575
345 5575
346 5575
347 5575
348 5575
349 5574
350 5574
351 5574
352 5574
353 5574
354 5557
355 5557
356 5557
357 5555
358 5555
359 5555
360 5548
361 5546
362 5546
363 5546
364 5522
365 5522
366 5522
367 5522
368 5512
369 5512
370 5512
371 5512
372 5512
373 5512
374 5512
375 5512
376 5512
377 5512
378 5512
379 5512
380 5491
381 5491
382 5491
383 5491
384 5491
385 5491
386 5491
387 5491
388 5491
389 5491
390 5491
391 5491
392 5491
393 5491
394 5491
395 5491
396 5491
397 5491
398 5491
399 5489
400 5489
401 5489
402 5489
403 5489
404 5489
405 5489
406 5489
407 5489
408 5489
409 5489
410 5489
411 5489
412 5489
413 5489
414 5489
415 5489
416 5489
417 5489
418 5489
419 5478
420 5478
421 5478
422 5478
423 5478
424 5478
425 5478
426 5472
427 5472
428 5472
429 5472
430 5472
431 5469
432 5469
433 5469
434 5469
435 5469
436 5469
437 5465
438 5465
439 5465
440 5465
441 5465
442 5465
443 5465
444 5465
445 5465
446 5465
447 5465
448 5465
449 5465
450 5465
451 5465
452 5465
453 5465
454 5465
455 5465
456 5458
457 5458
458 5458
459 5458
460 5442
461 5442
462 5416
463 5416
464 5416
465 5416
466 5416
467 5416
468 5416
469 5416
470 5416
471 5416
472 5416
473 5416
474 5416
475 5416
476 5416
477 5416
478 5405
479 5405
480 5402
481 5402
482 5385
483 5385
484 5385
485 5385
486 5385
487 5385
488 5370
489 5353
490 5338
491 5338
492 5338
493 5338
494 5338
495 5338
496 5338
497 5338
498 5338
499 5338
500 5333
501 5333
502 5333
503 5333
504 5333
505 5333
506 5333
507 5333
508 5333
509 5333
510 5333
511 5333
512 5333
513 5333
514 5333
515 5333
516 5333
517 5333
518 5276
519 5276
520 5276
521 5276
522 5267
523 5267
524 5267
525 5235
526 5235
527 5235
528 5235
529 5206
530 5206
531 5206
532 5206
533 5197
534 5197
535 5197
536 5197
537 5197
538 5197
539 5197
540 5197
541 5197
542 5197
543 5197
544 5197
545 5197
546 5197
547 5197
548 5197
549 5197
550 5197
551 5194
552 5190
553 5167
554 5167
555 5167
556 5167
557 5167
558 5167
559 5167
560 5167
561 5167
562 5167
563 5167
564 5156
565 5156
566 5156
567 5150
568 5150
569 5150
570 5150
571 5137
572 5137
573 5137
574 5137
575 5137
576 5137
577 5120
578 5120
579 5120
580 5120
581 5120
582 5120
583 5120
584 5120
585 5120
586 5120
587 5120
588 5120
589 5120
590 5120
591 5120
592 5120
593 5114
594 5114
595 5108
596 5104
597 5104
598 5104
599 5089
600 5089
601 5089
602 5089
603 5089
604 5088
605 5088
606 5088
607 5088
608 5088
609 5088
610 5088
611 5088
612 5088
613 5086
614 5086
615 5086
616 5086
617 5086
618 5077
619 5068
620 5068
621 5068
622 5068
623 5068
624 5068
625 5068
626 5068
627 5066
628 5066
629 5066
630 5066
631 5066
632 5066
633 5066
634 5065
635 5065
636 5065
637 5061
638 5061
639 5061
640 5054
641 5054
642 5053
643 5053
644 5053
645 5053
646 5053
647 5053
648 5049
649 5049
650 5049
651 5049
652 5049
653 5049
654 5049
655 5038
656 5038
657 5038
658 5018
659 5018
660 5016
661 5016
662 5016
663 5016
664 5016
665 5016
666 5016
667 5016
668 5016
669 5016
670 5016
671 5016
672 5016
673 5016
674 5016
675 5016
676 5016
677 5016
678 5016
679 5016
680 5016
681 5016
682 5015
683 5015
684 5015
685 5015
686 5015
687 5002
688 5002
689 5002
690 5002
691 5002
692 5002
693 5002
694 5002
695 4984
696 4984
697 4984
698 4984
699 4984
700 4984
701 4984
702 4984
703 4984
704 4984
705 4984
706 4984
707 4984
708 4984
709 4984
710 4984
711 4984
712 4984
713 4984
714 4983
715 4983
716 4982
717 4982
718 4982
719 4982
720 4982
721 4982
722 4982
723 4982
724 4982
725 4982
726 4975
727 4975
728 4975
729 4975
730 4975
731 4975
732 4975
733 4975
734 4975
735 4975
736 4963
737 4963
738 4963
739 4963
740 4963
741 4963
742 4963
743 4963
744 4963
745 4963
746 4963
747 4963
748 4963
749 4963
750 4963
751 4947
752 4947
753 4947
754 4887
755 4884
756 4858
757 4858
758 4858
759 4858
760 4858
761 4858
762 4858
763 4858
764 4858
765 4818
766 4818
767 4818
768 4818
769 4818
770 4809
771 4809
772 4809
773 4809
774 4809
775 4809
776 4797
777 4797
778 4797
779 4797
780 4797
781 4797
782 4797
783 4797
784 4797
785 4797
786 4797
787 4797
788 4797
789 4797
790 4797
791 4797
792 4797
793 4780
794 4780
795 4780
796 4780
797 4780
798 4780
799 4765
800 4765
801 4765
802 4765
803 4765
804 4765
805 4765
806 4765
807 4765
808 4765
809 4754
810 4754
811 4754
812 4738
813 4738
814 4738
815 4738
816 4738
817 4738
818 4738
819 4738
820 4738
821 4738
822 4738
823 4738
824 4738
825 4738
826 4738
827 4738
828 4738
829 4734
830 4734
831 4734
832 4734
833 4734
834 4734
835 4734
836 4734
837 4734
838 4734
839 4734
840 4734
841 4734
842 4734
843 4734
844 4734
845 4734
846 4734
847 4734
848 4734
849 4732
850 4732
851 4732
852 4732
853 4732
854 4732
855 4732
856 4732
857 4710
858 4710
859 4710
860 4710
861 4710
862 4710
863 4710
864 4710
865 4710
866 4710
867 4710
868 4710
869 4710
870 4710
871 4710
872 4701
873 4701
874 4701
875 4701
876 4697
877 4697
878 4697
879 4693
880 4693
881 4693
882 4693
883 4693
884 4693
885 4693
886 4693
887 4687
888 4687
889 4687
890 4687
891 4687
892 4687
893 4674
894 4674
895 4674
896 4674
897 4674
898 4674
899 4674
900 4674
901 4674
902 4674
903 4674
904 4674
905 4674
906 4674
907 4674
908 4674
909 4674
910 4674
911 4674
912 4666
913 4666
914 4651
915 4651
916 4651
917 4651
918 4651
919 4649
920 4649
921 4643
922 4643
923 4643
924 4635
925 4635
926 4635
927 4635
928 4631
929 4631
930 4631
931 4631
932 4631
933 4628
934 4628
935 4628
936 4628
937 4628
938 4628
939 4628
940 4609
941 4609
942 4609
943 4609
944 4609
945 4609
946 4606
947 4606
948 4606
949 4606
950 4606
951 4606
952 4606
953 4606
954 4606
955 4606
956 4606
957 4602
958 4602
959 4602
960 4587
961 4587
962 4587
963 4587
964 4587
965 4587
966 4587
967 4587
968 4587
969 4587
970 4587
971 4587
972 4587
973 4586
974 4586
975 4586
976 4586
977 4586
978 4586
979 4586
980 4586
981 4586
982 4586
983 4586
984 4575
985 4575
986 4575
987 4575
988 4575
989 4575
990 4575
991 4575
992 4575
993 4575
994 4575
995 4575
996 4562
997 4562
998 4562
999 4562
1000 4562
1001 4562
1002 4562
1003 4562
1004 4562
1005 4562
1006 4562
1007 4562
1008 4562
1009 4562
1010 4562
1011 4554
1012 4554
1013 4554
1014 4554
1015 4554
1016 4554
1017 4554
1018 4554
1019 4554
1020 4554
1021 4554
1022 4554
1023 4554
1024 4554
1025 4554
1026 4554
1027 4554
1028 4554
1029 4554
1030 4554
1031 4554
1032 4554
1033 4554
1034 4552
1035 4552
1036 4552
1037 4552
1038 4550
1039 4550
1040 4550
1041 4550
1042 4550
1043 4550
1044 4550
1045 4550
1046 4550
1047 4539
1048 4539
1049 4539
1050 4539
1051 4539
1052 4539
1053 4536
1054 4536
1055 4536
1056 4536
1057 4532
1058 4532
1059 4532
1060 4532
1061 4532
1062 4532
1063 4532
1064 4523
1065 4523
1066 4523
1067 4523
1068 4523
1069 4523
1070 4523
1071 4510
1072 4510
1073 4510
1074 4510
1075 4510
1076 4510
1077 4510
1078 4510
1079 4510
1080 4510
1081 4510
1082 4510
1083 4491
1084 4491
1085 4491
1086 4491
1087 4491
1088 4491
1089 4491
1090 4491
1091 4491
1092 4491
1093 4491
1094 4491
1095 4491
1096 4491
1097 4491
1098 4491
1099 4489
1100 4489
1101 4489
1102 4489
1103 4489
1104 4489
1105 4489
1106 4489
1107 4489
1108 4489
1109 4489
1110 4489
1111 4489
1112 4489
1113 4489
1114 4489
1115 4489
1116 4489
1117 4477
1118 4477
1119 4477
1120 4477
1121 4477
1122 4477
1123 4475
1124 4475
1125 4475
1126 4475
1127 4475
1128 4475
1129 4469
1130 4469
1131 4469
1132 4469
1133 4469
1134 4465
1135 4465
1136 4465
1137 4465
1138 4452
1139 4452
1140 4452
1141 4452
1142 4449
1143 4449
1144 4449
1145 4449
1146 4449
1147 4449
1148 4448
1149 4448
1150 4448
1151 4448
1152 4448
1153 4448
1154 4448
1155 4448
1156 4448
1157 4448
1158 4448
1159 4448
1160 4448
1161 4448
1162 4448
1163 4448
1164 4448
1165 4448
1166 4448
1167 4448
1168 4448
1169 4448
1170 4448
1171 4448
1172 4448
1173 4448
1174 4442
1175 4442
1176 4442
1177 4442
1178 4442
1179 4442
1180 4442
1181 4442
1182 4442
1183 4442
1184 4442
1185 4442
1186 4436
1187 4436
1188 4436
1189 4436
1190 4436
1191 4436
1192 4432
1193 4432
1194 4432
1195 4432
1196 4432
1197 4432
1198 4432
1199 4432
1200 4432
1201 4432
1202 4432
1203 4432
1204 4432
1205 4432
1206 4432
1207 4432
1208 4431
1209 4431
1210 4431
1211 4431
1212 4431
1213 4431
1214 4431
1215 4431
1216 4431
1217 4430
1218 4418
1219 4418
1220 4418
1221 4418
1222 4418
1223 4411
1224 4411
1225 4411
1226 4411
1227 4411
1228 4411
1229 4411
1230 4411
1231 4411
1232 4411
1233 4411
1234 4411
1235 4406
1236 4406
1237 4396
1238 4396
1239 4396
1240 4396
1241 4396
1242 4396
1243 4396
1244 4396
1245 4396
1246 4396
1247 4396
1248 4396
1249 4396
1250 4396
1251 4396
1252 4393
1253 4393
1254 4393
1255 4393
1256 4393
1257 4393
1258 4393
1259 4393
1260 4393
1261 4393
1262 4393
1263 4393
1264 4393
1265 4393
1266 4393
1267 4393
1268 4393
1269 4393
1270 4393
1271 4393
1272 4393
1273 4393
1274 4393
1275 4393
1276 4393
1277 4393
1278 4393
1279 4373
1280 4373
1281 4373
1282 4373
1283 4373
1284 4373
1285 4373
1286 4373
1287 4373
1288 4373
1289 4373
1290 4371
1291 4371
1292 4371
1293 4371
1294 4371
1295 4371
1296 4371
1297 4371
1298 4359
1299 4359
1300 4359
1301 4359
1302 4359
1303 4359
1304 4359
1305 4359
1306 4359
1307 4359
1308 4359
1309 4359
1310 4359
1311 4359
1312 4359
1313 4359
1314 4359
1315 4359
1316 4359
1317 4347
1318 4347
1319 4347
1320 4347
1321 4347
1322 4347
1323 4347
1324 4347
1325 4347
1326 4347
1327 4347
1328 4343
1329 4343
1330 4343
1331 4343
1332 4343
1333 4343
1334 4343
1335 4343
1336 4343
1337 4343
1338 4343
1339 4343
1340 4343
1341 4343
1342 4343
1343 4343
1344 4343
1345 4343
1346 4343
1347 4343
1348 4343
1349 4343
1350 4343
1351 4343
1352 4343
1353 4343
1354 4343
1355 4343
1356 4343
1357 4343
1358 4343
1359 4343
1360 4343
1361 4343
1362 4343
1363 4343
1364 4343
1365 4336
1366 4331
1367 4331
1368 4331
1369 4331
1370 4331
1371 4331
1372 4331
1373 4331
1374 4324
1375 4324
1376 4324
1377 4324
1378 4324
1379 4324
1380 4324
1381 4324
1382 4324
1383 4324
1384 4324
1385 4324
1386 4324
1387 4324
1388 4324
1389 4322
1390 4322
1391 4322
1392 4322
1393 4322
1394 4322
1395 4322
1396 4322
1397 4322
1398 4322
1399 4322
1400 4322
1401 4322
1402 4322
1403 4322
1404 4322
1405 4322
1406 4317
1407 4317
1408 4317
1409 4317
1410 4302
1411 4302
1412 4302
1413 4298
1414 4298
1415 4298
1416 4298
1417 4298
1418 4298
1419 4298
1420 4298
1421 4298
1422 4298
1423 4298
1424 4298
1425 4298
1426 4298
1427 4298
1428 4298
1429 4298
1430 4298
1431 4298
1432 4298
1433 4298
1434 4298
1435 4298
1436 4298
1437 4298
1438 4298
1439 4298
1440 4298
1441 4298
1442 4298
1443 4298
1444 4298
1445 4298
1446 4293
1447 4293
1448 4293
1449 4290
1450 4290
1451 4290
1452 4290
1453 4290
1454 4286
1455 4286
1456 4286
1457 4286
1458 4286
1459 4286
1460 4286
1461 4286
1462 4286
1463 4286
1464 4286
1465 4286
1466 4286
1467 4286
1468 4286
1469 4286
1470 4286
1471 4286
1472 4286
1473 4286
1474 4286
1475 4286
1476 4286
1477 4286
1478 4286
1479 4286
1480 4286
1481 4286
1482 4286
1483 4286
1484 4286
1485 4277
1486 4277
1487 4277
1488 4277
1489 4277
1490 4277
1491 4277
1492 4277
1493 4277
1494 4277
1495 4277
1496 4271
1497 4271
1498 4271
1499 4271
1500 4271
1501 4271
1502 4266
1503 4266
1504 4266
1505 4266
1506 4266
1507 4266
1508 4254
1509 4254
1510 4254
1511 4254
1512 4254
1513 4254
1514 4254
1515 4254
1516 4254
1517 4254
1518 4254
1519 4254
1520 4254
1521 4254
1522 4254
1523 4254
1524 4254
1525 4254
1526 4254
1527 4254
1528 4245
1529 4245
1530 4245
1531 4245
1532 4245
1533 4245
1534 4245
1535 4245
1536 4226
1537 4226
1538 4226
1539 4226
1540 4226
1541 4226
1542 4224
1543 4224
1544 4224
1545 4224
1546 4224
1547 4224
1548 4224
1549 4224
1550 4224
1551 4224
1552 4224
1553 4213
1554 4213
1555 4213
1556 4213
1557 4213
1558 4213
1559 4213
1560 4213
1561 4213
1562 4213
1563 4213
1564 4213
1565 4213
1566 4210
1567 4210
1568 4210
1569 4210
1570 4210
1571 4210
1572 4210
1573 4210
1574 4210
1575 4210
1576 4210
1577 4210
1578 4210
1579 4210
1580 4210
1581 4210
1582 4210
1583 4210
1584 4210
1585 4210
1586 4210
1587 4210
1588 4210
1589 4206
1590 4206
1591 4206
1592 4206
1593 4206
1594 4206
1595 4200
1596 4200
1597 4184
1598 4184
1599 4184
1600 4184
1601 4183
1602 4183
1603 4183
1604 4183
1605 4183
1606 4183
1607 4183
1608 4183
1609 4183
1610 4183
1611 4183
1612 4183
1613 4183
1614 4183
1615 4183
1616 4183
1617 4183
1618 4183
1619 4183
1620 4183
1621 4183
1622 4183
1623 4183
1624 4183
1625 4177
1626 4177
1627 4177
1628 4177
1629 4177
1630 4177
1631 4177
1632 4177
1633 4177
1634 4177
1635 4177
1636 4177
1637 4177
1638 4173
1639 4173
1640 4173
1641 4173
1642 4173
1643 4173
1644 4173
1645 4173
1646 4173
1647 4173
1648 4173
1649 4173
1650 4173
1651 4173
1652 4173
1653 4173
1654 4173
1655 4168
1656 4168
1657 4168
1658 4168
1659 4168
1660 4168
1661 4168
1662 4168
1663 4168
1664 4168
1665 4168
1666 4168
1667 4168
1668 4168
1669 4168
1670 4166
1671 4166
1672 4166
1673 4155
1674 4155
1675 4155
1676 4155
1677 4155
1678 4155
1679 4155
1680 4155
1681 4155
1682 4155
1683 4155
1684 4153
1685 4153
1686 4153
1687 4153
1688 4153
1689 4153
1690 4153
1691 4153
1692 4153
1693 4153
1694 4153
1695 4153
1696 4153
1697 4153
1698 4153
1699 4153
1700 4153
1701 4153
1702 4153
1703 4153
1704 4153
1705 4153
1706 4153
1707 4153
1708 4153
1709 4153
1710 4153
1711 4153
1712 4153
1713 4153
1714 4153
1715 4153
1716 4153
1717 4153
1718 4153
1719 4153
1720 4153
1721 4153
1722 4153
1723 4153
1724 4153
1725 4152
1726 4152
1727 4152
1728 4152
1729 4152
1730 4152
1731 4152
1732 4152
1733 4152
1734 4152
1735 4139
1736 4139
1737 4139
1738 4139
1739 4139
1740 4139
1741 4139
1742 4139
1743 4139
1744 4139
1745 4139
1746 4139
1747 4139
1748 4139
1749 4139
1750 4139
1751 4139
1752 4139
1753 4139
1754 4139
1755 4139
1756 4139
1757 4139
1758 4139
1759 4139
1760 4139
1761 4139
1762 4139
1763 4139
1764 4139
1765 4139
1766 4139
1767 4139
1768 4139
1769 4139
1770 4139
1771 4139
1772 4139
1773 4139
1774 4139
1775 4139
1776 4139
1777 4139
1778 4139
1779 4139
1780 4139
1781 4139
1782 4139
1783 4139
1784 4139
1785 4139
1786 4138
1787 4138
1788 4138
1789 4138
1790 4138
1791 4138
1792 4133
1793 4133
1794 4133
1795 4133
1796 4133
1797 4133
1798 4133
1799 4133
1800 4133
1801 4133
1802 4132
1803 4132
1804 4132
1805 4132
1806 4132
1807 4132
1808 4132
1809 4132
1810 4132
1811 4132
1812 4132
1813 4132
1814 4132
1815 4132
1816 4132
1817 4132
1818 4120
1819 4120
1820 4120
1821 4120
1822 4120
1823 4120
1824 4120
1825 4096
1826 4096
1827 4096
1828 4096
1829 4096
1830 4096
1831 4096
1832 4096
1833 4096
1834 4096
1835 4096
1836 4096
1837 4096
1838 4096
1839 4096
1840 4096
1841 4096
1842 4096
1843 4096
1844 4096
1845 4096
1846 4096
1847 4096
1848 4096
1849 4096
1850 4096
1851 4096
1852 4096
1853 4096
1854 4092
1855 4092
1856 4092
1857 4092
1858 4092
1859 4092
1860 4092
1861 4092
1862 4092
1863 4092
1864 4092
1865 4092
1866 4092
1867 4092
1868 4092
1869 4092
1870 4092
1871 4092
1872 4092
1873 4092
1874 4092
1875 4092
1876 4092
1877 4092
1878 4092
1879 4092
1880 4092
1881 4092
1882 4092
1883 4092
1884 4092
1885 4092
1886 4092
1887 4092
1888 4092
1889 4092
1890 4092
1891 4092
1892 4092
1893 4092
1894 4085
1895 4085
1896 4085
1897 4085
1898 4085
1899 4085
1900 4084
1901 4084
1902 4084
1903 4084
1904 4084
1905 4084
1906 4084
1907 4084
1908 4084
1909 4084
1910 4084
1911 4084
1912 4084
1913 4084
1914 4084
1915 4084
1916 4084
1917 4084
1918 4084
1919 4079
1920 4079
1921 4079
1922 4079
1923 4079
1924 4079
1925 4079
1926 4079
1927 4079
1928 4079
1929 4079
1930 4079
1931 4079
1932 4079
1933 4079
1934 4074
1935 4064
1936 4064
1937 4064
1938 4064
1939 4064
1940 4064
1941 4064
1942 4064
1943 4064
1944 4064
1945 4064
1946 4064
1947 4064
1948 4064
1949 4064
1950 4064
1951 4064
1952 4064
1953 4064
1954 4064
1955 4064
1956 4064
1957 4064
1958 4064
1959 4064
1960 4064
1961 4064
1962 4064
1963 4064
1964 4064
1965 4064
1966 4064
1967 4064
1968 4064
1969 4064
1970 4064
1971 4064
1972 4063
1973 4050
1974 4050
1975 4050
1976 4050
1977 4050
1978 4050
1979 4050
1980 4050
1981 4050
1982 4050
1983 4050
1984 4050
1985 4050
1986 4050
1987 4043
1988 4043
1989 4043
1990 4043
1991 4043
1992 4043
1993 4043
1994 4043
1995 4043
1996 4043
1997 4043
1998 4043
1999 4043
2000 4043
2001 4043
2002 4043
2003 4043
2004 4043
2005 4043
2006 4043
2007 4041
2008 4041
2009 4041
2010 4041
2011 4041
2012 4041
2013 4041
2014 4041
2015 4041
2016 4041
2017 4041
2018 4041
2019 4041
2020 4040
2021 4040
2022 4040
2023 4040
2024 4040
2025 4040
2026 4040
2027 4040
2028 4040
2029 4040
2030 4040
2031 4040
2032 4040
2033 4040
2034 4040
2035 4040
2036 4040
2037 4040
2038 4040
2039 4040
2040 4040
2041 4040
2042 4040
2043 4040
2044 4040
2045 4040
2046 4040
2047 4040
2048 4040
2049 4040
2050 4040
2051 4040
2052 4040
2053 4040
2054 4035
2055 4035
2056 4035
2057 4035
2058 4035
2059 4035
2060 4035
2061 4035
2062 4035
2063 4035
2064 4035
2065 4035
2066 4035
2067 4035
2068 4035
2069 4035
2070 4035
2071 4035
2072 4035
2073 4035
2074 4035
2075 4035
2076 4035
2077 4035
2078 4035
2079 4035
2080 4035
2081 4035
2082 4035
2083 4035
2084 4035
2085 4035
2086 4035
2087 4035
2088 4035
2089 4035
2090 4035
2091 4035
2092 4035
2093 4035
2094 4035
2095 4035
2096 4035
2097 4035
2098 4035
2099 4035
2100 4035
2101 4035
2102 4035
2103 4035
2104 4035
2105 4035
2106 4035
2107 4035
2108 4035
2109 4035
2110 4035
2111 4035
2112 4035
2113 4035
2114 4035
2115 4035
2116 4035
2117 4035
2118 4035
2119 4035
2120 4035
2121 4035
2122 4035
2123 4035
2124 4035
2125 4035
2126 4035
2127 4035
2128 4035
2129 4035
2130 4035
2131 4035
2132 4035
2133 4035
2134 4035
2135 4035
2136 4035
2137 4035
2138 4035
2139 4035
2140 4035
2141 4035
2142 4035
2143 4035
2144 4035
2145 4035
2146 4034
2147 4034
2148 4034
2149 4034
2150 4034
2151 4034
2152 4034
2153 4034
2154 4034
2155 4034
2156 4034
2157 4034
2158 4034
2159 4034
2160 4013
2161 4013
2162 4013
2163 4013
2164 4000
2165 3997
2166 3997
2167 3997
2168 3997
2169 3997
2170 3997
2171 3997
2172 3997
2173 3997
2174 3997
2175 3997
2176 3997
2177 3997
2178 3997
2179 3997
2180 3997
2181 3997
2182 3997
2183 3997
2184 3997
2185 3997
2186 3997
2187 3997
2188 3997
2189 3997
2190 3997
2191 3997
2192 3997
2193 3985
2194 3985
2195 3985
2196 3985
2197 3985
2198 3985
2199 3985
2200 3985
2201 3985
2202 3981
2203 3981
2204 3981
2205 3981
2206 3981
2207 3981
2208 3981
2209 3981
2210 3981
2211 3981
2212 3981
2213 3981
2214 3981
2215 3981
2216 3981
2217 3981
2218 3981
2219 3981
2220 3981
2221 3981
2222 3981
2223 3981
2224 3981
2225 3981
2226 3981
2227 3981
2228 3981
2229 3981
2230 3981
2231 3981
2232 3981
2233 3981
2234 3981
2235 3981
2236 3981
2237 3981
2238 3981
2239 3981
2240 3981
2241 3981
2242 3981
2243 3981
2244 3981
2245 3981
2246 3981
2247 3981
2248 3981
2249 3971
2250 3971
2251 3971
2252 3971
2253 3971
2254 3971
2255 3967
2256 3967
2257 3967
2258 3967
2259 3967
2260 3967
2261 3967
2262 3967
2263 3967
2264 3967
2265 3967
2266 3967
2267 3967
2268 3967
2269 3967
2270 3967
2271 3952
2272 3952
2273 3952
2274 3952
2275 3952
2276 3952
2277 3952
2278 3952
2279 3952
2280 3952
2281 3952
2282 3952
2283 3952
2284 3952
2285 3952
2286 3952
2287 3952
2288 3952
2289 3952
2290 3952
2291 3952
2292 3952
2293 3952
2294 3952
2295 3952
2296 3952
2297 3952
2298 3952
2299 3952
2300 3952
2301 3952
2302 3952
2303 3952
2304 3952
2305 3952
2306 3952
2307 3952
2308 3952
2309 3952
2310 3952
2311 3952
2312 3952
2313 3952
2314 3949
2315 3949
2316 3949
2317 3949
2318 3949
2319 3949
2320 3945
2321 3945
2322 3945
2323 3945
2324 3945
2325 3945
2326 3945
2327 3945
2328 3945
2329 3945
2330 3945
2331 3945
2332 3945
2333 3945
2334 3945
2335 3945
2336 3945
2337 3945
2338 3945
2339 3945
2340 3945
2341 3945
2342 3945
2343 3922
2344 3922
2345 3922
2346 3922
2347 3922
2348 3922
2349 3922
2350 3922
2351 3922
2352 3922
2353 3922
2354 3922
2355 3922
2356 3922
2357 3922
2358 3922
2359 3922
2360 3922
2361 3922
2362 3922
2363 3922
2364 3922
2365 3922
2366 3922
2367 3922
2368 3922
2369 3922
2370 3922
2371 3922
2372 3922
2373 3922
2374 3922
2375 3922
2376 3922
2377 3922
2378 3917
2379 3917
2380 3916
2381 3916
2382 3916
2383 3916
2384 3916
2385 3916
2386 3916
2387 3916
2388 3916
2389 3916
2390 3916
2391 3916
2392 3916
2393 3916
2394 3916
2395 3916
2396 3912
2397 3912
2398 3912
2399 3912
2400 3903
2401 3903
2402 3903
2403 3903
2404 3903
2405 3903
2406 3895
2407 3895
2408 3895
2409 3895
2410 3895
2411 3895
2412 3895
2413 3895
2414 3895
2415 3895
2416 3895
2417 3895
2418 3895
2419 3895
2420 3895
2421 3895
2422 3895
2423 3895
2424 3895
2425 3895
2426 3895
2427 3895
2428 3895
2429 3895
2430 3895
2431 3895
2432 3895
2433 3895
2434 3895
2435 3895
2436 3895
2437 3895
2438 3895
2439 3895
2440 3895
2441 3895
2442 3895
2443 3895
2444 3895
2445 3895
2446 3895
2447 3895
2448 3895
2449 3895
2450 3895
2451 3895
2452 3895
2453 3895
2454 3895
2455 3895
2456 3895
2457 3895
2458 3895
2459 3895
2460 3895
2461 3895
2462 3895
2463 3895
2464 3895
2465 3895
2466 3895
2467 3895
2468 3895
2469 3895
2470 3895
2471 3895
2472 3895
2473 3895
2474 3895
2475 3895
2476 3893
2477 3893
2478 3893
2479 3893
2480 3893
2481 3893
2482 3893
2483 3893
2484 3893
2485 3893
2486 3893
2487 3893
2488 3893
2489 3893
2490 3893
2491 3893
2492 3893
2493 3893
2494 3893
2495 3893
2496 3893
2497 3893
2498 3893
2499 3893
2500 3893
2501 3893
2502 3893
2503 3893
2504 3893
2505 3893
2506 3893
2507 3893
2508 3893
2509 3893
2510 3893
2511 3893
2512 3893
2513 3893
2514 3893
2515 3893
2516 3893
2517 3893
2518 3893
2519 3893
2520 3893
2521 3893
2522 3893
2523 3893
2524 3893
2525 3893
2526 3893
2527 3893
2528 3893
2529 3893
2530 3882
2531 3882
2532 3882
2533 3882
2534 3882
2535 3882
2536 3882
2537 3882
2538 3882
2539 3882
2540 3882
2541 3882
2542 3882
2543 3882
2544 3882
2545 3882
2546 3882
2547 3882
2548 3882
2549 3882
2550 3882
2551 3882
2552 3882
2553 3882
2554 3882
2555 3882
2556 3882
2557 3882
2558 3882
2559 3882
2560 3882
2561 3882
2562 3882
2563 3882
2564 3882
2565 3882
2566 3882
2567 3882
2568 3882
2569 3882
2570 3882
2571 3882
2572 3882
2573 3882
2574 3882
2575 3882
2576 3882
2577 3882
2578 3882
2579 3882
2580 3882
2581 3882
2582 3882
2583 3882
2584 3882
2585 3882
2586 3882
2587 3882
2588 3882
2589 3882
2590 3882
2591 3882
2592 3882
2593 3882
2594 3882
2595 3882
2596 3882
2597 3882
2598 3882
2599 3882
2600 3882
2601 3882
2602 3882
2603 3882
2604 3882
2605 3882
2606 3882
2607 3882
2608 3882
2609 3882
2610 3861
2611 3861
2612 3861
2613 3861
2614 3861
2615 3861
2616 3861
2617 3861
2618 3861
2619 3861
2620 3861
2621 3861
2622 3861
2623 3861
2624 3861
2625 3861
2626 3859
2627 3855
2628 3855
2629 3855
2630 3834
2631 3834
2632 3834
2633 3834
2634 3834
2635 3834
2636 3834
2637 3834
2638 3834
2639 3834
2640 3834
2641 3834
2642 3834
2643 3827
2644 3827
2645 3827
2646 3827
2647 3827
2648 3827
2649 3827
2650 3827
2651 3827
2652 3827
2653 3827
2654 3827
2655 3827
2656 3827
2657 3827
2658 3827
2659 3827
2660 3827
2661 3827
2662 3827
2663 3827
2664 3827
2665 3827
2666 3827
2667 3827
2668 3827
2669 3827
2670 3827
2671 3827
2672 3827
2673 3827
2674 3827
2675 3827
2676 3827
2677 3827
2678 3827
2679 3827
2680 3827
2681 3827
2682 3826
2683 3826
2684 3826
2685 3826
2686 3826
2687 3823
2688 3823
2689 3823
2690 3823
2691 3823
2692 3823
2693 3823
2694 3823
2695 3823
2696 3823
2697 3823
2698 3823
2699 3823
2700 3823
2701 3823
2702 3823
2703 3823
2704 3823
2705 3823
2706 3823
2707 3823
2708 3823
2709 3823
2710 3823
2711 3823
2712 3823
2713 3823
2714 3823
2715 3823
2716 3823
2717 3815
2718 3815
2719 3815
2720 3815
2721 3815
2722 3815
2723 3812
2724 3812
2725 3812
2726 3812
2727 3809
2728 3809
2729 3809
2730 3809
2731 3809
2732 3809
2733 3809
2734 3809
2735 3809
2736 3809
2737 3809
2738 3809
2739 3809
2740 3809
2741 3809
2742 3809
2743 3809
2744 3809
2745 3809
2746 3807
2747 3807
2748 3806
2749 3806
2750 3806
2751 3806
2752 3806
2753 3806
2754 3806
2755 3802
2756 3802
2757 3802
2758 3802
2759 3802
2760 3802
2761 3802
2762 3802
2763 3802
2764 3802
2765 3802
2766 3802
2767 3801
2768 3801
2769 3801
2770 3801
2771 3801
2772 3783
2773 3783
2774 3783
2775 3783
2776 3783
2777 3783
2778 3783
2779 3783
2780 3783
2781 3783
2782 3783
2783 3783
2784 3775
2785 3775
2786 3775
2787 3775
2788 3775
2789 3775
2790 3774
2791 3774
2792 3774
2793 3774
2794 3774
2795 3774
2796 3774
2797 3774
2798 3774
2799 3774
2800 3774
2801 3771
2802 3771
2803 3771
2804 3771
2805 3771
2806 3771
2807 3765
2808 3765
2809 3765
2810 3765
2811 3765
2812 3765
2813 3765
2814 3765
2815 3765
2816 3765
2817 3765
2818 3765
2819 3765
2820 3765
2821 3765
2822 3765
2823 3765
2824 3765
2825 3765
2826 3765
2827 3765
2828 3765
2829 3765
2830 3765
2831 3765
2832 3765
2833 3765
2834 3765
2835 3765
2836 3765
2837 3765
2838 3765
2839 3765
2840 3765
2841 3765
2842 3765
2843 3765
2844 3765
2845 3765
2846 3765
2847 3765
2848 3765
2849 3765
2850 3765
2851 3765
2852 3765
2853 3765
2854 3765
2855 3765
2856 3763
2857 3763
2858 3763
2859 3759
2860 3759
2861 3759
2862 3759
2863 3759
2864 3759
2865 3759
2866 3759
2867 3759
2868 3759
2869 3759
2870 3759
2871 3759
2872 3759
2873 3759
2874 3759
2875 3750
2876 3750
2877 3750
2878 3750
2879 3750
2880 3750
2881 3750
2882 3750
2883 3750
2884 3750
2885 3747
2886 3737
2887 3737
2888 3737
2889 3737
2890 3737
2891 3737
2892 3737
2893 3737
2894 3737
2895 3737
2896 3737
2897 3737
2898 3737
2899 3737
2900 3737
2901 3737
2902 3737
2903 3737
2904 3737
2905 3737
2906 3737
2907 3737
2908 3737
2909 3737
2910 3737
2911 3737
2912 3737
2913 3737
2914 3737
2915 3737
2916 3737
2917 3737
2918 3737
2919 3737
2920 3737
2921 3737
2922 3737
2923 3737
2924 3737
2925 3737
2926 3737
2927 3737
2928 3737
2929 3737
2930 3737
2931 3737
2932 3737
2933 3737
2934 3737
2935 3737
2936 3737
2937 3737
2938 3737
2939 3737
2940 3737
2941 3737
2942 3737
2943 3737
2944 3737
2945 3737
2946 3737
2947 3737
2948 3737
2949 3737
2950 3737
2951 3737
2952 3737
2953 3737
2954 3737
2955 3737
2956 3737
2957 3737
2958 3737
2959 3737
2960 3721
2961 3721
2962 3721
2963 3721
2964 3721
2965 3721
2966 3721
2967 3721
2968 3721
2969 3721
2970 3721
2971 3721
2972 3721
2973 3721
2974 3721
2975 3721
2976 3721
2977 3721
2978 3721
2979 3721
2980 3721
2981 3721
2982 3721
2983 3721
2984 3721
2985 3721
2986 3721
2987 3721
2988 3721
2989 3721
2990 3721
2991 3721
2992 3721
2993 3721
2994 3721
2995 3721
2996 3721
2997 3721
2998 3721
2999 3721
3000 3721
3001 3721
3002 3721
3003 3721
3004 3721
3005 3721
3006 3721
3007 3721
3008 3721
3009 3721
3010 3721
3011 3721
3012 3721
3013 3721
3014 3718
3015 3718
3016 3718
3017 3718
3018 3718
3019 3718
3020 3718
3021 3705
3022 3705
3023 3705
3024 3705
3025 3705
3026 3705
3027 3705
3028 3700
3029 3700
3030 3700
3031 3700
3032 3700
3033 3700
3034 3700
3035 3700
3036 3700
3037 3700
3038 3700
3039 3700
3040 3700
3041 3700
3042 3700
3043 3700
3044 3700
3045 3700
3046 3700
3047 3700
3048 3700
3049 3700
3050 3700
3051 3700
3052 3700
3053 3700
3054 3700
3055 3700
3056 3700
3057 3700
3058 3700
3059 3700
3060 3700
3061 3700
3062 3700
3063 3700
3064 3700
3065 3700
3066 3700
3067 3700
3068 3700
3069 3698
3070 3698
3071 3698
3072 3693
3073 3693
3074 3693
3075 3693
3076 3693
3077 3693
3078 3693
3079 3693
3080 3692
3081 3692
3082 3692
3083 3692
3084 3672
3085 3672
3086 3672
3087 3672
3088 3672
3089 3672
3090 3672
3091 3672
3092 3672
3093 3672
3094 3672
3095 3672
3096 3672
3097 3672
3098 3672
3099 3672
3100 3672
3101 3672
3102 3672
3103 3672
3104 3672
3105 3672
3106 3672
3107 3672
3108 3672
3109 3672
3110 3672
3111 3672
3112 3672
3113 3672
3114 3672
3115 3672
3116 3672
3117 3672
3118 3672
3119 3672
3120 3672
3121 3672
3122 3672
3123 3672
3124 3672
3125 3672
3126 3672
3127 3672
3128 3672
3129 3672
3130 3672
3131 3672
3132 3672
3133 3672
3134 3659
3135 3659
3136 3659
3137 3659
3138 3659
3139 3659
3140 3659
3141 3659
3142 3659
3143 3659
3144 3659
3145 3659
3146 3659
3147 3659
3148 3659
3149 3659
3150 3659
3151 3659
3152 3659
3153 3659
3154 3659
3155 3659
3156 3659
3157 3659
3158 3659
3159 3659
3160 3659
3161 3659
3162 3659
3163 3659
3164 3659
3165 3659
3166 3659
3167 3659
3168 3659
3169 3659
3170 3659
3171 3653
3172 3653
3173 3653
3174 3653
3175 3653
3176 3652
3177 3652
3178 3652
3179 3652
3180 3652
3181 3652
3182 3652
3183 3652
3184 3652
3185 3652
3186 3652
3187 3652
3188 3652
3189 3652
3190 3652
3191 3652
3192 3652
3193 3652
3194 3652
3195 3652
3196 3652
3197 3652
3198 3641
3199 3613
3200 3613
3201 3613
3202 3613
3203 3613
3204 3613
3205 3613
3206 3613
3207 3613
3208 3613
3209 3613
3210 3613
3211 3613
3212 3613
3213 3613
3214 3613
3215 3613
3216 3613
3217 3613
3218 3613
3219 3598
3220 3598
3221 3598
3222 3598
3223 3598
3224 3598
3225 3598
3226 3598
3227 3598
3228 3598
3229 3598
3230 3598
3231 3598
3232 3598
3233 3598
3234 3598
3235 3598
3236 3598
3237 3598
3238 3598
3239 3598
3240 3598
3241 3598
3242 3598
3243 3598
3244 3598
3245 3598
3246 3598
3247 3598
3248 3594
3249 3594
3250 3594
3251 3594
3252 3594
3253 3594
3254 3594
3255 3594
3256 3594
3257 3594
3258 3594
3259 3594
3260 3594
3261 3594
3262 3594
3263 3594
3264 3594
3265 3594
3266 3594
3267 3594
3268 3588
3269 3588
3270 3588
3271 3588
3272 3588
3273 3588
3274 3588
3275 3588
3276 3588
3277 3588
3278 3588
3279 3588
3280 3588
3281 3588
3282 3588
3283 3588
3284 3588
3285 3588
3286 3588
3287 3588
3288 3588
3289 3588
3290 3588
3291 3588
3292 3588
3293 3588
3294 3588
3295 3588
3296 3588
3297 3588
3298 3588
3299 3588
3300 3588
3301 3588
3302 3588
3303 3588
3304 3588
3305 3588
3306 3588
3307 3588
3308 3588
3309 3588
3310 3588
3311 3588
3312 3588
3313 3588
3314 3588
3315 3588
3316 3588
3317 3588
3318 3588
3319 3588
3320 3588
3321 3588
3322 3587
3323 3587
3324 3587
3325 3587
3326 3587
3327 3587
3328 3587
3329 3587
3330 3587
3331 3587
3332 3587
3333 3587
3334 3587
3335 3587
3336 3587
3337 3587
3338 3587
3339 3584
3340 3584
3341 3584
3342 3584
3343 3584
3344 3584
3345 3584
3346 3584
3347 3584
3348 3584
3349 3584
3350 3584
3351 3584
3352 3584
3353 3584
3354 3584
3355 3584
3356 3584
3357 3584
3358 3584
3359 3584
3360 3584
3361 3584
3362 3584
3363 3584
3364 3584
3365 3584
3366 3584
3367 3584
3368 3584
3369 3584
3370 3584
3371 3584
3372 3584
3373 3584
3374 3584
3375 3584
3376 3584
3377 3584
3378 3576
3379 3576
3380 3576
3381 3576
3382 3576
3383 3576
3384 3576
3385 3576
3386 3576
3387 3576
3388 3576
3389 3576
3390 3576
3391 3576
3392 3576
3393 3576
3394 3576
3395 3576
3396 3576
3397 3576
3398 3576
3399 3576
3400 3576
3401 3576
3402 3576
3403 3576
3404 3576
3405 3576
3406 3576
3407 3576
3408 3576
3409 3576
3410 3576
3411 3576
3412 3576
3413 3576
3414 3576
3415 3576
3416 3576
3417 3576
3418 3576
3419 3576
3420 3576
3421 3576
3422 3576
3423 3576
3424 3576
3425 3576
3426 3576
3427 3576
3428 3576
3429 3576
3430 3576
3431 3576
3432 3576
3433 3576
3434 3576
3435 3576
3436 3576
3437 3576
3438 3576
3439 3576
3440 3576
3441 3576
3442 3576
3443 3576
3444 3576
3445 3576
3446 3576
3447 3576
3448 3576
3449 3576
3450 3576
3451 3576
3452 3576
3453 3576
3454 3576
3455 3576
3456 3576
3457 3576
3458 3576
3459 3576
3460 3576
3461 3576
3462 3575
3463 3575
3464 3568
3465 3568
3466 3568
3467 3568
3468 3568
3469 3568
3470 3568
3471 3568
3472 3568
3473 3568
3474 3568
3475 3568
3476 3568
3477 3568
3478 3568
3479 3568
3480 3568
3481 3568
3482 3568
3483 3556
3484 3556
3485 3556
3486 3556
3487 3556
3488 3556
3489 3556
3490 3556
3491 3556
3492 3556
3493 3556
3494 3556
3495 3556
3496 3556
3497 3556
3498 3556
3499 3556
3500 3556
3501 3556
3502 3556
3503 3556
3504 3556
3505 3556
3506 3556
3507 3556
3508 3556
3509 3556
3510 3556
3511 3556
3512 3556
3513 3556
3514 3556
3515 3556
3516 3556
3517 3539
3518 3539
3519 3539
3520 3539
3521 3539
3522 3539
3523 3539
3524 3539
3525 3539
3526 3539
3527 3539
3528 3539
3529 3539
3530 3539
3531 3539
3532 3539
3533 3539
3534 3539
3535 3539
3536 3539
3537 3539
3538 3539
3539 3539
3540 3539
3541 3539
3542 3539
3543 3539
3544 3539
3545 3539
3546 3539
3547 3539
3548 3539
3549 3539
3550 3539
3551 3539
3552 3539
3553 3539
3554 3539
3555 3539
3556 3539
3557 3539
3558 3539
3559 3539
3560 3539
3561 3539
3562 3539
3563 3539
3564 3539
3565 3539
3566 3538
3567 3538
3568 3538
3569 3538
3570 3538
3571 3538
3572 3538
3573 3538
3574 3538
3575 3538
3576 3538
3577 3538
3578 3538
3579 3538
3580 3538
3581 3538
3582 3538
3583 3538
3584 3538
3585 3538
3586 3538
3587 3538
3588 3538
3589 3538
3590 3538
3591 3538
3592 3538
3593 3528
3594 3528
3595 3528
3596 3528
3597 3528
3598 3528
3599 3528
3600 3528
3601 3528
3602 3528
3603 3528
3604 3528
3605 3528
3606 3528
3607 3528
3608 3528
3609 3528
3610 3528
3611 3528
3612 3528
3613 3528
3614 3528
3615 3528
3616 3528
3617 3528
3618 3528
3619 3528
3620 3528
3621 3528
3622 3528
3623 3528
3624 3528
3625 3528
3626 3528
3627 3528
3628 3528
3629 3528
3630 3528
3631 3528
3632 3528
3633 3526
3634 3526
3635 3526
3636 3526
3637 3526
3638 3526
3639 3526
3640 3526
3641 3526
3642 3526
3643 3526
3644 3526
3645 3526
3646 3526
3647 3526
3648 3526
3649 3526
3650 3526
3651 3526
3652 3526
3653 3526
3654 3526
3655 3526
3656 3526
3657 3526
3658 3526
3659 3526
3660 3526
3661 3526
3662 3526
3663 3526
3664 3526
3665 3526
3666 3526
3667 3526
3668 3526
3669 3526
3670 3526
3671 3526
3672 3526
3673 3526
3674 3526
3675 3526
3676 3526
3677 3526
3678 3526
3679 3526
3680 3526
3681 3526
3682 3526
3683 3526
3684 3526
3685 3526
3686 3526
3687 3526
3688 3524
3689 3524
3690 3524
3691 3524
3692 3524
3693 3524
3694 3524
3695 3524
3696 3524
3697 3524
3698 3524
3699 3524
3700 3524
3701 3524
3702 3524
3703 3524
3704 3524
3705 3524
3706 3524
3707 3524
3708 3524
3709 3524
3710 3524
3711 3524
3712 3524
3713 3524
3714 3524
3715 3524
3716 3524
3717 3524
3718 3524
3719 3524
3720 3524
3721 3524
3722 3524
3723 3524
3724 3524
3725 3524
3726 3524
3727 3524
3728 3524
3729 3524
3730 3524
3731 3524
3732 3524
3733 3524
3734 3524
3735 3524
3736 3509
3737 3509
3738 3509
3739 3509
3740 3509
3741 3509
3742 3509
3743 3509
3744 3509
3745 3509
3746 3509
3747 3509
3748 3509
3749 3509
3750 3509
3751 3509
3752 3509
3753 3509
3754 3509
3755 3509
3756 3509
3757 3509
3758 3509
3759 3509
3760 3509
3761 3509
3762 3509
3763 3509
3764 3509
3765 3509
3766 3509
3767 3509
3768 3509
3769 3509
3770 3509
3771 3509
3772 3509
3773 3509
3774 3509
3775 3509
3776 3509
3777 3509
3778 3509
3779 3509
3780 3509
3781 3509
3782 3509
3783 3509
3784 3509
3785 3509
3786 3509
3787 3509
3788 3509
3789 3509
3790 3509
3791 3509
3792 3509
3793 3509
3794 3509
3795 3509
3796 3509
3797 3509
3798 3509
3799 3509
3800 3509
3801 3509
3802 3509
3803 3509
3804 3509
3805 3509
3806 3509
3807 3509
3808 3509
3809 3509
3810 3509
3811 3509
3812 3509
3813 3509
3814 3509
3815 3509
3816 3509
3817 3509
3818 3509
3819 3509
3820 3509
3821 3509
3822 3509
3823 3509
3824 3509
3825 3509
3826 3509
3827 3509
3828 3509
3829 3509
3830 3509
3831 3509
3832 3509
3833 3509
3834 3509
3835 3509
3836 3493
3837 3491
3838 3491
3839 3491
3840 3491
3841 3491
3842 3491
3843 3491
3844 3491
3845 3491
3846 3491
3847 3491
3848 3491
3849 3491
3850 3477
3851 3477
3852 3477
3853 3477
3854 3477
3855 3477
3856 3477
3857 3477
3858 3477
3859 3477
3860 3477
3861 3477
3862 3477
3863 3477
3864 3477
3865 3477
3866 3477
3867 3477
3868 3477
3869 3477
3870 3477
3871 3477
3872 3477
3873 3477
3874 3477
3875 3477
3876 3477
3877 3477
3878 3477
3879 3477
3880 3477
3881 3477
3882 3477
3883 3477
3884 3477
3885 3477
3886 3471
3887 3471
3888 3471
3889 3471
3890 3471
3891 3471
3892 3471
3893 3471
3894 3471
3895 3471
3896 3471
3897 3465
3898 3465
3899 3465
3900 3465
3901 3465
3902 3465
3903 3465
3904 3465
3905 3462
3906 3462
3907 3462
3908 3462
3909 3462
3910 3462
3911 3462
3912 3462
3913 3462
3914 3462
3915 3462
3916 3462
3917 3462
3918 3462
3919 3462
3920 3462
3921 3462
3922 3462
3923 3462
3924 3462
3925 3462
3926 3462
3927 3462
3928 3462
3929 3462
3930 3462
3931 3462
3932 3462
3933 3462
3934 3462
3935 3462
3936 3462
3937 3462
3938 3462
3939 3462
3940 3462
3941 3462
3942 3462
3943 3462
3944 3462
3945 3462
3946 3462
3947 3462
3948 3462
3949 3458
3950 3458
3951 3458
3952 3458
3953 3458
3954 3458
3955 3446
3956 3446
3957 3446
3958 3446
3959 3446
3960 3446
3961 3446
3962 3446
3963 3446
3964 3446
3965 3446
3966 3446
3967 3446
3968 3446
3969 3446
3970 3446
3971 3446
3972 3446
3973 3446
3974 3446
3975 3446
3976 3446
3977 3446
3978 3446
3979 3446
3980 3446
3981 3446
3982 3446
3983 3446
3984 3446
3985 3446
3986 3446
3987 3446
3988 3446
3989 3446
3990 3446
3991 3446
3992 3446
3993 3446
3994 3446
3995 3446
3996 3446
3997 3446
3998 3444
3999 3444
4000 3444
4001 3444
4002 3444
4003 3444
4004 3444
4005 3444
4006 3444
4007 3444
4008 3444
4009 3444
4010 3444
4011 3444
4012 3444
4013 3444
4014 3444
4015 3444
4016 3444
4017 3437
4018 3437
4019 3437
4020 3437
4021 3437
4022 3437
4023 3437
4024 3437
4025 3437
4026 3437
4027 3437
4028 3437
4029 3437
4030 3437
4031 3437
4032 3437
4033 3437
4034 3437
4035 3437
4036 3437
4037 3437
4038 3431
4039 3431
4040 3431
4041 3431
4042 3431
4043 3431
4044 3431
4045 3431
4046 3431
4047 3431
4048 3431
4049 3431
4050 3431
4051 3431
4052 3431
4053 3431
4054 3431
4055 3431
4056 3431
4057 3431
4058 3431
4059 3431
4060 3431
4061 3431
4062 3431
4063 3431
4064 3431
4065 3431
4066 3431
4067 3431
4068 3431
4069 3431
4070 3431
4071 3431
4072 3431
4073 3431
4074 3431
4075 3431
4076 3431
4077 3431
4078 3431
4079 3431
4080 3431
4081 3431
4082 3431
4083 3431
4084 3431
4085 3431
4086 3431
4087 3431
4088 3431
4089 3431
4090 3431
4091 3431
4092 3427
4093 3427
4094 3427
4095 3427
4096 3427
4097 3427
4098 3427
4099 3427
4100 3427
4101 3427
4102 3427
4103 3427
4104 3427
4105 3427
4106 3427
4107 3427
4108 3414
4109 3414
4110 3414
4111 3414
4112 3414
4113 3414
4114 3414
4115 3414
4116 3414
4117 3414
4118 3414
4119 3414
4120 3414
4121 3414
4122 3414
4123 3414
4124 3414
4125 3414
4126 3414
4127 3414
4128 3414
4129 3414
4130 3414
4131 3414
4132 3414
4133 3414
4134 3414
4135 3414
4136 3414
4137 3414
4138 3414
4139 3414
4140 3414
4141 3414
4142 3414
4143 3414
4144 3414
4145 3414
4146 3414
4147 3414
4148 3414
4149 3414
4150 3414
4151 3414
4152 3413
4153 3413
4154 3413
4155 3413
4156 3413
4157 3413
4158 3413
4159 3413
4160 3413
4161 3413
4162 3413
4163 3413
4164 3413
4165 3413
4166 3413
4167 3413
4168 3413
4169 3413
4170 3413
4171 3413
4172 3413
4173 3413
4174 3413
4175 3413
4176 3413
4177 3413
4178 3413
4179 3413
4180 3413
4181 3413
4182 3413
4183 3413
4184 3413
4185 3413
4186 3413
4187 3413
4188 3413
4189 3413
4190 3413
4191 3413
4192 3413
4193 3413
4194 3413
4195 3413
4196 3413
4197 3413
4198 3413
4199 3413
4200 3413
4201 3413
4202 3413
4203 3413
4204 3413
4205 3413
4206 3413
4207 3413
4208 3413
4209 3413
4210 3413
4211 3413
4212 3413
4213 3413
4214 3413
4215 3413
4216 3413
4217 3413
4218 3413
4219 3413
4220 3413
4221 3413
4222 3413
4223 3413
4224 3413
4225 3413
4226 3413
4227 3413
4228 3413
4229 3413
4230 3413
4231 3413
4232 3413
4233 3413
4234 3413
4235 3413
4236 3413
4237 3413
4238 3413
4239 3413
4240 3413
4241 3413
4242 3413
4243 3413
4244 3413
4245 3413
4246 3413
4247 3413
4248 3413
4249 3413
4250 3413
4251 3413
4252 3413
4253 3413
4254 3413
4255 3413
4256 3413
4257 3413
4258 3413
4259 3413
4260 3413
4261 3413
4262 3413
4263 3413
4264 3413
4265 3413
4266 3413
4267 3413
4268 3413
4269 3413
4270 3413
4271 3413
4272 3413
4273 3413
4274 3413
4275 3413
4276 3413
4277 3413
4278 3413
4279 3413
4280 3413
4281 3413
4282 3413
4283 3413
4284 3413
4285 3413
4286 3413
4287 3413
4288 3413
4289 3413
4290 3413
4291 3413
4292 3413
4293 3413
4294 3413
4295 3413
4296 3413
4297 3413
4298 3413
4299 3413
4300 3413
4301 3413
4302 3413
4303 3413
4304 3413
4305 3413
4306 3413
4307 3413
4308 3413
4309 3413
4310 3413
4311 3413
4312 3413
4313 3413
4314 3413
4315 3413
4316 3413
4317 3413
4318 3413
4319 3413
4320 3413
4321 3413
4322 3413
4323 3406
4324 3406
4325 3406
4326 3406
4327 3406
4328 3396
4329 3396
4330 3396
4331 3396
4332 3396
4333 3396
4334 3396
4335 3396
4336 3396
4337 3396
4338 3396
4339 3396
4340 3396
4341 3396
4342 3396
4343 3396
4344 3396
4345 3396
4346 3396
4347 3396
4348 3396
4349 3396
4350 3396
4351 3396
4352 3396
4353 3396
4354 3396
4355 3396
4356 3396
4357 3396
4358 3396
4359 3396
4360 3396
4361 3396
4362 3396
4363 3396
4364 3396
4365 3396
4366 3396
4367 3396
4368 3396
4369 3395
4370 3395
4371 3395
4372 3395
4373 3395
4374 3395
4375 3395
4376 3395
4377 3395
4378 3395
4379 3395
4380 3395
4381 3395
4382 3395
4383 3395
4384 3395
4385 3383
4386 3383
4387 3383
4388 3383
4389 3383
4390 3383
4391 3383
4392 3383
4393 3383
4394 3383
4395 3383
4396 3383
4397 3383
4398 3383
4399 3383
4400 3383
4401 3383
4402 3383
4403 3383
4404 3383
4405 3383
4406 3383
4407 3383
4408 3383
4409 3383
4410 3383
4411 3383
4412 3383
4413 3383
4414 3383
4415 3383
4416 3383
4417 3383
4418 3383
4419 3383
4420 3383
4421 3383
4422 3383
4423 3383
4424 3383
4425 3383
4426 3383
4427 3383
4428 3383
4429 3383
4430 3383
4431 3383
4432 3383
4433 3383
4434 3383
4435 3383
4436 3383
4437 3383
4438 3383
4439 3383
4440 3383
4441 3383
4442 3383
4443 3383
4444 3383
4445 3383
4446 3383
4447 3383
4448 3383
4449 3383
4450 3383
4451 3383
4452 3383
4453 3383
4454 3383
4455 3383
4456 3383
4457 3383
4458 3383
4459 3383
4460 3383
4461 3383
4462 3383
4463 3383
4464 3383
4465 3383
4466 3383
4467 3383
4468 3383
4469 3383
4470 3383
4471 3383
4472 3383
4473 3383
4474 3383
4475 3383
4476 3383
4477 3383
4478 3383
4479 3383
4480 3383
4481 3383
4482 3383
4483 3383
4484 3383
4485 3374
4486 3374
4487 3374
4488 3374
4489 3374
4490 3374
4491 3374
4492 3374
4493 3374
4494 3374
4495 3374
4496 3374
4497 3374
4498 3374
4499 3374
4500 3374
4501 3374
4502 3374
4503 3374
4504 3374
4505 3374
4506 3374
4507 3374
4508 3374
4509 3374
4510 3374
4511 3374
4512 3374
4513 3374
4514 3374
4515 3374
4516 3374
4517 3374
4518 3374
4519 3374
4520 3374
4521 3374
4522 3374
4523 3374
4524 3374
4525 3374
4526 3374
4527 3374
4528 3374
4529 3374
4530 3374
4531 3374
4532 3374
4533 3374
4534 3374
4535 3374
4536 3369
4537 3369
4538 3369
4539 3369
4540 3369
4541 3369
4542 3369
4543 3369
4544 3369
4545 3369
4546 3369
4547 3369
4548 3369
4549 3369
4550 3369
4551 3369
4552 3369
4553 3369
4554 3369
4555 3369
4556 3369
4557 3369
4558 3369
4559 3369
4560 3369
4561 3369
4562 3369
4563 3369
4564 3369
4565 3369
4566 3369
4567 3369
4568 3369
4569 3369
4570 3369
4571 3369
4572 3369
4573 3369
4574 3369
4575 3369
4576 3369
4577 3369
4578 3369
4579 3369
4580 3369
4581 3369
4582 3369
4583 3369
4584 3369
4585 3369
4586 3369
4587 3354
4588 3354
4589 3354
4590 3354
4591 3354
4592 3354
4593 3354
4594 3354
4595 3354
4596 3354
4597 3354
4598 3354
4599 3354
4600 3354
4601 3354
4602 3354
4603 3354
4604 3354
4605 3354
4606 3354
4607 3354
4608 3354
4609 3354
4610 3354
4611 3354
4612 3354
4613 3351
4614 3351
4615 3351
4616 3351
4617 3351
4618 3351
4619 3351
4620 3351
4621 3351
4622 3351
4623 3351
4624 3351
4625 3351
4626 3351
4627 3351
4628 3351
4629 3351
4630 3351
4631 3351
4632 3351
4633 3351
4634 3351
4635 3351
4636 3351
4637 3348
4638 3348
4639 3348
4640 3348
4641 3348
4642 3348
4643 3348
4644 3348
4645 3348
4646 3348
4647 3348
4648 3348
4649 3328
4650 3328
4651 3328
4652 3328
4653 3328
4654 3328
4655 3328
4656 3328
4657 3328
4658 3328
4659 3328
4660 3328
4661 3328
4662 3328
4663 3328
4664 3328
4665 3328
4666 3328
4667 3328
4668 3328
4669 3328
4670 3328
4671 3328
4672 3328
4673 3328
4674 3328
4675 3328
4676 3328
4677 3328
4678 3328
4679 3328
4680 3328
4681 3328
4682 3328
4683 3328
4684 3328
4685 3328
4686 3328
4687 3322
4688 3322
4689 3322
4690 3322
4691 3322
4692 3322
4693 3322
4694 3322
4695 3322
4696 3322
4697 3322
4698 3322
4699 3322
4700 3322
4701 3322
4702 3322
4703 3322
4704 3322
4705 3322
4706 3322
4707 3322
4708 3322
4709 3322
4710 3322
4711 3322
4712 3322
4713 3322
4714 3322
4715 3322
4716 3322
4717 3322
4718 3322
4719 3322
4720 3322
4721 3322
4722 3322
4723 3322
4724 3322
4725 3319
4726 3319
4727 3319
4728 3319
4729 3319
4730 3319
4731 3319
4732 3319
4733 3319
4734 3319
4735 3319
4736 3319
4737 3319
4738 3319
4739 3319
4740 3319
4741 3319
4742 3319
4743 3319
4744 3319
4745 3319
4746 3319
4747 3319
4748 3319
4749 3319
4750 3319
4751 3319
4752 3319
4753 3319
4754 3319
4755 3319
4756 3319
4757 3319
4758 3319
4759 3319
4760 3319
4761 3319
4762 3319
4763 3319
4764 3319
4765 3310
4766 3310
4767 3310
4768 3310
4769 3310
4770 3310
4771 3310
4772 3310
4773 3310
4774 3310
4775 3310
4776 3310
4777 3310
4778 3310
4779 3310
4780 3310
4781 3310
4782 3310
4783 3310
4784 3310
4785 3310
4786 3310
4787 3310
4788 3310
4789 3310
4790 3310
4791 3310
4792 3310
4793 3310
4794 3308
4795 3308
4796 3308
4797 3308
4798 3308
4799 3308
4800 3308
4801 3308
4802 3308
4803 3308
4804 3308
4805 3308
4806 3308
4807 3308
4808 3308
4809 3308
4810 3308
4811 3308
4812 3308
4813 3308
4814 3308
4815 3308
4816 3308
4817 3308
4818 3308
4819 3308
4820 3308
4821 3308
4822 3308
4823 3308
4824 3308
4825 3308
4826 3308
4827 3308
4828 3308
4829 3308
4830 3308
4831 3308
4832 3308
4833 3308
4834 3308
4835 3308
4836 3308
4837 3308
4838 3308
4839 3308
4840 3308
4841 3308
4842 3308
4843 3308
4844 3308
4845 3308
4846 3288
4847 3288
4848 3288
4849 3287
4850 3287
4851 3287
4852 3287
4853 3287
4854 3287
4855 3287
4856 3287
4857 3287
4858 3287
4859 3287
4860 3287
4861 3287
4862 3287
4863 3287
4864 3287
4865 3287
4866 3287
4867 3287
4868 3287
4869 3287
4870 3287
4871 3287
4872 3287
4873 3287
4874 3287
4875 3287
4876 3287
4877 3287
4878 3287
4879 3287
4880 3287
4881 3287
4882 3287
4883 3287
4884 3287
4885 3287
4886 3287
4887 3287
4888 3287
4889 3287
4890 3287
4891 3287
4892 3287
4893 3287
4894 3287
4895 3287
4896 3287
4897 3287
4898 3287
4899 3287
4900 3287
4901 3287
4902 3287
4903 3287
4904 3282
4905 3282
4906 3282
4907 3282
4908 3282
4909 3282
4910 3282
4911 3282
4912 3282
4913 3282
4914 3282
4915 3282
4916 3282
4917 3282
4918 3282
4919 3282
4920 3282
4921 3282
4922 3282
4923 3282
4924 3282
4925 3282
4926 3282
4927 3282
4928 3282
4929 3282
4930 3282
4931 3282
4932 3282
4933 3275
4934 3275
4935 3275
4936 3275
4937 3275
4938 3275
4939 3275
4940 3275
4941 3275
4942 3275
4943 3275
4944 3275
4945 3275
4946 3275
4947 3275
4948 3275
4949 3275
4950 3275
4951 3275
4952 3275
4953 3275
4954 3275
4955 3275
4956 3275
4957 3275
4958 3275
4959 3275
4960 3275
4961 3275
4962 3275
4963 3275
4964 3275
4965 3275
4966 3275
4967 3275
4968 3275
4969 3275
4970 3275
4971 3275
4972 3275
4973 3275
4974 3275
4975 3275
4976 3275
4977 3275
4978 3275
4979 3275
4980 3275
4981 3275
4982 3275
4983 3275
4984 3275
4985 3275
4986 3275
4987 3251
4988 3251
4989 3251
4990 3251
4991 3251
4992 3251
4993 3251
4994 3251
4995 3251
4996 3251
4997 3251
4998 3251
4999 3251
5000 3251
5001 3251
5002 3251
5003 3251
5004 3251
5005 3251
5006 3251
5007 3251
5008 3251
5009 3251
5010 3251
5011 3251
5012 3251
5013 3251
5014 3251
5015 3251
5016 3251
5017 3251
5018 3251
5019 3251
5020 3251
5021 3251
5022 3251
5023 3251
5024 3251
5025 3251
5026 3251
5027 3251
5028 3251
5029 3251
5030 3251
5031 3251
5032 3251
5033 3251
5034 3251
5035 3251
5036 3251
5037 3251
5038 3251
5039 3251
5040 3251
5041 3251
5042 3251
5043 3251
5044 3251
5045 3251
5046 3251
5047 3251
5048 3251
5049 3251
5050 3251
5051 3251
5052 3251
5053 3251
5054 3251
5055 3251
5056 3251
5057 3251
5058 3251
5059 3251
5060 3245
5061 3245
5062 3245
5063 3245
5064 3245
5065 3245
5066 3245
5067 3245
5068 3245
5069 3245
5070 3245
5071 3245
5072 3245
5073 3245
5074 3245
5075 3245
5076 3245
5077 3245
5078 3245
5079 3245
5080 3245
5081 3245
5082 3245
5083 3245
5084 3245
5085 3245
5086 3245
5087 3245
5088 3245
5089 3245
5090 3245
5091 3245
5092 3245
5093 3245
5094 3245
5095 3243
5096 3243
5097 3243
5098 3243
5099 3243
5100 3243
5101 3243
5102 3243
5103 3243
5104 3243
5105 3243
5106 3239
5107 3239
5108 3239
5109 3239
5110 3239
5111 3239
5112 3239
5113 3239
5114 3239
5115 3239
5116 3239
5117 3239
5118 3239
5119 3239
5120 3239
5121 3239
5122 3239
5123 3239
5124 3239
5125 3239
5126 3239
5127 3239
5128 3239
5129 3239
5130 3239
5131 3239
5132 3239
5133 3239
5134 3239
5135 3239
5136 3239
5137 3239
5138 3239
5139 3239
5140 3239
5141 3239
5142 3239
5143 3239
5144 3239
5145 3239
5146 3239
5147 3239
5148 3239
5149 3239
5150 3239
5151 3239
5152 3239
5153 3239
5154 3239
5155 3239
5156 3239
5157 3239
5158 3239
5159 3239
5160 3239
5161 3239
5162 3239
5163 3239
5164 3239
5165 3239
5166 3239
5167 3239
5168 3239
5169 3239
5170 3239
5171 3239
5172 3239
5173 3239
5174 3239
5175 3239
5176 3239
5177 3237
5178 3237
5179 3237
5180 3237
5181 3237
5182 3237
5183 3237
5184 3237
5185 3237
5186 3237
5187 3229
5188 3229
5189 3229
5190 3229
5191 3229
5192 3229
5193 3229
5194 3229
5195 3229
5196 3229
5197 3229
5198 3229
5199 3229
5200 3229
5201 3229
5202 3229
5203 3229
5204 3229
5205 3229
5206 3229
5207 3229
5208 3229
5209 3229
5210 3229
5211 3229
5212 3229
5213 3229
5214 3229
5215 3229
5216 3229
5217 3229
5218 3229
5219 3229
5220 3229
5221 3229
5222 3229
5223 3229
5224 3229
5225 3229
5226 3229
5227 3229
5228 3229
5229 3229
5230 3229
5231 3229
5232 3229
5233 3229
5234 3229
5235 3229
5236 3229
5237 3229
5238 3229
5239 3229
5240 3229
5241 3229
5242 3229
5243 3229
5244 3229
5245 3229
5246 3229
5247 3229
5248 3229
5249 3229
5250 3229
5251 3229
5252 3229
5253 3229
5254 3229
5255 3229
5256 3229
5257 3229
5258 3229
5259 3229
5260 3229
5261 3229
5262 3229
5263 3221
5264 3221
5265 3221
5266 3221
5267 3221
5268 3221
5269 3221
5270 3221
5271 3221
5272 3221
5273 3221
5274 3221
5275 3221
5276 3221
5277 3221
5278 3221
5279 3221
5280 3221
5281 3221
5282 3221
5283 3221
5284 3221
5285 3221
5286 3221
5287 3221
5288 3221
5289 3221
5290 3221
5291 3221
5292 3221
5293 3221
5294 3221
5295 3219
5296 3219
5297 3219
5298 3219
5299 3219
5300 3219
5301 3219
5302 3219
5303 3208
5304 3208
5305 3208
5306 3208
5307 3208
5308 3208
5309 3208
5310 3208
5311 3208
5312 3208
5313 3208
5314 3208
5315 3208
5316 3208
5317 3208
5318 3208
5319 3208
5320 3208
5321 3208
5322 3208
5323 3208
5324 3208
5325 3208
5326 3203
5327 3203
5328 3203
5329 3203
5330 3193
5331 3193
5332 3193
5333 3193
5334 3193
5335 3193
5336 3193
5337 3193
5338 3193
5339 3193
5340 3193
5341 3193
5342 3193
5343 3193
5344 3193
5345 3193
5346 3193
5347 3193
5348 3193
5349 3193
5350 3193
5351 3193
5352 3193
5353 3193
5354 3193
5355 3193
5356 3193
5357 3193
5358 3193
5359 3193
5360 3193
5361 3191
5362 3191
5363 3191
5364 3191
5365 3191
5366 3191
5367 3191
5368 3191
5369 3191
5370 3191
5371 3191
5372 3191
5373 3191
5374 3191
5375 3191
5376 3191
5377 3191
5378 3191
5379 3191
5380 3191
5381 3191
5382 3191
5383 3191
5384 3191
5385 3191
5386 3191
5387 3191
5388 3191
5389 3191
5390 3191
5391 3191
5392 3191
5393 3191
5394 3191
5395 3191
5396 3191
5397 3191
5398 3191
5399 3191
5400 3191
5401 3191
5402 3191
5403 3191
5404 3191
5405 3191
5406 3191
5407 3191
5408 3191
5409 3191
5410 3191
5411 3191
5412 3191
5413 3190
5414 3190
5415 3190
5416 3190
5417 3190
5418 3190
5419 3190
5420 3190
5421 3190
5422 3190
5423 3190
5424 3190
5425 3190
5426 3190
5427 3190
5428 3190
5429 3190
5430 3190
5431 3190
5432 3190
5433 3190
5434 3190
5435 3190
5436 3190
5437 3190
5438 3190
5439 3190
5440 3190
5441 3190
5442 3190
5443 3190
5444 3190
5445 3190
5446 3190
5447 3190
5448 3190
5449 3190
5450 3190
5451 3190
5452 3190
5453 3190
5454 3190
5455 3190
5456 3190
5457 3190
5458 3190
5459 3190
5460 3190
5461 3190
5462 3190
5463 3190
5464 3190
5465 3190
5466 3190
5467 3190
5468 3190
5469 3190
5470 3190
5471 3190
5472 3190
5473 3190
5474 3190
5475 3190
5476 3190
5477 3190
5478 3190
5479 3190
5480 3190
5481 3190
5482 3190
5483 3190
5484 3190
5485 3190
5486 3190
5487 3190
5488 3190
5489 3190
5490 3190
5491 3190
5492 3190
5493 3190
5494 3190
5495 3190
5496 3190
5497 3190
5498 3190
5499 3190
5500 3190
5501 3190
5502 3190
5503 3190
5504 3190
5505 3190
5506 3190
5507 3190
5508 3190
5509 3190
5510 3190
5511 3190
5512 3190
5513 3190
5514 3190
5515 3190
5516 3190
5517 3190
5518 3190
5519 3190
5520 3190
5521 3190
5522 3190
5523 3190
5524 3190
5525 3190
5526 3190
5527 3190
5528 3190
5529 3190
5530 3190
5531 3190
5532 3190
5533 3190
5534 3190
5535 3190
5536 3190
5537 3190
5538 3190
5539 3190
5540 3189
5541 3189
5542 3189
5543 3189
5544 3189
5545 3189
5546 3189
5547 3189
5548 3189
5549 3189
5550 3189
5551 3189
5552 3189
5553 3189
5554 3189
5555 3189
5556 3189
5557 3189
5558 3189
5559 3189
5560 3189
5561 3189
5562 3189
5563 3189
5564 3189
5565 3189
5566 3189
5567 3189
5568 3189
5569 3189
5570 3189
5571 3189
5572 3189
5573 3189
5574 3189
5575 3189
5576 3189
5577 3189
5578 3189
5579 3189
5580 3189
5581 3189
5582 3189
5583 3189
5584 3189
5585 3189
5586 3189
5587 3189
5588 3189
5589 3189
5590 3189
5591 3189
5592 3189
5593 3189
5594 3189
5595 3189
5596 3189
5597 3189
5598 3189
5599 3189
5600 3189
5601 3189
5602 3189
5603 3189
5604 3189
5605 3189
5606 3179
5607 3179
5608 3179
5609 3179
5610 3179
5611 3179
5612 3179
5613 3179
5614 3179
5615 3179
5616 3179
5617 3179
5618 3179
5619 3179
5620 3179
5621 3179
5622 3179
5623 3179
5624 3179
5625 3179
5626 3179
5627 3179
5628 3179
5629 3179
5630 3179
5631 3179
5632 3179
5633 3179
5634 3179
5635 3179
5636 3179
5637 3179
5638 3179
5639 3179
5640 3179
5641 3179
5642 3179
5643 3179
5644 3178
5645 3178
5646 3178
5647 3178
5648 3178
5649 3178
5650 3178
5651 3178
5652 3178
5653 3178
5654 3178
5655 3178
5656 3178
5657 3178
5658 3178
5659 3178
5660 3178
5661 3178
5662 3178
5663 3178
5664 3178
5665 3178
5666 3178
5667 3178
5668 3178
5669 3178
5670 3178
5671 3178
5672 3178
5673 3178
5674 3178
5675 3178
5676 3178
5677 3178
5678 3178
5679 3178
5680 3178
5681 3178
5682 3178
5683 3178
5684 3178
5685 3178
5686 3178
5687 3178
5688 3178
5689 3178
5690 3178
5691 3178
5692 3178
5693 3178
5694 3178
5695 3178
5696 3178
5697 3178
5698 3178
5699 3178
5700 3178
5701 3178
5702 3178
5703 3178
5704 3178
5705 3178
5706 3178
5707 3178
5708 3178
5709 3178
5710 3178
5711 3178
5712 3178
5713 3178
5714 3178
5715 3178
5716 3178
5717 3178
5718 3178
5719 3178
5720 3178
5721 3178
5722 3178
5723 3178
5724 3178
5725 3178
5726 3178
5727 3178
5728 3178
5729 3178
5730 3178
5731 3178
5732 3178
5733 3178
5734 3178
5735 3178
5736 3178
5737 3178
5738 3178
5739 3178
5740 3178
5741 3178
5742 3178
5743 3178
5744 3178
5745 3178
5746 3178
5747 3178
5748 3178
5749 3178
5750 3178
5751 3178
5752 3178
5753 3178
5754 3178
5755 3178
5756 3178
5757 3178
5758 3178
5759 3178
5760 3178
5761 3178
5762 3178
5763 3178
5764 3178
5765 3178
5766 3178
5767 3178
5768 3178
5769 3178
5770 3178
5771 3178
5772 3178
5773 3178
5774 3178
5775 3178
5776 3178
5777 3178
5778 3178
5779 3178
5780 3178
5781 3178
5782 3178
5783 3178
5784 3178
5785 3178
5786 3178
5787 3178
5788 3178
5789 3178
5790 3178
5791 3178
5792 3178
5793 3178
5794 3178
5795 3178
5796 3178
5797 3178
5798 3178
5799 3178
5800 3178
5801 3178
5802 3178
5803 3178
5804 3178
5805 3178
5806 3178
5807 3178
5808 3178
5809 3178
5810 3178
5811 3178
5812 3178
5813 3178
5814 3178
5815 3178
5816 3178
5817 3178
5818 3178
5819 3178
5820 3178
5821 3178
5822 3178
5823 3178
5824 3178
5825 3178
5826 3178
5827 3178
5828 3178
5829 3178
5830 3178
5831 3178
5832 3178
5833 3178
5834 3178
5835 3178
5836 3178
5837 3178
5838 3178
5839 3178
5840 3178
5841 3178
5842 3178
5843 3178
5844 3178
5845 3178
5846 3178
5847 3178
5848 3178
5849 3178
5850 3178
5851 3178
5852 3178
5853 3178
5854 3178
5855 3178
5856 3178
5857 3178
5858 3178
5859 3178
5860 3178
5861 3178
5862 3178
5863 3178
5864 3178
5865 3178
5866 3178
5867 3178
5868 3178
5869 3178
5870 3178
5871 3178
5872 3178
5873 3178
5874 3178
5875 3178
5876 3178
5877 3178
5878 3178
5879 3178
5880 3178
5881 3178
5882 3178
5883 3178
5884 3178
5885 3178
5886 3178
5887 3178
5888 3178
5889 3178
5890 3178
5891 3178
5892 3178
5893 3178
5894 3178
5895 3178
5896 3178
5897 3178
5898 3178
5899 3178
5900 3178
5901 3178
5902 3178
5903 3178
5904 3178
5905 3178
5906 3178
5907 3178
5908 3178
5909 3178
5910 3178
5911 3178
5912 3178
5913 3178
5914 3178
5915 3178
5916 3178
5917 3178
5918 3178
5919 3178
5920 3178
5921 3178
5922 3178
5923 3178
5924 3178
5925 3178
5926 3178
5927 3178
5928 3178
5929 3178
5930 3178
5931 3178
5932 3178
5933 3178
5934 3178
5935 3178
5936 3178
5937 3178
5938 3178
5939 3178
5940 3178
5941 3178
5942 3178
5943 3178
5944 3178
5945 3178
5946 3178
5947 3178
5948 3178
5949 3178
5950 3178
5951 3178
5952 3178
5953 3178
5954 3178
5955 3178
5956 3178
5957 3178
5958 3178
5959 3178
5960 3178
5961 3178
5962 3176
5963 3176
5964 3176
5965 3176
5966 3176
5967 3176
5968 3176
5969 3176
5970 3176
5971 3176
5972 3176
5973 3176
5974 3176
5975 3176
5976 3176
5977 3176
5978 3176
5979 3176
5980 3176
5981 3176
5982 3176
5983 3176
5984 3176
5985 3176
5986 3176
5987 3176
5988 3176
5989 3176
5990 3176
5991 3176
5992 3176
5993 3176
5994 3176
5995 3176
5996 3176
5997 3176
5998 3176
5999 3176
6000 3176
6001 3176
6002 3176
6003 3176
6004 3176
6005 3176
6006 3176
6007 3176
6008 3176
6009 3176
6010 3176
6011 3176
6012 3176
6013 3176
6014 3176
6015 3176
6016 3176
6017 3176
6018 3176
6019 3176
6020 3176
6021 3176
6022 3176
6023 3176
6024 3176
6025 3176
6026 3176
6027 3176
6028 3176
6029 3176
6030 3176
6031 3176
6032 3176
6033 3176
6034 3176
6035 3176
6036 3176
6037 3176
6038 3171
6039 3171
6040 3171
6041 3171
6042 3170
6043 3170
6044 3170
6045 3170
6046 3170
6047 3170
6048 3170
6049 3170
6050 3170
6051 3170
6052 3170
6053 3170
6054 3170
6055 3170
6056 3170
6057 3170
6058 3170
6059 3170
6060 3170
6061 3170
6062 3170
6063 3170
6064 3170
6065 3170
6066 3170
6067 3170
6068 3170
6069 3170
6070 3170
6071 3170
6072 3170
6073 3170
6074 3170
6075 3170
6076 3170
6077 3170
6078 3170
6079 3170
6080 3170
6081 3170
6082 3170
6083 3170
6084 3170
6085 3170
6086 3170
6087 3170
6088 3170
6089 3170
6090 3170
6091 3170
6092 3170
6093 3170
6094 3170
6095 3170
6096 3170
6097 3170
6098 3170
6099 3170
6100 3170
6101 3170
6102 3170
6103 3170
6104 3170
6105 3170
6106 3170
6107 3170
6108 3170
6109 3170
6110 3170
6111 3170
6112 3170
6113 3170
6114 3170
6115 3170
6116 3170
6117 3170
6118 3170
6119 3170
6120 3170
6121 3170
6122 3170
6123 3170
6124 3170
6125 3170
6126 3170
6127 3170
6128 3170
6129 3170
6130 3170
6131 3170
6132 3170
6133 3170
6134 3170
6135 3170
6136 3170
6137 3170
6138 3170
6139 3170
6140 3170
6141 3170
6142 3170
6143 3170
6144 3170
6145 3170
6146 3170
6147 3170
6148 3170
6149 3170
6150 3170
6151 3170
6152 3170
6153 3170
6154 3170
6155 3170
6156 3170
6157 3170
6158 3170
6159 3170
6160 3170
6161 3170
6162 3170
6163 3170
6164 3170
6165 3170
6166 3170
6167 3170
6168 3170
6169 3170
6170 3170
6171 3170
6172 3170
6173 3170
6174 3170
6175 3170
6176 3170
6177 3170
6178 3170
6179 3170
6180 3170
6181 3170
6182 3170
6183 3170
6184 3170
6185 3170
6186 3170
6187 3170
6188 3170
6189 3170
6190 3170
6191 3170
6192 3170
6193 3170
6194 3170
6195 3170
6196 3170
6197 3170
6198 3170
6199 3170
6200 3170
6201 3170
6202 3170
6203 3170
6204 3170
6205 3170
6206 3170
6207 3170
6208 3170
6209 3170
6210 3170
6211 3170
6212 3170
6213 3170
6214 3170
6215 3170
6216 3170
6217 3170
6218 3170
6219 3170
6220 3170
6221 3169
6222 3169
6223 3169
6224 3169
6225 3169
6226 3169
6227 3169
6228 3169
6229 3169
6230 3169
6231 3169
6232 3169
6233 3169
6234 3169
6235 3169
6236 3169
6237 3169
6238 3169
6239 3169
6240 3169
6241 3169
6242 3169
6243 3169
6244 3169
6245 3169
6246 3169
6247 3169
6248 3169
6249 3169
6250 3169
6251 3169
6252 3169
6253 3169
6254 3169
6255 3169
6256 3169
6257 3169
6258 3169
6259 3169
6260 3169
6261 3169
6262 3169
6263 3169
6264 3169
6265 3169
6266 3169
6267 3169
6268 3169
6269 3169
6270 3169
6271 3169
6272 3169
6273 3169
6274 3169
6275 3169
6276 3169
6277 3169
6278 3169
6279 3169
6280 3169
6281 3169
6282 3169
6283 3169
6284 3169
6285 3169
6286 3169
6287 3169
6288 3169
6289 3169
6290 3169
6291 3169
6292 3169
6293 3169
6294 3169
6295 3169
6296 3169
6297 3169
6298 3169
6299 3169
6300 3169
6301 3169
6302 3169
6303 3169
6304 3169
6305 3169
6306 3169
6307 3169
6308 3169
6309 3169
6310 3169
6311 3169
6312 3169
6313 3169
6314 3169
6315 3169
6316 3169
6317 3169
6318 3169
6319 3169
6320 3169
6321 3169
6322 3169
6323 3169
6324 3169
6325 3169
6326 3169
6327 3169
6328 3169
6329 3169
6330 3169
6331 3169
6332 3169
6333 3169
6334 3169
6335 3169
6336 3169
6337 3169
6338 3169
6339 3169
6340 3169
6341 3169
6342 3169
6343 3169
6344 3169
6345 3169
6346 3169
6347 3169
6348 3169
6349 3169
6350 3169
6351 3169
6352 3169
6353 3169
6354 3169
6355 3169
6356 3169
6357 3169
6358 3169
6359 3169
6360 3169
6361 3169
6362 3169
6363 3169
6364 3169
6365 3169
6366 3169
6367 3169
6368 3169
6369 3169
6370 3169
6371 3169
6372 3169
6373 3169
6374 3169
6375 3169
6376 3169
6377 3169
6378 3169
6379 3169
6380 3169
6381 3169
6382 3169
6383 3169
6384 3169
6385 3169
6386 3169
6387 3169
6388 3169
6389 3169
6390 3169
6391 3169
6392 3169
6393 3169
6394 3169
6395 3169
6396 3169
6397 3169
6398 3169
6399 3169
6400 3169
6401 3169
6402 3169
6403 3169
6404 3169
6405 3169
6406 3169
6407 3169
6408 3169
6409 3169
6410 3169
6411 3169
6412 3169
6413 3169
6414 3169
6415 3169
6416 3169
6417 3169
6418 3169
6419 3169
6420 3169
6421 3169
6422 3169
6423 3169
6424 3169
6425 3169
6426 3169
6427 3169
6428 3169
6429 3169
6430 3169
6431 3169
6432 3169
6433 3169
6434 3169
6435 3169
6436 3169
6437 3169
6438 3169
6439 3169
6440 3169
6441 3169
6442 3169
6443 3169
6444 3169
6445 3169
6446 3169
6447 3169
6448 3169
6449 3169
6450 3169
6451 3169
6452 3169
6453 3163
6454 3163
6455 3163
6456 3163
6457 3163
6458 3163
6459 3163
6460 3163
6461 3163
6462 3163
6463 3163
6464 3163
6465 3163
6466 3163
6467 3163
6468 3163
6469 3163
6470 3163
6471 3163
6472 3163
6473 3163
6474 3163
6475 3163
6476 3163
6477 3163
6478 3163
6479 3163
6480 3163
6481 3163
6482 3163
6483 3163
6484 3163
6485 3163
6486 3163
6487 3163
6488 3163
6489 3163
6490 3163
6491 3163
6492 3163
6493 3163
6494 3163
6495 3163
6496 3163
6497 3163
6498 3163
6499 3163
6500 3163
6501 3163
6502 3163
6503 3163
6504 3163
6505 3163
6506 3163
6507 3163
6508 3163
6509 3163
6510 3163
6511 3163
6512 3163
6513 3163
6514 3163
6515 3153
6516 3153
6517 3153
6518 3153
6519 3153
6520 3153
6521 3153
6522 3153
6523 3153
6524 3153
6525 3153
6526 3153
6527 3153
6528 3153
6529 3153
6530 3153
6531 3153
6532 3153
6533 3143
6534 3143
6535 3143
6536 3143
6537 3143
6538 3143
6539 3143
6540 3143
6541 3143
6542 3143
6543 3143
6544 3143
6545 3143
6546 3143
6547 3143
6548 3143
6549 3143
6550 3143
6551 3143
6552 3143
6553 3143
6554 3143
6555 3143
6556 3143
6557 3143
6558 3143
6559 3143
6560 3143
6561 3143
6562 3143
6563 3143
6564 3143
6565 3143
6566 3143
6567 3143
6568 3130
6569 3130
6570 3130
6571 3130
6572 3130
6573 3130
6574 3130
6575 3130
6576 3130
6577 3130
6578 3130
6579 3130
6580 3130
6581 3130
6582 3130
6583 3130
6584 3130
6585 3130
6586 3130
6587 3130
6588 3130
6589 3130
6590 3130
6591 3130
6592 3130
6593 3130
6594 3130
6595 3130
6596 3130
6597 3124
6598 3124
6599 3124
6600 3124
6601 3124
6602 3124
6603 3124
6604 3124
6605 3124
6606 3124
6607 3124
6608 3123
6609 3123
6610 3123
6611 3123
6612 3123
6613 3123
6614 3123
6615 3123
6616 3123
6617 3123
6618 3123
6619 3123
6620 3123
6621 3123
6622 3123
6623 3123
6624 3123
6625 3111
6626 3111
6627 3111
6628 3111
6629 3111
6630 3111
6631 3111
6632 3111
6633 3111
6634 3111
6635 3111
6636 3111
6637 3111
6638 3111
6639 3111
6640 3111
6641 3111
6642 3111
6643 3111
6644 3111
6645 3111
6646 3111
6647 3111
6648 3111
6649 3111
6650 3111
6651 3111
6652 3111
6653 3111
6654 3111
6655 3111
6656 3111
6657 3111
6658 3111
6659 3111
6660 3111
6661 3111
6662 3111
6663 3111
6664 3111
6665 3111
6666 3111
6667 3111
6668 3111
6669 3111
6670 3111
6671 3111
6672 3111
6673 3111
6674 3111
6675 3111
6676 3111
6677 3111
6678 3111
6679 3111
6680 3111
6681 3111
6682 3111
6683 3111
6684 3111
6685 3111
6686 3111
6687 3111
6688 3111
6689 3110
6690 3110
6691 3110
6692 3110
6693 3110
6694 3110
6695 3110
6696 3110
6697 3110
6698 3110
6699 3110
6700 3110
6701 3110
6702 3110
6703 3110
6704 3110
6705 3110
6706 3110
6707 3110
6708 3110
6709 3110
6710 3110
6711 3110
6712 3110
6713 3110
6714 3110
6715 3110
6716 3110
6717 3110
6718 3110
6719 3110
6720 3110
6721 3110
6722 3110
6723 3110
6724 3110
6725 3103
6726 3103
6727 3103
6728 3103
6729 3103
6730 3103
6731 3103
6732 3103
6733 3103
6734 3103
6735 3103
6736 3103
6737 3103
6738 3103
6739 3103
6740 3103
6741 3103
6742 3103
6743 3103
6744 3103
6745 3103
6746 3103
6747 3103
6748 3103
6749 3103
6750 3103
6751 3103
6752 3103
6753 3103
6754 3103
6755 3103
6756 3103
6757 3103
6758 3103
6759 3103
6760 3103
6761 3103
6762 3103
6763 3103
6764 3103
6765 3103
6766 3103
6767 3103
6768 3103
6769 3103
6770 3103
6771 3103
6772 3103
6773 3103
6774 3103
6775 3103
6776 3103
6777 3103
6778 3103
6779 3103
6780 3103
6781 3103
6782 3103
6783 3103
6784 3103
6785 3103
6786 3103
6787 3103
6788 3103
6789 3103
6790 3103
6791 3103
6792 3103
6793 3103
6794 3103
6795 3103
6796 3103
6797 3103
6798 3103
6799 3103
6800 3103
6801 3103
6802 3103
6803 3103
6804 3103
6805 3103
6806 3103
6807 3103
6808 3103
6809 3103
6810 3103
6811 3103
6812 3103
6813 3103
6814 3103
6815 3103
6816 3103
6817 3103
6818 3103
6819 3103
6820 3103
6821 3103
6822 3098
6823 3098
6824 3088
6825 3088
6826 3088
6827 3088
6828 3088
6829 3088
6830 3088
6831 3088
6832 3088
6833 3088
6834 3088
6835 3088
6836 3088
6837 3088
6838 3088
6839 3088
6840 3088
6841 3088
6842 3088
6843 3088
6844 3088
6845 3088
6846 3088
6847 3088
6848 3088
6849 3088
6850 3088
6851 3088
6852 3088
6853 3088
6854 3088
6855 3088
6856 3088
6857 3088
6858 3088
6859 3088
6860 3077
6861 3077
6862 3077
6863 3077
6864 3077
6865 3077
6866 3077
6867 3077
6868 3077
6869 3077
6870 3077
6871 3077
6872 3077
6873 3077
6874 3077
6875 3077
6876 3077
6877 3077
6878 3077
6879 3077
6880 3077
6881 3077
6882 3077
6883 3077
6884 3077
6885 3077
6886 3077
6887 3077
6888 3077
6889 3077
6890 3077
6891 3077
6892 3077
6893 3077
6894 3077
6895 3077
6896 3077
6897 3077
6898 3077
6899 3077
6900 3077
6901 3077
6902 3077
6903 3077
6904 3077
6905 3077
6906 3077
6907 3077
6908 3077
6909 3077
6910 3077
6911 3077
6912 3077
6913 3077
6914 3077
6915 3077
6916 3077
6917 3077
6918 3077
6919 3077
6920 3077
6921 3077
6922 3077
6923 3077
6924 3077
6925 3077
6926 3077
6927 3077
6928 3077
6929 3077
6930 3077
6931 3077
6932 3077
6933 3077
6934 3077
6935 3077
6936 3077
6937 3077
6938 3077
6939 3077
6940 3077
6941 3077
6942 3077
6943 3077
6944 3077
6945 3077
6946 3077
6947 3077
6948 3077
6949 3077
6950 3071
6951 3071
6952 3071
6953 3071
6954 3071
6955 3071
6956 3071
6957 3071
6958 3071
6959 3071
6960 3071
6961 3071
6962 3071
6963 3071
6964 3071
6965 3071
6966 3071
6967 3071
6968 3071
6969 3071
6970 3071
6971 3071
6972 3071
6973 3071
6974 3071
6975 3071
6976 3071
6977 3071
6978 3071
6979 3071
6980 3071
6981 3071
6982 3071
6983 3059
6984 3059
6985 3059
6986 3059
6987 3059
6988 3059
6989 3059
6990 3059
6991 3059
6992 3057
6993 3057
6994 3057
6995 3057
6996 3057
6997 3057
6998 3057
6999 3057
7000 3057
7001 3057
7002 3056
7003 3056
7004 3056
7005 3056
7006 3056
7007 3056
7008 3056
7009 3056
7010 3056
7011 3056
7012 3056
7013 3056
7014 3056
7015 3056
7016 3056
7017 3056
7018 3056
7019 3056
7020 3056
7021 3056
7022 3055
7023 3055
7024 3055
7025 3055
7026 3055
7027 3055
7028 3055
7029 3055
7030 3055
7031 3055
7032 3055
7033 3055
7034 3055
7035 3055
7036 3055
7037 3055
7038 3055
7039 3055
7040 3055
7041 3055
7042 3055
7043 3055
7044 3055
7045 3055
7046 3055
7047 3055
7048 3055
7049 3055
7050 3055
7051 3055
7052 3055
7053 3055
7054 3055
7055 3055
7056 3055
7057 3055
7058 3055
7059 3055
7060 3055
7061 3055
7062 3055
7063 3055
7064 3055
7065 3055
7066 3055
7067 3055
7068 3055
7069 3055
7070 3055
7071 3055
7072 3055
7073 3055
7074 3055
7075 3055
7076 3055
7077 3055
7078 3055
7079 3055
7080 3055
7081 3055
7082 3055
7083 3055
7084 3055
7085 3055
7086 3055
7087 3055
7088 3055
7089 3055
7090 3053
7091 3053
7092 3053
7093 3049
7094 3049
7095 3049
7096 3049
7097 3049
7098 3049
7099 3049
7100 3049
7101 3049
7102 3049
7103 3049
7104 3049
7105 3049
7106 3049
7107 3049
7108 3049
7109 3049
7110 3049
7111 3049
7112 3049
7113 3049
7114 3049
7115 3049
7116 3049
7117 3049
7118 3049
7119 3049
7120 3049
7121 3049
7122 3049
7123 3049
7124 3041
7125 3041
7126 3041
7127 3041
7128 3041
7129 3041
7130 3041
7131 3041
7132 3041
7133 3041
7134 3041
7135 3041
7136 3041
7137 3041
7138 3041
7139 3041
7140 3041
7141 3041
7142 3041
7143 3041
7144 3041
7145 3041
7146 3041
7147 3041
7148 3041
7149 3041
7150 3041
7151 3041
7152 3041
7153 3041
7154 3041
7155 3041
7156 3041
7157 3041
7158 3041
7159 3041
7160 3041
7161 3041
7162 3041
7163 3041
7164 3041
7165 3041
7166 3041
7167 3041
7168 3041
7169 3041
7170 3041
7171 3041
7172 3041
7173 3041
7174 3041
7175 3041
7176 3038
7177 3038
7178 3038
7179 3038
7180 3038
7181 3038
7182 3038
7183 3038
7184 3038
7185 3038
7186 3038
7187 3038
7188 3038
7189 3038
7190 3038
7191 3038
7192 3038
7193 3038
7194 3038
7195 3038
7196 3038
7197 3038
7198 3038
7199 3038
7200 3038
7201 3038
7202 3038
7203 3038
7204 3038
7205 3038
7206 3038
7207 3038
7208 3038
7209 3038
7210 3038
7211 3038
7212 3038
7213 3038
7214 3038
7215 3038
7216 3038
7217 3038
7218 3038
7219 3038
7220 3038
7221 3038
7222 3038
7223 3038
7224 3038
7225 3038
7226 3038
7227 3038
7228 3038
7229 3038
7230 3038
7231 3038
7232 3038
7233 3038
7234 3038
7235 3038
7236 3038
7237 3038
7238 3038
7239 3038
7240 3038
7241 3038
7242 3038
7243 3038
7244 3038
7245 3038
7246 3038
7247 3038
7248 3038
7249 3038
7250 3038
7251 3038
7252 3038
7253 3038
7254 3038
7255 3038
7256 3038
7257 3038
7258 3038
7259 3038
7260 3038
7261 3038
7262 3038
7263 3038
7264 3038
7265 3038
7266 3038
7267 3038
7268 3038
7269 3038
7270 3038
7271 3038
7272 3038
7273 3038
7274 3038
7275 3038
7276 3038
7277 3038
7278 3038
7279 3038
7280 3038
7281 3038
7282 3038
7283 3038
7284 3038
7285 3038
7286 3038
7287 3038
7288 3038
7289 3038
7290 3038
7291 3038
7292 3038
7293 3038
7294 3038
7295 3038
7296 3038
7297 3038
7298 3038
7299 3038
7300 3038
7301 3038
7302 3037
7303 3037
7304 3037
7305 3037
7306 3037
7307 3037
7308 3037
7309 3037
7310 3037
7311 3037
7312 3037
7313 3037
7314 3037
7315 3037
7316 3037
7317 3037
7318 3037
7319 3037
7320 3037
7321 3037
7322 3037
7323 3037
7324 3037
7325 3037
7326 3037
7327 3037
7328 3037
7329 3037
7330 3037
7331 3037
7332 3037
7333 3037
7334 3037
7335 3037
7336 3037
7337 3037
7338 3037
7339 3037
7340 3037
7341 3037
7342 3037
7343 3037
7344 3037
7345 3037
7346 3037
7347 3037
7348 3037
7349 3037
7350 3037
7351 3037
7352 3037
7353 3037
7354 3037
7355 3037
7356 3037
7357 3037
7358 3037
7359 3037
7360 3037
7361 3037
7362 3037
7363 3037
7364 3037
7365 3037
7366 3037
7367 3037
7368 3037
7369 3037
7370 3037
7371 3037
7372 3037
7373 3037
7374 3037
7375 3037
7376 3037
7377 3037
7378 3037
7379 3037
7380 3037
7381 3037
7382 3037
7383 3037
7384 3037
7385 3037
7386 3037
7387 3037
7388 3037
7389 3037
7390 3037
7391 3037
7392 3037
7393 3037
7394 3037
7395 3037
7396 3037
7397 3037
7398 3037
7399 3037
7400 3037
7401 3037
7402 3037
7403 3037
7404 3037
7405 3037
7406 3037
7407 3037
7408 3037
7409 3037
7410 3037
7411 3037
7412 3037
7413 3037
7414 3037
7415 3037
7416 3037
7417 3037
7418 3037
7419 3037
7420 3037
7421 3037
7422 3037
7423 3037
7424 3037
7425 3037
7426 3037
7427 3037
7428 3037
7429 3037
7430 3037
7431 3037
7432 3037
7433 3037
7434 3037
7435 3037
7436 3037
7437 3037
7438 3037
7439 3037
7440 3032
7441 3032
7442 3032
7443 3032
7444 3032
7445 3032
7446 3032
7447 3032
7448 3031
7449 3031
7450 3031
7451 3031
7452 3031
7453 3031
7454 3031
7455 3031
7456 3031
7457 3031
7458 3031
7459 3031
7460 3031
7461 3031
7462 3031
7463 3031
7464 3031
7465 3031
7466 3031
7467 3031
7468 3031
7469 3031
7470 3031
7471 3031
7472 3031
7473 3031
7474 3031
7475 3031
7476 3031
7477 3031
7478 3031
7479 3031
7480 3031
7481 3031
7482 3031
7483 3031
7484 3031
7485 3031
7486 3031
7487 3031
7488 3031
7489 3031
7490 3031
7491 3031
7492 3031
7493 3031
7494 3031
7495 3031
7496 3031
7497 3031
7498 3031
7499 3031
7500 3031
7501 3031
7502 3024
7503 3024
7504 3024
7505 3024
7506 3024
7507 3024
7508 3024
7509 3024
7510 3024
7511 3024
7512 3024
7513 3024
7514 3024
7515 3024
7516 3024
7517 3024
7518 3024
7519 3024
7520 3024
7521 3024
7522 3024
7523 3024
7524 3024
7525 3024
7526 3024
7527 3024
7528 3024
7529 3024
7530 3024
7531 3024
7532 3024
7533 3024
7534 3024
7535 3024
7536 3024
7537 3024
7538 3024
7539 3024
7540 3024
7541 3024
7542 3024
7543 3018
7544 3018
7545 3018
7546 3018
7547 3018
7548 3018
7549 3018
7550 3018
7551 3018
7552 3018
7553 3018
7554 3018
7555 3018
7556 3018
7557 3018
7558 3018
7559 3018
7560 3018
7561 3018
7562 3018
7563 3018
7564 3018
7565 3018
7566 3018
7567 3018
7568 3018
7569 3018
7570 3018
7571 3018
7572 3018
7573 3018
7574 3018
7575 3018
7576 3018
7577 3018
7578 3018
7579 3018
7580 3018
7581 3018
7582 3018
7583 3018
7584 3018
7585 3018
7586 3018
7587 3018
7588 3018
7589 3018
7590 3018
7591 3018
7592 3018
7593 3018
7594 3018
7595 3018
7596 3018
7597 3018
7598 3018
7599 3018
7600 3018
7601 3018
7602 3018
7603 3018
7604 3018
7605 3018
7606 3018
7607 3018
7608 3018
7609 3018
7610 3018
7611 3018
7612 3018
7613 3018
7614 3018
7615 3018
7616 3018
7617 3018
7618 3018
7619 3018
7620 3018
7621 3018
7622 3018
7623 3018
7624 3018
7625 3018
7626 3018
7627 3018
7628 3018
7629 3018
7630 3018
7631 3018
7632 3018
7633 3018
7634 3018
7635 3018
7636 3018
7637 3018
7638 3018
7639 3018
7640 3018
7641 3018
7642 3018
7643 3018
7644 3018
7645 3018
7646 3018
7647 3018
7648 3018
7649 3018
7650 3018
7651 3018
7652 3018
7653 3018
7654 3018
7655 3018
7656 3018
7657 3018
7658 3018
7659 3018
7660 3018
7661 3018
7662 3018
7663 3018
7664 3018
7665 3018
7666 3018
7667 3018
7668 3018
7669 3018
7670 3018
7671 3018
7672 3018
7673 3018
7674 3018
7675 3018
7676 3018
7677 3018
7678 3018
7679 3018
7680 3018
7681 3018
7682 3018
7683 3013
7684 3013
7685 3013
7686 3013
7687 3013
7688 3013
7689 3013
7690 3013
7691 3013
7692 3013
7693 3013
7694 3013
7695 3013
7696 3013
7697 3013
7698 3013
7699 3013
7700 3013
7701 3013
7702 3013
7703 3013
7704 3013
7705 3013
7706 3013
7707 3013
7708 3013
7709 3013
7710 3013
7711 3013
7712 3013
7713 3012
7714 3012
7715 3012
7716 3012
7717 3012
7718 3011
7719 3011
7720 3011
7721 3011
7722 3011
7723 3011
7724 3011
7725 2998
7726 2998
7727 2998
7728 2998
7729 2998
7730 2998
7731 2998
7732 2998
7733 2998
7734 2998
7735 2998
7736 2998
7737 2998
7738 2998
7739 2998
7740 2998
7741 2998
7742 2998
7743 2998
7744 2998
7745 2998
7746 2998
7747 2998
7748 2998
7749 2998
7750 2998
7751 2998
7752 2998
7753 2998
7754 2998
7755 2998
7756 2998
7757 2998
7758 2998
7759 2998
7760 2998
7761 2998
7762 2998
7763 2998
7764 2998
7765 2998
7766 2998
7767 2998
7768 2998
7769 2998
7770 2998
7771 2998
7772 2998
7773 2998
7774 2998
7775 2998
7776 2998
7777 2998
7778 2997
7779 2997
7780 2997
7781 2997
7782 2997
7783 2997
7784 2997
7785 2997
7786 2997
7787 2997
7788 2997
7789 2997
7790 2997
7791 2997
7792 2997
7793 2997
7794 2997
7795 2997
7796 2997
7797 2997
7798 2997
7799 2997
7800 2997
7801 2997
7802 2997
7803 2997
7804 2997
7805 2997
7806 2997
7807 2997
7808 2997
7809 2997
7810 2997
7811 2997
7812 2997
7813 2997
7814 2997
7815 2997
7816 2997
7817 2997
7818 2997
7819 2997
7820 2997
7821 2997
7822 2997
7823 2997
7824 2997
7825 2997
7826 2997
7827 2997
7828 2997
7829 2997
7830 2997
7831 2997
7832 2997
7833 2997
7834 2997
7835 2997
7836 2997
7837 2997
7838 2997
7839 2997
7840 2997
7841 2997
7842 2997
7843 2997
7844 2997
7845 2997
7846 2997
7847 2997
7848 2997
7849 2997
7850 2997
7851 2997
7852 2997
7853 2997
7854 2991
7855 2991
7856 2991
7857 2991
7858 2991
7859 2985
7860 2985
7861 2985
7862 2985
7863 2985
7864 2985
7865 2985
7866 2985
7867 2985
7868 2985
7869 2985
7870 2985
7871 2985
7872 2985
7873 2985
7874 2985
7875 2985
7876 2985
7877 2985
7878 2985
7879 2985
7880 2985
7881 2985
7882 2985
7883 2985
7884 2985
7885 2985
7886 2981
7887 2981
7888 2981
7889 2981
7890 2981
7891 2981
7892 2981
7893 2981
7894 2981
7895 2981
7896 2981
7897 2981
7898 2981
7899 2981
7900 2981
7901 2981
7902 2981
7903 2981
7904 2981
7905 2981
7906 2981
7907 2981
7908 2981
7909 2981
7910 2981
7911 2981
7912 2981
7913 2981
7914 2981
7915 2981
7916 2981
7917 2981
7918 2981
7919 2981
7920 2981
7921 2981
7922 2981
7923 2981
7924 2981
7925 2981
7926 2981
7927 2981
7928 2981
7929 2981
7930 2981
7931 2981
7932 2981
7933 2981
7934 2981
7935 2981
7936 2981
7937 2981
7938 2981
7939 2981
7940 2981
7941 2981
7942 2981
7943 2980
7944 2980
7945 2980
7946 2980
7947 2980
7948 2980
7949 2980
7950 2980
7951 2980
7952 2980
7953 2980
7954 2980
7955 2980
7956 2980
7957 2980
7958 2980
7959 2980
7960 2980
7961 2980
7962 2980
7963 2980
7964 2980
7965 2980
7966 2980
7967 2980
7968 2980
7969 2980
7970 2980
7971 2980
7972 2980
7973 2980
7974 2980
7975 2980
7976 2980
7977 2980
7978 2980
7979 2980
7980 2980
7981 2980
7982 2980
7983 2980
7984 2980
7985 2980
7986 2980
7987 2980
7988 2980
7989 2980
7990 2980
7991 2980
7992 2980
7993 2980
7994 2980
7995 2980
7996 2980
7997 2980
7998 2980
7999 2980
8000 2980
8001 2980
8002 2980
8003 2980
8004 2980
8005 2980
8006 2980
8007 2980
8008 2971
8009 2971
8010 2971
8011 2971
8012 2971
8013 2971
8014 2971
8015 2971
8016 2971
8017 2971
8018 2971
8019 2971
8020 2971
8021 2971
8022 2971
8023 2971
8024 2971
8025 2971
8026 2971
8027 2971
8028 2971
8029 2971
8030 2971
8031 2971
8032 2971
8033 2971
8034 2971
8035 2971
8036 2971
8037 2971
8038 2971
8039 2971
8040 2971
8041 2971
8042 2971
8043 2971
8044 2971
8045 2971
8046 2971
8047 2971
8048 2971
8049 2971
8050 2971
8051 2971
8052 2971
8053 2971
8054 2971
8055 2971
8056 2971
8057 2971
8058 2971
8059 2971
8060 2971
8061 2971
8062 2971
8063 2971
8064 2971
8065 2971
8066 2971
8067 2971
8068 2971
8069 2971
8070 2971
8071 2971
8072 2971
8073 2971
8074 2971
8075 2971
8076 2971
8077 2971
8078 2971
8079 2971
8080 2971
8081 2971
8082 2971
8083 2971
8084 2971
8085 2971
8086 2971
8087 2971
8088 2971
8089 2971
8090 2971
8091 2971
8092 2971
8093 2971
8094 2971
8095 2971
8096 2971
8097 2971
8098 2971
8099 2971
8100 2971
8101 2971
8102 2971
8103 2971
8104 2971
8105 2971
8106 2971
8107 2971
8108 2971
8109 2971
8110 2971
8111 2971
8112 2971
8113 2971
8114 2971
8115 2971
8116 2971
8117 2971
8118 2971
8119 2971
8120 2971
8121 2971
8122 2971
8123 2971
8124 2971
8125 2971
8126 2971
8127 2971
8128 2971
8129 2971
8130 2971
8131 2971
8132 2971
8133 2971
8134 2971
8135 2971
8136 2971
8137 2971
8138 2971
8139 2971
8140 2971
8141 2971
8142 2971
8143 2971
8144 2971
8145 2971
8146 2971
8147 2971
8148 2971
8149 2971
8150 2971
8151 2971
8152 2971
8153 2971
8154 2971
8155 2971
8156 2971
8157 2971
8158 2971
8159 2971
8160 2971
8161 2971
8162 2971
8163 2971
8164 2971
8165 2971
8166 2971
8167 2971
8168 2971
8169 2971
8170 2971
8171 2971
8172 2971
8173 2971
8174 2971
8175 2971
8176 2971
8177 2971
8178 2971
8179 2971
8180 2971
8181 2971
8182 2971
8183 2971
8184 2971
8185 2971
8186 2971
8187 2971
8188 2971
8189 2971
8190 2971
8191 2971
8192 2971
8193 2971
8194 2971
8195 2971
8196 2971
8197 2971
8198 2971
8199 2971
8200 2971
8201 2971
8202 2971
8203 2971
8204 2971
8205 2971
8206 2971
8207 2971
8208 2971
8209 2971
8210 2971
8211 2971
8212 2971
8213 2971
8214 2971
8215 2971
8216 2971
8217 2971
8218 2971
8219 2971
8220 2971
8221 2971
8222 2971
8223 2971
8224 2971
8225 2971
8226 2971
8227 2971
8228 2971
8229 2971
8230 2971
8231 2971
8232 2971
8233 2971
8234 2971
8235 2971
8236 2971
8237 2971
8238 2971
8239 2971
8240 2971
8241 2971
8242 2971
8243 2971
8244 2971
8245 2971
8246 2971
8247 2971
8248 2971
8249 2971
8250 2971
8251 2971
8252 2971
8253 2971
8254 2971
8255 2971
8256 2971
8257 2971
8258 2971
8259 2971
8260 2971
8261 2971
8262 2971
8263 2971
8264 2971
8265 2971
8266 2971
8267 2971
8268 2971
8269 2971
8270 2971
8271 2971
8272 2971
8273 2971
8274 2971
8275 2971
8276 2971
8277 2971
8278 2971
8279 2971
8280 2971
8281 2971
8282 2971
8283 2969
8284 2969
8285 2969
8286 2969
8287 2969
8288 2969
8289 2969
8290 2969
8291 2969
8292 2969
8293 2969
8294 2969
8295 2969
8296 2969
8297 2969
8298 2969
8299 2969
8300 2969
8301 2969
8302 2969
8303 2969
8304 2969
8305 2969
8306 2969
8307 2969
8308 2969
8309 2969
8310 2969
8311 2969
8312 2969
8313 2969
8314 2969
8315 2969
8316 2969
8317 2969
8318 2969
8319 2969
8320 2969
8321 2969
8322 2969
8323 2969
8324 2969
8325 2969
8326 2969
8327 2969
8328 2969
8329 2969
8330 2969
8331 2969
8332 2969
8333 2969
8334 2969
8335 2969
8336 2969
8337 2969
8338 2969
8339 2969
8340 2969
8341 2969
8342 2969
8343 2969
8344 2969
8345 2969
8346 2969
8347 2969
8348 2969
8349 2969
8350 2969
8351 2969
8352 2969
8353 2969
8354 2969
8355 2969
8356 2969
8357 2969
8358 2969
8359 2969
8360 2969
8361 2969
8362 2969
8363 2969
8364 2969
8365 2967
8366 2967
8367 2967
8368 2967
8369 2954
8370 2954
8371 2954
8372 2954
8373 2954
8374 2954
8375 2954
8376 2954
8377 2954
8378 2954
8379 2954
8380 2954
8381 2954
8382 2951
8383 2951
8384 2951
8385 2951
8386 2951
8387 2951
8388 2951
8389 2951
8390 2951
8391 2951
8392 2951
8393 2951
8394 2951
8395 2951
8396 2951
8397 2951
8398 2951
8399 2951
8400 2951
8401 2951
8402 2951
8403 2951
8404 2951
8405 2951
8406 2951
8407 2951
8408 2951
8409 2951
8410 2951
8411 2951
8412 2951
8413 2951
8414 2951
8415 2951
8416 2951
8417 2951
8418 2951
8419 2951
8420 2951
8421 2951
8422 2951
8423 2951
8424 2951
8425 2951
8426 2951
8427 2951
8428 2951
8429 2951
8430 2951
8431 2951
8432 2951
8433 2951
8434 2951
8435 2951
8436 2951
8437 2951
8438 2951
8439 2951
8440 2951
8441 2951
8442 2951
8443 2951
8444 2951
8445 2951
8446 2951
8447 2940
8448 2940
8449 2940
8450 2940
8451 2940
8452 2940
8453 2940
8454 2940
8455 2940
8456 2940
8457 2940
8458 2940
8459 2940
8460 2940
8461 2940
8462 2940
8463 2940
8464 2940
8465 2940
8466 2940
8467 2940
8468 2940
8469 2940
8470 2940
8471 2940
8472 2940
8473 2940
8474 2940
8475 2940
8476 2940
8477 2940
8478 2940
8479 2940
8480 2940
8481 2940
8482 2940
8483 2940
8484 2940
8485 2940
8486 2940
8487 2940
8488 2940
8489 2940
8490 2940
8491 2940
8492 2940
8493 2940
8494 2940
8495 2940
8496 2940
8497 2940
8498 2940
8499 2940
8500 2940
8501 2940
8502 2940
8503 2940
8504 2940
8505 2940
8506 2940
8507 2940
8508 2940
8509 2940
8510 2940
8511 2940
8512 2940
8513 2940
8514 2940
8515 2940
8516 2940
8517 2940
8518 2940
8519 2940
8520 2940
8521 2940
8522 2940
8523 2940
8524 2940
8525 2940
8526 2940
8527 2940
8528 2940
8529 2940
8530 2940
8531 2940
8532 2940
8533 2940
8534 2940
8535 2940
8536 2940
8537 2940
8538 2940
8539 2940
8540 2940
8541 2940
8542 2940
8543 2940
8544 2940
8545 2940
8546 2940
8547 2940
8548 2940
8549 2940
8550 2940
8551 2940
8552 2940
8553 2940
8554 2940
8555 2940
8556 2940
8557 2940
8558 2940
8559 2940
8560 2940
8561 2940
8562 2940
8563 2940
8564 2940
8565 2940
8566 2940
8567 2940
8568 2940
8569 2940
8570 2940
8571 2940
8572 2940
8573 2940
8574 2940
8575 2940
8576 2940
8577 2940
8578 2940
8579 2940
8580 2940
8581 2940
8582 2940
8583 2940
8584 2940
8585 2940
8586 2940
8587 2940
8588 2940
8589 2940
8590 2940
8591 2940
8592 2940
8593 2940
8594 2940
8595 2940
8596 2940
8597 2940
8598 2940
8599 2940
8600 2940
8601 2940
8602 2940
8603 2940
8604 2940
8605 2937
8606 2937
8607 2937
8608 2937
8609 2937
8610 2937
8611 2937
8612 2937
8613 2937
8614 2937
8615 2937
8616 2937
8617 2937
8618 2937
8619 2937
8620 2937
8621 2937
8622 2937
8623 2937
8624 2937
8625 2937
8626 2937
8627 2937
8628 2937
8629 2937
8630 2937
8631 2937
8632 2937
8633 2937
8634 2937
8635 2937
8636 2937
8637 2937
8638 2937
8639 2937
8640 2937
8641 2937
8642 2937
8643 2937
8644 2937
8645 2937
8646 2937
8647 2937
8648 2937
8649 2937
8650 2937
8651 2937
8652 2937
8653 2937
8654 2937
8655 2937
8656 2937
8657 2937
8658 2937
8659 2937
8660 2937
8661 2937
8662 2937
8663 2937
8664 2937
8665 2937
8666 2937
8667 2937
8668 2937
8669 2937
8670 2937
8671 2937
8672 2937
8673 2937
8674 2937
8675 2937
8676 2937
8677 2937
8678 2937
8679 2937
8680 2937
8681 2937
8682 2937
8683 2937
8684 2937
8685 2937
8686 2937
8687 2937
8688 2937
8689 2937
8690 2937
8691 2937
8692 2937
8693 2937
8694 2937
8695 2937
8696 2937
8697 2937
8698 2937
8699 2937
8700 2937
8701 2937
8702 2937
8703 2937
8704 2937
8705 2937
8706 2937
8707 2937
8708 2937
8709 2937
8710 2937
8711 2937
8712 2937
8713 2937
8714 2937
8715 2937
8716 2937
8717 2937
8718 2937
8719 2937
8720 2937
8721 2937
8722 2937
8723 2937
8724 2937
8725 2937
8726 2937
8727 2937
8728 2937
8729 2937
8730 2937
8731 2937
8732 2937
8733 2937
8734 2937
8735 2937
8736 2937
8737 2937
8738 2937
8739 2937
8740 2937
8741 2937
8742 2937
8743 2937
8744 2937
8745 2937
8746 2937
8747 2937
8748 2937
8749 2937
8750 2937
8751 2937
8752 2937
8753 2937
8754 2937
8755 2937
8756 2937
8757 2937
8758 2937
8759 2937
8760 2937
8761 2937
8762 2929
8763 2929
8764 2929
8765 2929
8766 2929
8767 2929
8768 2929
8769 2929
8770 2929
8771 2929
8772 2929
8773 2929
8774 2929
8775 2929
8776 2929
8777 2929
8778 2929
8779 2929
8780 2929
8781 2929
8782 2929
8783 2929
8784 2929
8785 2929
8786 2929
8787 2929
8788 2929
8789 2929
8790 2929
8791 2929
8792 2929
8793 2929
8794 2929
8795 2929
8796 2929
8797 2929
8798 2929
8799 2929
8800 2929
8801 2923
8802 2923
8803 2923
8804 2923
8805 2923
8806 2923
8807 2923
8808 2923
8809 2923
8810 2923
8811 2923
8812 2923
8813 2923
8814 2923
8815 2923
8816 2923
8817 2923
8818 2923
8819 2923
8820 2923
8821 2923
8822 2923
8823 2923
8824 2923
8825 2923
8826 2923
8827 2923
8828 2923
8829 2923
8830 2923
8831 2923
8832 2923
8833 2923
8834 2923
8835 2923
8836 2923
8837 2923
8838 2923
8839 2923
8840 2923
8841 2923
8842 2923
8843 2923
8844 2923
8845 2923
8846 2923
8847 2923
8848 2923
8849 2923
8850 2923
8851 2923
8852 2923
8853 2923
8854 2923
8855 2923
8856 2923
8857 2923
8858 2923
8859 2923
8860 2923
8861 2923
8862 2923
8863 2923
8864 2923
8865 2923
8866 2923
8867 2923
8868 2923
8869 2923
8870 2923
8871 2923
8872 2923
8873 2923
8874 2923
8875 2923
8876 2923
8877 2923
8878 2923
8879 2923
8880 2923
8881 2923
8882 2923
8883 2923
8884 2923
8885 2923
8886 2923
8887 2923
8888 2923
8889 2923
8890 2923
8891 2923
8892 2923
8893 2923
8894 2923
8895 2923
8896 2923
8897 2923
8898 2923
8899 2923
8900 2923
8901 2923
8902 2923
8903 2923
8904 2923
8905 2923
8906 2923
8907 2923
8908 2923
8909 2923
8910 2923
8911 2923
8912 2923
8913 2923
8914 2923
8915 2923
8916 2923
8917 2923
8918 2923
8919 2923
8920 2923
8921 2923
8922 2923
8923 2923
8924 2923
8925 2923
8926 2923
8927 2923
8928 2923
8929 2923
8930 2923
8931 2923
8932 2923
8933 2923
8934 2923
8935 2923
8936 2923
8937 2923
8938 2923
8939 2923
8940 2923
8941 2923
8942 2923
8943 2923
8944 2923
8945 2923
8946 2923
8947 2923
8948 2923
8949 2923
8950 2923
8951 2923
8952 2923
8953 2923
8954 2923
8955 2923
8956 2923
8957 2923
8958 2923
8959 2923
8960 2923
8961 2923
8962 2923
8963 2923
8964 2923
8965 2923
8966 2923
8967 2923
8968 2923
8969 2923
8970 2923
8971 2923
8972 2923
8973 2923
8974 2923
8975 2923
8976 2923
8977 2923
8978 2923
8979 2923
8980 2923
8981 2923
8982 2923
8983 2923
8984 2923
8985 2923
8986 2923
8987 2923
8988 2923
8989 2923
8990 2923
8991 2923
8992 2923
8993 2923
8994 2923
8995 2923
8996 2923
8997 2923
8998 2923
8999 2923
9000 2923
9001 2923
9002 2923
9003 2923
9004 2923
9005 2923
9006 2923
9007 2923
9008 2923
9009 2923
9010 2923
9011 2923
9012 2923
9013 2923
9014 2923
9015 2923
9016 2923
9017 2923
9018 2923
9019 2923
9020 2923
9021 2923
9022 2923
9023 2923
9024 2923
9025 2923
9026 2923
9027 2923
9028 2923
9029 2923
9030 2923
9031 2923
9032 2923
9033 2923
9034 2923
9035 2923
9036 2923
9037 2923
9038 2923
9039 2923
9040 2923
9041 2923
9042 2923
9043 2923
9044 2923
9045 2923
9046 2923
9047 2923
9048 2923
9049 2923
9050 2923
9051 2923
9052 2923
9053 2923
9054 2923
9055 2923
9056 2923
9057 2923
9058 2923
9059 2923
9060 2923
9061 2923
9062 2923
9063 2923
9064 2923
9065 2923
9066 2923
9067 2923
9068 2923
9069 2923
9070 2923
9071 2923
9072 2923
9073 2923
9074 2923
9075 2923
9076 2923
9077 2923
9078 2923
9079 2923
9080 2923
9081 2923
9082 2923
9083 2923
9084 2923
9085 2923
9086 2912
9087 2912
9088 2912
9089 2912
9090 2912
9091 2912
9092 2912
9093 2912
9094 2912
9095 2912
9096 2912
9097 2912
9098 2912
9099 2912
9100 2912
9101 2912
9102 2912
9103 2912
9104 2912
9105 2912
9106 2912
9107 2912
9108 2912
9109 2912
9110 2912
9111 2912
9112 2912
9113 2912
9114 2912
9115 2912
9116 2912
9117 2909
9118 2909
9119 2909
9120 2909
9121 2909
9122 2909
9123 2909
9124 2909
9125 2909
9126 2909
9127 2909
9128 2909
9129 2909
9130 2909
9131 2909
9132 2909
9133 2909
9134 2909
9135 2909
9136 2909
9137 2909
9138 2909
9139 2909
9140 2909
9141 2909
9142 2909
9143 2909
9144 2909
9145 2909
9146 2909
9147 2909
9148 2909
9149 2909
9150 2909
9151 2909
9152 2909
9153 2909
9154 2909
9155 2909
9156 2909
9157 2909
9158 2909
9159 2909
9160 2909
9161 2909
9162 2906
9163 2906
9164 2906
9165 2906
9166 2906
9167 2906
9168 2906
9169 2906
9170 2906
9171 2906
9172 2906
9173 2906
9174 2906
9175 2906
9176 2906
9177 2906
9178 2906
9179 2906
9180 2906
9181 2906
9182 2906
9183 2906
9184 2906
9185 2906
9186 2906
9187 2906
9188 2906
9189 2906
9190 2906
9191 2906
9192 2906
9193 2906
9194 2906
9195 2906
9196 2906
9197 2906
9198 2906
9199 2906
9200 2906
9201 2906
9202 2906
9203 2906
9204 2906
9205 2906
9206 2906
9207 2906
9208 2906
9209 2906
9210 2906
9211 2906
9212 2906
9213 2906
9214 2906
9215 2906
9216 2906
9217 2906
9218 2906
9219 2906
9220 2906
9221 2906
9222 2906
9223 2906
9224 2906
9225 2906
9226 2906
9227 2906
9228 2906
9229 2906
9230 2906
9231 2906
9232 2906
9233 2906
9234 2906
9235 2906
9236 2906
9237 2906
9238 2906
9239 2906
9240 2906
9241 2906
9242 2906
9243 2906
9244 2906
9245 2906
9246 2906
9247 2906
9248 2906
9249 2906
9250 2906
9251 2906
9252 2906
9253 2906
9254 2906
9255 2890
9256 2890
9257 2890
9258 2890
9259 2890
9260 2890
9261 2890
9262 2890
9263 2890
9264 2890
9265 2890
9266 2886
9267 2886
9268 2886
9269 2886
9270 2886
9271 2886
9272 2886
9273 2886
9274 2886
9275 2886
9276 2886
9277 2886
9278 2886
9279 2886
9280 2886
9281 2886
9282 2886
9283 2886
9284 2886
9285 2886
9286 2886
9287 2886
9288 2886
9289 2886
9290 2886
9291 2886
9292 2886
9293 2886
9294 2886
9295 2886
9296 2886
9297 2886
9298 2886
9299 2886
9300 2886
9301 2886
9302 2886
9303 2886
9304 2886
9305 2886
9306 2886
9307 2886
9308 2886
9309 2886
9310 2886
9311 2886
9312 2886
9313 2886
9314 2886
9315 2886
9316 2886
9317 2886
9318 2886
9319 2886
9320 2886
9321 2886
9322 2886
9323 2886
9324 2886
9325 2886
9326 2886
9327 2886
9328 2886
9329 2886
9330 2886
9331 2886
9332 2886
9333 2886
9334 2886
9335 2886
9336 2886
9337 2886
9338 2886
9339 2886
9340 2886
9341 2886
9342 2886
9343 2886
9344 2886
9345 2886
9346 2886
9347 2886
9348 2886
9349 2886
9350 2886
9351 2886
9352 2886
9353 2886
9354 2886
9355 2886
9356 2886
9357 2886
9358 2886
9359 2886
9360 2886
9361 2886
9362 2886
9363 2886
9364 2886
9365 2886
9366 2886
9367 2886
9368 2886
9369 2886
9370 2886
9371 2886
9372 2886
9373 2886
9374 2886
9375 2886
9376 2886
9377 2886
9378 2886
9379 2886
9380 2886
9381 2886
9382 2886
9383 2886
9384 2886
9385 2886
9386 2886
9387 2886
9388 2886
9389 2886
9390 2886
9391 2886
9392 2886
9393 2886
9394 2886
9395 2886
9396 2886
9397 2886
9398 2886
9399 2886
9400 2886
9401 2886
9402 2886
9403 2886
9404 2886
9405 2886
9406 2886
9407 2886
9408 2886
9409 2886
9410 2886
9411 2886
9412 2886
9413 2886
9414 2886
9415 2886
9416 2886
9417 2886
9418 2886
9419 2885
9420 2885
9421 2885
9422 2885
9423 2885
9424 2885
9425 2885
9426 2885
9427 2885
9428 2885
9429 2885
9430 2885
9431 2885
9432 2885
9433 2885
9434 2885
9435 2885
9436 2885
9437 2885
9438 2885
9439 2885
9440 2885
9441 2885
9442 2885
9443 2885
9444 2885
9445 2885
9446 2885
9447 2885
9448 2885
9449 2885
9450 2885
9451 2885
9452 2885
9453 2885
9454 2885
9455 2885
9456 2885
9457 2885
9458 2885
9459 2885
9460 2885
9461 2885
9462 2885
9463 2885
9464 2885
9465 2885
9466 2885
9467 2885
9468 2885
9469 2885
9470 2885
9471 2885
9472 2885
9473 2885
9474 2885
9475 2885
9476 2885
9477 2885
9478 2885
9479 2885
9480 2885
9481 2885
9482 2885
9483 2885
9484 2885
9485 2885
9486 2885
9487 2885
9488 2885
9489 2885
9490 2885
9491 2885
9492 2885
9493 2885
9494 2885
9495 2885
9496 2885
9497 2885
9498 2885
9499 2885
9500 2885
9501 2885
9502 2885
9503 2885
9504 2885
9505 2885
9506 2885
9507 2885
9508 2885
9509 2885
9510 2885
9511 2885
9512 2885
9513 2885
9514 2885
9515 2885
9516 2885
9517 2885
9518 2885
9519 2885
9520 2885
9521 2885
9522 2885
9523 2885
9524 2885
9525 2885
9526 2885
9527 2885
9528 2885
9529 2885
9530 2885
9531 2885
9532 2884
9533 2884
9534 2884
9535 2884
9536 2884
9537 2884
9538 2884
9539 2884
9540 2884
9541 2884
9542 2884
9543 2884
9544 2884
9545 2884
9546 2884
9547 2884
9548 2884
9549 2884
9550 2884
9551 2884
9552 2884
9553 2884
9554 2884
9555 2884
9556 2884
9557 2884
9558 2884
9559 2884
9560 2884
9561 2884
9562 2884
9563 2884
9564 2884
9565 2884
9566 2884
9567 2884
9568 2884
9569 2884
9570 2884
9571 2884
9572 2884
9573 2884
9574 2884
9575 2884
9576 2884
9577 2884
9578 2884
9579 2884
9580 2884
9581 2884
9582 2884
9583 2884
9584 2884
9585 2884
9586 2884
9587 2884
9588 2884
9589 2884
9590 2884
9591 2884
9592 2884
9593 2884
9594 2884
9595 2884
9596 2884
9597 2884
9598 2884
9599 2884
9600 2884
9601 2884
9602 2884
9603 2884
9604 2884
9605 2884
9606 2884
9607 2884
9608 2884
9609 2884
9610 2884
9611 2884
9612 2884
9613 2884
9614 2884
9615 2884
9616 2884
9617 2884
9618 2884
9619 2884
9620 2884
9621 2884
9622 2884
9623 2884
9624 2884
9625 2884
9626 2884
9627 2884
9628 2884
9629 2884
9630 2884
9631 2884
9632 2884
9633 2884
9634 2884
9635 2884
9636 2884
9637 2884
9638 2884
9639 2884
9640 2884
9641 2884
9642 2884
9643 2884
9644 2869
9645 2869
9646 2869
9647 2869
9648 2869
9649 2869
9650 2869
9651 2869
9652 2869
9653 2869
9654 2869
9655 2869
9656 2869
9657 2869
9658 2869
9659 2869
9660 2869
9661 2869
9662 2869
9663 2869
9664 2865
9665 2839
9666 2839
9667 2839
9668 2839
9669 2839
9670 2839
9671 2839
9672 2839
9673 2839
9674 2839
9675 2839
9676 2839
9677 2839
9678 2839
9679 2839
9680 2839
9681 2839
9682 2839
9683 2839
9684 2839
9685 2839
9686 2839
9687 2839
9688 2839
9689 2839
9690 2839
9691 2839
9692 2839
9693 2839
9694 2839
9695 2839
9696 2839
9697 2839
9698 2839
9699 2839
9700 2839
9701 2839
9702 2839
9703 2839
9704 2839
9705 2839
9706 2839
9707 2839
9708 2839
9709 2839
9710 2839
9711 2839
9712 2839
9713 2839
9714 2839
9715 2839
9716 2839
9717 2839
9718 2839
9719 2839
9720 2839
9721 2839
9722 2839
9723 2839
9724 2839
9725 2839
9726 2839
9727 2839
9728 2839
9729 2839
9730 2839
9731 2839
9732 2839
9733 2839
9734 2839
9735 2839
9736 2839
9737 2839
9738 2839
9739 2839
9740 2839
9741 2839
9742 2839
9743 2839
9744 2839
9745 2839
9746 2839
9747 2839
9748 2839
9749 2839
9750 2839
9751 2839
9752 2839
9753 2839
9754 2839
9755 2839
9756 2839
9757 2839
9758 2839
9759 2839
9760 2839
9761 2839
9762 2839
9763 2839
9764 2839
9765 2839
9766 2839
9767 2839
9768 2839
9769 2839
9770 2839
9771 2839
9772 2839
9773 2839
9774 2839
9775 2839
9776 2839
9777 2839
9778 2839
9779 2839
9780 2839
9781 2839
9782 2839
9783 2839
9784 2839
9785 2839
9786 2839
9787 2834
9788 2834
9789 2834
9790 2834
9791 2834
9792 2834
9793 2834
9794 2834
9795 2834
9796 2834
9797 2834
9798 2834
9799 2834
9800 2834
9801 2834
9802 2834
9803 2834
9804 2834
9805 2834
9806 2834
9807 2834
9808 2834
9809 2833
9810 2832
9811 2832
9812 2832
9813 2832
9814 2832
9815 2832
9816 2832
9817 2832
9818 2832
9819 2832
9820 2832
9821 2832
9822 2832
9823 2832
9824 2832
9825 2832
9826 2832
9827 2832
9828 2832
9829 2832
9830 2832
9831 2832
9832 2832
9833 2832
9834 2832
9835 2832
9836 2832
9837 2832
9838 2832
9839 2832
9840 2832
9841 2832
9842 2832
9843 2832
9844 2832
9845 2832
9846 2832
9847 2832
9848 2832
9849 2832
9850 2832
9851 2832
9852 2832
9853 2832
9854 2832
9855 2832
9856 2832
9857 2832
9858 2832
9859 2832
9860 2832
9861 2832
9862 2832
9863 2832
9864 2832
9865 2832
9866 2832
9867 2832
9868 2832
9869 2832
9870 2832
9871 2832
9872 2832
9873 2832
9874 2832
9875 2832
9876 2832
9877 2832
9878 2832
9879 2832
9880 2832
9881 2832
9882 2832
9883 2832
9884 2832
9885 2832
9886 2832
9887 2832
9888 2832
9889 2832
9890 2832
9891 2832
9892 2832
9893 2832
9894 2832
9895 2832
9896 2832
9897 2832
9898 2832
9899 2832
9900 2832
9901 2832
9902 2832
9903 2832
9904 2832
9905 2832
9906 2832
9907 2832
9908 2832
9909 2832
9910 2832
9911 2832
9912 2832
9913 2832
9914 2832
9915 2832
9916 2832
9917 2832
9918 2832
9919 2832
9920 2832
9921 2832
9922 2832
9923 2832
9924 2832
9925 2832
9926 2832
9927 2832
9928 2832
9929 2832
9930 2832
9931 2832
9932 2832
9933 2832
9934 2832
9935 2832
9936 2832
9937 2832
9938 2832
9939 2832
9940 2832
9941 2832
9942 2832
9943 2832
9944 2832
9945 2832
9946 2832
9947 2832
9948 2832
9949 2832
9950 2832
9951 2832
9952 2832
9953 2832
9954 2832
9955 2832
9956 2832
9957 2832
9958 2832
9959 2832
9960 2832
9961 2832
9962 2832
9963 2832
9964 2832
9965 2832
9966 2832
9967 2832
9968 2832
9969 2832
9970 2832
9971 2832
9972 2832
9973 2832
9974 2832
9975 2832
9976 2832
9977 2832
9978 2832
9979 2832
9980 2832
9981 2832
9982 2832
9983 2828
9984 2828
9985 2828
9986 2828
9987 2828
9988 2828
9989 2828
9990 2828
9991 2828
9992 2828
9993 2828
9994 2828
9995 2828
9996 2828
9997 2828
9998 2828
9999 2828
10000 2828
10001 2828
10002 2828
10003 2828
10004 2828
10005 2828
10006 2828
10007 2828
10008 2828
10009 2828
10010 2828
10011 2828
10012 2828
10013 2828
10014 2828
10015 2828
10016 2828
10017 2828
10018 2828
10019 2828
10020 2828
10021 2828
10022 2828
10023 2828
10024 2828
10025 2828
10026 2828
10027 2828
10028 2828
10029 2828
10030 2828
10031 2828
10032 2828
10033 2828
10034 2828
10035 2828
10036 2828
10037 2828
10038 2828
10039 2828
10040 2828
10041 2828
10042 2828
10043 2828
10044 2828
10045 2828
10046 2828
10047 2828
10048 2828
10049 2828
10050 2828
10051 2828
10052 2828
10053 2828
10054 2828
10055 2828
10056 2828
10057 2828
10058 2828
10059 2828
10060 2828
10061 2828
10062 2828
10063 2828
10064 2828
10065 2828
10066 2828
10067 2828
10068 2828
10069 2828
10070 2828
10071 2828
10072 2828
10073 2828
10074 2828
10075 2828
10076 2828
10077 2823
10078 2823
10079 2823
10080 2823
10081 2823
10082 2823
10083 2823
10084 2823
10085 2823
10086 2823
10087 2823
10088 2823
10089 2823
10090 2823
10091 2823
10092 2823
10093 2823
10094 2823
10095 2823
10096 2823
10097 2823
10098 2823
10099 2823
10100 2823
10101 2823
10102 2823
10103 2823
10104 2823
10105 2823
10106 2823
10107 2823
10108 2823
10109 2823
10110 2823
10111 2823
10112 2823
10113 2823
10114 2823
10115 2823
10116 2823
10117 2823
10118 2823
10119 2823
10120 2823
10121 2823
10122 2823
10123 2823
10124 2823
10125 2823
10126 2823
10127 2823
10128 2823
10129 2823
10130 2823
10131 2823
10132 2823
10133 2823
10134 2823
10135 2823
10136 2823
10137 2823
10138 2823
10139 2823
10140 2823
10141 2823
10142 2823
10143 2823
10144 2823
10145 2823
10146 2823
10147 2823
10148 2823
10149 2823
10150 2823
10151 2823
10152 2823
10153 2823
10154 2823
10155 2823
10156 2823
10157 2823
10158 2823
10159 2823
10160 2823
10161 2819
10162 2819
10163 2819
10164 2819
10165 2819
10166 2819
10167 2819
10168 2819
10169 2819
10170 2819
10171 2819
10172 2819
10173 2819
10174 2819
10175 2819
10176 2819
10177 2819
10178 2819
10179 2819
10180 2819
10181 2819
10182 2819
10183 2819
10184 2819
10185 2819
10186 2819
10187 2819
10188 2819
10189 2819
10190 2819
10191 2819
10192 2819
10193 2819
10194 2819
10195 2819
10196 2819
10197 2819
10198 2819
10199 2819
10200 2819
10201 2819
10202 2819
10203 2819
10204 2819
10205 2819
10206 2819
10207 2819
10208 2819
10209 2819
10210 2819
10211 2819
10212 2819
10213 2819
10214 2819
10215 2819
10216 2819
10217 2819
10218 2819
10219 2819
10220 2819
10221 2819
10222 2819
10223 2819
10224 2819
10225 2819
10226 2819
10227 2819
10228 2819
10229 2819
10230 2819
10231 2819
10232 2819
10233 2819
10234 2819
10235 2819
10236 2819
10237 2819
10238 2819
10239 2819
10240 2819
10241 2819
10242 2819
10243 2819
10244 2819
10245 2819
10246 2819
10247 2819
10248 2819
10249 2819
10250 2819
10251 2819
10252 2819
10253 2819
10254 2819
10255 2819
10256 2819
10257 2819
10258 2819
10259 2819
10260 2819
10261 2819
10262 2819
10263 2819
10264 2819
10265 2819
10266 2819
10267 2819
10268 2819
10269 2819
10270 2819
10271 2819
10272 2819
10273 2819
10274 2819
10275 2819
10276 2819
10277 2819
10278 2819
10279 2819
10280 2819
10281 2819
10282 2819
10283 2819
10284 2819
10285 2819
10286 2819
10287 2819
10288 2819
10289 2819
10290 2819
10291 2819
10292 2819
10293 2819
10294 2819
10295 2819
10296 2819
10297 2819
10298 2819
10299 2819
10300 2819
10301 2819
10302 2819
10303 2819
10304 2819
10305 2819
10306 2819
10307 2819
10308 2819
10309 2819
10310 2819
10311 2819
10312 2819
10313 2819
10314 2819
10315 2819
10316 2819
10317 2819
10318 2819
10319 2819
10320 2819
10321 2819
10322 2819
10323 2819
10324 2819
10325 2819
10326 2819
10327 2819
10328 2819
10329 2819
10330 2819
10331 2819
10332 2819
10333 2819
10334 2819
10335 2819
10336 2819
10337 2819
10338 2819
10339 2819
10340 2819
10341 2819
10342 2819
10343 2819
10344 2819
10345 2819
10346 2819
10347 2819
10348 2819
10349 2819
10350 2819
10351 2819
10352 2819
10353 2819
10354 2819
10355 2819
10356 2819
10357 2819
10358 2819
10359 2819
10360 2819
10361 2819
10362 2819
10363 2819
10364 2819
10365 2819
10366 2819
10367 2819
10368 2819
10369 2819
10370 2819
10371 2819
10372 2819
10373 2819
10374 2819
10375 2819
10376 2819
10377 2819
10378 2819
10379 2819
10380 2819
10381 2819
10382 2819
10383 2819
10384 2819
10385 2819
10386 2819
10387 2819
10388 2819
10389 2819
10390 2819
10391 2819
10392 2819
10393 2819
10394 2819
10395 2819
10396 2819
10397 2819
10398 2819
10399 2819
10400 2819
10401 2819
10402 2819
10403 2819
10404 2819
10405 2819
10406 2819
10407 2819
10408 2808
10409 2808
10410 2808
10411 2808
10412 2808
10413 2808
10414 2808
10415 2808
10416 2808
10417 2808
10418 2808
10419 2808
10420 2808
10421 2808
10422 2808
10423 2808
10424 2808
10425 2808
10426 2808
10427 2808
10428 2808
10429 2808
10430 2808
10431 2808
10432 2808
10433 2808
10434 2808
10435 2808
10436 2808
10437 2808
10438 2808
10439 2808
10440 2808
10441 2808
10442 2808
10443 2808
10444 2808
10445 2808
10446 2808
10447 2808
10448 2798
10449 2798
10450 2798
10451 2798
10452 2798
10453 2798
10454 2798
10455 2798
10456 2798
10457 2798
10458 2798
10459 2798
10460 2798
10461 2798
10462 2798
10463 2798
10464 2798
10465 2798
10466 2798
10467 2798
10468 2798
10469 2798
10470 2798
10471 2798
10472 2798
10473 2798
10474 2798
10475 2798
10476 2798
10477 2798
10478 2798
10479 2798
10480 2798
10481 2798
10482 2792
10483 2792
10484 2792
10485 2792
10486 2792
10487 2792
10488 2792
10489 2792
10490 2792
10491 2792
10492 2792
10493 2792
10494 2792
10495 2792
10496 2792
10497 2792
10498 2792
10499 2792
10500 2792
10501 2792
10502 2792
10503 2792
10504 2792
10505 2787
10506 2787
10507 2787
10508 2787
10509 2787
10510 2787
10511 2787
10512 2787
10513 2787
10514 2787
10515 2787
10516 2787
10517 2787
10518 2787
10519 2787
10520 2787
10521 2787
10522 2787
10523 2787
10524 2787
10525 2787
10526 2787
10527 2787
10528 2787
10529 2787
10530 2787
10531 2787
10532 2787
10533 2787
10534 2787
10535 2787
10536 2787
10537 2787
10538 2787
10539 2787
10540 2787
10541 2787
10542 2787
10543 2787
10544 2787
10545 2787
10546 2787
10547 2787
10548 2787
10549 2787
10550 2787
10551 2787
10552 2787
10553 2787
10554 2787
10555 2787
10556 2787
10557 2787
10558 2787
10559 2787
10560 2787
10561 2787
10562 2787
10563 2787
10564 2787
10565 2787
10566 2787
10567 2787
10568 2787
10569 2787
10570 2787
10571 2787
10572 2787
10573 2787
10574 2787
10575 2787
10576 2787
10577 2787
10578 2787
10579 2787
10580 2787
10581 2787
10582 2787
10583 2787
10584 2787
10585 2787
10586 2787
10587 2787
10588 2787
10589 2787
10590 2787
10591 2787
10592 2787
10593 2787
10594 2787
10595 2777
10596 2777
10597 2777
10598 2777
10599 2777
10600 2777
10601 2777
10602 2777
10603 2777
10604 2777
10605 2776
10606 2776
10607 2776
10608 2776
10609 2776
10610 2776
10611 2776
10612 2776
10613 2776
10614 2776
10615 2776
10616 2776
10617 2776
10618 2776
10619 2776
10620 2776
10621 2776
10622 2776
10623 2776
10624 2776
10625 2776
10626 2776
10627 2776
10628 2776
10629 2776
10630 2776
10631 2776
10632 2776
10633 2776
10634 2776
10635 2776
10636 2776
10637 2776
10638 2776
10639 2776
10640 2776
10641 2776
10642 2776
10643 2776
10644 2776
10645 2776
10646 2776
10647 2776
10648 2776
10649 2776
10650 2776
10651 2776
10652 2776
10653 2776
10654 2776
10655 2776
10656 2776
10657 2776
10658 2776
10659 2776
10660 2776
10661 2776
10662 2776
10663 2776
10664 2776
10665 2776
10666 2776
10667 2776
10668 2776
10669 2776
10670 2776
10671 2776
10672 2776
10673 2775
10674 2775
10675 2775
10676 2775
10677 2775
10678 2775
10679 2775
10680 2775
10681 2775
10682 2775
10683 2775
10684 2775
10685 2775
10686 2775
10687 2775
10688 2775
10689 2775
10690 2775
10691 2775
10692 2775
10693 2775
10694 2775
10695 2775
10696 2769
10697 2769
10698 2769
10699 2769
10700 2769
10701 2769
10702 2769
10703 2769
10704 2769
10705 2769
10706 2769
10707 2769
10708 2769
10709 2769
10710 2769
10711 2769
10712 2769
10713 2769
10714 2769
10715 2769
10716 2769
10717 2769
10718 2769
10719 2769
10720 2769
10721 2769
10722 2769
10723 2769
10724 2769
10725 2769
10726 2769
10727 2769
10728 2769
10729 2769
10730 2769
10731 2769
10732 2769
10733 2769
10734 2769
10735 2769
10736 2769
10737 2769
10738 2769
10739 2769
10740 2769
10741 2769
10742 2769
10743 2769
10744 2769
10745 2769
10746 2769
10747 2769
10748 2769
10749 2769
10750 2769
10751 2769
10752 2769
10753 2769
10754 2769
10755 2769
10756 2769
10757 2769
10758 2769
10759 2769
10760 2769
10761 2769
10762 2769
10763 2769
10764 2769
10765 2769
10766 2769
10767 2769
10768 2769
10769 2769
10770 2769
10771 2769
10772 2768
10773 2768
10774 2768
10775 2768
10776 2768
10777 2768
10778 2768
10779 2768
10780 2768
10781 2768
10782 2768
10783 2768
10784 2768
10785 2768
10786 2768
10787 2768
10788 2768
10789 2768
10790 2768
10791 2766
10792 2766
10793 2766
10794 2766
10795 2766
10796 2766
10797 2766
10798 2766
10799 2766
10800 2766
10801 2766
10802 2766
10803 2766
10804 2766
10805 2766
10806 2766
10807 2766
10808 2766
10809 2766
10810 2766
10811 2766
10812 2766
10813 2766
10814 2766
10815 2766
10816 2766
10817 2766
10818 2766
10819 2766
10820 2766
10821 2766
10822 2766
10823 2766
10824 2766
10825 2766
10826 2766
10827 2766
10828 2766
10829 2766
10830 2766
10831 2766
10832 2766
10833 2766
10834 2766
10835 2766
10836 2766
10837 2766
10838 2766
10839 2766
10840 2766
10841 2766
10842 2766
10843 2766
10844 2766
10845 2766
10846 2766
10847 2766
10848 2766
10849 2766
10850 2766
10851 2766
10852 2766
10853 2766
10854 2766
10855 2766
10856 2766
10857 2766
10858 2766
10859 2766
10860 2766
10861 2766
10862 2766
10863 2766
10864 2766
10865 2766
10866 2766
10867 2766
10868 2766
10869 2766
10870 2766
10871 2766
10872 2766
10873 2766
10874 2766
10875 2766
10876 2766
10877 2766
10878 2766
10879 2766
10880 2766
10881 2766
10882 2766
10883 2766
10884 2766
10885 2766
10886 2766
10887 2766
10888 2765
10889 2765
10890 2765
10891 2765
10892 2765
10893 2765
10894 2765
10895 2765
10896 2765
10897 2765
10898 2765
10899 2765
10900 2765
10901 2765
10902 2765
10903 2765
10904 2765
10905 2765
10906 2765
10907 2765
10908 2765
10909 2765
10910 2765
10911 2765
10912 2765
10913 2765
10914 2765
10915 2765
10916 2765
10917 2765
10918 2765
10919 2765
10920 2765
10921 2765
10922 2765
10923 2765
10924 2765
10925 2765
10926 2765
10927 2765
10928 2765
10929 2765
10930 2765
10931 2765
10932 2765
10933 2765
10934 2765
10935 2765
10936 2765
10937 2765
10938 2765
10939 2765
10940 2765
10941 2765
10942 2765
10943 2765
10944 2765
10945 2765
10946 2765
10947 2765
10948 2765
10949 2765
10950 2765
10951 2765
10952 2765
10953 2765
10954 2765
10955 2765
10956 2765
10957 2765
10958 2762
10959 2762
10960 2762
10961 2762
10962 2762
10963 2762
10964 2762
10965 2762
10966 2762
10967 2762
10968 2762
10969 2762
10970 2762
10971 2755
10972 2755
10973 2755
10974 2755
10975 2755
10976 2755
10977 2755
10978 2755
10979 2755
10980 2755
10981 2755
10982 2755
10983 2755
10984 2755
10985 2755
10986 2755
10987 2755
10988 2755
10989 2755
10990 2755
10991 2755
10992 2755
10993 2755
10994 2755
10995 2755
10996 2755
10997 2755
10998 2755
10999 2755
11000 2755
11001 2755
11002 2755
11003 2755
11004 2755
11005 2755
11006 2755
11007 2755
11008 2755
11009 2755
11010 2755
11011 2755
11012 2755
11013 2755
11014 2755
11015 2755
11016 2755
11017 2755
11018 2755
11019 2755
11020 2755
11021 2755
11022 2755
11023 2755
11024 2755
11025 2755
11026 2755
11027 2755
11028 2755
11029 2755
11030 2755
11031 2755
11032 2755
11033 2755
11034 2755
11035 2755
11036 2755
11037 2755
11038 2755
11039 2755
11040 2755
11041 2755
11042 2755
11043 2755
11044 2755
11045 2755
11046 2755
11047 2755
11048 2755
11049 2755
11050 2755
11051 2755
11052 2755
11053 2755
11054 2755
11055 2755
11056 2755
11057 2755
11058 2755
11059 2755
11060 2755
11061 2755
11062 2755
11063 2755
11064 2755
11065 2755
11066 2755
11067 2755
11068 2755
11069 2755
11070 2755
11071 2755
11072 2755
11073 2755
11074 2755
11075 2755
11076 2755
11077 2755
11078 2755
11079 2755
11080 2755
11081 2755
11082 2755
11083 2755
11084 2755
11085 2746
11086 2746
11087 2746
11088 2746
11089 2746
11090 2746
11091 2746
11092 2746
11093 2746
11094 2746
11095 2746
11096 2746
11097 2746
11098 2746
11099 2746
11100 2746
11101 2746
11102 2746
11103 2746
11104 2746
11105 2746
11106 2746
11107 2746
11108 2746
11109 2746
11110 2746
11111 2746
11112 2746
11113 2746
11114 2746
11115 2746
11116 2746
11117 2746
11118 2746
11119 2746
11120 2746
11121 2746
11122 2746
11123 2746
11124 2746
11125 2746
11126 2746
11127 2746
11128 2746
11129 2746
11130 2746
11131 2746
11132 2746
11133 2746
11134 2746
11135 2746
11136 2746
11137 2746
11138 2746
11139 2746
11140 2746
11141 2746
11142 2746
11143 2746
11144 2746
11145 2746
11146 2746
11147 2746
11148 2746
11149 2746
11150 2746
11151 2746
11152 2746
11153 2746
11154 2746
11155 2746
11156 2746
11157 2746
11158 2746
11159 2746
11160 2746
11161 2746
11162 2746
11163 2746
11164 2746
11165 2746
11166 2746
11167 2746
11168 2746
11169 2746
11170 2746
11171 2746
11172 2746
11173 2746
11174 2746
11175 2746
11176 2746
11177 2746
11178 2746
11179 2746
11180 2746
11181 2746
11182 2746
11183 2746
11184 2746
11185 2746
11186 2746
11187 2745
11188 2745
11189 2745
11190 2745
11191 2734
11192 2734
11193 2734
11194 2734
11195 2734
11196 2734
11197 2734
11198 2734
11199 2734
11200 2734
11201 2734
11202 2734
11203 2734
11204 2734
11205 2734
11206 2734
11207 2734
11208 2734
11209 2729
11210 2729
11211 2729
11212 2729
11213 2729
11214 2729
11215 2729
11216 2729
11217 2729
11218 2729
11219 2729
11220 2729
11221 2729
11222 2729
11223 2729
11224 2729
11225 2729
11226 2729
11227 2729
11228 2729
11229 2729
11230 2729
11231 2729
11232 2729
11233 2729
11234 2729
11235 2729
11236 2729
11237 2729
11238 2729
11239 2729
11240 2729
11241 2729
11242 2729
11243 2729
11244 2729
11245 2729
11246 2729
11247 2729
11248 2729
11249 2729
11250 2729
11251 2729
11252 2729
11253 2729
11254 2729
11255 2729
11256 2729
11257 2729
11258 2729
11259 2729
11260 2729
11261 2729
11262 2729
11263 2729
11264 2729
11265 2729
11266 2729
11267 2729
11268 2729
11269 2729
11270 2729
11271 2729
11272 2729
11273 2729
11274 2729
11275 2729
11276 2729
11277 2729
11278 2729
11279 2729
11280 2729
11281 2729
11282 2729
11283 2729
11284 2729
11285 2729
11286 2729
11287 2729
11288 2729
11289 2729
11290 2729
11291 2729
11292 2729
11293 2729
11294 2729
11295 2729
11296 2729
11297 2729
11298 2729
11299 2729
11300 2729
11301 2729
11302 2729
11303 2729
11304 2729
11305 2729
11306 2729
11307 2729
11308 2729
11309 2729
11310 2729
11311 2729
11312 2729
11313 2729
11314 2729
11315 2729
11316 2729
11317 2729
11318 2729
11319 2729
11320 2729
11321 2729
11322 2729
11323 2729
11324 2729
11325 2729
11326 2729
11327 2729
11328 2729
11329 2729
11330 2729
11331 2729
11332 2729
11333 2729
11334 2729
11335 2729
11336 2729
11337 2729
11338 2729
11339 2729
11340 2729
11341 2729
11342 2729
11343 2729
11344 2729
11345 2729
11346 2729
11347 2729
11348 2729
11349 2729
11350 2729
11351 2729
11352 2729
11353 2729
11354 2729
11355 2729
11356 2729
11357 2729
11358 2729
11359 2729
11360 2729
11361 2729
11362 2729
11363 2729
11364 2729
11365 2729
11366 2729
11367 2729
11368 2729
11369 2729
11370 2729
11371 2729
11372 2729
11373 2729
11374 2729
11375 2729
11376 2729
11377 2729
11378 2729
11379 2729
11380 2729
11381 2729
11382 2729
11383 2729
11384 2729
11385 2729
11386 2729
11387 2729
11388 2729
11389 2729
11390 2729
11391 2729
11392 2729
11393 2729
11394 2729
11395 2729
11396 2729
11397 2729
11398 2729
11399 2729
11400 2729
11401 2729
11402 2729
11403 2729
11404 2729
11405 2729
11406 2729
11407 2729
11408 2729
11409 2729
11410 2729
11411 2729
11412 2729
11413 2729
11414 2729
11415 2729
11416 2729
11417 2729
11418 2729
11419 2729
11420 2729
11421 2729
11422 2729
11423 2729
11424 2729
11425 2729
11426 2729
11427 2729
11428 2729
11429 2729
11430 2729
11431 2729
11432 2729
11433 2729
11434 2729
11435 2729
11436 2729
11437 2729
11438 2729
11439 2729
11440 2729
11441 2729
11442 2729
11443 2729
11444 2729
11445 2729
11446 2729
11447 2729
11448 2729
11449 2729
11450 2729
11451 2729
11452 2729
11453 2729
11454 2729
11455 2729
11456 2729
11457 2729
11458 2729
11459 2729
11460 2729
11461 2729
11462 2729
11463 2729
11464 2729
11465 2729
11466 2729
11467 2729
11468 2729
11469 2729
11470 2729
11471 2729
11472 2729
11473 2729
11474 2729
11475 2729
11476 2729
11477 2729
11478 2729
11479 2729
11480 2729
11481 2729
11482 2729
11483 2729
11484 2729
11485 2729
11486 2729
11487 2729
11488 2729
11489 2729
11490 2729
11491 2729
11492 2729
11493 2729
11494 2729
11495 2729
11496 2729
11497 2729
11498 2729
11499 2729
11500 2729
11501 2729
11502 2729
11503 2729
11504 2725
11505 2725
11506 2725
11507 2725
11508 2725
11509 2725
11510 2725
11511 2725
11512 2725
11513 2725
11514 2725
11515 2725
11516 2725
11517 2725
11518 2725
11519 2725
11520 2725
11521 2724
11522 2724
11523 2724
11524 2724
11525 2724
11526 2724
11527 2724
11528 2724
11529 2724
11530 2724
11531 2724
11532 2724
11533 2724
11534 2724
11535 2724
11536 2724
11537 2724
11538 2724
11539 2724
11540 2724
11541 2724
11542 2724
11543 2724
11544 2724
11545 2724
11546 2724
11547 2724
11548 2724
11549 2724
11550 2724
11551 2724
11552 2724
11553 2724
11554 2724
11555 2724
11556 2724
11557 2724
11558 2724
11559 2724
11560 2724
11561 2724
11562 2724
11563 2724
11564 2724
11565 2724
11566 2724
11567 2724
11568 2724
11569 2724
11570 2724
11571 2724
11572 2724
11573 2724
11574 2724
11575 2724
11576 2724
11577 2724
11578 2724
11579 2724
11580 2724
11581 2724
11582 2724
11583 2724
11584 2724
11585 2724
11586 2724
11587 2724
11588 2724
11589 2724
11590 2724
11591 2724
11592 2724
11593 2724
11594 2724
11595 2724
11596 2724
11597 2724
11598 2724
11599 2724
11600 2724
11601 2724
11602 2724
11603 2724
11604 2724
11605 2724
11606 2724
11607 2724
11608 2724
11609 2724
11610 2724
11611 2724
11612 2724
11613 2724
11614 2724
11615 2724
11616 2724
11617 2724
11618 2724
11619 2724
11620 2724
11621 2724
11622 2724
11623 2724
11624 2724
11625 2724
11626 2724
11627 2724
11628 2724
11629 2724
11630 2724
11631 2724
11632 2724
11633 2724
11634 2724
11635 2724
11636 2724
11637 2724
11638 2724
11639 2724
11640 2724
11641 2724
11642 2724
11643 2722
11644 2722
11645 2722
11646 2722
11647 2722
11648 2722
11649 2722
11650 2722
11651 2722
11652 2722
11653 2722
11654 2722
11655 2722
11656 2722
11657 2722
11658 2722
11659 2722
11660 2722
11661 2722
11662 2722
11663 2722
11664 2722
11665 2722
11666 2722
11667 2722
11668 2722
11669 2722
11670 2722
11671 2722
11672 2722
11673 2722
11674 2722
11675 2722
11676 2722
11677 2722
11678 2722
11679 2722
11680 2719
11681 2719
11682 2719
11683 2719
11684 2719
11685 2719
11686 2719
11687 2719
11688 2719
11689 2719
11690 2719
11691 2719
11692 2719
11693 2719
11694 2719
11695 2719
11696 2719
11697 2719
11698 2719
11699 2719
11700 2719
11701 2719
11702 2719
11703 2719
11704 2719
11705 2719
11706 2719
11707 2719
11708 2719
11709 2719
11710 2719
11711 2719
11712 2719
11713 2719
11714 2719
11715 2719
11716 2719
11717 2719
11718 2719
11719 2719
11720 2719
11721 2719
11722 2719
11723 2719
11724 2719
11725 2719
11726 2719
11727 2719
11728 2719
11729 2719
11730 2719
11731 2719
11732 2719
11733 2719
11734 2719
11735 2719
11736 2719
11737 2719
11738 2719
11739 2719
11740 2719
11741 2719
11742 2719
11743 2719
11744 2719
11745 2719
11746 2719
11747 2719
11748 2719
11749 2719
11750 2719
11751 2719
11752 2719
11753 2719
11754 2719
11755 2719
11756 2719
11757 2719
11758 2719
11759 2719
11760 2719
11761 2719
11762 2719
11763 2719
11764 2719
11765 2719
11766 2719
11767 2719
11768 2719
11769 2719
11770 2719
11771 2719
11772 2719
11773 2719
11774 2719
11775 2719
11776 2719
11777 2719
11778 2719
11779 2719
11780 2719
11781 2719
11782 2719
11783 2719
11784 2719
11785 2719
11786 2719
11787 2719
11788 2719
11789 2719
11790 2719
11791 2719
11792 2719
11793 2719
11794 2719
11795 2719
11796 2719
11797 2713
11798 2713
11799 2713
11800 2713
11801 2713
11802 2713
11803 2713
11804 2713
11805 2713
11806 2713
11807 2713
11808 2713
11809 2713
11810 2713
11811 2713
11812 2713
11813 2713
11814 2713
11815 2713
11816 2713
11817 2713
11818 2713
11819 2713
11820 2713
11821 2713
11822 2713
11823 2713
11824 2713
11825 2713
11826 2713
11827 2713
11828 2713
11829 2713
11830 2713
11831 2713
11832 2713
11833 2713
11834 2713
11835 2713
11836 2713
11837 2713
11838 2713
11839 2713
11840 2713
11841 2713
11842 2713
11843 2713
11844 2713
11845 2713
11846 2713
11847 2713
11848 2713
11849 2713
11850 2713
11851 2713
11852 2713
11853 2713
11854 2713
11855 2713
11856 2713
11857 2713
11858 2713
11859 2713
11860 2713
11861 2713
11862 2713
11863 2713
11864 2713
11865 2713
11866 2713
11867 2713
11868 2713
11869 2713
11870 2713
11871 2713
11872 2713
11873 2713
11874 2713
11875 2713
11876 2713
11877 2713
11878 2713
11879 2713
11880 2713
11881 2713
11882 2713
11883 2713
11884 2713
11885 2713
11886 2713
11887 2713
11888 2713
11889 2713
11890 2713
11891 2713
11892 2713
11893 2713
11894 2713
11895 2713
11896 2713
11897 2713
11898 2713
11899 2713
11900 2713
11901 2713
11902 2713
11903 2713
11904 2713
11905 2713
11906 2713
11907 2713
11908 2713
11909 2713
11910 2713
11911 2713
11912 2713
11913 2713
11914 2713
11915 2713
11916 2713
11917 2713
11918 2713
11919 2713
11920 2713
11921 2713
11922 2713
11923 2713
11924 2713
11925 2713
11926 2713
11927 2713
11928 2713
11929 2713
11930 2713
11931 2713
11932 2713
11933 2713
11934 2713
11935 2713
11936 2713
11937 2713
11938 2713
11939 2713
11940 2713
11941 2713
11942 2713
11943 2713
11944 2713
11945 2713
11946 2713
11947 2713
11948 2713
11949 2713
11950 2713
11951 2713
11952 2713
11953 2713
11954 2713
11955 2713
11956 2713
11957 2713
11958 2713
11959 2713
11960 2713
11961 2713
11962 2713
11963 2713
11964 2713
11965 2713
11966 2713
11967 2713
11968 2713
11969 2713
11970 2713
11971 2713
11972 2713
11973 2713
11974 2713
11975 2713
11976 2713
11977 2713
11978 2713
11979 2713
11980 2713
11981 2713
11982 2713
11983 2713
11984 2713
11985 2713
11986 2713
11987 2713
11988 2713
11989 2713
11990 2713
11991 2713
11992 2713
11993 2713
11994 2713
11995 2713
11996 2713
11997 2713
11998 2713
11999 2713
12000 2713
12001 2713
12002 2713
12003 2713
12004 2713
12005 2713
12006 2713
12007 2713
12008 2713
12009 2713
12010 2713
12011 2713
12012 2713
12013 2713
12014 2713
12015 2713
12016 2713
12017 2713
12018 2713
12019 2713
12020 2713
12021 2713
12022 2713
12023 2713
12024 2713
12025 2713
12026 2713
12027 2713
12028 2713
12029 2713
12030 2713
12031 2713
12032 2713
12033 2713
12034 2713
12035 2713
12036 2713
12037 2713
12038 2713
12039 2713
12040 2713
12041 2713
12042 2713
12043 2713
12044 2713
12045 2713
12046 2713
12047 2713
12048 2713
12049 2713
12050 2713
12051 2713
12052 2713
12053 2713
12054 2713
12055 2713
12056 2713
12057 2713
12058 2713
12059 2713
12060 2713
12061 2713
12062 2713
12063 2713
12064 2713
12065 2713
12066 2713
12067 2713
12068 2713
12069 2713
12070 2713
12071 2713
12072 2713
12073 2713
12074 2713
12075 2713
12076 2713
12077 2713
12078 2713
12079 2713
12080 2713
12081 2713
12082 2713
12083 2713
12084 2713
12085 2713
12086 2713
12087 2713
12088 2713
12089 2713
12090 2713
12091 2713
12092 2713
12093 2713
12094 2713
12095 2713
12096 2713
12097 2713
12098 2713
12099 2713
12100 2713
12101 2713
12102 2713
12103 2713
12104 2713
12105 2713
12106 2713
12107 2713
12108 2713
12109 2713
12110 2713
12111 2713
12112 2713
12113 2713
12114 2713
12115 2713
12116 2713
12117 2713
12118 2713
12119 2713
12120 2713
12121 2713
12122 2713
12123 2713
12124 2713
12125 2713
12126 2713
12127 2713
12128 2713
12129 2713
12130 2713
12131 2713
12132 2713
12133 2713
12134 2713
12135 2713
12136 2713
12137 2713
12138 2713
12139 2713
12140 2713
12141 2713
12142 2713
12143 2713
12144 2713
12145 2713
12146 2713
12147 2713
12148 2713
12149 2713
12150 2713
12151 2713
12152 2713
12153 2713
12154 2713
12155 2713
12156 2713
12157 2713
12158 2713
12159 2713
12160 2713
12161 2713
12162 2713
12163 2713
12164 2713
12165 2713
12166 2713
12167 2713
12168 2713
12169 2713
12170 2712
12171 2712
12172 2712
12173 2712
12174 2712
12175 2712
12176 2712
12177 2712
12178 2712
12179 2712
12180 2712
12181 2712
12182 2712
12183 2712
12184 2712
12185 2712
12186 2712
12187 2712
12188 2712
12189 2712
12190 2712
12191 2712
12192 2712
12193 2704
12194 2704
12195 2704
12196 2704
12197 2704
12198 2704
12199 2704
12200 2704
12201 2704
12202 2704
12203 2704
12204 2704
12205 2704
12206 2704
12207 2704
12208 2704
12209 2704
12210 2704
12211 2704
12212 2704
12213 2704
12214 2704
12215 2704
12216 2704
12217 2704
12218 2704
12219 2704
12220 2704
12221 2704
12222 2704
12223 2704
12224 2704
12225 2704
12226 2704
12227 2704
12228 2704
12229 2704
12230 2704
12231 2704
12232 2704
12233 2704
12234 2704
12235 2704
12236 2704
12237 2704
12238 2704
12239 2704
12240 2704
12241 2704
12242 2704
12243 2704
12244 2704
12245 2704
12246 2704
12247 2704
12248 2704
12249 2704
12250 2704
12251 2704
12252 2704
12253 2704
12254 2704
12255 2704
12256 2704
12257 2704
12258 2704
12259 2704
12260 2704
12261 2704
12262 2704
12263 2704
12264 2704
12265 2704
12266 2704
12267 2704
12268 2704
12269 2704
12270 2704
12271 2704
12272 2704
12273 2704
12274 2704
12275 2704
12276 2704
12277 2704
12278 2704
12279 2704
12280 2704
12281 2704
12282 2704
12283 2704
12284 2704
12285 2704
12286 2704
12287 2704
12288 2704
12289 2704
12290 2704
12291 2704
12292 2704
12293 2704
12294 2704
12295 2704
12296 2704
12297 2704
12298 2704
12299 2704
12300 2704
12301 2704
12302 2704
12303 2704
12304 2704
12305 2704
12306 2704
12307 2704
12308 2704
12309 2699
12310 2699
12311 2699
12312 2699
12313 2699
12314 2699
12315 2699
12316 2699
12317 2699
12318 2699
12319 2699
12320 2699
12321 2699
12322 2699
12323 2699
12324 2699
12325 2699
12326 2699
12327 2699
12328 2699
12329 2699
12330 2699
12331 2699
12332 2699
12333 2699
12334 2699
12335 2699
12336 2699
12337 2699
12338 2699
12339 2699
12340 2699
12341 2699
12342 2699
12343 2699
12344 2699
12345 2699
12346 2699
12347 2699
12348 2699
12349 2699
12350 2699
12351 2699
12352 2699
12353 2699
12354 2699
12355 2699
12356 2699
12357 2699
12358 2699
12359 2699
12360 2699
12361 2699
12362 2699
12363 2699
12364 2699
12365 2699
12366 2699
12367 2699
12368 2699
12369 2699
12370 2699
12371 2699
12372 2699
12373 2699
12374 2699
12375 2699
12376 2699
12377 2699
12378 2699
12379 2690
12380 2690
12381 2690
12382 2690
12383 2690
12384 2690
12385 2690
12386 2690
12387 2690
12388 2690
12389 2690
12390 2690
12391 2690
12392 2690
12393 2690
12394 2690
12395 2690
12396 2690
12397 2690
12398 2690
12399 2690
12400 2690
12401 2690
12402 2690
12403 2690
12404 2690
12405 2690
12406 2690
12407 2689
12408 2689
12409 2689
12410 2689
12411 2689
12412 2689
12413 2686
12414 2686
12415 2686
12416 2686
12417 2686
12418 2686
12419 2686
12420 2686
12421 2686
12422 2686
12423 2686
12424 2686
12425 2686
12426 2686
12427 2686
12428 2686
12429 2686
12430 2686
12431 2686
12432 2686
12433 2686
12434 2686
12435 2686
12436 2686
12437 2686
12438 2686
12439 2686
12440 2686
12441 2686
12442 2686
12443 2686
12444 2686
12445 2686
12446 2686
12447 2686
12448 2686
12449 2686
12450 2686
12451 2686
12452 2686
12453 2686
12454 2686
12455 2686
12456 2686
12457 2686
12458 2686
12459 2686
12460 2686
12461 2686
12462 2686
12463 2686
12464 2686
12465 2686
12466 2686
12467 2686
12468 2686
12469 2686
12470 2686
12471 2684
12472 2684
12473 2684
12474 2684
12475 2684
12476 2684
12477 2684
12478 2684
12479 2684
12480 2684
12481 2684
12482 2684
12483 2684
12484 2684
12485 2684
12486 2684
12487 2684
12488 2684
12489 2684
12490 2684
12491 2684
12492 2684
12493 2684
12494 2684
12495 2684
12496 2684
12497 2684
12498 2684
12499 2684
12500 2684
12501 2684
12502 2684
12503 2684
12504 2684
12505 2684
12506 2684
12507 2684
12508 2684
12509 2684
12510 2684
12511 2684
12512 2684
12513 2684
12514 2684
12515 2684
12516 2684
12517 2677
12518 2677
12519 2677
12520 2677
12521 2677
12522 2677
12523 2677
12524 2677
12525 2677
12526 2677
12527 2677
12528 2677
12529 2677
12530 2677
12531 2677
12532 2677
12533 2677
12534 2677
12535 2677
12536 2677
12537 2677
12538 2677
12539 2677
12540 2677
12541 2677
12542 2677
12543 2677
12544 2677
12545 2677
12546 2677
12547 2677
12548 2677
12549 2677
12550 2677
12551 2677
12552 2677
12553 2677
12554 2677
12555 2677
12556 2677
12557 2677
12558 2677
12559 2677
12560 2677
12561 2677
12562 2677
12563 2677
12564 2677
12565 2677
12566 2677
12567 2677
12568 2677
12569 2675
12570 2675
12571 2675
12572 2675
12573 2675
12574 2675
12575 2675
12576 2675
12577 2675
12578 2675
12579 2675
12580 2675
12581 2675
12582 2675
12583 2675
12584 2675
12585 2675
12586 2675
12587 2675
12588 2675
12589 2675
12590 2675
12591 2675
12592 2675
12593 2675
12594 2675
12595 2675
12596 2675
12597 2675
12598 2675
12599 2675
12600 2675
12601 2675
12602 2675
12603 2675
12604 2675
12605 2675
12606 2675
12607 2675
12608 2675
12609 2675
12610 2675
12611 2675
12612 2675
12613 2675
12614 2675
12615 2675
12616 2675
12617 2675
12618 2675
12619 2675
12620 2675
12621 2675
12622 2675
12623 2675
12624 2675
12625 2675
12626 2675
12627 2675
12628 2675
12629 2675
12630 2675
12631 2675
12632 2675
12633 2675
12634 2675
12635 2675
12636 2675
12637 2675
12638 2675
12639 2675
12640 2675
12641 2675
12642 2675
12643 2675
12644 2675
12645 2675
12646 2675
12647 2675
12648 2675
12649 2675
12650 2675
12651 2675
12652 2675
12653 2675
12654 2675
12655 2675
12656 2675
12657 2675
12658 2675
12659 2675
12660 2675
12661 2675
12662 2675
12663 2675
12664 2675
12665 2675
12666 2675
12667 2675
12668 2675
12669 2675
12670 2675
12671 2675
12672 2675
12673 2675
12674 2675
12675 2675
12676 2675
12677 2675
12678 2675
12679 2675
12680 2675
12681 2675
12682 2675
12683 2675
12684 2675
12685 2675
12686 2675
12687 2673
12688 2673
12689 2673
12690 2673
12691 2673
12692 2673
12693 2673
12694 2673
12695 2673
12696 2673
12697 2673
12698 2673
12699 2673
12700 2673
12701 2673
12702 2673
12703 2673
12704 2673
12705 2673
12706 2673
12707 2673
12708 2673
12709 2673
12710 2673
12711 2673
12712 2673
12713 2673
12714 2673
12715 2673
12716 2673
12717 2673
12718 2673
12719 2673
12720 2673
12721 2673
12722 2673
12723 2673
12724 2673
12725 2673
12726 2673
12727 2673
12728 2673
12729 2673
12730 2673
12731 2673
12732 2673
12733 2673
12734 2673
12735 2673
12736 2673
12737 2673
12738 2673
12739 2673
12740 2673
12741 2673
12742 2673
12743 2673
12744 2673
12745 2673
12746 2673
12747 2673
12748 2673
12749 2673
12750 2673
12751 2673
12752 2673
12753 2673
12754 2673
12755 2673
12756 2673
12757 2673
12758 2673
12759 2673
12760 2673
12761 2673
12762 2673
12763 2673
12764 2673
12765 2673
12766 2673
12767 2673
12768 2673
12769 2673
12770 2673
12771 2673
12772 2673
12773 2673
12774 2673
12775 2673
12776 2673
12777 2673
12778 2673
12779 2673
12780 2673
12781 2673
12782 2673
12783 2673
12784 2673
12785 2673
12786 2673
12787 2673
12788 2673
12789 2673
12790 2673
12791 2673
12792 2673
12793 2673
12794 2673
12795 2673
12796 2673
12797 2673
12798 2673
12799 2673
12800 2673
12801 2673
12802 2673
12803 2673
12804 2673
12805 2673
12806 2673
12807 2673
12808 2673
12809 2673
12810 2673
12811 2673
12812 2673
12813 2673
12814 2673
12815 2673
12816 2673
12817 2673
12818 2673
12819 2673
12820 2673
12821 2673
12822 2673
12823 2673
12824 2673
12825 2673
12826 2673
12827 2673
12828 2673
12829 2673
12830 2673
12831 2673
12832 2673
12833 2673
12834 2673
12835 2673
12836 2673
12837 2673
12838 2673
12839 2673
12840 2673
12841 2673
12842 2673
12843 2673
12844 2673
12845 2673
12846 2673
12847 2673
12848 2673
12849 2673
12850 2673
12851 2673
12852 2673
12853 2673
12854 2673
12855 2673
12856 2673
12857 2673
12858 2673
12859 2673
12860 2673
12861 2673
12862 2673
12863 2673
12864 2673
12865 2673
12866 2673
12867 2673
12868 2673
12869 2673
12870 2673
12871 2673
12872 2673
12873 2673
12874 2673
12875 2673
12876 2673
12877 2673
12878 2673
12879 2673
12880 2673
12881 2673
12882 2673
12883 2673
12884 2673
12885 2673
12886 2673
12887 2673
12888 2673
12889 2673
12890 2673
12891 2673
12892 2673
12893 2673
12894 2673
12895 2673
12896 2673
12897 2673
12898 2673
12899 2673
12900 2673
12901 2673
12902 2673
12903 2673
12904 2673
12905 2673
12906 2673
12907 2673
12908 2673
12909 2673
12910 2673
12911 2673
12912 2673
12913 2673
12914 2673
12915 2673
12916 2673
12917 2673
12918 2673
12919 2673
12920 2673
12921 2673
12922 2673
12923 2673
12924 2673
12925 2673
12926 2673
12927 2673
12928 2673
12929 2673
12930 2673
12931 2673
12932 2673
12933 2673
12934 2673
12935 2673
12936 2673
12937 2673
12938 2673
12939 2673
12940 2673
12941 2673
12942 2673
12943 2673
12944 2673
12945 2673
12946 2673
12947 2673
12948 2673
12949 2673
12950 2673
12951 2673
12952 2673
12953 2673
12954 2673
12955 2673
12956 2673
12957 2673
12958 2673
12959 2673
12960 2673
12961 2673
12962 2673
12963 2673
12964 2673
12965 2673
12966 2673
12967 2673
12968 2673
12969 2673
12970 2673
12971 2673
12972 2673
12973 2673
12974 2673
12975 2673
12976 2673
12977 2673
12978 2673
12979 2673
12980 2673
12981 2673
12982 2673
12983 2673
12984 2673
12985 2673
12986 2673
12987 2673
12988 2673
12989 2673
12990 2673
12991 2673
12992 2673
12993 2673
12994 2673
12995 2673
12996 2673
12997 2673
12998 2673
12999 2673
13000 2673
13001 2673
13002 2673
13003 2673
13004 2673
13005 2673
13006 2673
13007 2673
13008 2673
13009 2673
13010 2673
13011 2673
13012 2673
13013 2673
13014 2673
13015 2673
13016 2673
13017 2673
13018 2673
13019 2673
13020 2673
13021 2673
13022 2673
13023 2673
13024 2673
13025 2673
13026 2673
13027 2673
13028 2673
13029 2673
13030 2673
13031 2673
13032 2673
13033 2673
13034 2673
13035 2673
13036 2673
13037 2673
13038 2673
13039 2673
13040 2673
13041 2673
13042 2673
13043 2673
13044 2673
13045 2673
13046 2673
13047 2673
13048 2673
13049 2673
13050 2673
13051 2673
13052 2673
13053 2673
13054 2673
13055 2673
13056 2673
13057 2673
13058 2673
13059 2673
13060 2673
13061 2673
13062 2673
13063 2673
13064 2673
13065 2673
13066 2673
13067 2673
13068 2673
13069 2673
13070 2673
13071 2673
13072 2673
13073 2673
13074 2673
13075 2673
13076 2673
13077 2673
13078 2673
13079 2673
13080 2673
13081 2673
13082 2673
13083 2673
13084 2673
13085 2673
13086 2673
13087 2673
13088 2673
13089 2673
13090 2673
13091 2673
13092 2673
13093 2673
13094 2673
13095 2673
13096 2673
13097 2673
13098 2673
13099 2673
13100 2673
13101 2673
13102 2673
13103 2673
13104 2673
13105 2673
13106 2667
13107 2667
13108 2667
13109 2667
13110 2667
13111 2667
13112 2667
13113 2667
13114 2667
13115 2667
13116 2667
13117 2667
13118 2667
13119 2667
13120 2667
13121 2667
13122 2667
13123 2667
13124 2667
13125 2667
13126 2667
13127 2667
13128 2667
13129 2667
13130 2667
13131 2667
13132 2667
13133 2667
13134 2667
13135 2667
13136 2667
13137 2667
13138 2667
13139 2667
13140 2667
13141 2667
13142 2667
13143 2667
13144 2667
13145 2667
13146 2667
13147 2660
13148 2660
13149 2660
13150 2660
13151 2660
13152 2660
13153 2660
13154 2660
13155 2660
13156 2660
13157 2660
13158 2660
13159 2660
13160 2660
13161 2660
13162 2660
13163 2660
13164 2660
13165 2660
13166 2660
13167 2660
13168 2660
13169 2660
13170 2660
13171 2660
13172 2660
13173 2660
13174 2660
13175 2660
13176 2660
13177 2660
13178 2660
13179 2660
13180 2660
13181 2660
13182 2660
13183 2660
13184 2660
13185 2660
13186 2660
13187 2660
13188 2660
13189 2660
13190 2660
13191 2660
13192 2660
13193 2660
13194 2660
13195 2660
13196 2660
13197 2660
13198 2660
13199 2660
13200 2660
13201 2660
13202 2660
13203 2660
13204 2660
13205 2660
13206 2660
13207 2660
13208 2660
13209 2660
13210 2660
13211 2660
13212 2660
13213 2660
13214 2660
13215 2660
13216 2660
13217 2660
13218 2660
13219 2660
13220 2660
13221 2658
13222 2658
13223 2658
13224 2658
13225 2658
13226 2658
13227 2658
13228 2658
13229 2658
13230 2658
13231 2658
13232 2658
13233 2658
13234 2658
13235 2658
13236 2658
13237 2658
13238 2658
13239 2658
13240 2658
13241 2658
13242 2658
13243 2658
13244 2657
13245 2657
13246 2657
13247 2657
13248 2657
13249 2657
13250 2657
13251 2657
13252 2657
13253 2657
13254 2657
13255 2657
13256 2657
13257 2657
13258 2657
13259 2657
13260 2657
13261 2657
13262 2657
13263 2657
13264 2657
13265 2657
13266 2657
13267 2657
13268 2657
13269 2657
13270 2657
13271 2657
13272 2657
13273 2657
13274 2657
13275 2657
13276 2657
13277 2657
13278 2657
13279 2657
13280 2657
13281 2657
13282 2657
13283 2657
13284 2657
13285 2657
13286 2657
13287 2657
13288 2657
13289 2657
13290 2657
13291 2657
13292 2657
13293 2657
13294 2657
13295 2657
13296 2657
13297 2657
13298 2657
13299 2657
13300 2657
13301 2657
13302 2657
13303 2657
13304 2657
13305 2657
13306 2657
13307 2657
13308 2657
13309 2657
13310 2657
13311 2657
13312 2657
13313 2657
13314 2657
13315 2657
13316 2657
13317 2657
13318 2657
13319 2657
13320 2657
13321 2657
13322 2657
13323 2657
13324 2657
13325 2657
13326 2657
13327 2657
13328 2657
13329 2657
13330 2657
13331 2657
13332 2657
13333 2657
13334 2657
13335 2657
13336 2657
13337 2657
13338 2657
13339 2657
13340 2657
13341 2656
13342 2656
13343 2656
13344 2656
13345 2656
13346 2656
13347 2656
13348 2656
13349 2656
13350 2656
13351 2656
13352 2656
13353 2656
13354 2656
13355 2656
13356 2656
13357 2656
13358 2656
13359 2656
13360 2656
13361 2656
13362 2656
13363 2656
13364 2656
13365 2656
13366 2651
13367 2651
13368 2651
13369 2651
13370 2651
13371 2651
13372 2651
13373 2651
13374 2651
13375 2651
13376 2651
13377 2651
13378 2651
13379 2651
13380 2651
13381 2651
13382 2651
13383 2651
13384 2651
13385 2651
13386 2651
13387 2651
13388 2651
13389 2651
13390 2651
13391 2651
13392 2651
13393 2651
13394 2651
13395 2651
13396 2651
13397 2651
13398 2651
13399 2651
13400 2651
13401 2651
13402 2651
13403 2651
13404 2651
13405 2651
13406 2651
13407 2651
13408 2651
13409 2651
13410 2651
13411 2651
13412 2651
13413 2651
13414 2651
13415 2651
13416 2651
13417 2651
13418 2651
13419 2651
13420 2651
13421 2651
13422 2651
13423 2651
13424 2651
13425 2651
13426 2651
13427 2651
13428 2651
13429 2651
13430 2651
13431 2651
13432 2651
13433 2651
13434 2651
13435 2651
13436 2651
13437 2651
13438 2651
13439 2651
13440 2651
13441 2651
13442 2651
13443 2651
13444 2651
13445 2651
13446 2651
13447 2651
13448 2651
13449 2651
13450 2651
13451 2651
13452 2651
13453 2651
13454 2651
13455 2651
13456 2651
13457 2651
13458 2651
13459 2651
13460 2651
13461 2651
13462 2651
13463 2651
13464 2651
13465 2651
13466 2651
13467 2651
13468 2651
13469 2651
13470 2651
13471 2651
13472 2651
13473 2651
13474 2651
13475 2651
13476 2651
13477 2651
13478 2651
13479 2651
13480 2651
13481 2651
13482 2651
13483 2650
13484 2650
13485 2650
13486 2650
13487 2650
13488 2650
13489 2650
13490 2650
13491 2650
13492 2650
13493 2650
13494 2650
13495 2650
13496 2650
13497 2650
13498 2650
13499 2650
13500 2650
13501 2650
13502 2650
13503 2650
13504 2650
13505 2650
13506 2650
13507 2650
13508 2650
13509 2650
13510 2641
13511 2641
13512 2641
13513 2641
13514 2641
13515 2641
13516 2641
13517 2641
13518 2635
13519 2635
13520 2635
13521 2635
13522 2635
13523 2635
13524 2635
13525 2635
13526 2635
13527 2635
13528 2635
13529 2635
13530 2635
13531 2635
13532 2635
13533 2635
13534 2635
13535 2635
13536 2635
13537 2635
13538 2635
13539 2635
13540 2635
13541 2635
13542 2635
13543 2635
13544 2635
13545 2635
13546 2635
13547 2635
13548 2635
13549 2635
13550 2635
13551 2635
13552 2635
13553 2635
13554 2635
13555 2635
13556 2635
13557 2635
13558 2635
13559 2635
13560 2635
13561 2635
13562 2635
13563 2635
13564 2635
13565 2635
13566 2635
13567 2635
13568 2635
13569 2635
13570 2635
13571 2635
13572 2635
13573 2635
13574 2635
13575 2635
13576 2635
13577 2635
13578 2635
13579 2635
13580 2635
13581 2635
13582 2635
13583 2635
13584 2635
13585 2635
13586 2635
13587 2635
13588 2635
13589 2635
13590 2635
13591 2635
13592 2635
13593 2635
13594 2635
13595 2635
13596 2635
13597 2635
13598 2635
13599 2635
13600 2635
13601 2635
13602 2635
13603 2635
13604 2635
13605 2635
13606 2635
13607 2635
13608 2635
13609 2635
13610 2635
13611 2635
13612 2635
13613 2635
13614 2635
13615 2635
13616 2635
13617 2635
13618 2635
13619 2635
13620 2635
13621 2635
13622 2635
13623 2635
13624 2635
13625 2635
13626 2635
13627 2635
13628 2635
13629 2635
13630 2635
13631 2635
13632 2635
13633 2635
13634 2635
13635 2635
13636 2635
13637 2635
13638 2635
13639 2635
13640 2635
13641 2635
13642 2635
13643 2635
13644 2635
13645 2631
13646 2631
13647 2631
13648 2631
13649 2631
13650 2631
13651 2631
13652 2631
13653 2631
13654 2631
13655 2631
13656 2631
13657 2631
13658 2631
13659 2631
13660 2631
13661 2631
13662 2631
13663 2631
13664 2631
13665 2631
13666 2631
13667 2631
13668 2631
13669 2631
13670 2631
13671 2631
13672 2631
13673 2631
13674 2631
13675 2631
13676 2631
13677 2631
13678 2631
13679 2631
13680 2631
13681 2631
13682 2631
13683 2631
13684 2631
13685 2631
13686 2631
13687 2631
13688 2631
13689 2631
13690 2631
13691 2631
13692 2631
13693 2631
13694 2631
13695 2631
13696 2631
13697 2631
13698 2631
13699 2631
13700 2631
13701 2631
13702 2631
13703 2631
13704 2631
13705 2631
13706 2631
13707 2631
13708 2631
13709 2631
13710 2631
13711 2631
13712 2631
13713 2631
13714 2631
13715 2631
13716 2631
13717 2631
13718 2631
13719 2631
13720 2631
13721 2631
13722 2631
13723 2631
13724 2631
13725 2631
13726 2631
13727 2631
13728 2631
13729 2631
13730 2631
13731 2631
13732 2631
13733 2631
13734 2631
13735 2631
13736 2631
13737 2631
13738 2631
13739 2631
13740 2631
13741 2631
13742 2631
13743 2631
13744 2631
13745 2631
13746 2631
13747 2625
13748 2625
13749 2625
13750 2625
13751 2625
13752 2625
13753 2625
13754 2625
13755 2625
13756 2625
13757 2625
13758 2625
13759 2625
13760 2625
13761 2625
13762 2625
13763 2625
13764 2625
13765 2625
13766 2625
13767 2625
13768 2625
13769 2625
13770 2625
13771 2625
13772 2625
13773 2625
13774 2625
13775 2625
13776 2625
13777 2625
13778 2625
13779 2625
13780 2625
13781 2625
13782 2625
13783 2625
13784 2625
13785 2625
13786 2625
13787 2625
13788 2625
13789 2625
13790 2625
13791 2625
13792 2625
13793 2625
13794 2625
13795 2625
13796 2625
13797 2625
13798 2625
13799 2625
13800 2625
13801 2625
13802 2625
13803 2625
13804 2625
13805 2625
13806 2625
13807 2625
13808 2625
13809 2625
13810 2625
13811 2625
13812 2625
13813 2625
13814 2625
13815 2625
13816 2625
13817 2625
13818 2625
13819 2625
13820 2625
13821 2625
13822 2625
13823 2625
13824 2625
13825 2625
13826 2625
13827 2625
13828 2625
13829 2625
13830 2625
13831 2625
13832 2625
13833 2625
13834 2625
13835 2625
13836 2625
13837 2625
13838 2625
13839 2625
13840 2625
13841 2625
13842 2625
13843 2625
13844 2625
13845 2625
13846 2625
13847 2625
13848 2625
13849 2625
13850 2625
13851 2625
13852 2625
13853 2625
13854 2625
13855 2625
13856 2625
13857 2625
13858 2625
13859 2625
13860 2625
13861 2625
13862 2625
13863 2625
13864 2625
13865 2625
13866 2625
13867 2625
13868 2625
13869 2625
13870 2625
13871 2625
13872 2625
13873 2625
13874 2625
13875 2625
13876 2625
13877 2625
13878 2625
13879 2625
13880 2625
13881 2625
13882 2625
13883 2625
13884 2625
13885 2625
13886 2625
13887 2625
13888 2625
13889 2625
13890 2625
13891 2625
13892 2625
13893 2625
13894 2625
13895 2625
13896 2625
13897 2625
13898 2625
13899 2625
13900 2625
13901 2625
13902 2625
13903 2625
13904 2625
13905 2625
13906 2625
13907 2625
13908 2625
13909 2625
13910 2625
13911 2625
13912 2625
13913 2625
13914 2625
13915 2625
13916 2625
13917 2625
13918 2625
13919 2625
13920 2625
13921 2625
13922 2625
13923 2625
13924 2625
13925 2625
13926 2625
13927 2625
13928 2625
13929 2625
13930 2625
13931 2625
13932 2625
13933 2625
13934 2625
13935 2625
13936 2625
13937 2625
13938 2625
13939 2625
13940 2625
13941 2625
13942 2625
13943 2625
13944 2625
13945 2625
13946 2625
13947 2625
13948 2625
13949 2625
13950 2625
13951 2625
13952 2625
13953 2625
13954 2625
13955 2625
13956 2625
13957 2625
13958 2625
13959 2625
13960 2625
13961 2625
13962 2625
13963 2625
13964 2625
13965 2625
13966 2625
13967 2625
13968 2625
13969 2625
13970 2625
13971 2625
13972 2625
13973 2625
13974 2625
13975 2625
13976 2625
13977 2625
13978 2625
13979 2625
13980 2625
13981 2625
13982 2625
13983 2625
13984 2625
13985 2625
13986 2625
13987 2625
13988 2625
13989 2625
13990 2625
13991 2625
13992 2625
13993 2625
13994 2625
13995 2625
13996 2625
13997 2625
13998 2625
13999 2625
14000 2625
14001 2625
14002 2625
14003 2625
14004 2625
14005 2625
14006 2625
14007 2625
14008 2625
14009 2625
14010 2625
14011 2625
14012 2625
14013 2625
14014 2625
14015 2625
14016 2625
14017 2625
14018 2625
14019 2625
14020 2625
14021 2625
14022 2625
14023 2625
14024 2625
14025 2625
14026 2625
14027 2625
14028 2625
14029 2625
14030 2625
14031 2625
14032 2625
14033 2625
14034 2625
14035 2625
14036 2625
14037 2625
14038 2625
14039 2625
14040 2625
14041 2625
14042 2625
14043 2625
14044 2625
14045 2625
14046 2625
14047 2625
14048 2625
14049 2625
14050 2625
14051 2625
14052 2625
14053 2625
14054 2625
14055 2625
14056 2625
14057 2625
14058 2625
14059 2625
14060 2625
14061 2625
14062 2625
14063 2625
14064 2625
14065 2625
14066 2625
14067 2625
14068 2625
14069 2625
14070 2625
14071 2625
14072 2625
14073 2625
14074 2625
14075 2625
14076 2625
14077 2625
14078 2625
14079 2625
14080 2625
14081 2625
14082 2625
14083 2625
14084 2625
14085 2625
14086 2625
14087 2625
14088 2625
14089 2625
14090 2625
14091 2625
14092 2625
14093 2625
14094 2625
14095 2625
14096 2625
14097 2625
14098 2625
14099 2625
14100 2625
14101 2625
14102 2625
14103 2625
14104 2625
14105 2625
14106 2625
14107 2625
14108 2625
14109 2625
14110 2625
14111 2623
14112 2623
14113 2623
14114 2623
14115 2623
14116 2623
14117 2623
14118 2623
14119 2623
14120 2623
14121 2623
14122 2623
14123 2623
14124 2623
14125 2623
14126 2623
14127 2623
14128 2623
14129 2623
14130 2623
14131 2623
14132 2623
14133 2623
14134 2623
14135 2623
14136 2623
14137 2623
14138 2623
14139 2623
14140 2623
14141 2623
14142 2623
14143 2623
14144 2623
14145 2623
14146 2623
14147 2623
14148 2623
14149 2623
14150 2623
14151 2623
14152 2623
14153 2623
14154 2623
14155 2623
14156 2623
14157 2623
14158 2623
14159 2623
14160 2623
14161 2623
14162 2623
14163 2623
14164 2623
14165 2623
14166 2623
14167 2623
14168 2623
14169 2623
14170 2623
14171 2623
14172 2623
14173 2623
14174 2623
14175 2623
14176 2623
14177 2623
14178 2623
14179 2623
14180 2623
14181 2623
14182 2623
14183 2623
14184 2623
14185 2623
14186 2623
14187 2623
14188 2623
14189 2623
14190 2623
14191 2623
14192 2623
14193 2623
14194 2623
14195 2623
14196 2623
14197 2623
14198 2623
14199 2623
14200 2623
14201 2623
14202 2623
14203 2623
14204 2623
14205 2623
14206 2623
14207 2623
14208 2623
14209 2623
14210 2623
14211 2623
14212 2623
14213 2623
14214 2623
14215 2623
14216 2623
14217 2623
14218 2623
14219 2623
14220 2623
14221 2623
14222 2623
14223 2623
14224 2623
14225 2623
14226 2623
14227 2623
14228 2623
14229 2623
14230 2623
14231 2623
14232 2623
14233 2623
14234 2623
14235 2623
14236 2623
14237 2623
14238 2623
14239 2623
14240 2623
14241 2623
14242 2623
14243 2623
14244 2623
14245 2623
14246 2623
14247 2623
14248 2623
14249 2623
14250 2623
14251 2623
14252 2623
14253 2623
14254 2623
14255 2623
14256 2623
14257 2623
14258 2623
14259 2623
14260 2623
14261 2623
14262 2623
14263 2623
14264 2623
14265 2623
14266 2623
14267 2623
14268 2623
14269 2623
14270 2623
14271 2623
14272 2623
14273 2623
14274 2623
14275 2623
14276 2623
14277 2623
14278 2623
14279 2623
14280 2623
14281 2623
14282 2623
14283 2623
14284 2623
14285 2623
14286 2623
14287 2623
14288 2623
14289 2623
14290 2623
14291 2623
14292 2623
14293 2623
14294 2623
14295 2623
14296 2623
14297 2623
14298 2623
14299 2623
14300 2623
14301 2623
14302 2623
14303 2623
14304 2623
14305 2623
14306 2623
14307 2623
14308 2623
14309 2623
14310 2623
14311 2623
14312 2623
14313 2623
14314 2623
14315 2623
14316 2623
14317 2623
14318 2623
14319 2623
14320 2623
14321 2623
14322 2623
14323 2623
14324 2623
14325 2623
14326 2623
14327 2623
14328 2623
14329 2623
14330 2623
14331 2623
14332 2623
14333 2623
14334 2623
14335 2623
14336 2623
14337 2623
14338 2623
14339 2623
14340 2623
14341 2623
14342 2623
14343 2623
14344 2623
14345 2623
14346 2623
14347 2623
14348 2623
14349 2623
14350 2623
14351 2623
14352 2623
14353 2623
14354 2623
14355 2623
14356 2623
14357 2623
14358 2623
14359 2623
14360 2623
14361 2623
14362 2623
14363 2623
14364 2623
14365 2612
14366 2612
14367 2612
14368 2612
14369 2612
14370 2612
14371 2612
14372 2612
14373 2612
14374 2612
14375 2612
14376 2612
14377 2612
14378 2612
14379 2612
14380 2612
14381 2612
14382 2612
14383 2612
14384 2612
14385 2612
14386 2612
14387 2612
14388 2612
14389 2612
14390 2612
14391 2612
14392 2612
14393 2612
14394 2612
14395 2612
14396 2612
14397 2612
14398 2612
14399 2612
14400 2612
14401 2612
14402 2612
14403 2612
14404 2612
14405 2612
14406 2612
14407 2612
14408 2612
14409 2612
14410 2612
14411 2612
14412 2612
14413 2612
14414 2612
14415 2612
14416 2612
14417 2612
14418 2612
14419 2612
14420 2612
14421 2612
14422 2612
14423 2612
14424 2612
14425 2612
14426 2612
14427 2612
14428 2612
14429 2612
14430 2612
14431 2612
14432 2612
14433 2612
14434 2612
14435 2612
14436 2612
14437 2612
14438 2612
14439 2612
14440 2612
14441 2612
14442 2612
14443 2612
14444 2612
14445 2612
14446 2612
14447 2612
14448 2612
14449 2612
14450 2612
14451 2612
14452 2612
14453 2612
14454 2612
14455 2612
14456 2612
14457 2612
14458 2612
14459 2612
14460 2612
14461 2612
14462 2612
14463 2612
14464 2612
14465 2612
14466 2612
14467 2612
14468 2612
14469 2612
14470 2612
14471 2612
14472 2612
14473 2612
14474 2612
14475 2612
14476 2612
14477 2612
14478 2612
14479 2612
14480 2612
14481 2612
14482 2612
14483 2612
14484 2612
14485 2612
14486 2612
14487 2612
14488 2612
14489 2612
14490 2612
14491 2612
14492 2612
14493 2612
14494 2612
14495 2612
14496 2612
14497 2612
14498 2612
14499 2612
14500 2612
14501 2612
14502 2612
14503 2612
14504 2612
14505 2612
14506 2612
14507 2612
14508 2612
14509 2612
14510 2612
14511 2612
14512 2612
14513 2612
14514 2612
14515 2612
14516 2612
14517 2612
14518 2612
14519 2612
14520 2612
14521 2612
14522 2612
14523 2612
14524 2612
14525 2612
14526 2612
14527 2612
14528 2612
14529 2612
14530 2612
14531 2612
14532 2612
14533 2612
14534 2612
14535 2612
14536 2612
14537 2611
14538 2611
14539 2611
14540 2611
14541 2611
14542 2611
14543 2611
14544 2611
14545 2611
14546 2611
14547 2608
14548 2608
14549 2608
14550 2608
14551 2608
14552 2608
14553 2607
14554 2607
14555 2607
14556 2607
14557 2607
14558 2607
14559 2607
14560 2607
14561 2607
14562 2607
14563 2607
14564 2607
14565 2607
14566 2607
14567 2607
14568 2607
14569 2607
14570 2607
14571 2607
14572 2607
14573 2607
14574 2607
14575 2607
14576 2607
14577 2607
14578 2603
14579 2603
14580 2603
14581 2603
14582 2603
14583 2603
14584 2603
14585 2603
14586 2603
14587 2603
14588 2603
14589 2603
14590 2603
14591 2603
14592 2603
14593 2603
14594 2603
14595 2603
14596 2603
14597 2603
14598 2603
14599 2603
14600 2603
14601 2603
14602 2603
14603 2603
14604 2603
14605 2603
14606 2603
14607 2603
14608 2603
14609 2603
14610 2603
14611 2603
14612 2603
14613 2603
14614 2603
14615 2603
14616 2603
14617 2603
14618 2603
14619 2603
14620 2603
14621 2603
14622 2603
14623 2603
14624 2603
14625 2603
14626 2603
14627 2603
14628 2603
14629 2603
14630 2603
14631 2603
14632 2603
14633 2603
14634 2603
14635 2603
14636 2603
14637 2603
14638 2603
14639 2603
14640 2603
14641 2603
14642 2603
14643 2603
14644 2603
14645 2603
14646 2603
14647 2603
14648 2603
14649 2603
14650 2603
14651 2603
14652 2603
14653 2603
14654 2603
14655 2603
14656 2603
14657 2603
14658 2603
14659 2603
14660 2603
14661 2603
14662 2603
14663 2603
14664 2603
14665 2603
14666 2603
14667 2603
14668 2603
14669 2603
14670 2603
14671 2603
14672 2603
14673 2603
14674 2603
14675 2603
14676 2603
14677 2603
14678 2603
14679 2603
14680 2603
14681 2603
14682 2603
14683 2603
14684 2603
14685 2603
14686 2603
14687 2603
14688 2603
14689 2603
14690 2603
14691 2603
14692 2603
14693 2603
14694 2603
14695 2603
14696 2603
14697 2603
14698 2603
14699 2603
14700 2603
14701 2603
14702 2603
14703 2603
14704 2603
14705 2603
14706 2603
14707 2603
14708 2596
14709 2596
14710 2596
14711 2596
14712 2596
14713 2596
14714 2596
14715 2596
14716 2596
14717 2596
14718 2596
14719 2596
14720 2596
14721 2596
14722 2596
14723 2596
14724 2596
14725 2596
14726 2596
14727 2596
14728 2596
14729 2596
14730 2596
14731 2596
14732 2596
14733 2596
14734 2596
14735 2596
14736 2596
14737 2596
14738 2596
14739 2596
14740 2596
14741 2596
14742 2596
14743 2596
14744 2596
14745 2596
14746 2596
14747 2596
14748 2596
14749 2596
14750 2596
14751 2596
14752 2596
14753 2596
14754 2596
14755 2596
14756 2596
14757 2596
14758 2596
14759 2596
14760 2596
14761 2596
14762 2596
14763 2596
14764 2596
14765 2596
14766 2596
14767 2596
14768 2594
14769 2594
14770 2594
14771 2594
14772 2594
14773 2594
14774 2594
14775 2594
14776 2594
14777 2594
14778 2594
14779 2594
14780 2594
14781 2594
14782 2594
14783 2594
14784 2594
14785 2594
14786 2594
14787 2594
14788 2594
14789 2594
14790 2594
14791 2594
14792 2594
14793 2594
14794 2594
14795 2594
14796 2594
14797 2594
14798 2594
14799 2594
14800 2594
14801 2594
14802 2594
14803 2594
14804 2594
14805 2594
14806 2594
14807 2594
14808 2594
14809 2594
14810 2594
14811 2594
14812 2594
14813 2594
14814 2594
14815 2594
14816 2594
14817 2594
14818 2594
14819 2594
14820 2594
14821 2594
14822 2594
14823 2594
14824 2594
14825 2594
14826 2594
14827 2594
14828 2594
14829 2594
14830 2594
14831 2594
14832 2594
14833 2594
14834 2594
14835 2594
14836 2594
14837 2594
14838 2594
14839 2594
14840 2594
14841 2594
14842 2594
14843 2594
14844 2594
14845 2594
14846 2594
14847 2594
14848 2594
14849 2594
14850 2594
14851 2594
14852 2594
14853 2594
14854 2594
14855 2594
14856 2594
14857 2594
14858 2594
14859 2594
14860 2594
14861 2594
14862 2594
14863 2594
14864 2594
14865 2594
14866 2594
14867 2594
14868 2594
14869 2594
14870 2594
14871 2594
14872 2594
14873 2594
14874 2594
14875 2594
14876 2594
14877 2594
14878 2590
14879 2590
14880 2590
14881 2590
14882 2590
14883 2590
14884 2582
14885 2582
14886 2582
14887 2582
14888 2582
14889 2582
14890 2582
14891 2582
14892 2582
14893 2582
14894 2582
14895 2582
14896 2582
14897 2582
14898 2582
14899 2582
14900 2582
14901 2582
14902 2582
14903 2582
14904 2582
14905 2582
14906 2582
14907 2582
14908 2582
14909 2582
14910 2582
14911 2582
14912 2582
14913 2582
14914 2582
14915 2582
14916 2582
14917 2582
14918 2582
14919 2582
14920 2582
14921 2582
14922 2582
14923 2582
14924 2582
14925 2582
14926 2582
14927 2582
14928 2582
14929 2582
14930 2582
14931 2582
14932 2582
14933 2582
14934 2582
14935 2582
14936 2582
14937 2582
14938 2582
14939 2582
14940 2582
14941 2582
14942 2582
14943 2582
14944 2582
14945 2582
14946 2582
14947 2572
14948 2572
14949 2572
14950 2572
14951 2572
14952 2572
14953 2572
14954 2572
14955 2572
14956 2572
14957 2572
14958 2572
14959 2572
14960 2572
14961 2572
14962 2572
14963 2572
14964 2572
14965 2572
14966 2572
14967 2572
14968 2572
14969 2572
14970 2572
14971 2572
14972 2572
14973 2572
14974 2572
14975 2572
14976 2572
14977 2572
14978 2572
14979 2572
14980 2572
14981 2572
14982 2572
14983 2572
14984 2572
14985 2572
14986 2572
14987 2572
14988 2572
14989 2572
14990 2572
14991 2572
14992 2572
14993 2572
14994 2572
14995 2572
14996 2566
14997 2566
14998 2566
14999 2566
15000 2566
15001 2566
15002 2566
15003 2566
15004 2566
15005 2566
15006 2566
15007 2566
15008 2566
15009 2566
15010 2566
15011 2566
15012 2566
15013 2566
15014 2566
15015 2566
15016 2566
15017 2566
15018 2566
15019 2566
15020 2566
15021 2566
15022 2566
15023 2566
15024 2566
15025 2566
15026 2566
15027 2566
15028 2566
15029 2566
15030 2566
15031 2566
15032 2566
15033 2566
15034 2566
15035 2566
15036 2566
15037 2566
15038 2566
15039 2566
15040 2566
15041 2566
15042 2566
15043 2566
15044 2566
15045 2566
15046 2566
15047 2566
15048 2566
15049 2566
15050 2566
15051 2566
15052 2566
15053 2566
15054 2566
15055 2566
15056 2566
15057 2566
15058 2566
15059 2566
15060 2566
15061 2566
15062 2566
15063 2566
15064 2566
15065 2566
15066 2566
15067 2566
15068 2566
15069 2566
15070 2566
15071 2566
15072 2566
15073 2566
15074 2566
15075 2566
15076 2566
15077 2566
15078 2566
15079 2566
15080 2566
15081 2566
15082 2566
15083 2566
15084 2566
15085 2566
15086 2566
15087 2566
15088 2566
15089 2566
15090 2566
15091 2566
15092 2566
15093 2566
15094 2566
15095 2566
15096 2566
15097 2566
15098 2566
15099 2566
15100 2566
15101 2566
15102 2566
15103 2566
15104 2566
15105 2566
15106 2566
15107 2566
15108 2566
15109 2566
15110 2566
15111 2566
15112 2566
15113 2566
15114 2566
15115 2566
15116 2566
15117 2566
15118 2566
15119 2566
15120 2566
15121 2566
15122 2566
15123 2566
15124 2566
15125 2566
15126 2566
15127 2566
15128 2566
15129 2566
15130 2566
15131 2566
15132 2566
15133 2566
15134 2566
15135 2566
15136 2566
15137 2566
15138 2566
15139 2566
15140 2566
15141 2566
15142 2566
15143 2566
15144 2566
15145 2566
15146 2566
15147 2566
15148 2566
15149 2566
15150 2566
15151 2566
15152 2566
15153 2566
15154 2566
15155 2566
15156 2566
15157 2566
15158 2566
15159 2566
15160 2566
15161 2566
15162 2566
15163 2566
15164 2566
15165 2566
15166 2566
15167 2566
15168 2566
15169 2566
15170 2566
15171 2566
15172 2566
15173 2566
15174 2566
15175 2566
15176 2566
15177 2566
15178 2566
15179 2566
15180 2566
15181 2566
15182 2566
15183 2566
15184 2566
15185 2566
15186 2566
15187 2566
15188 2566
15189 2566
15190 2566
15191 2566
15192 2566
15193 2566
15194 2566
15195 2566
15196 2566
15197 2566
15198 2566
15199 2566
15200 2566
15201 2566
15202 2566
15203 2566
15204 2566
15205 2566
15206 2566
15207 2566
15208 2566
15209 2566
15210 2566
15211 2566
15212 2566
15213 2566
15214 2566
15215 2566
15216 2566
15217 2566
15218 2566
15219 2566
15220 2566
15221 2566
15222 2566
15223 2566
15224 2566
15225 2566
15226 2566
15227 2566
15228 2566
15229 2566
15230 2566
15231 2566
15232 2566
15233 2566
15234 2566
15235 2566
15236 2566
15237 2566
15238 2566
15239 2566
15240 2565
15241 2565
15242 2565
15243 2565
15244 2565
15245 2565
15246 2565
15247 2565
15248 2565
15249 2565
15250 2565
15251 2565
15252 2565
15253 2565
15254 2565
15255 2565
15256 2565
15257 2565
15258 2565
15259 2565
15260 2565
15261 2565
15262 2565
15263 2565
15264 2565
15265 2565
15266 2565
15267 2565
15268 2565
15269 2565
15270 2565
15271 2565
15272 2565
15273 2565
15274 2565
15275 2565
15276 2565
15277 2565
15278 2565
15279 2565
15280 2565
15281 2565
15282 2565
15283 2565
15284 2565
15285 2565
15286 2565
15287 2565
15288 2565
15289 2565
15290 2565
15291 2565
15292 2565
15293 2565
15294 2565
15295 2565
15296 2565
15297 2565
15298 2565
15299 2565
15300 2565
15301 2565
15302 2565
15303 2565
15304 2565
15305 2565
15306 2565
15307 2565
15308 2546
15309 2546
15310 2546
15311 2546
15312 2546
15313 2546
15314 2546
15315 2546
15316 2546
15317 2546
15318 2546
15319 2546
15320 2546
15321 2546
15322 2546
15323 2546
15324 2546
15325 2546
15326 2546
15327 2546
15328 2546
15329 2546
15330 2546
15331 2546
15332 2546
15333 2546
15334 2546
15335 2546
15336 2546
15337 2546
15338 2546
15339 2546
15340 2546
15341 2546
15342 2546
15343 2546
15344 2546
15345 2546
15346 2546
15347 2546
15348 2546
15349 2546
15350 2546
15351 2546
15352 2546
15353 2546
15354 2546
15355 2546
15356 2546
15357 2546
15358 2546
15359 2546
15360 2546
15361 2546
15362 2546
15363 2546
15364 2546
15365 2546
15366 2546
15367 2546
15368 2546
15369 2546
15370 2546
15371 2546
15372 2546
15373 2546
15374 2546
15375 2546
15376 2546
15377 2546
15378 2546
15379 2546
15380 2546
15381 2546
15382 2536
15383 2536
15384 2536
15385 2536
15386 2536
15387 2536
15388 2536
15389 2536
15390 2536
15391 2536
15392 2536
15393 2536
15394 2536
15395 2536
15396 2536
15397 2536
15398 2536
15399 2536
15400 2536
15401 2536
15402 2536
15403 2536
15404 2536
15405 2536
15406 2536
15407 2536
15408 2536
15409 2536
15410 2536
15411 2536
15412 2536
15413 2536
15414 2536
15415 2536
15416 2536
15417 2536
15418 2536
15419 2536
15420 2536
15421 2536
15422 2536
15423 2536
15424 2536
15425 2536
15426 2536
15427 2536
15428 2536
15429 2536
15430 2536
15431 2536
15432 2536
15433 2536
15434 2536
15435 2536
15436 2536
15437 2536
15438 2536
15439 2536
15440 2536
15441 2536
15442 2536
15443 2536
15444 2536
15445 2536
15446 2536
15447 2536
15448 2536
15449 2536
15450 2536
15451 2536
15452 2536
15453 2536
15454 2536
15455 2536
15456 2536
15457 2536
15458 2536
15459 2536
15460 2536
15461 2536
15462 2536
15463 2536
15464 2536
15465 2536
15466 2536
15467 2536
15468 2536
15469 2536
15470 2536
15471 2536
15472 2536
15473 2536
15474 2536
15475 2536
15476 2536
15477 2536
15478 2536
15479 2536
15480 2536
15481 2536
15482 2536
15483 2536
15484 2536
15485 2536
15486 2536
15487 2536
15488 2536
15489 2536
15490 2536
15491 2536
15492 2536
15493 2536
15494 2536
15495 2536
15496 2536
15497 2536
15498 2536
15499 2536
15500 2536
15501 2536
15502 2536
15503 2536
15504 2536
15505 2536
15506 2536
15507 2536
15508 2536
15509 2536
15510 2536
15511 2536
15512 2536
15513 2536
15514 2536
15515 2536
15516 2536
15517 2536
15518 2536
15519 2536
15520 2536
15521 2536
15522 2536
15523 2536
15524 2536
15525 2536
15526 2536
15527 2533
15528 2533
15529 2533
15530 2533
15531 2533
15532 2533
15533 2533
15534 2533
15535 2533
15536 2533
15537 2533
15538 2533
15539 2533
15540 2533
15541 2533
15542 2533
15543 2533
15544 2533
15545 2533
15546 2533
15547 2533
15548 2533
15549 2533
15550 2533
15551 2533
15552 2533
15553 2533
15554 2533
15555 2533
15556 2533
15557 2533
15558 2533
15559 2533
15560 2533
15561 2533
15562 2533
15563 2533
15564 2533
15565 2533
15566 2533
15567 2533
15568 2533
15569 2533
15570 2533
15571 2533
15572 2533
15573 2533
15574 2533
15575 2533
15576 2533
15577 2533
15578 2533
15579 2533
15580 2533
15581 2533
15582 2533
15583 2533
15584 2533
15585 2533
15586 2533
15587 2533
15588 2533
15589 2533
15590 2533
15591 2533
15592 2533
15593 2533
15594 2533
15595 2533
15596 2533
15597 2533
15598 2533
15599 2533
15600 2533
15601 2533
15602 2533
15603 2533
15604 2533
15605 2533
15606 2533
15607 2532
15608 2532
15609 2532
15610 2532
15611 2532
15612 2532
15613 2532
15614 2532
15615 2532
15616 2532
15617 2532
15618 2532
15619 2532
15620 2532
15621 2532
15622 2532
15623 2532
15624 2532
15625 2532
15626 2532
15627 2532
15628 2532
15629 2532
15630 2532
15631 2532
15632 2532
15633 2532
15634 2532
15635 2532
15636 2532
15637 2532
15638 2532
15639 2532
15640 2532
15641 2532
15642 2532
15643 2532
15644 2532
15645 2532
15646 2532
15647 2532
15648 2532
15649 2532
15650 2532
15651 2532
15652 2532
15653 2532
15654 2532
15655 2532
15656 2532
15657 2532
15658 2532
15659 2532
15660 2532
15661 2532
15662 2532
15663 2532
15664 2532
15665 2532
15666 2532
15667 2532
15668 2532
15669 2532
15670 2532
15671 2532
15672 2532
15673 2532
15674 2532
15675 2532
15676 2532
15677 2532
15678 2532
15679 2532
15680 2532
15681 2532
15682 2532
15683 2532
15684 2532
15685 2532
15686 2532
15687 2532
15688 2532
15689 2532
15690 2532
15691 2532
15692 2532
15693 2532
15694 2532
15695 2532
15696 2532
15697 2532
15698 2532
15699 2532
15700 2532
15701 2532
15702 2532
15703 2532
15704 2532
15705 2532
15706 2532
15707 2532
15708 2532
15709 2532
15710 2532
15711 2532
15712 2532
15713 2532
15714 2532
15715 2532
15716 2532
15717 2532
15718 2532
15719 2532
15720 2532
15721 2532
15722 2532
15723 2532
15724 2532
15725 2532
15726 2532
15727 2532
15728 2532
15729 2532
15730 2532
15731 2532
15732 2532
15733 2532
15734 2532
15735 2532
15736 2532
15737 2532
15738 2532
15739 2532
15740 2532
15741 2532
15742 2532
15743 2532
15744 2532
15745 2532
15746 2532
15747 2532
15748 2532
15749 2532
15750 2532
15751 2532
15752 2532
15753 2532
15754 2532
15755 2532
15756 2532
15757 2532
15758 2532
15759 2532
15760 2532
15761 2532
15762 2532
15763 2532
15764 2532
15765 2532
15766 2532
15767 2532
15768 2532
15769 2532
15770 2532
15771 2532
15772 2532
15773 2532
15774 2532
15775 2532
15776 2532
15777 2532
15778 2532
15779 2532
15780 2532
15781 2532
15782 2532
15783 2532
15784 2532
15785 2532
15786 2532
15787 2532
15788 2532
15789 2532
15790 2532
15791 2532
15792 2532
15793 2532
15794 2532
15795 2532
15796 2532
15797 2532
15798 2532
15799 2532
15800 2532
15801 2532
15802 2532
15803 2532
15804 2532
15805 2532
15806 2532
15807 2532
15808 2532
15809 2532
15810 2532
15811 2532
15812 2532
15813 2532
15814 2532
15815 2532
15816 2532
15817 2532
15818 2532
15819 2532
15820 2532
15821 2532
15822 2532
15823 2532
15824 2532
15825 2532
15826 2532
15827 2532
15828 2532
15829 2532
15830 2532
15831 2532
15832 2532
15833 2532
15834 2532
15835 2532
15836 2532
15837 2532
15838 2532
15839 2532
15840 2532
15841 2532
15842 2532
15843 2532
15844 2532
15845 2532
15846 2532
15847 2532
15848 2532
15849 2532
15850 2532
15851 2532
15852 2532
15853 2532
15854 2532
15855 2532
15856 2532
15857 2532
15858 2532
15859 2532
15860 2532
15861 2532
15862 2532
15863 2532
15864 2532
15865 2532
15866 2532
15867 2532
15868 2532
15869 2532
15870 2532
15871 2532
15872 2532
15873 2532
15874 2532
15875 2532
15876 2532
15877 2532
15878 2532
15879 2532
15880 2532
15881 2532
15882 2532
15883 2532
15884 2532
15885 2532
15886 2532
15887 2532
15888 2532
15889 2532
15890 2532
15891 2521
15892 2521
15893 2521
15894 2521
15895 2521
15896 2521
15897 2521
15898 2521
15899 2521
15900 2521
15901 2521
15902 2521
15903 2521
15904 2521
15905 2521
15906 2521
15907 2521
15908 2521
15909 2521
15910 2521
15911 2521
15912 2521
15913 2521
15914 2521
15915 2521
15916 2521
15917 2521
15918 2521
15919 2521
15920 2521
15921 2521
15922 2521
15923 2521
15924 2510
15925 2510
15926 2510
15927 2510
15928 2510
15929 2510
15930 2510
15931 2510
15932 2510
15933 2510
15934 2510
15935 2510
15936 2510
15937 2510
15938 2510
15939 2510
15940 2510
15941 2510
15942 2510
15943 2510
15944 2510
15945 2510
15946 2510
15947 2510
15948 2510
15949 2510
15950 2510
15951 2510
15952 2510
15953 2510
15954 2510
15955 2506
15956 2506
15957 2506
15958 2506
15959 2506
15960 2506
15961 2506
15962 2506
15963 2506
15964 2506
15965 2506
15966 2506
15967 2506
15968 2506
15969 2506
15970 2506
15971 2506
15972 2506
15973 2506
15974 2506
15975 2506
15976 2506
15977 2506
15978 2506
15979 2506
15980 2506
15981 2506
15982 2506
15983 2506
15984 2506
15985 2506
15986 2506
15987 2506
15988 2506
15989 2506
15990 2506
15991 2506
15992 2506
15993 2506
15994 2506
15995 2506
15996 2506
15997 2506
15998 2506
15999 2506
16000 2506
16001 2506
16002 2506
16003 2506
16004 2506
16005 2506
16006 2506
16007 2506
16008 2506
16009 2506
16010 2506
16011 2506
16012 2506
16013 2506
16014 2506
16015 2506
16016 2506
16017 2506
16018 2506
16019 2506
16020 2506
16021 2506
16022 2506
16023 2506
16024 2506
16025 2506
16026 2506
16027 2506
16028 2506
16029 2506
16030 2506
16031 2506
16032 2506
16033 2506
16034 2506
16035 2506
16036 2506
16037 2506
16038 2506
16039 2494
16040 2494
16041 2494
16042 2494
16043 2494
16044 2494
16045 2494
16046 2494
16047 2494
16048 2494
16049 2494
16050 2494
16051 2494
16052 2494
16053 2494
16054 2494
16055 2494
16056 2494
16057 2494
16058 2494
16059 2494
16060 2494
16061 2494
16062 2494
16063 2494
16064 2494
16065 2494
16066 2494
16067 2494
16068 2494
16069 2494
16070 2494
16071 2494
16072 2494
16073 2494
16074 2494
16075 2494
16076 2494
16077 2494
16078 2494
16079 2494
16080 2494
16081 2494
16082 2494
16083 2494
16084 2494
16085 2494
16086 2494
16087 2494
16088 2494
16089 2494
16090 2494
16091 2494
16092 2494
16093 2494
16094 2494
16095 2494
16096 2494
16097 2494
16098 2494
16099 2494
16100 2494
16101 2494
16102 2494
16103 2494
16104 2494
16105 2494
16106 2494
16107 2494
16108 2494
16109 2494
16110 2494
16111 2494
16112 2494
16113 2494
16114 2494
16115 2494
16116 2494
16117 2494
16118 2494
16119 2494
16120 2494
16121 2494
16122 2494
16123 2494
16124 2494
16125 2494
16126 2494
16127 2494
16128 2494
16129 2494
16130 2494
16131 2494
16132 2494
16133 2494
16134 2494
16135 2494
16136 2494
16137 2494
16138 2494
16139 2494
16140 2494
16141 2494
16142 2494
16143 2494
16144 2494
16145 2494
16146 2494
16147 2494
16148 2494
16149 2494
16150 2494
16151 2494
16152 2494
16153 2494
16154 2494
16155 2494
16156 2494
16157 2494
16158 2494
16159 2494
16160 2494
16161 2494
16162 2494
16163 2494
16164 2494
16165 2494
16166 2494
16167 2494
16168 2494
16169 2494
16170 2494
16171 2494
16172 2494
16173 2494
16174 2494
16175 2494
16176 2494
16177 2494
16178 2494
16179 2494
16180 2494
16181 2494
16182 2494
16183 2494
16184 2494
16185 2494
16186 2494
16187 2494
16188 2494
16189 2494
16190 2494
16191 2494
16192 2494
16193 2494
16194 2494
16195 2494
16196 2494
16197 2490
16198 2490
16199 2490
16200 2490
16201 2490
16202 2490
16203 2490
16204 2490
16205 2490
16206 2490
16207 2490
16208 2490
16209 2490
16210 2490
16211 2490
16212 2490
16213 2490
16214 2490
16215 2490
16216 2490
16217 2490
16218 2490
16219 2490
16220 2490
16221 2490
16222 2490
16223 2490
16224 2490
16225 2490
16226 2490
16227 2490
16228 2490
16229 2490
16230 2490
16231 2490
16232 2490
16233 2490
16234 2490
16235 2490
16236 2490
16237 2490
16238 2490
16239 2490
16240 2490
16241 2490
16242 2490
16243 2490
16244 2490
16245 2490
16246 2490
16247 2490
16248 2490
16249 2490
16250 2490
16251 2490
16252 2490
16253 2490
16254 2490
16255 2490
16256 2490
16257 2490
16258 2490
16259 2490
16260 2490
16261 2490
16262 2490
16263 2490
16264 2490
16265 2490
16266 2490
16267 2490
16268 2490
16269 2490
16270 2490
16271 2490
16272 2490
16273 2490
16274 2490
16275 2490
16276 2490
16277 2490
16278 2490
16279 2490
16280 2490
16281 2490
16282 2490
16283 2490
16284 2490
16285 2490
16286 2490
16287 2490
16288 2490
16289 2490
16290 2490
16291 2490
16292 2490
16293 2490
16294 2490
16295 2490
16296 2490
16297 2490
16298 2490
16299 2490
16300 2490
16301 2490
16302 2490
16303 2490
16304 2490
16305 2490
16306 2490
16307 2490
16308 2490
16309 2490
16310 2490
16311 2490
16312 2490
16313 2490
16314 2490
16315 2490
16316 2490
16317 2490
16318 2490
16319 2490
16320 2490
16321 2490
16322 2490
16323 2490
16324 2490
16325 2490
16326 2490
16327 2490
16328 2490
16329 2490
16330 2490
16331 2490
16332 2490
16333 2490
16334 2490
16335 2490
16336 2490
16337 2490
16338 2490
16339 2490
16340 2490
16341 2490
16342 2490
16343 2490
16344 2490
16345 2490
16346 2490
16347 2490
16348 2490
16349 2490
16350 2490
16351 2490
16352 2490
16353 2490
16354 2490
16355 2490
16356 2490
16357 2490
16358 2490
16359 2490
16360 2490
16361 2490
16362 2490
16363 2490
16364 2490
16365 2490
16366 2490
16367 2490
16368 2490
16369 2490
16370 2490
16371 2490
16372 2490
16373 2490
16374 2490
16375 2490
16376 2490
16377 2490
16378 2490
16379 2490
16380 2490
16381 2490
16382 2490
16383 2490
16384 2490
16385 2490
16386 2490
16387 2490
16388 2490
16389 2490
16390 2490
16391 2490
16392 2490
16393 2490
16394 2490
16395 2490
16396 2490
16397 2490
16398 2490
16399 2490
16400 2490
16401 2490
16402 2490
16403 2490
16404 2490
16405 2490
16406 2490
16407 2481
16408 2481
16409 2481
16410 2481
16411 2481
16412 2481
16413 2481
16414 2481
16415 2481
16416 2481
16417 2481
16418 2481
16419 2481
16420 2481
16421 2481
16422 2481
16423 2481
16424 2481
16425 2481
16426 2481
16427 2481
16428 2481
16429 2481
16430 2481
16431 2481
16432 2481
16433 2481
16434 2481
16435 2481
16436 2481
16437 2481
16438 2481
16439 2481
16440 2481
16441 2481
16442 2481
16443 2481
16444 2481
16445 2481
16446 2481
16447 2481
16448 2481
16449 2481
16450 2481
16451 2481
16452 2481
16453 2481
16454 2481
16455 2481
16456 2481
16457 2481
16458 2481
16459 2481
16460 2481
16461 2481
16462 2481
16463 2481
16464 2481
16465 2481
16466 2481
16467 2476
16468 2476
16469 2476
16470 2476
16471 2476
16472 2476
16473 2476
16474 2476
16475 2476
16476 2476
16477 2476
16478 2476
16479 2476
16480 2476
16481 2476
16482 2476
16483 2476
16484 2476
16485 2476
16486 2476
16487 2476
16488 2476
16489 2476
16490 2476
16491 2476
16492 2476
16493 2476
16494 2476
16495 2476
16496 2476
16497 2476
16498 2476
16499 2476
16500 2476
16501 2476
16502 2476
16503 2476
16504 2476
16505 2476
16506 2476
16507 2476
16508 2476
16509 2476
16510 2476
16511 2476
16512 2476
16513 2476
16514 2476
16515 2476
16516 2476
16517 2476
16518 2476
16519 2476
16520 2476
16521 2476
16522 2476
16523 2476
16524 2476
16525 2476
16526 2476
16527 2476
16528 2476
16529 2476
16530 2476
16531 2476
16532 2476
16533 2476
16534 2476
16535 2476
16536 2476
16537 2476
16538 2476
16539 2476
16540 2476
16541 2476
16542 2476
16543 2476
16544 2476
16545 2476
16546 2476
16547 2476
16548 2476
16549 2476
16550 2476
16551 2476
16552 2476
16553 2476
16554 2476
16555 2476
16556 2476
16557 2476
16558 2476
16559 2476
16560 2476
16561 2476
16562 2476
16563 2476
16564 2476
16565 2476
16566 2476
16567 2476
16568 2476
16569 2476
16570 2476
16571 2476
16572 2476
16573 2476
16574 2476
16575 2476
16576 2476
16577 2476
16578 2476
16579 2476
16580 2476
16581 2476
16582 2476
16583 2476
16584 2476
16585 2476
16586 2476
16587 2476
16588 2476
16589 2476
16590 2476
16591 2476
16592 2476
16593 2476
16594 2476
16595 2476
16596 2476
16597 2476
16598 2476
16599 2476
16600 2476
16601 2476
16602 2476
16603 2476
16604 2476
16605 2476
16606 2476
16607 2476
16608 2476
16609 2476
16610 2476
16611 2476
16612 2476
16613 2476
16614 2476
16615 2476
16616 2476
16617 2476
16618 2476
16619 2476
16620 2476
16621 2476
16622 2476
16623 2476
16624 2476
16625 2476
16626 2476
16627 2476
16628 2476
16629 2476
16630 2476
16631 2476
16632 2476
16633 2476
16634 2476
16635 2476
16636 2476
16637 2476
16638 2476
16639 2476
16640 2476
16641 2476
16642 2476
16643 2476
16644 2476
16645 2476
16646 2476
16647 2476
16648 2476
16649 2476
16650 2476
16651 2476
16652 2476
16653 2476
16654 2476
16655 2476
16656 2476
16657 2476
16658 2476
16659 2476
16660 2476
16661 2476
16662 2476
16663 2476
16664 2476
16665 2476
16666 2476
16667 2476
16668 2476
16669 2476
16670 2476
16671 2476
16672 2476
16673 2476
16674 2476
16675 2476
16676 2476
16677 2476
16678 2476
16679 2476
16680 2476
16681 2476
16682 2476
16683 2476
16684 2476
16685 2476
16686 2476
16687 2476
16688 2476
16689 2476
16690 2476
16691 2476
16692 2476
16693 2476
16694 2476
16695 2476
16696 2476
16697 2476
16698 2476
16699 2476
16700 2476
16701 2476
16702 2476
16703 2476
16704 2476
16705 2476
16706 2476
16707 2476
16708 2476
16709 2476
16710 2476
16711 2476
16712 2476
16713 2476
16714 2476
16715 2476
16716 2476
16717 2476
16718 2476
16719 2476
16720 2476
16721 2476
16722 2476
16723 2476
16724 2476
16725 2476
16726 2476
16727 2476
16728 2476
16729 2476
16730 2476
16731 2476
16732 2476
16733 2476
16734 2476
16735 2476
16736 2476
16737 2476
16738 2476
16739 2476
16740 2476
16741 2476
16742 2476
16743 2476
