1 6992
2 6992
3 6992
4 6979
5 6958
6 6954
7 6946
8 6946
9 6946
10 6946
11 6946
12 6946
13 6946
14 6946
15 6935
16 6931
17 6919
18 6919
19 6909
20 6909
21 6873
22 6860
23 6860
24 6860
25 6860
26 6836
27 6836
28 6836
29 6836
30 6825
31 6818
32 6817
33 6804
34 6804
35 6804
36 6793
37 6791
38 6791
39 6766
40 6766
41 6766
42 6766
43 6766
44 6748
45 6748
46 6744
47 6744
48 6738
49 6738
50 6738
51 6738
52 6738
53 6693
54 6667
55 6667
56 6653
57 6625
58 6625
59 6625
60 6608
61 6606
62 6606
63 6606
64 6606
65 6604
66 6604
67 6592
68 6581
69 6581
70 6581
71 6565
72 6552
73 6552
74 6552
75 6527
76 6527
77 6525
78 6525
79 6525
80 6525
81 6525
82 6525
83 6525
84 6504
85 6504
86 6504
87 6504
88 6496
89 6496
90 6496
91 6496
92 6480
93 6464
94 6464
95 6464
96 6464
97 6464
98 6464
99 6464
100 6464
101 6447
102 6447
103 6446
104 6446
105 6446
106 6446
107 6444
108 6423
109 6423
110 6423
111 6423
112 6422
113 6422
114 6422
115 6376
116 6376
117 6375
118 6363
119 6363
120 6363
121 6363
122 6359
123 6359
124 6359
125 6359
126 6341
127 6341
128 6341
129 6341
130 6341
131 6341
132 6337
133 6320
134 6320
135 6320
136 6308
137 6267
138 6255
139 6255
140 6248
141 6248
142 6248
143 6248
144 6248
145 6248
146 6248
147 6248
148 6232
149 6210
150 6210
151 6210
152 6210
153 6210
154 6210
155 6210
156 6197
157 6197
158 6197
159 6197
160 6193
161 6182
162 6176
163 6176
164 6176
165 6176
166 6176
167 6176
168 6174
169 6174
170 6174
171 6174
172 6160
173 6160
174 6160
175 6160
176 6160
177 6160
178 6145
179 6145
180 6129
181 6105
182 6105
183 6091
184 6091
185 6091
186 6079
187 6068
188 6068
189 6068
190 6015
191 6015
192 5993
193 5993
194 5993
195 5993
196 5993
197 5977
198 5977
199 5977
200 5977
201 5977
202 5977
203 5977
204 5977
205 5977
206 5977
207 5977
208 5977
209 5977
210 5977
211 5977
212 5977
213 5977
214 5977
215 5977
216 5977
217 5977
218 5977
219 5977
220 5977
221 5977
222 5977
223 5973
224 5973
225 5973
226 5973
227 5973
228 5973
229 5973
230 5973
231 5972
232 5972
233 5927
234 5927
235 5905
236 5887
237 5887
238 5880
239 5880
240 5880
241 5880
242 5880
243 5880
244 5880
245 5851
246 5841
247 5834
248 5834
249 5834
250 5834
251 5834
252 5834
253 5834
254 5834
255 5816
256 5807
257 5807
258 5807
259 5807
260 5806
261 5806
262 5796
263 5796
264 5796
265 5771
266 5763
267 5763
268 5763
269 5763
270 5752
271 5752
272 5752
273 5752
274 5726
275 5726
276 5726
277 5726
278 5726
279 5726
280 5726
281 5726
282 5726
283 5692
284 5692
285 5692
286 5692
287 5692
288 5692
289 5692
290 5692
291 5692
292 5692
293 5692
294 5687
295 5687
296 5687
297 5687
298 5656
299 5656
300 5656
301 5645
302 5626
303 5608
304 5607
305 5607
306 5599
307 5599
308 5599
309 5599
310 5599
311 5594
312 5594
313 5580
314 5580
315 5576
316 5576
317 5556
318 5556
319 5550
320 5530
321 5523
322 5521
323 5521
324 5508
325 5508
326 5508
327 5508
328 5508
329 5508
330 5508
331 5508
332 5508
333 5505
334 5505
335 5492
336 5492
337 5481
338 5481
339 5481
340 5481
341 5481
342 5478
343 5478
344 5478
345 5478
346 5478
347 5478
348 5478
349 5478
350 5478
351 5478
352 5478
353 5478
354 5478
355 5478
356 5455
357 5441
358 5441
359 5441
360 5440
361 5440
362 5440
363 5435
364 5435
365 5435
366 5435
367 5435
368 5430
369 5430
370 5430
371 5430
372 5426
373 5401
374 5401
375 5401
376 5401
377 5401
378 5401
379 5401
380 5395
381 5395
382 5395
383 5395
384 5395
385 5395
386 5395
387 5395
388 5395
389 5395
390 5395
391 5395
392 5395
393 5395
394 5395
395 5390
396 5372
397 5372
398 5372
399 5372
400 5372
401 5372
402 5372
403 5372
404 5372
405 5372
406 5372
407 5372
408 5372
409 5372
410 5372
411 5372
412 5372
413 5372
414 5372
415 5372
416 5364
417 5364
418 5364
419 5364
420 5364
421 5364
422 5364
423 5364
424 5364
425 5363
426 5363
427 5363
428 5363
429 5359
430 5359
431 5359
432 5359
433 5359
434 5356
435 5356
436 5350
437 5343
438 5343
439 5341
440 5341
441 5338
442 5324
443 5324
444 5324
445 5324
446 5324
447 5324
448 5324
449 5314
450 5314
451 5314
452 5314
453 5314
454 5314
455 5314
456 5314
457 5298
458 5298
459 5298
460 5295
461 5295
462 5295
463 5294
464 5294
465 5294
466 5294
467 5294
468 5266
469 5266
470 5266
471 5266
472 5266
473 5266
474 5256
475 5256
476 5256
477 5256
478 5256
479 5256
480 5251
481 5250
482 5250
483 5250
484 5250
485 5231
486 5221
487 5219
488 5219
489 5219
490 5219
491 5219
492 5219
493 5219
494 5219
495 5219
496 5219
497 5219
498 5219
499 5219
500 5219
501 5219
502 5219
503 5219
504 5219
505 5219
506 5219
507 5219
508 5219
509 5219
510 5219
511 5216
512 5216
513 5216
514 5216
515 5216
516 5205
517 5205
518 5204
519 5204
520 5204
521 5204
522 5204
523 5204
524 5204
525 5204
526 5204
527 5204
528 5204
529 5204
530 5204
531 5204
532 5204
533 5204
534 5204
535 5204
536 5204
537 5204
538 5204
539 5204
540 5204
541 5204
542 5204
543 5198
544 5198
545 5198
546 5198
547 5198
548 5198
549 5198
550 5198
551 5198
552 5198
553 5198
554 5198
555 5195
556 5195
557 5195
558 5195
559 5195
560 5195
561 5195
562 5195
563 5195
564 5195
565 5190
566 5166
567 5166
568 5166
569 5166
570 5161
571 5151
572 5151
573 5151
574 5151
575 5151
576 5151
577 5148
578 5148
579 5148
580 5148
581 5148
582 5148
583 5148
584 5148
585 5148
586 5148
587 5142
588 5142
589 5142
590 5142
591 5142
592 5142
593 5142
594 5142
595 5140
596 5136
597 5121
598 5121
599 5121
600 5121
601 5086
602 5086
603 5086
604 5086
605 5086
606 5075
607 5075
608 5061
609 5061
610 5061
611 5061
612 5061
613 5061
614 5061
615 5044
616 5044
617 5044
618 5044
619 5044
620 5044
621 5044
622 5019
623 5019
624 5018
625 5018
626 5018
627 5018
628 5018
629 4988
630 4988
631 4988
632 4978
633 4978
634 4978
635 4978
636 4978
637 4978
638 4978
639 4978
640 4978
641 4978
642 4978
643 4968
644 4968
645 4968
646 4968
647 4965
648 4965
649 4965
650 4960
651 4960
652 4960
653 4960
654 4960
655 4960
656 4939
657 4939
658 4939
659 4939
660 4939
661 4939
662 4939
663 4939
664 4939
665 4939
666 4939
667 4939
668 4939
669 4939
670 4939
671 4939
672 4939
673 4939
674 4939
675 4939
676 4939
677 4939
678 4939
679 4939
680 4939
681 4939
682 4939
683 4939
684 4939
685 4939
686 4939
687 4939
688 4939
689 4939
690 4939
691 4939
692 4939
693 4939
694 4935
695 4935
696 4935
697 4935
698 4935
699 4935
700 4935
701 4935
702 4935
703 4927
704 4927
705 4927
706 4927
707 4926
708 4926
709 4926
710 4926
711 4926
712 4926
713 4926
714 4906
715 4906
716 4906
717 4906
718 4906
719 4906
720 4906
721 4906
722 4906
723 4906
724 4905
725 4896
726 4896
727 4896
728 4896
729 4896
730 4886
731 4886
732 4886
733 4883
734 4883
735 4883
736 4883
737 4883
738 4883
739 4883
740 4883
741 4881
742 4881
743 4881
744 4881
745 4881
746 4881
747 4881
748 4881
749 4881
750 4881
751 4881
752 4881
753 4881
754 4881
755 4870
756 4870
757 4870
758 4870
759 4870
760 4870
761 4870
762 4870
763 4870
764 4870
765 4870
766 4870
767 4870
768 4870
769 4870
770 4870
771 4870
772 4870
773 4870
774 4870
775 4870
776 4870
777 4870
778 4870
779 4870
780 4870
781 4870
782 4870
783 4870
784 4870
785 4870
786 4870
787 4870
788 4859
789 4859
790 4859
791 4859
792 4859
793 4859
794 4859
795 4859
796 4859
797 4859
798 4859
799 4859
800 4859
801 4859
802 4859
803 4859
804 4859
805 4859
806 4859
807 4859
808 4859
809 4859
810 4859
811 4859
812 4859
813 4859
814 4859
815 4859
816 4845
817 4845
818 4845
819 4845
820 4845
821 4845
822 4845
823 4845
824 4845
825 4845
826 4845
827 4845
828 4845
829 4840
830 4840
831 4840
832 4840
833 4840
834 4840
835 4840
836 4840
837 4840
838 4840
839 4833
840 4833
841 4833
842 4833
843 4833
844 4833
845 4833
846 4833
847 4833
848 4833
849 4833
850 4833
851 4833
852 4833
853 4833
854 4833
855 4833
856 4833
857 4833
858 4820
859 4820
860 4820
861 4820
862 4820
863 4820
864 4820
865 4820
866 4820
867 4820
868 4820
869 4820
870 4820
871 4820
872 4820
873 4820
874 4820
875 4820
876 4820
877 4820
878 4815
879 4815
880 4815
881 4815
882 4815
883 4815
884 4815
885 4815
886 4815
887 4815
888 4815
889 4815
890 4815
891 4815
892 4801
893 4801
894 4801
895 4799
896 4793
897 4793
898 4793
899 4793
900 4793
901 4793
902 4793
903 4793
904 4793
905 4793
906 4793
907 4793
908 4793
909 4793
910 4793
911 4793
912 4793
913 4780
914 4780
915 4780
916 4780
917 4780
918 4780
919 4780
920 4780
921 4780
922 4780
923 4780
924 4768
925 4768
926 4768
927 4768
928 4768
929 4768
930 4768
931 4768
932 4768
933 4768
934 4768
935 4758
936 4758
937 4758
938 4758
939 4758
940 4758
941 4758
942 4758
943 4751
944 4748
945 4748
946 4745
947 4745
948 4745
949 4745
950 4745
951 4733
952 4733
953 4733
954 4733
955 4724
956 4724
957 4724
958 4724
959 4724
960 4724
961 4724
962 4724
963 4724
964 4720
965 4720
966 4720
967 4720
968 4720
969 4720
970 4720
971 4709
972 4708
973 4708
974 4708
975 4708
976 4708
977 4708
978 4708
979 4708
980 4708
981 4708
982 4708
983 4708
984 4708
985 4708
986 4708
987 4708
988 4708
989 4708
990 4697
991 4651
992 4651
993 4651
994 4651
995 4651
996 4651
997 4651
998 4651
999 4651
1000 4651
1001 4651
1002 4651
1003 4651
1004 4651
1005 4651
1006 4651
1007 4651
1008 4651
1009 4651
1010 4651
1011 4644
1012 4644
1013 4644
1014 4631
1015 4625
1016 4625
1017 4625
1018 4625
1019 4625
1020 4625
1021 4625
1022 4625
1023 4625
1024 4595
1025 4595
1026 4595
1027 4595
1028 4595
1029 4575
1030 4575
1031 4575
1032 4575
1033 4575
1034 4575
1035 4575
1036 4575
1037 4575
1038 4573
1039 4573
1040 4573
1041 4573
1042 4573
1043 4573
1044 4573
1045 4573
1046 4573
1047 4573
1048 4573
1049 4573
1050 4573
1051 4573
1052 4573
1053 4573
1054 4573
1055 4573
1056 4562
1057 4562
1058 4562
1059 4562
1060 4561
1061 4561
1062 4561
1063 4561
1064 4561
1065 4561
1066 4561
1067 4561
1068 4561
1069 4561
1070 4561
1071 4561
1072 4561
1073 4561
1074 4561
1075 4561
1076 4561
1077 4561
1078 4561
1079 4556
1080 4554
1081 4554
1082 4554
1083 4554
1084 4554
1085 4554
1086 4554
1087 4541
1088 4541
1089 4541
1090 4541
1091 4541
1092 4541
1093 4541
1094 4541
1095 4541
1096 4541
1097 4541
1098 4533
1099 4533
1100 4533
1101 4533
1102 4533
1103 4509
1104 4509
1105 4509
1106 4509
1107 4509
1108 4509
1109 4509
1110 4509
1111 4509
1112 4509
1113 4509
1114 4505
1115 4505
1116 4505
1117 4505
1118 4505
1119 4505
1120 4505
1121 4505
1122 4505
1123 4487
1124 4487
1125 4487
1126 4487
1127 4487
1128 4487
1129 4487
1130 4487
1131 4486
1132 4486
1133 4486
1134 4486
1135 4486
1136 4486
1137 4486
1138 4486
1139 4486
1140 4486
1141 4486
1142 4486
1143 4486
1144 4486
1145 4486
1146 4486
1147 4486
1148 4486
1149 4486
1150 4482
1151 4482
1152 4482
1153 4482
1154 4482
1155 4482
1156 4482
1157 4473
1158 4473
1159 4468
1160 4468
1161 4468
1162 4468
1163 4438
1164 4438
1165 4438
1166 4438
1167 4438
1168 4438
1169 4438
1170 4438
1171 4438
1172 4438
1173 4424
1174 4401
1175 4401
1176 4401
1177 4401
1178 4401
1179 4401
1180 4401
1181 4401
1182 4401
1183 4401
1184 4391
1185 4391
1186 4391
1187 4391
1188 4391
1189 4391
1190 4362
1191 4362
1192 4362
1193 4362
1194 4362
1195 4362
1196 4362
1197 4362
1198 4362
1199 4362
1200 4362
1201 4362
1202 4362
1203 4362
1204 4362
1205 4362
1206 4362
1207 4360
1208 4360
1209 4360
1210 4360
1211 4360
1212 4360
1213 4360
1214 4360
1215 4360
1216 4360
1217 4360
1218 4343
1219 4343
1220 4343
1221 4343
1222 4343
1223 4343
1224 4343
1225 4335
1226 4335
1227 4335
1228 4334
1229 4334
1230 4334
1231 4334
1232 4334
1233 4334
1234 4334
1235 4334
1236 4334
1237 4334
1238 4334
1239 4334
1240 4334
1241 4334
1242 4330
1243 4330
1244 4330
1245 4330
1246 4330
1247 4330
1248 4330
1249 4330
1250 4330
1251 4330
1252 4330
1253 4330
1254 4330
1255 4330
1256 4330
1257 4330
1258 4330
1259 4330
1260 4330
1261 4330
1262 4330
1263 4310
1264 4310
1265 4310
1266 4310
1267 4310
1268 4301
1269 4301
1270 4301
1271 4301
1272 4301
1273 4301
1274 4301
1275 4301
1276 4301
1277 4301
1278 4301
1279 4301
1280 4288
1281 4288
1282 4288
1283 4288
1284 4288
1285 4288
1286 4288
1287 4288
1288 4288
1289 4288
1290 4288
1291 4288
1292 4288
1293 4288
1294 4285
1295 4285
1296 4285
1297 4285
1298 4285
1299 4285
1300 4285
1301 4285
1302 4285
1303 4285
1304 4285
1305 4285
1306 4285
1307 4285
1308 4285
1309 4264
1310 4264
1311 4264
1312 4264
1313 4264
1314 4264
1315 4264
1316 4264
1317 4264
1318 4264
1319 4264
1320 4264
1321 4264
1322 4264
1323 4264
1324 4264
1325 4264
1326 4264
1327 4264
1328 4264
1329 4264
1330 4264
1331 4264
1332 4264
1333 4264
1334 4264
1335 4264
1336 4264
1337 4264
1338 4264
1339 4264
1340 4264
1341 4264
1342 4264
1343 4264
1344 4264
1345 4264
1346 4264
1347 4264
1348 4264
1349 4264
1350 4264
1351 4264
1352 4264
1353 4264
1354 4264
1355 4264
1356 4264
1357 4264
1358 4264
1359 4264
1360 4264
1361 4264
1362 4264
1363 4264
1364 4264
1365 4256
1366 4256
1367 4256
1368 4256
1369 4256
1370 4256
1371 4256
1372 4256
1373 4256
1374 4256
1375 4256
1376 4256
1377 4256
1378 4256
1379 4256
1380 4256
1381 4256
1382 4256
1383 4256
1384 4256
1385 4256
1386 4225
1387 4225
1388 4225
1389 4206
1390 4206
1391 4199
1392 4199
1393 4199
1394 4199
1395 4199
1396 4199
1397 4199
1398 4199
1399 4199
1400 4199
1401 4199
1402 4199
1403 4199
1404 4199
1405 4187
1406 4187
1407 4187
1408 4187
1409 4187
1410 4187
1411 4187
1412 4187
1413 4187
1414 4187
1415 4184
1416 4184
1417 4184
1418 4184
1419 4184
1420 4184
1421 4184
1422 4184
1423 4184
1424 4166
1425 4166
1426 4166
1427 4166
1428 4166
1429 4166
1430 4166
1431 4158
1432 4158
1433 4158
1434 4158
1435 4158
1436 4158
1437 4158
1438 4158
1439 4158
1440 4158
1441 4157
1442 4157
1443 4157
1444 4157
1445 4157
1446 4157
1447 4157
1448 4157
1449 4151
1450 4151
1451 4151
1452 4151
1453 4151
1454 4151
1455 4151
1456 4151
1457 4151
1458 4138
1459 4138
1460 4138
1461 4138
1462 4138
1463 4138
1464 4138
1465 4112
1466 4112
1467 4112
1468 4108
1469 4108
1470 4108
1471 4108
1472 4108
1473 4108
1474 4108
1475 4108
1476 4108
1477 4108
1478 4108
1479 4108
1480 4108
1481 4108
1482 4108
1483 4100
1484 4100
1485 4100
1486 4100
1487 4100
1488 4100
1489 4100
1490 4100
1491 4100
1492 4100
1493 4100
1494 4100
1495 4100
1496 4100
1497 4100
1498 4100
1499 4100
1500 4100
1501 4100
1502 4100
1503 4100
1504 4100
1505 4091
1506 4091
1507 4091
1508 4091
1509 4091
1510 4091
1511 4091
1512 4091
1513 4083
1514 4083
1515 4083
1516 4083
1517 4083
1518 4083
1519 4083
1520 4083
1521 4083
1522 4083
1523 4083
1524 4083
1525 4083
1526 4083
1527 4083
1528 4083
1529 4083
1530 4083
1531 4083
1532 4083
1533 4083
1534 4083
1535 4083
1536 4083
1537 4083
1538 4083
1539 4071
1540 4071
1541 4071
1542 4071
1543 4071
1544 4071
1545 4071
1546 4071
1547 4071
1548 4071
1549 4071
1550 4060
1551 4060
1552 4060
1553 4060
1554 4056
1555 4056
1556 4056
1557 4056
1558 4056
1559 4051
1560 4051
1561 4051
1562 4051
1563 4045
1564 4045
1565 4037
1566 4037
1567 4037
1568 4037
1569 4037
1570 4037
1571 4037
1572 4037
1573 4037
1574 4037
1575 4037
1576 4037
1577 4037
1578 4037
1579 4037
1580 4037
1581 4037
1582 4037
1583 4037
1584 4037
1585 4037
1586 4037
1587 4037
1588 4037
1589 4037
1590 4037
1591 4037
1592 4037
1593 4037
1594 4022
1595 4022
1596 4022
1597 4022
1598 4022
1599 4022
1600 4022
1601 4022
1602 4022
1603 4020
1604 4020
1605 4020
1606 4020
1607 4020
1608 4020
1609 4020
1610 4020
1611 4020
1612 4020
1613 4020
1614 4019
1615 4019
1616 4019
1617 4019
1618 4019
1619 4019
1620 4019
1621 4019
1622 4019
1623 4019
1624 4019
1625 4019
1626 4014
1627 4014
1628 4010
1629 4010
1630 4010
1631 4010
1632 4010
1633 4010
1634 4010
1635 4010
1636 4010
1637 4010
1638 4010
1639 4010
1640 4010
1641 4010
1642 3992
1643 3992
1644 3992
1645 3992
1646 3992
1647 3992
1648 3992
1649 3992
1650 3992
1651 3992
1652 3992
1653 3992
1654 3992
1655 3992
1656 3992
1657 3992
1658 3992
1659 3992
1660 3992
1661 3992
1662 3992
1663 3992
1664 3992
1665 3992
1666 3992
1667 3992
1668 3992
1669 3992
1670 3990
1671 3970
1672 3970
1673 3970
1674 3970
1675 3970
1676 3970
1677 3970
1678 3970
1679 3970
1680 3970
1681 3970
1682 3970
1683 3970
1684 3970
1685 3970
1686 3970
1687 3970
1688 3970
1689 3970
1690 3970
1691 3970
1692 3970
1693 3970
1694 3970
1695 3960
1696 3960
1697 3960
1698 3960
1699 3960
1700 3960
1701 3960
1702 3960
1703 3960
1704 3955
1705 3950
1706 3950
1707 3950
1708 3950
1709 3950
1710 3950
1711 3950
1712 3935
1713 3935
1714 3935
1715 3935
1716 3935
1717 3935
1718 3935
1719 3935
1720 3935
1721 3935
1722 3934
1723 3934
1724 3934
1725 3934
1726 3934
1727 3934
1728 3934
1729 3934
1730 3934
1731 3934
1732 3934
1733 3934
1734 3934
1735 3934
1736 3932
1737 3922
1738 3922
1739 3922
1740 3922
1741 3922
1742 3922
1743 3922
1744 3922
1745 3922
1746 3922
1747 3905
1748 3905
1749 3905
1750 3905
1751 3905
1752 3905
1753 3905
1754 3905
1755 3905
1756 3905
1757 3905
1758 3905
1759 3905
1760 3905
1761 3905
1762 3905
1763 3905
1764 3905
1765 3905
1766 3905
1767 3905
1768 3905
1769 3905
1770 3905
1771 3905
1772 3905
1773 3905
1774 3905
1775 3905
1776 3905
1777 3905
1778 3905
1779 3905
1780 3905
1781 3905
1782 3905
1783 3905
1784 3905
1785 3905
1786 3905
1787 3905
1788 3905
1789 3905
1790 3905
1791 3905
1792 3901
1793 3897
1794 3897
1795 3897
1796 3897
1797 3897
1798 3897
1799 3897
1800 3897
1801 3897
1802 3892
1803 3892
1804 3892
1805 3892
1806 3892
1807 3892
1808 3892
1809 3892
1810 3892
1811 3892
1812 3892
1813 3892
1814 3892
1815 3892
1816 3892
1817 3892
1818 3892
1819 3892
1820 3892
1821 3892
1822 3892
1823 3892
1824 3892
1825 3892
1826 3892
1827 3892
1828 3892
1829 3892
1830 3892
1831 3892
1832 3892
1833 3892
1834 3892
1835 3889
1836 3889
1837 3889
1838 3889
1839 3889
1840 3889
1841 3889
1842 3889
1843 3889
1844 3889
1845 3889
1846 3874
1847 3874
1848 3874
1849 3872
1850 3872
1851 3872
1852 3872
1853 3872
1854 3872
1855 3872
1856 3872
1857 3872
1858 3872
1859 3868
1860 3868
1861 3868
1862 3868
1863 3868
1864 3861
1865 3861
1866 3861
1867 3861
1868 3861
1869 3861
1870 3861
1871 3861
1872 3861
1873 3861
1874 3861
1875 3854
1876 3854
1877 3854
1878 3854
1879 3854
1880 3854
1881 3854
1882 3854
1883 3854
1884 3854
1885 3854
1886 3854
1887 3854
1888 3854
1889 3854
1890 3854
1891 3854
1892 3854
1893 3854
1894 3854
1895 3854
1896 3854
1897 3854
1898 3854
1899 3854
1900 3854
1901 3854
1902 3854
1903 3854
1904 3854
1905 3854
1906 3854
1907 3854
1908 3854
1909 3854
1910 3854
1911 3854
1912 3854
1913 3854
1914 3854
1915 3854
1916 3854
1917 3854
1918 3854
1919 3854
1920 3854
1921 3854
1922 3854
1923 3854
1924 3854
1925 3854
1926 3854
1927 3854
1928 3854
1929 3854
1930 3854
1931 3854
1932 3854
1933 3854
1934 3854
1935 3854
1936 3854
1937 3854
1938 3854
1939 3854
1940 3854
1941 3854
1942 3854
1943 3854
1944 3854
1945 3854
1946 3854
1947 3854
1948 3854
1949 3854
1950 3854
1951 3854
1952 3854
1953 3854
1954 3854
1955 3854
1956 3854
1957 3854
1958 3854
1959 3854
1960 3854
1961 3854
1962 3854
1963 3854
1964 3854
1965 3854
1966 3854
1967 3854
1968 3854
1969 3854
1970 3847
1971 3847
1972 3844
1973 3844
1974 3844
1975 3844
1976 3844
1977 3844
1978 3844
1979 3844
1980 3844
1981 3841
1982 3841
1983 3841
1984 3841
1985 3841
1986 3841
1987 3841
1988 3841
1989 3841
1990 3841
1991 3841
1992 3841
1993 3841
1994 3841
1995 3841
1996 3841
1997 3841
1998 3841
1999 3841
2000 3841
2001 3841
2002 3841
2003 3841
2004 3841
2005 3841
2006 3841
2007 3834
2008 3834
2009 3834
2010 3834
2011 3834
2012 3834
2013 3834
2014 3834
2015 3834
2016 3834
2017 3834
2018 3834
2019 3834
2020 3834
2021 3834
2022 3834
2023 3834
2024 3834
2025 3834
2026 3834
2027 3834
2028 3834
2029 3834
2030 3834
2031 3834
2032 3834
2033 3834
2034 3834
2035 3834
2036 3834
2037 3834
2038 3834
2039 3829
2040 3829
2041 3829
2042 3829
2043 3829
2044 3829
2045 3828
2046 3828
2047 3828
2048 3828
2049 3828
2050 3828
2051 3828
2052 3828
2053 3828
2054 3828
2055 3828
2056 3828
2057 3828
2058 3828
2059 3805
2060 3805
2061 3805
2062 3805
2063 3805
2064 3805
2065 3805
2066 3805
2067 3805
2068 3805
2069 3805
2070 3805
2071 3805
2072 3805
2073 3805
2074 3801
2075 3786
2076 3786
2077 3786
2078 3786
2079 3786
2080 3786
2081 3786
2082 3786
2083 3786
2084 3786
2085 3786
2086 3786
2087 3786
2088 3786
2089 3786
2090 3786
2091 3786
2092 3786
2093 3786
2094 3786
2095 3786
2096 3786
2097 3786
2098 3786
2099 3786
2100 3786
2101 3786
2102 3786
2103 3786
2104 3786
2105 3786
2106 3786
2107 3786
2108 3784
2109 3784
2110 3784
2111 3784
2112 3784
2113 3784
2114 3784
2115 3784
2116 3784
2117 3784
2118 3784
2119 3784
2120 3784
2121 3784
2122 3781
2123 3781
2124 3781
2125 3781
2126 3781
2127 3781
2128 3781
2129 3781
2130 3781
2131 3781
2132 3781
2133 3781
2134 3781
2135 3781
2136 3769
2137 3769
2138 3769
2139 3769
2140 3769
2141 3756
2142 3756
2143 3756
2144 3756
2145 3756
2146 3756
2147 3756
2148 3756
2149 3756
2150 3756
2151 3756
2152 3756
2153 3756
2154 3756
2155 3756
2156 3756
2157 3756
2158 3756
2159 3756
2160 3756
2161 3756
2162 3756
2163 3756
2164 3756
2165 3756
2166 3756
2167 3756
2168 3756
2169 3756
2170 3756
2171 3756
2172 3756
2173 3756
2174 3756
2175 3756
2176 3756
2177 3756
2178 3756
2179 3756
2180 3751
2181 3751
2182 3751
2183 3751
2184 3747
2185 3747
2186 3747
2187 3747
2188 3747
2189 3747
2190 3747
2191 3747
2192 3747
2193 3747
2194 3747
2195 3735
2196 3735
2197 3735
2198 3735
2199 3735
2200 3735
2201 3735
2202 3735
2203 3735
2204 3735
2205 3735
2206 3735
2207 3735
2208 3735
2209 3735
2210 3735
2211 3735
2212 3735
2213 3735
2214 3735
2215 3735
2216 3735
2217 3735
2218 3735
2219 3735
2220 3735
2221 3735
2222 3735
2223 3735
2224 3735
2225 3735
2226 3735
2227 3735
2228 3735
2229 3735
2230 3735
2231 3735
2232 3735
2233 3735
2234 3735
2235 3735
2236 3735
2237 3735
2238 3735
2239 3735
2240 3735
2241 3735
2242 3735
2243 3735
2244 3735
2245 3735
2246 3735
2247 3735
2248 3735
2249 3735
2250 3735
2251 3735
2252 3735
2253 3735
2254 3735
2255 3735
2256 3735
2257 3735
2258 3735
2259 3735
2260 3735
2261 3729
2262 3729
2263 3729
2264 3729
2265 3729
2266 3729
2267 3729
2268 3729
2269 3729
2270 3729
2271 3729
2272 3729
2273 3729
2274 3729
2275 3729
2276 3729
2277 3729
2278 3729
2279 3729
2280 3729
2281 3729
2282 3729
2283 3729
2284 3729
2285 3729
2286 3729
2287 3729
2288 3729
2289 3729
2290 3729
2291 3729
2292 3729
2293 3729
2294 3729
2295 3729
2296 3729
2297 3729
2298 3729
2299 3729
2300 3729
2301 3729
2302 3727
2303 3727
2304 3727
2305 3727
2306 3727
2307 3727
2308 3727
2309 3727
2310 3727
2311 3727
2312 3727
2313 3727
2314 3727
2315 3727
2316 3727
2317 3727
2318 3727
2319 3727
2320 3727
2321 3727
2322 3727
2323 3727
2324 3727
2325 3727
2326 3727
2327 3727
2328 3727
2329 3727
2330 3727
2331 3727
2332 3727
2333 3727
2334 3727
2335 3727
2336 3727
2337 3727
2338 3727
2339 3724
2340 3724
2341 3724
2342 3724
2343 3724
2344 3724
2345 3724
2346 3724
2347 3724
2348 3724
2349 3724
2350 3724
2351 3724
2352 3724
2353 3724
2354 3724
2355 3724
2356 3724
2357 3724
2358 3724
2359 3724
2360 3724
2361 3724
2362 3724
2363 3724
2364 3724
2365 3724
2366 3724
2367 3724
2368 3724
2369 3718
2370 3718
2371 3718
2372 3718
2373 3709
2374 3709
2375 3709
2376 3709
2377 3709
2378 3709
2379 3709
2380 3709
2381 3709
2382 3709
2383 3709
2384 3709
2385 3709
2386 3709
2387 3709
2388 3709
2389 3709
2390 3709
2391 3709
2392 3709
2393 3709
2394 3709
2395 3709
2396 3709
2397 3709
2398 3709
2399 3709
2400 3709
2401 3699
2402 3699
2403 3699
2404 3699
2405 3699
2406 3699
2407 3699
2408 3699
2409 3699
2410 3699
2411 3699
2412 3699
2413 3699
2414 3699
2415 3699
2416 3699
2417 3699
2418 3699
2419 3699
2420 3699
2421 3699
2422 3699
2423 3699
2424 3699
2425 3699
2426 3699
2427 3699
2428 3699
2429 3699
2430 3699
2431 3699
2432 3699
2433 3699
2434 3699
2435 3699
2436 3699
2437 3699
2438 3699
2439 3699
2440 3699
2441 3699
2442 3699
2443 3699
2444 3699
2445 3696
2446 3696
2447 3696
2448 3696
2449 3696
2450 3696
2451 3696
2452 3696
2453 3696
2454 3696
2455 3696
2456 3696
2457 3696
2458 3696
2459 3696
2460 3696
2461 3696
2462 3696
2463 3696
2464 3696
2465 3696
2466 3696
2467 3696
2468 3696
2469 3696
2470 3696
2471 3696
2472 3696
2473 3696
2474 3696
2475 3696
2476 3696
2477 3696
2478 3696
2479 3696
2480 3696
2481 3696
2482 3696
2483 3696
2484 3696
2485 3696
2486 3696
2487 3696
2488 3696
2489 3696
2490 3696
2491 3696
2492 3696
2493 3696
2494 3696
2495 3696
2496 3696
2497 3696
2498 3696
2499 3696
2500 3696
2501 3696
2502 3695
2503 3695
2504 3692
2505 3692
2506 3692
2507 3692
2508 3692
2509 3692
2510 3692
2511 3692
2512 3692
2513 3692
2514 3692
2515 3692
2516 3692
2517 3692
2518 3692
2519 3692
2520 3692
2521 3692
2522 3692
2523 3692
2524 3692
2525 3692
2526 3692
2527 3692
2528 3682
2529 3682
2530 3682
2531 3682
2532 3682
2533 3673
2534 3673
2535 3673
2536 3673
2537 3673
2538 3673
2539 3673
2540 3673
2541 3673
2542 3673
2543 3673
2544 3673
2545 3673
2546 3673
2547 3673
2548 3673
2549 3673
2550 3673
2551 3673
2552 3673
2553 3673
2554 3673
2555 3673
2556 3673
2557 3673
2558 3673
2559 3673
2560 3673
2561 3673
2562 3673
2563 3673
2564 3673
2565 3673
2566 3673
2567 3673
2568 3673
2569 3673
2570 3673
2571 3673
2572 3673
2573 3673
2574 3673
2575 3673
2576 3673
2577 3673
2578 3673
2579 3673
2580 3673
2581 3673
2582 3673
2583 3673
2584 3668
2585 3668
2586 3668
2587 3668
2588 3668
2589 3668
2590 3668
2591 3668
2592 3668
2593 3668
2594 3668
2595 3668
2596 3668
2597 3668
2598 3665
2599 3665
2600 3665
2601 3665
2602 3659
2603 3659
2604 3659
2605 3659
2606 3659
2607 3659
2608 3659
2609 3659
2610 3659
2611 3659
2612 3659
2613 3659
2614 3659
2615 3659
2616 3659
2617 3659
2618 3659
2619 3659
2620 3659
2621 3659
2622 3659
2623 3659
2624 3659
2625 3659
2626 3651
2627 3651
2628 3651
2629 3651
2630 3651
2631 3651
2632 3651
2633 3651
2634 3651
2635 3651
2636 3651
2637 3651
2638 3651
2639 3651
2640 3651
2641 3651
2642 3651
2643 3651
2644 3651
2645 3651
2646 3651
2647 3651
2648 3651
2649 3651
2650 3651
2651 3651
2652 3651
2653 3651
2654 3651
2655 3651
2656 3651
2657 3651
2658 3651
2659 3651
2660 3651
2661 3651
2662 3651
2663 3651
2664 3651
2665 3651
2666 3651
2667 3651
2668 3651
2669 3651
2670 3650
2671 3650
2672 3650
2673 3650
2674 3650
2675 3650
2676 3650
2677 3650
2678 3650
2679 3650
2680 3650
2681 3650
2682 3650
2683 3650
2684 3650
2685 3650
2686 3650
2687 3650
2688 3650
2689 3650
2690 3650
2691 3650
2692 3650
2693 3650
2694 3650
2695 3650
2696 3650
2697 3650
2698 3650
2699 3650
2700 3650
2701 3650
2702 3650
2703 3650
2704 3650
2705 3650
2706 3650
2707 3650
2708 3650
2709 3650
2710 3650
2711 3650
2712 3650
2713 3650
2714 3650
2715 3650
2716 3650
2717 3648
2718 3648
2719 3648
2720 3648
2721 3648
2722 3648
2723 3648
2724 3648
2725 3648
2726 3648
2727 3648
2728 3648
2729 3648
2730 3648
2731 3648
2732 3648
2733 3648
2734 3648
2735 3648
2736 3648
2737 3648
2738 3648
2739 3639
2740 3639
2741 3639
2742 3639
2743 3639
2744 3639
2745 3639
2746 3639
2747 3639
2748 3639
2749 3639
2750 3639
2751 3639
2752 3639
2753 3639
2754 3639
2755 3638
2756 3638
2757 3638
2758 3638
2759 3638
2760 3638
2761 3638
2762 3638
2763 3638
2764 3636
2765 3636
2766 3636
2767 3636
2768 3636
2769 3636
2770 3636
2771 3636
2772 3636
2773 3636
2774 3636
2775 3636
2776 3636
2777 3636
2778 3636
2779 3636
2780 3627
2781 3627
2782 3627
2783 3627
2784 3627
2785 3627
2786 3627
2787 3627
2788 3627
2789 3627
2790 3627
2791 3627
2792 3627
2793 3627
2794 3627
2795 3627
2796 3627
2797 3627
2798 3627
2799 3627
2800 3627
2801 3627
2802 3627
2803 3627
2804 3627
2805 3627
2806 3627
2807 3627
2808 3627
2809 3627
2810 3627
2811 3627
2812 3627
2813 3627
2814 3627
2815 3627
2816 3627
2817 3627
2818 3627
2819 3627
2820 3627
2821 3627
2822 3627
2823 3627
2824 3627
2825 3627
2826 3627
2827 3627
2828 3627
2829 3627
2830 3627
2831 3627
2832 3627
2833 3627
2834 3627
2835 3627
2836 3627
2837 3627
2838 3627
2839 3627
2840 3627
2841 3627
2842 3627
2843 3627
2844 3626
2845 3626
2846 3626
2847 3626
2848 3626
2849 3626
2850 3626
2851 3626
2852 3626
2853 3626
2854 3626
2855 3626
2856 3626
2857 3615
2858 3615
2859 3606
2860 3606
2861 3606
2862 3606
2863 3606
2864 3606
2865 3606
2866 3606
2867 3606
2868 3606
2869 3606
2870 3606
2871 3606
2872 3606
2873 3606
2874 3606
2875 3606
2876 3606
2877 3606
2878 3592
2879 3592
2880 3592
2881 3592
2882 3592
2883 3592
2884 3592
2885 3592
2886 3592
2887 3592
2888 3592
2889 3592
2890 3592
2891 3592
2892 3592
2893 3590
2894 3590
2895 3590
2896 3590
2897 3590
2898 3590
2899 3590
2900 3590
2901 3574
2902 3574
2903 3574
2904 3574
2905 3574
2906 3574
2907 3574
2908 3574
2909 3574
2910 3574
2911 3574
2912 3574
2913 3574
2914 3574
2915 3574
2916 3574
2917 3574
2918 3574
2919 3574
2920 3574
2921 3574
2922 3574
2923 3574
2924 3574
2925 3574
2926 3574
2927 3574
2928 3573
2929 3573
2930 3573
2931 3573
2932 3573
2933 3573
2934 3573
2935 3573
2936 3563
2937 3563
2938 3563
2939 3563
2940 3563
2941 3563
2942 3563
2943 3563
2944 3563
2945 3563
2946 3563
2947 3563
2948 3558
2949 3558
2950 3558
2951 3558
2952 3558
2953 3550
2954 3550
2955 3550
2956 3550
2957 3548
2958 3548
2959 3548
2960 3548
2961 3548
2962 3548
2963 3548
2964 3548
2965 3548
2966 3548
2967 3548
2968 3548
2969 3548
2970 3548
2971 3548
2972 3548
2973 3548
2974 3548
2975 3548
2976 3548
2977 3548
2978 3548
2979 3548
2980 3548
2981 3548
2982 3548
2983 3548
2984 3548
2985 3548
2986 3548
2987 3548
2988 3548
2989 3546
2990 3546
2991 3546
2992 3546
2993 3546
2994 3546
2995 3546
2996 3535
2997 3535
2998 3535
2999 3535
3000 3535
3001 3535
3002 3535
3003 3535
3004 3535
3005 3535
3006 3535
3007 3535
3008 3535
3009 3535
3010 3535
3011 3535
3012 3535
3013 3535
3014 3535
3015 3535
3016 3535
3017 3535
3018 3535
3019 3535
3020 3535
3021 3535
3022 3535
3023 3535
3024 3535
3025 3535
3026 3535
3027 3535
3028 3535
3029 3535
3030 3535
3031 3535
3032 3535
3033 3535
3034 3535
3035 3535
3036 3535
3037 3535
3038 3535
3039 3535
3040 3535
3041 3535
3042 3535
3043 3535
3044 3535
3045 3535
3046 3535
3047 3535
3048 3535
3049 3535
3050 3535
3051 3535
3052 3535
3053 3535
3054 3535
3055 3535
3056 3535
3057 3535
3058 3535
3059 3535
3060 3535
3061 3535
3062 3535
3063 3535
3064 3535
3065 3535
3066 3535
3067 3525
3068 3525
3069 3525
3070 3525
3071 3525
3072 3525
3073 3525
3074 3525
3075 3525
3076 3525
3077 3525
3078 3525
3079 3525
3080 3525
3081 3525
3082 3525
3083 3525
3084 3525
3085 3525
3086 3525
3087 3525
3088 3525
3089 3525
3090 3506
3091 3506
3092 3506
3093 3506
3094 3506
3095 3506
3096 3506
3097 3506
3098 3506
3099 3506
3100 3506
3101 3506
3102 3506
3103 3506
3104 3506
3105 3506
3106 3506
3107 3506
3108 3506
3109 3506
3110 3506
3111 3506
3112 3506
3113 3506
3114 3506
3115 3506
3116 3506
3117 3506
3118 3506
3119 3506
3120 3506
3121 3506
3122 3506
3123 3506
3124 3506
3125 3506
3126 3506
3127 3506
3128 3506
3129 3506
3130 3506
3131 3506
3132 3506
3133 3506
3134 3506
3135 3506
3136 3506
3137 3506
3138 3506
3139 3506
3140 3506
3141 3506
3142 3506
3143 3506
3144 3506
3145 3506
3146 3506
3147 3506
3148 3506
3149 3506
3150 3506
3151 3506
3152 3506
3153 3499
3154 3499
3155 3499
3156 3499
3157 3499
3158 3499
3159 3478
3160 3478
3161 3478
3162 3478
3163 3478
3164 3478
3165 3478
3166 3478
3167 3478
3168 3478
3169 3478
3170 3478
3171 3478
3172 3478
3173 3478
3174 3478
3175 3478
3176 3478
3177 3478
3178 3478
3179 3478
3180 3478
3181 3478
3182 3478
3183 3478
3184 3478
3185 3478
3186 3478
3187 3478
3188 3478
3189 3478
3190 3478
3191 3478
3192 3478
3193 3478
3194 3478
3195 3478
3196 3478
3197 3478
3198 3478
3199 3478
3200 3478
3201 3478
3202 3478
3203 3478
3204 3478
3205 3478
3206 3478
3207 3478
3208 3478
3209 3478
3210 3478
3211 3478
3212 3478
3213 3478
3214 3478
3215 3478
3216 3478
3217 3478
3218 3478
3219 3478
3220 3478
3221 3478
3222 3478
3223 3478
3224 3478
3225 3478
3226 3478
3227 3478
3228 3478
3229 3478
3230 3478
3231 3478
3232 3478
3233 3478
3234 3478
3235 3478
3236 3478
3237 3475
3238 3475
3239 3475
3240 3475
3241 3475
3242 3475
3243 3475
3244 3475
3245 3475
3246 3475
3247 3475
3248 3475
3249 3475
3250 3475
3251 3475
3252 3475
3253 3475
3254 3475
3255 3475
3256 3475
3257 3475
3258 3475
3259 3475
3260 3475
3261 3475
3262 3475
3263 3475
3264 3475
3265 3475
3266 3475
3267 3475
3268 3475
3269 3475
3270 3475
3271 3475
3272 3475
3273 3475
3274 3475
3275 3475
3276 3475
3277 3475
3278 3475
3279 3475
3280 3475
3281 3475
3282 3475
3283 3475
3284 3475
3285 3475
3286 3475
3287 3475
3288 3475
3289 3475
3290 3475
3291 3475
3292 3475
3293 3475
3294 3475
3295 3475
3296 3474
3297 3474
3298 3474
3299 3474
3300 3474
3301 3474
3302 3469
3303 3469
3304 3469
3305 3467
3306 3467
3307 3467
3308 3467
3309 3467
3310 3467
3311 3467
3312 3467
3313 3467
3314 3467
3315 3467
3316 3467
3317 3467
3318 3467
3319 3467
3320 3467
3321 3467
3322 3467
3323 3467
3324 3467
3325 3467
3326 3467
3327 3467
3328 3467
3329 3467
3330 3467
3331 3467
3332 3467
3333 3467
3334 3467
3335 3467
3336 3467
3337 3467
3338 3467
3339 3467
3340 3467
3341 3467
3342 3467
3343 3467
3344 3463
3345 3463
3346 3463
3347 3463
3348 3463
3349 3463
3350 3463
3351 3463
3352 3463
3353 3463
3354 3463
3355 3463
3356 3463
3357 3463
3358 3463
3359 3463
3360 3463
3361 3463
3362 3463
3363 3463
3364 3463
3365 3463
3366 3463
3367 3463
3368 3463
3369 3463
3370 3463
3371 3463
3372 3463
3373 3463
3374 3463
3375 3463
3376 3463
3377 3463
3378 3463
3379 3463
3380 3463
3381 3463
3382 3463
3383 3463
3384 3463
3385 3463
3386 3463
3387 3463
3388 3463
3389 3463
3390 3463
3391 3463
3392 3463
3393 3463
3394 3463
3395 3463
3396 3463
3397 3463
3398 3463
3399 3463
3400 3463
3401 3463
3402 3463
3403 3463
3404 3463
3405 3463
3406 3463
3407 3463
3408 3463
3409 3463
3410 3463
3411 3463
3412 3463
3413 3461
3414 3461
3415 3461
3416 3461
3417 3461
3418 3461
3419 3461
3420 3461
3421 3461
3422 3461
3423 3461
3424 3461
3425 3449
3426 3449
3427 3449
3428 3449
3429 3449
3430 3449
3431 3449
3432 3449
3433 3449
3434 3448
3435 3448
3436 3448
3437 3448
3438 3448
3439 3448
3440 3448
3441 3443
3442 3443
3443 3443
3444 3443
3445 3443
3446 3443
3447 3443
3448 3443
3449 3443
3450 3443
3451 3443
3452 3443
3453 3443
3454 3443
3455 3443
3456 3443
3457 3443
3458 3443
3459 3443
3460 3443
3461 3443
3462 3442
3463 3442
3464 3442
3465 3442
3466 3442
3467 3442
3468 3442
3469 3442
3470 3442
3471 3442
3472 3442
3473 3442
3474 3442
3475 3442
3476 3442
3477 3442
3478 3442
3479 3442
3480 3442
3481 3442
3482 3442
3483 3442
3484 3442
3485 3442
3486 3432
3487 3432
3488 3432
3489 3432
3490 3432
3491 3432
3492 3432
3493 3432
3494 3432
3495 3432
3496 3432
3497 3432
3498 3432
3499 3432
3500 3432
3501 3432
3502 3432
3503 3432
3504 3432
3505 3432
3506 3432
3507 3432
3508 3432
3509 3426
3510 3426
3511 3426
3512 3426
3513 3426
3514 3426
3515 3426
3516 3426
3517 3426
3518 3426
3519 3426
3520 3426
3521 3426
3522 3426
3523 3425
3524 3425
3525 3425
3526 3425
3527 3425
3528 3425
3529 3425
3530 3425
3531 3425
3532 3425
3533 3425
3534 3425
3535 3425
3536 3425
3537 3425
3538 3425
3539 3425
3540 3425
3541 3425
3542 3425
3543 3425
3544 3425
3545 3425
3546 3425
3547 3425
3548 3425
3549 3425
3550 3425
3551 3425
3552 3425
3553 3425
3554 3425
3555 3425
3556 3425
3557 3425
3558 3425
3559 3425
3560 3425
3561 3425
3562 3424
3563 3424
3564 3424
3565 3424
3566 3424
3567 3424
3568 3424
3569 3424
3570 3424
3571 3424
3572 3419
3573 3419
3574 3419
3575 3419
3576 3419
3577 3419
3578 3419
3579 3419
3580 3419
3581 3419
3582 3419
3583 3419
3584 3419
3585 3419
3586 3419
3587 3419
3588 3419
3589 3419
3590 3419
3591 3419
3592 3419
3593 3419
3594 3419
3595 3419
3596 3419
3597 3419
3598 3419
3599 3419
3600 3419
3601 3419
3602 3419
3603 3419
3604 3419
3605 3419
3606 3419
3607 3419
3608 3415
3609 3415
3610 3415
3611 3415
3612 3415
3613 3415
3614 3415
3615 3415
3616 3415
3617 3415
3618 3415
3619 3415
3620 3415
3621 3415
3622 3415
3623 3415
3624 3415
3625 3415
3626 3415
3627 3415
3628 3415
3629 3415
3630 3415
3631 3415
3632 3415
3633 3415
3634 3415
3635 3415
3636 3415
3637 3415
3638 3415
3639 3415
3640 3415
3641 3415
3642 3415
3643 3415
3644 3415
3645 3415
3646 3415
3647 3415
3648 3415
3649 3415
3650 3415
3651 3415
3652 3415
3653 3415
3654 3415
3655 3415
3656 3415
3657 3415
3658 3415
3659 3415
3660 3415
3661 3413
3662 3413
3663 3413
3664 3413
3665 3413
3666 3413
3667 3413
3668 3413
3669 3413
3670 3413
3671 3411
3672 3411
3673 3411
3674 3411
3675 3411
3676 3411
3677 3411
3678 3411
3679 3411
3680 3411
3681 3411
3682 3411
3683 3411
3684 3411
3685 3411
3686 3411
3687 3411
3688 3411
3689 3411
3690 3411
3691 3411
3692 3411
3693 3411
3694 3411
3695 3411
3696 3411
3697 3411
3698 3411
3699 3411
3700 3411
3701 3411
3702 3411
3703 3411
3704 3411
3705 3411
3706 3411
3707 3411
3708 3411
3709 3411
3710 3411
3711 3411
3712 3411
3713 3411
3714 3411
3715 3411
3716 3411
3717 3411
3718 3411
3719 3411
3720 3411
3721 3411
3722 3411
3723 3411
3724 3411
3725 3411
3726 3411
3727 3411
3728 3411
3729 3411
3730 3411
3731 3411
3732 3411
3733 3411
3734 3411
3735 3411
3736 3411
3737 3411
3738 3411
3739 3411
3740 3411
3741 3411
3742 3411
3743 3411
3744 3411
3745 3411
3746 3411
3747 3411
3748 3400
3749 3400
3750 3400
3751 3400
3752 3400
3753 3400
3754 3400
3755 3400
3756 3400
3757 3400
3758 3400
3759 3400
3760 3400
3761 3400
3762 3400
3763 3400
3764 3400
3765 3400
3766 3396
3767 3396
3768 3396
3769 3396
3770 3396
3771 3396
3772 3396
3773 3396
3774 3396
3775 3396
3776 3396
3777 3396
3778 3396
3779 3396
3780 3396
3781 3396
3782 3396
3783 3396
3784 3396
3785 3395
3786 3395
3787 3395
3788 3395
3789 3395
3790 3395
3791 3395
3792 3395
3793 3395
3794 3395
3795 3395
3796 3395
3797 3395
3798 3395
3799 3395
3800 3395
3801 3395
3802 3395
3803 3395
3804 3395
3805 3395
3806 3395
3807 3395
3808 3395
3809 3395
3810 3395
3811 3395
3812 3395
3813 3395
3814 3395
3815 3395
3816 3395
3817 3395
3818 3395
3819 3395
3820 3395
3821 3395
3822 3395
3823 3395
3824 3395
3825 3395
3826 3395
3827 3395
3828 3395
3829 3395
3830 3395
3831 3395
3832 3395
3833 3395
3834 3395
3835 3395
3836 3395
3837 3395
3838 3395
3839 3395
3840 3395
3841 3386
3842 3386
3843 3386
3844 3386
3845 3386
3846 3386
3847 3386
3848 3386
3849 3386
3850 3386
3851 3386
3852 3386
3853 3386
3854 3386
3855 3386
3856 3386
3857 3386
3858 3386
3859 3382
3860 3382
3861 3382
3862 3382
3863 3382
3864 3382
3865 3382
3866 3382
3867 3382
3868 3382
3869 3382
3870 3382
3871 3382
3872 3382
3873 3382
3874 3382
3875 3382
3876 3382
3877 3382
3878 3382
3879 3382
3880 3382
3881 3382
3882 3382
3883 3382
3884 3382
3885 3382
3886 3382
3887 3382
3888 3382
3889 3382
3890 3382
3891 3382
3892 3382
3893 3382
3894 3382
3895 3382
3896 3382
3897 3382
3898 3382
3899 3382
3900 3382
3901 3382
3902 3382
3903 3382
3904 3382
3905 3382
3906 3382
3907 3382
3908 3382
3909 3382
3910 3382
3911 3382
3912 3382
3913 3382
3914 3382
3915 3382
3916 3382
3917 3382
3918 3382
3919 3382
3920 3382
3921 3382
3922 3382
3923 3382
3924 3382
3925 3382
3926 3382
3927 3382
3928 3382
3929 3382
3930 3382
3931 3382
3932 3382
3933 3382
3934 3382
3935 3382
3936 3382
3937 3382
3938 3382
3939 3382
3940 3382
3941 3382
3942 3382
3943 3382
3944 3382
3945 3382
3946 3382
3947 3382
3948 3382
3949 3382
3950 3382
3951 3382
3952 3382
3953 3382
3954 3382
3955 3382
3956 3382
3957 3382
3958 3382
3959 3382
3960 3382
3961 3382
3962 3382
3963 3373
3964 3373
3965 3373
3966 3373
3967 3373
3968 3373
3969 3373
3970 3373
3971 3373
3972 3373
3973 3373
3974 3373
3975 3373
3976 3373
3977 3373
3978 3373
3979 3373
3980 3373
3981 3373
3982 3373
3983 3373
3984 3373
3985 3373
3986 3373
3987 3368
3988 3368
3989 3368
3990 3368
3991 3368
3992 3368
3993 3368
3994 3368
3995 3368
3996 3368
3997 3368
3998 3368
3999 3368
4000 3368
4001 3368
4002 3368
4003 3368
4004 3368
4005 3368
4006 3367
4007 3367
4008 3367
4009 3343
4010 3343
4011 3343
4012 3343
4013 3343
4014 3343
4015 3343
4016 3343
4017 3343
4018 3343
4019 3343
4020 3343
4021 3343
4022 3343
4023 3343
4024 3343
4025 3343
4026 3343
4027 3343
4028 3343
4029 3343
4030 3343
4031 3343
4032 3343
4033 3343
4034 3343
4035 3343
4036 3343
4037 3343
4038 3343
4039 3343
4040 3343
4041 3343
4042 3343
4043 3343
4044 3343
4045 3343
4046 3343
4047 3343
4048 3343
4049 3343
4050 3343
4051 3343
4052 3343
4053 3343
4054 3343
4055 3343
4056 3343
4057 3343
4058 3343
4059 3343
4060 3343
4061 3343
4062 3343
4063 3343
4064 3343
4065 3343
4066 3343
4067 3343
4068 3343
4069 3343
4070 3343
4071 3343
4072 3343
4073 3342
4074 3342
4075 3342
4076 3342
4077 3342
4078 3342
4079 3342
4080 3342
4081 3342
4082 3342
4083 3342
4084 3342
4085 3342
4086 3342
4087 3342
4088 3342
4089 3342
4090 3342
4091 3342
4092 3342
4093 3342
4094 3342
4095 3342
4096 3342
4097 3342
4098 3342
4099 3342
4100 3342
4101 3342
4102 3342
4103 3342
4104 3342
4105 3342
4106 3342
4107 3342
4108 3342
4109 3342
4110 3342
4111 3342
4112 3342
4113 3342
4114 3342
4115 3342
4116 3342
4117 3342
4118 3342
4119 3342
4120 3342
4121 3342
4122 3342
4123 3342
4124 3342
4125 3342
4126 3342
4127 3342
4128 3342
4129 3342
4130 3342
4131 3342
4132 3342
4133 3342
4134 3342
4135 3342
4136 3342
4137 3342
4138 3342
4139 3342
4140 3342
4141 3342
4142 3342
4143 3342
4144 3342
4145 3342
4146 3342
4147 3342
4148 3342
4149 3342
4150 3342
4151 3342
4152 3342
4153 3342
4154 3342
4155 3342
4156 3342
4157 3342
4158 3342
4159 3342
4160 3342
4161 3342
4162 3342
4163 3342
4164 3342
4165 3342
4166 3342
4167 3342
4168 3342
4169 3342
4170 3342
4171 3342
4172 3342
4173 3342
4174 3342
4175 3342
4176 3342
4177 3342
4178 3342
4179 3342
4180 3342
4181 3342
4182 3342
4183 3342
4184 3342
4185 3342
4186 3342
4187 3342
4188 3342
4189 3342
4190 3342
4191 3342
4192 3342
4193 3342
4194 3342
4195 3342
4196 3342
4197 3342
4198 3342
4199 3342
4200 3342
4201 3342
4202 3342
4203 3342
4204 3342
4205 3342
4206 3342
4207 3342
4208 3342
4209 3342
4210 3342
4211 3342
4212 3342
4213 3342
4214 3342
4215 3342
4216 3342
4217 3342
4218 3342
4219 3342
4220 3342
4221 3342
4222 3342
4223 3342
4224 3342
4225 3342
4226 3342
4227 3342
4228 3342
4229 3342
4230 3342
4231 3342
4232 3342
4233 3342
4234 3342
4235 3342
4236 3342
4237 3342
4238 3342
4239 3342
4240 3342
4241 3342
4242 3342
4243 3342
4244 3342
4245 3342
4246 3342
4247 3342
4248 3342
4249 3342
4250 3342
4251 3342
4252 3342
4253 3342
4254 3342
4255 3342
4256 3342
4257 3342
4258 3342
4259 3342
4260 3342
4261 3342
4262 3342
4263 3321
4264 3321
4265 3321
4266 3321
4267 3321
4268 3321
4269 3321
4270 3321
4271 3321
4272 3319
4273 3319
4274 3319
4275 3319
4276 3319
4277 3319
4278 3319
4279 3319
4280 3319
4281 3319
4282 3319
4283 3319
4284 3319
4285 3319
4286 3319
4287 3319
4288 3319
4289 3319
4290 3319
4291 3319
4292 3319
4293 3319
4294 3319
4295 3316
4296 3316
4297 3316
4298 3316
4299 3316
4300 3316
4301 3316
4302 3316
4303 3316
4304 3316
4305 3316
4306 3316
4307 3316
4308 3316
4309 3316
4310 3316
4311 3316
4312 3316
4313 3316
4314 3294
4315 3294
4316 3294
4317 3294
4318 3294
4319 3294
4320 3294
4321 3294
4322 3294
4323 3294
4324 3294
4325 3294
4326 3294
4327 3294
4328 3294
4329 3294
4330 3294
4331 3294
4332 3294
4333 3294
4334 3294
4335 3294
4336 3294
4337 3294
4338 3294
4339 3294
4340 3294
4341 3294
4342 3294
4343 3294
4344 3294
4345 3294
4346 3294
4347 3294
4348 3294
4349 3294
4350 3294
4351 3294
4352 3294
4353 3294
4354 3294
4355 3294
4356 3294
4357 3294
4358 3294
4359 3294
4360 3294
4361 3294
4362 3287
4363 3287
4364 3287
4365 3287
4366 3287
4367 3287
4368 3287
4369 3287
4370 3287
4371 3287
4372 3287
4373 3287
4374 3287
4375 3287
4376 3287
4377 3287
4378 3287
4379 3287
4380 3287
4381 3287
4382 3287
4383 3287
4384 3287
4385 3287
4386 3287
4387 3287
4388 3287
4389 3287
4390 3287
4391 3287
4392 3287
4393 3287
4394 3287
4395 3287
4396 3287
4397 3287
4398 3287
4399 3287
4400 3287
4401 3287
4402 3287
4403 3287
4404 3287
4405 3287
4406 3287
4407 3287
4408 3287
4409 3287
4410 3287
4411 3287
4412 3285
4413 3285
4414 3285
4415 3285
4416 3285
4417 3285
4418 3285
4419 3285
4420 3277
4421 3277
4422 3267
4423 3267
4424 3267
4425 3267
4426 3267
4427 3267
4428 3267
4429 3267
4430 3267
4431 3267
4432 3267
4433 3267
4434 3267
4435 3267
4436 3267
4437 3267
4438 3267
4439 3267
4440 3267
4441 3267
4442 3267
4443 3267
4444 3267
4445 3267
4446 3267
4447 3267
4448 3267
4449 3267
4450 3267
4451 3267
4452 3267
4453 3267
4454 3267
4455 3267
4456 3267
4457 3267
4458 3267
4459 3267
4460 3267
4461 3267
4462 3267
4463 3267
4464 3267
4465 3267
4466 3267
4467 3267
4468 3267
4469 3267
4470 3267
4471 3267
4472 3267
4473 3267
4474 3267
4475 3267
4476 3267
4477 3267
4478 3267
4479 3267
4480 3267
4481 3267
4482 3267
4483 3267
4484 3267
4485 3267
4486 3267
4487 3267
4488 3267
4489 3267
4490 3267
4491 3267
4492 3267
4493 3267
4494 3267
4495 3267
4496 3267
4497 3267
4498 3267
4499 3267
4500 3267
4501 3267
4502 3267
4503 3267
4504 3267
4505 3267
4506 3267
4507 3267
4508 3267
4509 3267
4510 3267
4511 3267
4512 3267
4513 3267
4514 3267
4515 3267
4516 3267
4517 3267
4518 3267
4519 3267
4520 3267
4521 3265
4522 3265
4523 3265
4524 3265
4525 3265
4526 3265
4527 3265
4528 3265
4529 3265
4530 3265
4531 3265
4532 3265
4533 3265
4534 3265
4535 3265
4536 3265
4537 3265
4538 3265
4539 3265
4540 3265
4541 3265
4542 3265
4543 3265
4544 3265
4545 3265
4546 3265
4547 3265
4548 3265
4549 3265
4550 3265
4551 3265
4552 3265
4553 3265
4554 3265
4555 3265
4556 3265
4557 3265
4558 3265
4559 3265
4560 3265
4561 3265
4562 3265
4563 3265
4564 3265
4565 3265
4566 3265
4567 3265
4568 3265
4569 3265
4570 3265
4571 3265
4572 3265
4573 3265
4574 3265
4575 3265
4576 3265
4577 3265
4578 3265
4579 3265
4580 3265
4581 3265
4582 3265
4583 3265
4584 3265
4585 3265
4586 3265
4587 3265
4588 3265
4589 3265
4590 3265
4591 3265
4592 3265
4593 3265
4594 3265
4595 3265
4596 3265
4597 3265
4598 3265
4599 3265
4600 3265
4601 3265
4602 3265
4603 3265
4604 3265
4605 3265
4606 3265
4607 3265
4608 3265
4609 3265
4610 3265
4611 3265
4612 3265
4613 3265
4614 3265
4615 3265
4616 3265
4617 3265
4618 3265
4619 3265
4620 3265
4621 3265
4622 3265
4623 3265
4624 3263
4625 3263
4626 3263
4627 3263
4628 3263
4629 3263
4630 3263
4631 3263
4632 3263
4633 3263
4634 3263
4635 3263
4636 3263
4637 3263
4638 3263
4639 3263
4640 3263
4641 3263
4642 3263
4643 3263
4644 3263
4645 3263
4646 3263
4647 3263
4648 3263
4649 3263
4650 3263
4651 3263
4652 3263
4653 3263
4654 3263
4655 3263
4656 3263
4657 3261
4658 3261
4659 3261
4660 3261
4661 3261
4662 3261
4663 3261
4664 3261
4665 3261
4666 3261
4667 3261
4668 3261
4669 3261
4670 3261
4671 3261
4672 3261
4673 3261
4674 3261
4675 3261
4676 3261
4677 3261
4678 3261
4679 3261
4680 3261
4681 3261
4682 3261
4683 3261
4684 3261
4685 3261
4686 3261
4687 3261
4688 3261
4689 3261
4690 3261
4691 3261
4692 3261
4693 3261
4694 3261
4695 3261
4696 3261
4697 3261
4698 3261
4699 3261
4700 3261
4701 3261
4702 3261
4703 3261
4704 3261
4705 3261
4706 3261
4707 3261
4708 3261
4709 3261
4710 3261
4711 3261
4712 3261
4713 3261
4714 3261
4715 3261
4716 3261
4717 3261
4718 3261
4719 3261
4720 3261
4721 3261
4722 3261
4723 3261
4724 3261
4725 3261
4726 3261
4727 3261
4728 3261
4729 3261
4730 3261
4731 3261
4732 3261
4733 3261
4734 3261
4735 3261
4736 3261
4737 3261
4738 3261
4739 3261
4740 3261
4741 3261
4742 3261
4743 3261
4744 3261
4745 3261
4746 3261
4747 3261
4748 3261
4749 3261
4750 3261
4751 3261
4752 3261
4753 3261
4754 3261
4755 3254
4756 3254
4757 3254
4758 3254
4759 3254
4760 3254
4761 3254
4762 3254
4763 3254
4764 3254
4765 3254
4766 3254
4767 3253
4768 3253
4769 3253
4770 3253
4771 3253
4772 3253
4773 3253
4774 3253
4775 3253
4776 3253
4777 3253
4778 3253
4779 3253
4780 3253
4781 3253
4782 3253
4783 3252
4784 3252
4785 3252
4786 3252
4787 3252
4788 3252
4789 3252
4790 3252
4791 3252
4792 3252
4793 3252
4794 3252
4795 3252
4796 3252
4797 3252
4798 3252
4799 3252
4800 3252
4801 3252
4802 3252
4803 3252
4804 3252
4805 3252
4806 3252
4807 3252
4808 3252
4809 3252
4810 3252
4811 3252
4812 3248
4813 3248
4814 3248
4815 3244
4816 3244
4817 3244
4818 3244
4819 3244
4820 3244
4821 3244
4822 3244
4823 3244
4824 3244
4825 3244
4826 3244
4827 3244
4828 3237
4829 3237
4830 3237
4831 3237
4832 3234
4833 3234
4834 3234
4835 3234
4836 3234
4837 3234
4838 3234
4839 3234
4840 3234
4841 3234
4842 3234
4843 3234
4844 3234
4845 3234
4846 3234
4847 3234
4848 3234
4849 3234
4850 3234
4851 3234
4852 3234
4853 3234
4854 3234
4855 3234
4856 3234
4857 3234
4858 3234
4859 3234
4860 3234
4861 3234
4862 3234
4863 3234
4864 3234
4865 3234
4866 3234
4867 3234
4868 3234
4869 3234
4870 3234
4871 3234
4872 3234
4873 3234
4874 3234
4875 3234
4876 3234
4877 3234
4878 3234
4879 3234
4880 3234
4881 3234
4882 3234
4883 3234
4884 3234
4885 3234
4886 3234
4887 3234
4888 3234
4889 3234
4890 3234
4891 3234
4892 3234
4893 3234
4894 3234
4895 3234
4896 3234
4897 3234
4898 3234
4899 3234
4900 3234
4901 3234
4902 3234
4903 3234
4904 3234
4905 3234
4906 3234
4907 3234
4908 3234
4909 3234
4910 3234
4911 3234
4912 3234
4913 3234
4914 3234
4915 3234
4916 3234
4917 3234
4918 3234
4919 3234
4920 3234
4921 3234
4922 3234
4923 3234
4924 3234
4925 3234
4926 3234
4927 3234
4928 3234
4929 3234
4930 3234
4931 3234
4932 3234
4933 3234
4934 3234
4935 3234
4936 3234
4937 3234
4938 3234
4939 3234
4940 3234
4941 3234
4942 3234
4943 3234
4944 3234
4945 3234
4946 3234
4947 3234
4948 3234
4949 3234
4950 3234
4951 3234
4952 3233
4953 3233
4954 3233
4955 3233
4956 3233
4957 3233
4958 3233
4959 3233
4960 3233
4961 3233
4962 3233
4963 3233
4964 3233
4965 3233
4966 3233
4967 3233
4968 3233
4969 3233
4970 3233
4971 3233
4972 3233
4973 3233
4974 3233
4975 3233
4976 3233
4977 3233
4978 3233
4979 3233
4980 3233
4981 3233
4982 3233
4983 3233
4984 3233
4985 3233
4986 3233
4987 3233
4988 3233
4989 3233
4990 3233
4991 3233
4992 3233
4993 3233
4994 3233
4995 3233
4996 3233
4997 3233
4998 3233
4999 3233
5000 3233
5001 3233
5002 3233
5003 3233
5004 3233
5005 3233
5006 3233
5007 3233
5008 3233
5009 3233
5010 3233
5011 3233
5012 3233
5013 3233
5014 3233
5015 3233
5016 3233
5017 3233
5018 3233
5019 3233
5020 3233
5021 3233
5022 3233
5023 3233
5024 3233
5025 3233
5026 3233
5027 3233
5028 3233
5029 3233
5030 3233
5031 3233
5032 3233
5033 3233
5034 3233
5035 3233
5036 3233
5037 3233
5038 3233
5039 3233
5040 3233
5041 3233
5042 3233
5043 3233
5044 3233
5045 3233
5046 3233
5047 3233
5048 3233
5049 3233
5050 3233
5051 3233
5052 3233
5053 3233
5054 3233
5055 3233
5056 3233
5057 3233
5058 3233
5059 3233
5060 3233
5061 3233
5062 3233
5063 3233
5064 3233
5065 3233
5066 3233
5067 3233
5068 3233
5069 3233
5070 3233
5071 3233
5072 3233
5073 3233
5074 3233
5075 3233
5076 3233
5077 3233
5078 3233
5079 3233
5080 3233
5081 3233
5082 3233
5083 3233
5084 3233
5085 3233
5086 3233
5087 3233
5088 3233
5089 3233
5090 3233
5091 3233
5092 3233
5093 3233
5094 3233
5095 3233
5096 3233
5097 3233
5098 3233
5099 3233
5100 3233
5101 3233
5102 3233
5103 3233
5104 3233
5105 3233
5106 3233
5107 3233
5108 3233
5109 3233
5110 3233
5111 3233
5112 3233
5113 3233
5114 3233
5115 3233
5116 3233
5117 3233
5118 3233
5119 3233
5120 3233
5121 3233
5122 3233
5123 3233
5124 3233
5125 3233
5126 3233
5127 3233
5128 3233
5129 3233
5130 3223
5131 3223
5132 3223
5133 3223
5134 3223
5135 3223
5136 3223
5137 3223
5138 3223
5139 3223
5140 3223
5141 3223
5142 3223
5143 3223
5144 3223
5145 3223
5146 3223
5147 3223
5148 3223
5149 3223
5150 3223
5151 3223
5152 3223
5153 3223
5154 3223
5155 3223
5156 3223
5157 3223
5158 3223
5159 3223
5160 3223
5161 3223
5162 3223
5163 3223
5164 3223
5165 3223
5166 3223
5167 3223
5168 3223
5169 3223
5170 3223
5171 3223
5172 3223
5173 3223
5174 3223
5175 3223
5176 3223
5177 3223
5178 3223
5179 3223
5180 3223
5181 3223
5182 3223
5183 3223
5184 3223
5185 3223
5186 3223
5187 3223
5188 3223
5189 3223
5190 3223
5191 3223
5192 3223
5193 3223
5194 3223
5195 3223
5196 3223
5197 3223
5198 3223
5199 3223
5200 3223
5201 3223
5202 3223
5203 3223
5204 3223
5205 3223
5206 3223
5207 3223
5208 3223
5209 3223
5210 3223
5211 3223
5212 3223
5213 3223
5214 3223
5215 3223
5216 3223
5217 3215
5218 3215
5219 3215
5220 3215
5221 3215
5222 3215
5223 3215
5224 3215
5225 3215
5226 3215
5227 3215
5228 3215
5229 3215
5230 3215
5231 3215
5232 3215
5233 3215
5234 3215
5235 3215
5236 3215
5237 3215
5238 3215
5239 3215
5240 3215
5241 3215
5242 3215
5243 3215
5244 3215
5245 3215
5246 3215
5247 3215
5248 3215
5249 3215
5250 3215
5251 3215
5252 3215
5253 3215
5254 3215
5255 3215
5256 3215
5257 3215
5258 3215
5259 3215
5260 3215
5261 3215
5262 3215
5263 3215
5264 3215
5265 3215
5266 3215
5267 3215
5268 3215
5269 3215
5270 3215
5271 3215
5272 3215
5273 3215
5274 3215
5275 3215
5276 3215
5277 3207
5278 3207
5279 3205
5280 3205
5281 3205
5282 3205
5283 3205
5284 3205
5285 3205
5286 3205
5287 3205
5288 3205
5289 3205
5290 3205
5291 3205
5292 3205
5293 3205
5294 3205
5295 3205
5296 3205
5297 3205
5298 3205
5299 3205
5300 3205
5301 3205
5302 3205
5303 3205
5304 3205
5305 3205
5306 3205
5307 3205
5308 3205
5309 3205
5310 3205
5311 3205
5312 3205
5313 3205
5314 3205
5315 3205
5316 3193
5317 3193
5318 3193
5319 3193
5320 3193
5321 3193
5322 3193
5323 3193
5324 3193
5325 3193
5326 3193
5327 3193
5328 3193
5329 3193
5330 3193
5331 3193
5332 3193
5333 3193
5334 3193
5335 3193
5336 3193
5337 3193
5338 3193
5339 3193
5340 3193
5341 3193
5342 3193
5343 3193
5344 3193
5345 3193
5346 3193
5347 3193
5348 3193
5349 3193
5350 3193
5351 3193
5352 3193
5353 3193
5354 3193
5355 3193
5356 3193
5357 3193
5358 3193
5359 3193
5360 3193
5361 3193
5362 3193
5363 3193
5364 3193
5365 3193
5366 3193
5367 3193
5368 3193
5369 3193
5370 3193
5371 3193
5372 3193
5373 3193
5374 3193
5375 3193
5376 3193
5377 3193
5378 3193
5379 3193
5380 3193
5381 3193
5382 3193
5383 3193
5384 3193
5385 3193
5386 3193
5387 3193
5388 3193
5389 3193
5390 3193
5391 3193
5392 3193
5393 3193
5394 3193
5395 3193
5396 3193
5397 3193
5398 3193
5399 3193
5400 3193
5401 3193
5402 3193
5403 3193
5404 3193
5405 3193
5406 3193
5407 3193
5408 3193
5409 3193
5410 3193
5411 3193
5412 3193
5413 3193
5414 3193
5415 3193
5416 3193
5417 3193
5418 3193
5419 3193
5420 3193
5421 3193
5422 3193
5423 3193
5424 3193
5425 3193
5426 3193
5427 3193
5428 3193
5429 3193
5430 3193
5431 3193
5432 3193
5433 3193
5434 3193
5435 3193
5436 3193
5437 3193
5438 3193
5439 3193
5440 3193
5441 3193
5442 3193
5443 3193
5444 3193
5445 3193
5446 3193
5447 3193
5448 3193
5449 3193
5450 3193
5451 3193
5452 3193
5453 3193
5454 3193
5455 3193
5456 3193
5457 3193
5458 3193
5459 3193
5460 3192
5461 3192
5462 3192
5463 3192
5464 3192
5465 3192
5466 3184
5467 3184
5468 3184
5469 3184
5470 3184
5471 3184
5472 3184
5473 3184
5474 3184
5475 3184
5476 3184
5477 3184
5478 3184
5479 3184
5480 3184
5481 3184
5482 3184
5483 3184
5484 3184
5485 3184
5486 3184
5487 3184
5488 3184
5489 3184
5490 3184
5491 3184
5492 3184
5493 3184
5494 3184
5495 3184
5496 3184
5497 3184
5498 3176
5499 3176
5500 3176
5501 3176
5502 3176
5503 3176
5504 3176
5505 3176
5506 3176
5507 3176
5508 3176
5509 3176
5510 3176
5511 3176
5512 3176
5513 3176
5514 3176
5515 3176
5516 3176
5517 3176
5518 3176
5519 3176
5520 3176
5521 3176
5522 3176
5523 3176
5524 3176
5525 3176
5526 3176
5527 3176
5528 3176
5529 3176
5530 3176
5531 3176
5532 3176
5533 3176
5534 3176
5535 3176
5536 3176
5537 3176
5538 3176
5539 3176
5540 3176
5541 3176
5542 3176
5543 3176
5544 3176
5545 3176
5546 3176
5547 3176
5548 3176
5549 3176
5550 3176
5551 3176
5552 3176
5553 3176
5554 3176
5555 3176
5556 3176
5557 3176
5558 3176
5559 3176
5560 3176
5561 3176
5562 3176
5563 3176
5564 3176
5565 3176
5566 3176
5567 3176
5568 3176
5569 3176
5570 3176
5571 3176
5572 3176
5573 3176
5574 3176
5575 3176
5576 3176
5577 3176
5578 3176
5579 3176
5580 3176
5581 3176
5582 3176
5583 3176
5584 3176
5585 3176
5586 3176
5587 3176
5588 3176
5589 3176
5590 3176
5591 3176
5592 3176
5593 3176
5594 3176
5595 3176
5596 3168
5597 3168
5598 3168
5599 3168
5600 3168
5601 3168
5602 3168
5603 3168
5604 3168
5605 3168
5606 3168
5607 3168
5608 3161
5609 3161
5610 3161
5611 3161
5612 3157
5613 3157
5614 3155
5615 3155
5616 3155
5617 3155
5618 3155
5619 3155
5620 3155
5621 3155
5622 3155
5623 3155
5624 3155
5625 3155
5626 3155
5627 3155
5628 3155
5629 3155
5630 3155
5631 3155
5632 3155
5633 3155
5634 3155
5635 3155
5636 3155
5637 3155
5638 3155
5639 3155
5640 3155
5641 3155
5642 3155
5643 3155
5644 3155
5645 3155
5646 3155
5647 3155
5648 3155
5649 3154
5650 3154
5651 3154
5652 3154
5653 3154
5654 3154
5655 3154
5656 3154
5657 3154
5658 3154
5659 3154
5660 3154
5661 3154
5662 3154
5663 3154
5664 3154
5665 3154
5666 3154
5667 3154
5668 3154
5669 3154
5670 3154
5671 3154
5672 3154
5673 3154
5674 3154
5675 3154
5676 3154
5677 3154
5678 3154
5679 3154
5680 3154
5681 3154
5682 3154
5683 3154
5684 3154
5685 3154
5686 3154
5687 3154
5688 3154
5689 3154
5690 3154
5691 3154
5692 3154
5693 3154
5694 3154
5695 3154
5696 3154
5697 3154
5698 3154
5699 3154
5700 3154
5701 3154
5702 3154
5703 3154
5704 3154
5705 3154
5706 3147
5707 3147
5708 3147
5709 3147
5710 3147
5711 3147
5712 3147
5713 3147
5714 3147
5715 3147
5716 3147
5717 3147
5718 3147
5719 3147
5720 3147
5721 3147
5722 3147
5723 3147
5724 3147
5725 3147
5726 3147
5727 3147
5728 3147
5729 3147
5730 3147
5731 3147
5732 3147
5733 3147
5734 3147
5735 3147
5736 3147
5737 3147
5738 3147
5739 3147
5740 3147
5741 3127
5742 3127
5743 3127
5744 3127
5745 3127
5746 3127
5747 3127
5748 3127
5749 3127
5750 3127
5751 3127
5752 3127
5753 3127
5754 3127
5755 3127
5756 3127
5757 3127
5758 3127
5759 3127
5760 3127
5761 3127
5762 3127
5763 3127
5764 3127
5765 3127
5766 3127
5767 3127
5768 3127
5769 3127
5770 3127
5771 3127
5772 3127
5773 3127
5774 3127
5775 3127
5776 3117
5777 3117
5778 3117
5779 3117
5780 3117
5781 3117
5782 3117
5783 3117
5784 3117
5785 3117
5786 3117
5787 3117
5788 3117
5789 3117
5790 3117
5791 3117
5792 3117
5793 3117
5794 3117
5795 3117
5796 3117
5797 3117
5798 3117
5799 3117
5800 3117
5801 3117
5802 3117
5803 3117
5804 3117
5805 3117
5806 3117
5807 3117
5808 3117
5809 3117
5810 3117
5811 3117
5812 3117
5813 3095
5814 3095
5815 3095
5816 3095
5817 3095
5818 3095
5819 3095
5820 3095
5821 3095
5822 3095
5823 3095
5824 3095
5825 3095
5826 3095
5827 3095
5828 3095
5829 3095
5830 3095
5831 3095
5832 3095
5833 3095
5834 3095
5835 3095
5836 3095
5837 3095
5838 3095
5839 3095
5840 3095
5841 3095
5842 3095
5843 3095
5844 3095
5845 3095
5846 3095
5847 3095
5848 3095
5849 3095
5850 3095
5851 3095
5852 3095
5853 3095
5854 3095
5855 3095
5856 3095
5857 3095
5858 3095
5859 3095
5860 3095
5861 3095
5862 3095
5863 3095
5864 3095
5865 3095
5866 3095
5867 3095
5868 3095
5869 3095
5870 3095
5871 3095
5872 3095
5873 3095
5874 3095
5875 3095
5876 3095
5877 3095
5878 3095
5879 3095
5880 3095
5881 3095
5882 3095
5883 3095
5884 3095
5885 3095
5886 3095
5887 3095
5888 3095
5889 3095
5890 3095
5891 3079
5892 3079
5893 3079
5894 3079
5895 3079
5896 3079
5897 3079
5898 3079
5899 3079
5900 3079
5901 3079
5902 3079
5903 3079
5904 3079
5905 3079
5906 3079
5907 3079
5908 3072
5909 3072
5910 3072
5911 3072
5912 3072
5913 3072
5914 3072
5915 3072
5916 3072
5917 3072
5918 3072
5919 3072
5920 3072
5921 3072
5922 3072
5923 3072
5924 3072
5925 3072
5926 3072
5927 3069
5928 3069
5929 3069
5930 3069
5931 3069
5932 3069
5933 3069
5934 3069
5935 3069
5936 3060
5937 3060
5938 3060
5939 3060
5940 3060
5941 3060
5942 3060
5943 3060
5944 3060
5945 3060
5946 3060
5947 3056
5948 3056
5949 3056
5950 3056
5951 3056
5952 3056
5953 3056
5954 3056
5955 3056
5956 3056
5957 3056
5958 3056
5959 3056
5960 3056
5961 3056
5962 3056
5963 3056
5964 3056
5965 3056
5966 3056
5967 3056
5968 3056
5969 3056
5970 3056
5971 3056
5972 3056
5973 3056
5974 3056
5975 3056
5976 3056
5977 3056
5978 3056
5979 3056
5980 3056
5981 3056
5982 3056
5983 3056
5984 3056
5985 3056
5986 3056
5987 3056
5988 3056
5989 3056
5990 3056
5991 3056
5992 3056
5993 3056
5994 3056
5995 3056
5996 3056
5997 3056
5998 3056
5999 3056
6000 3056
6001 3056
6002 3056
6003 3056
6004 3056
6005 3056
6006 3056
6007 3056
6008 3056
6009 3056
6010 3056
6011 3055
6012 3055
6013 3055
6014 3055
6015 3055
6016 3055
6017 3055
6018 3055
6019 3055
6020 3055
6021 3055
6022 3055
6023 3055
6024 3055
6025 3055
6026 3048
6027 3048
6028 3048
6029 3048
6030 3048
6031 3048
6032 3048
6033 3048
6034 3048
6035 3048
6036 3048
6037 3048
6038 3048
6039 3048
6040 3048
6041 3048
6042 3048
6043 3048
6044 3048
6045 3048
6046 3048
6047 3048
6048 3048
6049 3048
6050 3048
6051 3048
6052 3048
6053 3048
6054 3048
6055 3048
6056 3048
6057 3048
6058 3048
6059 3048
6060 3048
6061 3048
6062 3048
6063 3048
6064 3048
6065 3048
6066 3048
6067 3048
6068 3048
6069 3048
6070 3048
6071 3048
6072 3048
6073 3048
6074 3048
6075 3048
6076 3048
6077 3048
6078 3048
6079 3048
6080 3048
6081 3048
6082 3048
6083 3048
6084 3048
6085 3048
6086 3048
6087 3048
6088 3048
6089 3048
6090 3048
6091 3048
6092 3048
6093 3048
6094 3048
6095 3048
6096 3048
6097 3048
6098 3048
6099 3048
6100 3048
6101 3048
6102 3048
6103 3048
6104 3048
6105 3048
6106 3048
6107 3048
6108 3048
6109 3048
6110 3048
6111 3048
6112 3048
6113 3048
6114 3048
6115 3048
6116 3048
6117 3048
6118 3048
6119 3048
6120 3048
6121 3048
6122 3048
6123 3048
6124 3048
6125 3048
6126 3048
6127 3048
6128 3048
6129 3048
6130 3048
6131 3048
6132 3048
6133 3048
6134 3048
6135 3048
6136 3048
6137 3048
6138 3048
6139 3048
6140 3048
6141 3048
6142 3048
6143 3048
6144 3048
6145 3048
6146 3048
6147 3048
6148 3048
6149 3048
6150 3048
6151 3048
6152 3048
6153 3048
6154 3048
6155 3048
6156 3048
6157 3048
6158 3048
6159 3048
6160 3048
6161 3048
6162 3048
6163 3048
6164 3048
6165 3048
6166 3048
6167 3048
6168 3048
6169 3048
6170 3048
6171 3048
6172 3048
6173 3048
6174 3048
6175 3048
6176 3048
6177 3048
6178 3048
6179 3048
6180 3048
6181 3048
6182 3048
6183 3048
6184 3048
6185 3048
6186 3048
6187 3048
6188 3048
6189 3048
6190 3048
6191 3048
6192 3048
6193 3048
6194 3048
6195 3048
6196 3048
6197 3048
6198 3048
6199 3048
6200 3048
6201 3048
6202 3048
6203 3048
6204 3048
6205 3048
6206 3048
6207 3048
6208 3048
6209 3048
6210 3048
6211 3048
6212 3048
6213 3048
6214 3048
6215 3048
6216 3048
6217 3048
6218 3048
6219 3048
6220 3048
6221 3048
6222 3048
6223 3048
6224 3048
6225 3048
6226 3048
6227 3046
6228 3046
6229 3046
6230 3046
6231 3046
6232 3046
6233 3046
6234 3046
6235 3046
6236 3046
6237 3046
6238 3040
6239 3040
6240 3040
6241 3040
6242 3040
6243 3040
6244 3040
6245 3040
6246 3040
6247 3040
6248 3040
6249 3040
6250 3040
6251 3040
6252 3040
6253 3040
6254 3040
6255 3040
6256 3040
6257 3040
6258 3040
6259 3040
6260 3040
6261 3040
6262 3040
6263 3040
6264 3040
6265 3040
6266 3040
6267 3040
6268 3040
6269 3040
6270 3040
6271 3040
6272 3040
6273 3040
6274 3040
6275 3040
6276 3040
6277 3040
6278 3040
6279 3040
6280 3040
6281 3040
6282 3040
6283 3040
6284 3040
6285 3040
6286 3040
6287 3040
6288 3040
6289 3040
6290 3040
6291 3040
6292 3040
6293 3040
6294 3040
6295 3040
6296 3040
6297 3040
6298 3040
6299 3040
6300 3040
6301 3040
6302 3040
6303 3040
6304 3040
6305 3040
6306 3040
6307 3040
6308 3040
6309 3040
6310 3040
6311 3040
6312 3040
6313 3040
6314 3040
6315 3040
6316 3040
6317 3040
6318 3040
6319 3040
6320 3040
6321 3040
6322 3040
6323 3040
6324 3040
6325 3040
6326 3040
6327 3040
6328 3040
6329 3040
6330 3040
6331 3040
6332 3040
6333 3040
6334 3040
6335 3040
6336 3040
6337 3040
6338 3040
6339 3040
6340 3040
6341 3040
6342 3040
6343 3040
6344 3040
6345 3040
6346 3040
6347 3040
6348 3040
6349 3040
6350 3040
6351 3040
6352 3040
6353 3040
6354 3040
6355 3040
6356 3040
6357 3040
6358 3040
6359 3040
6360 3040
6361 3040
6362 3040
6363 3040
6364 3040
6365 3040
6366 3040
6367 3040
6368 3040
6369 3040
6370 3040
6371 3040
6372 3040
6373 3040
6374 3040
6375 3040
6376 3040
6377 3040
6378 3040
6379 3040
6380 3040
6381 3040
6382 3040
6383 3040
6384 3040
6385 3040
6386 3040
6387 3040
6388 3040
6389 3040
6390 3040
6391 3040
6392 3040
6393 3040
6394 3040
6395 3040
6396 3040
6397 3040
6398 3040
6399 3040
6400 3040
6401 3040
6402 3040
6403 3040
6404 3040
6405 3040
6406 3040
6407 3040
6408 3040
6409 3040
6410 3040
6411 3040
6412 3040
6413 3040
6414 3040
6415 3040
6416 3040
6417 3037
6418 3037
6419 3037
6420 3037
6421 3037
6422 3037
6423 3037
6424 3037
6425 3037
6426 3037
6427 3037
6428 3037
6429 3037
6430 3037
6431 3037
6432 3037
6433 3037
6434 3037
6435 3037
6436 3037
6437 3037
6438 3037
6439 3037
6440 3037
6441 3037
6442 3037
6443 3037
6444 3037
6445 3037
6446 3037
6447 3037
6448 3037
6449 3037
6450 3037
6451 3037
6452 3037
6453 3037
6454 3037
6455 3037
6456 3037
6457 3037
6458 3037
6459 3037
6460 3037
6461 3037
6462 3037
6463 3037
6464 3037
6465 3037
6466 3037
6467 3037
6468 3037
6469 3037
6470 3037
6471 3037
6472 3037
6473 3037
6474 3037
6475 3034
6476 3034
6477 3034
6478 3034
6479 3034
6480 3034
6481 3034
6482 3034
6483 3034
6484 3034
6485 3034
6486 3034
6487 3032
6488 3032
6489 3032
6490 3032
6491 3032
6492 3032
6493 3032
6494 3032
6495 3032
6496 3032
6497 3032
6498 3032
6499 3032
6500 3032
6501 3032
6502 3032
6503 3032
6504 3032
6505 3032
6506 3032
6507 3032
6508 3032
6509 3032
6510 3032
6511 3032
6512 3032
6513 3032
6514 3032
6515 3032
6516 3032
6517 3032
6518 3032
6519 3032
6520 3032
6521 3032
6522 3032
6523 3032
6524 3032
6525 3032
6526 3032
6527 3032
6528 3032
6529 3032
6530 3032
6531 3032
6532 3032
6533 3032
6534 3032
6535 3032
6536 3032
6537 3032
6538 3032
6539 3032
6540 3032
6541 3032
6542 3032
6543 3032
6544 3032
6545 3032
6546 3032
6547 3032
6548 3030
6549 3030
6550 3030
6551 3030
6552 3030
6553 3030
6554 3030
6555 3030
6556 3030
6557 3030
6558 3030
6559 3030
6560 3030
6561 3030
6562 3030
6563 3030
6564 3030
6565 3030
6566 3030
6567 3030
6568 3030
6569 3030
6570 3030
6571 3030
6572 3030
6573 3030
6574 3030
6575 3030
6576 3030
6577 3030
6578 3030
6579 3030
6580 3030
6581 3030
6582 3030
6583 3030
6584 3030
6585 3030
6586 3030
6587 3030
6588 3030
6589 3030
6590 3030
6591 3030
6592 3030
6593 3030
6594 3030
6595 3030
6596 3030
6597 3030
6598 3030
6599 3030
6600 3030
6601 3030
6602 3030
6603 3030
6604 3030
6605 3030
6606 3030
6607 3030
6608 3030
6609 3030
6610 3030
6611 3030
6612 3030
6613 3030
6614 3030
6615 3030
6616 3030
6617 3030
6618 3030
6619 3030
6620 3030
6621 3030
6622 3030
6623 3030
6624 3030
6625 3030
6626 3030
6627 3030
6628 3030
6629 3030
6630 3030
6631 3030
6632 3030
6633 3030
6634 3030
6635 3030
6636 3030
6637 3030
6638 3030
6639 3030
6640 3030
6641 3030
6642 3030
6643 3030
6644 3030
6645 3030
6646 3030
6647 3030
6648 3030
6649 3030
6650 3030
6651 3030
6652 3030
6653 3030
6654 3030
6655 3030
6656 3030
6657 3030
6658 3030
6659 3030
6660 3030
6661 3030
6662 3030
6663 3030
6664 3030
6665 3030
6666 3030
6667 3030
6668 3030
6669 3030
6670 3030
6671 3030
6672 3030
6673 3030
6674 3030
6675 3030
6676 3030
6677 3030
6678 3030
6679 3030
6680 3030
6681 3030
6682 3030
6683 3030
6684 3030
6685 3030
6686 3030
6687 3030
6688 3030
6689 3030
6690 3030
6691 3030
6692 3030
6693 3030
6694 3030
6695 3030
6696 3030
6697 3030
6698 3030
6699 3030
6700 3030
6701 3030
6702 3030
6703 3027
6704 3027
6705 3027
6706 3027
6707 3027
6708 3027
6709 3027
6710 3027
6711 3027
6712 3027
6713 3027
6714 3027
6715 3027
6716 3027
6717 3027
6718 3027
6719 3027
6720 3027
6721 3027
6722 3027
6723 3027
6724 3027
6725 3027
6726 3027
6727 3027
6728 3027
6729 3027
6730 3027
6731 3027
6732 3027
6733 3027
6734 3027
6735 3027
6736 3027
6737 3027
6738 3027
6739 3027
6740 3027
6741 3027
6742 3027
6743 3027
6744 3027
6745 3027
6746 3027
6747 3027
6748 3027
6749 3027
6750 3012
6751 3012
6752 3012
6753 3012
6754 3012
6755 3012
6756 3012
6757 3012
6758 3012
6759 3012
6760 3012
6761 3012
6762 3012
6763 3012
6764 3012
6765 3012
6766 3012
6767 3012
6768 3012
6769 3012
6770 3012
6771 3012
6772 3012
6773 3012
6774 3012
6775 3012
6776 3012
6777 3012
6778 3012
6779 3012
6780 3012
6781 3011
6782 3011
6783 3011
6784 3011
6785 3011
6786 3011
6787 3011
6788 3011
6789 3011
6790 3011
6791 3011
6792 3011
6793 3011
6794 3011
6795 3011
6796 3011
6797 3011
6798 3011
6799 3011
6800 3011
6801 3011
6802 3011
6803 3011
6804 3011
6805 3011
6806 3011
6807 3011
6808 3011
6809 3011
6810 3011
6811 3011
6812 3011
6813 3011
6814 3011
6815 3011
6816 3011
6817 3011
6818 3011
6819 3011
6820 3011
6821 3011
6822 3011
6823 3011
6824 3011
6825 3011
6826 3011
6827 3011
6828 3011
6829 3011
6830 3011
6831 3011
6832 3011
6833 3011
6834 3011
6835 3011
6836 3011
6837 3011
6838 3011
6839 3011
6840 3011
6841 3011
6842 3005
6843 3005
6844 3005
6845 3005
6846 3005
6847 3005
6848 3005
6849 3005
6850 3005
6851 3005
6852 3005
6853 3005
6854 3005
6855 3005
6856 3005
6857 3005
6858 3005
6859 3005
6860 3005
6861 3005
6862 3005
6863 3005
6864 3005
6865 3005
6866 3005
6867 3005
6868 3005
6869 3005
6870 3005
6871 3005
6872 3005
6873 3005
6874 3005
6875 3005
6876 3005
6877 3005
6878 3005
6879 3005
6880 3005
6881 3005
6882 3005
6883 3005
6884 3005
6885 3005
6886 3005
6887 3005
6888 3005
6889 3005
6890 3005
6891 3005
6892 3005
6893 3005
6894 3005
6895 3005
6896 3005
6897 3005
6898 3005
6899 3005
6900 3005
6901 3005
6902 3005
6903 3005
6904 3005
6905 3005
6906 3005
6907 3005
6908 3005
6909 3005
6910 3005
6911 3005
6912 3005
6913 3005
6914 3005
6915 3005
6916 3005
6917 3005
6918 3005
6919 3005
6920 3005
6921 3005
6922 3005
6923 3005
6924 3005
6925 3005
6926 3005
6927 3005
6928 2990
6929 2990
6930 2990
6931 2990
6932 2987
6933 2987
6934 2987
6935 2975
6936 2975
6937 2975
6938 2975
6939 2975
6940 2975
6941 2975
6942 2975
6943 2975
6944 2975
6945 2975
6946 2975
6947 2975
6948 2975
6949 2975
6950 2975
6951 2975
6952 2975
6953 2974
6954 2974
6955 2974
6956 2974
6957 2974
6958 2974
6959 2974
6960 2974
6961 2974
6962 2974
6963 2974
6964 2974
6965 2974
6966 2974
6967 2974
6968 2974
6969 2974
6970 2974
6971 2974
6972 2974
6973 2974
6974 2974
6975 2974
6976 2974
6977 2974
6978 2974
6979 2974
6980 2974
6981 2974
6982 2974
6983 2974
6984 2974
6985 2974
6986 2974
6987 2974
6988 2974
6989 2974
6990 2974
6991 2974
6992 2974
6993 2974
6994 2974
6995 2974
6996 2974
6997 2974
6998 2974
6999 2974
7000 2974
7001 2974
7002 2974
7003 2974
7004 2974
7005 2974
7006 2974
7007 2974
7008 2974
7009 2974
7010 2974
7011 2974
7012 2974
7013 2974
7014 2974
7015 2974
7016 2974
7017 2974
7018 2974
7019 2974
7020 2974
7021 2974
7022 2974
7023 2974
7024 2974
7025 2974
7026 2974
7027 2974
7028 2974
7029 2974
7030 2974
7031 2974
7032 2974
7033 2974
7034 2974
7035 2974
7036 2974
7037 2974
7038 2974
7039 2974
7040 2974
7041 2974
7042 2974
7043 2974
7044 2974
7045 2974
7046 2974
7047 2974
7048 2974
7049 2974
7050 2974
7051 2974
7052 2974
7053 2974
7054 2974
7055 2974
7056 2974
7057 2974
7058 2974
7059 2974
7060 2974
7061 2974
7062 2974
7063 2974
7064 2974
7065 2974
7066 2974
7067 2974
7068 2974
7069 2974
7070 2974
7071 2974
7072 2974
7073 2974
7074 2974
7075 2974
7076 2974
7077 2974
7078 2974
7079 2974
7080 2974
7081 2974
7082 2974
7083 2974
7084 2974
7085 2974
7086 2974
7087 2974
7088 2974
7089 2974
7090 2974
7091 2974
7092 2974
7093 2974
7094 2974
7095 2974
7096 2974
7097 2974
7098 2974
7099 2974
7100 2974
7101 2974
7102 2974
7103 2974
7104 2974
7105 2974
7106 2974
7107 2974
7108 2974
7109 2974
7110 2974
7111 2974
7112 2974
7113 2974
7114 2974
7115 2974
7116 2974
7117 2974
7118 2974
7119 2974
7120 2974
7121 2974
7122 2974
7123 2974
7124 2974
7125 2974
7126 2974
7127 2974
7128 2974
7129 2974
7130 2974
7131 2974
7132 2974
7133 2974
7134 2974
7135 2974
7136 2974
7137 2974
7138 2973
7139 2973
7140 2959
7141 2959
7142 2959
7143 2959
7144 2959
7145 2959
7146 2959
7147 2959
7148 2959
7149 2959
7150 2959
7151 2959
7152 2959
7153 2959
7154 2959
7155 2959
7156 2959
7157 2959
7158 2959
7159 2959
7160 2959
7161 2959
7162 2959
7163 2959
7164 2959
7165 2959
7166 2959
7167 2959
7168 2959
7169 2959
7170 2959
7171 2959
7172 2959
7173 2959
7174 2959
7175 2959
7176 2959
7177 2959
7178 2959
7179 2959
7180 2959
7181 2959
7182 2959
7183 2959
7184 2959
7185 2959
7186 2959
7187 2959
7188 2959
7189 2959
7190 2959
7191 2959
7192 2959
7193 2959
7194 2959
7195 2959
7196 2959
7197 2959
7198 2959
7199 2959
7200 2959
7201 2959
7202 2959
7203 2959
7204 2959
7205 2959
7206 2959
7207 2959
7208 2959
7209 2959
7210 2959
7211 2959
7212 2959
7213 2959
7214 2959
7215 2959
7216 2959
7217 2959
7218 2959
7219 2959
7220 2959
7221 2959
7222 2959
7223 2959
7224 2959
7225 2959
7226 2959
7227 2959
7228 2959
7229 2959
7230 2959
7231 2959
7232 2959
7233 2959
7234 2959
7235 2959
7236 2959
7237 2959
7238 2959
7239 2959
7240 2959
7241 2959
7242 2959
7243 2959
7244 2959
7245 2959
7246 2959
7247 2959
7248 2959
7249 2959
7250 2959
7251 2959
7252 2945
7253 2945
7254 2945
7255 2945
7256 2945
7257 2945
7258 2945
7259 2945
7260 2945
7261 2945
7262 2945
7263 2945
7264 2945
7265 2945
7266 2945
7267 2945
7268 2945
7269 2945
7270 2945
7271 2945
7272 2945
7273 2945
7274 2945
7275 2945
7276 2945
7277 2945
7278 2945
7279 2945
7280 2945
7281 2945
7282 2945
7283 2945
7284 2945
7285 2927
7286 2927
7287 2927
7288 2927
7289 2927
7290 2927
7291 2927
7292 2927
7293 2927
7294 2927
7295 2927
7296 2927
7297 2927
7298 2927
7299 2927
7300 2927
7301 2927
7302 2927
7303 2927
7304 2927
7305 2927
7306 2927
7307 2927
7308 2927
7309 2927
7310 2927
7311 2927
7312 2927
7313 2927
7314 2927
7315 2927
7316 2927
7317 2927
7318 2927
7319 2927
7320 2927
7321 2927
7322 2927
7323 2927
7324 2927
7325 2927
7326 2927
7327 2927
7328 2927
7329 2927
7330 2927
7331 2927
7332 2927
7333 2927
7334 2927
7335 2927
7336 2927
7337 2927
7338 2927
7339 2927
7340 2927
7341 2927
7342 2927
7343 2927
7344 2927
7345 2924
7346 2924
7347 2924
7348 2924
7349 2924
7350 2924
7351 2924
7352 2924
7353 2924
7354 2924
7355 2924
7356 2924
7357 2924
7358 2924
7359 2924
7360 2924
7361 2924
7362 2924
7363 2924
7364 2924
7365 2924
7366 2924
7367 2924
7368 2924
7369 2924
7370 2924
7371 2924
7372 2924
7373 2924
7374 2924
7375 2924
7376 2924
7377 2924
7378 2924
7379 2924
7380 2924
7381 2924
7382 2924
7383 2924
7384 2913
7385 2913
7386 2913
7387 2913
7388 2913
7389 2913
7390 2913
7391 2913
7392 2913
7393 2913
7394 2913
7395 2913
7396 2913
7397 2913
7398 2913
7399 2913
7400 2913
7401 2913
7402 2913
7403 2913
7404 2913
7405 2913
7406 2913
7407 2913
7408 2913
7409 2913
7410 2913
7411 2913
7412 2913
7413 2913
7414 2913
7415 2913
7416 2913
7417 2913
7418 2913
7419 2913
7420 2913
7421 2913
7422 2913
7423 2913
7424 2913
7425 2913
7426 2913
7427 2913
7428 2913
7429 2913
7430 2913
7431 2913
7432 2913
7433 2913
7434 2913
7435 2913
7436 2913
7437 2913
7438 2913
7439 2913
7440 2913
7441 2913
7442 2913
7443 2913
7444 2913
7445 2913
7446 2913
7447 2913
7448 2913
7449 2913
7450 2913
7451 2913
7452 2913
7453 2913
7454 2913
7455 2913
7456 2913
7457 2913
7458 2913
7459 2913
7460 2913
7461 2913
7462 2913
7463 2913
7464 2913
7465 2913
7466 2913
7467 2913
7468 2913
7469 2913
7470 2913
7471 2913
7472 2913
7473 2913
7474 2913
7475 2913
7476 2913
7477 2913
7478 2913
7479 2913
7480 2913
7481 2913
7482 2913
7483 2913
7484 2913
7485 2913
7486 2913
7487 2913
7488 2913
7489 2913
7490 2913
7491 2913
7492 2913
7493 2913
7494 2913
7495 2912
7496 2912
7497 2912
7498 2912
7499 2912
7500 2912
7501 2912
7502 2912
7503 2912
7504 2912
7505 2912
7506 2912
7507 2912
7508 2912
7509 2912
7510 2912
7511 2912
7512 2912
7513 2912
7514 2912
7515 2912
7516 2912
7517 2912
7518 2912
7519 2912
7520 2876
7521 2876
7522 2876
7523 2876
7524 2876
7525 2876
7526 2876
7527 2876
7528 2876
7529 2876
7530 2876
7531 2876
7532 2876
7533 2876
7534 2876
7535 2876
7536 2876
7537 2876
7538 2876
7539 2876
7540 2876
7541 2876
7542 2876
7543 2876
7544 2875
7545 2875
7546 2875
7547 2875
7548 2875
7549 2875
7550 2875
7551 2875
7552 2875
7553 2875
7554 2875
7555 2875
7556 2875
7557 2875
7558 2875
7559 2875
7560 2875
7561 2875
7562 2875
7563 2875
7564 2875
7565 2875
7566 2875
7567 2875
7568 2875
7569 2875
7570 2875
7571 2875
7572 2875
7573 2875
7574 2875
7575 2875
7576 2875
7577 2875
7578 2875
7579 2875
7580 2875
7581 2875
7582 2875
7583 2875
7584 2875
7585 2875
7586 2875
7587 2875
7588 2875
7589 2875
7590 2875
7591 2875
7592 2875
7593 2875
7594 2875
7595 2875
7596 2875
7597 2875
7598 2875
7599 2875
7600 2875
7601 2875
7602 2875
7603 2875
7604 2875
7605 2875
7606 2875
7607 2875
7608 2875
7609 2875
7610 2875
7611 2875
7612 2875
7613 2875
7614 2875
7615 2875
7616 2875
7617 2875
7618 2875
7619 2875
7620 2875
7621 2875
7622 2875
7623 2875
7624 2875
7625 2875
7626 2875
7627 2875
7628 2875
7629 2875
7630 2875
7631 2875
7632 2875
7633 2875
7634 2875
7635 2875
7636 2875
7637 2875
7638 2875
7639 2875
7640 2875
7641 2875
7642 2875
7643 2875
7644 2875
7645 2875
7646 2875
7647 2875
7648 2875
7649 2875
7650 2875
7651 2875
7652 2875
7653 2875
7654 2875
7655 2875
7656 2875
7657 2875
7658 2875
7659 2875
7660 2875
7661 2875
7662 2875
7663 2875
7664 2875
7665 2875
7666 2875
7667 2875
7668 2875
7669 2875
7670 2875
7671 2875
7672 2875
7673 2875
7674 2875
7675 2875
7676 2875
7677 2875
7678 2875
7679 2875
7680 2875
7681 2875
7682 2875
7683 2875
7684 2875
7685 2875
7686 2875
7687 2875
7688 2875
7689 2875
7690 2875
7691 2875
7692 2875
7693 2875
7694 2875
7695 2875
7696 2875
7697 2875
7698 2875
7699 2875
7700 2875
7701 2875
7702 2871
7703 2871
7704 2871
7705 2871
7706 2871
7707 2871
7708 2871
7709 2871
7710 2871
7711 2871
7712 2871
7713 2871
7714 2871
7715 2871
7716 2871
7717 2871
7718 2871
7719 2871
7720 2871
7721 2871
7722 2871
7723 2871
7724 2871
7725 2871
7726 2871
7727 2871
7728 2871
7729 2871
7730 2871
7731 2871
7732 2871
7733 2871
7734 2871
7735 2871
7736 2871
7737 2871
7738 2871
7739 2871
7740 2871
7741 2871
7742 2871
7743 2871
7744 2871
7745 2871
7746 2871
7747 2871
7748 2871
7749 2871
7750 2871
7751 2871
7752 2871
7753 2871
7754 2871
7755 2871
7756 2871
7757 2871
7758 2871
7759 2871
7760 2871
7761 2871
7762 2871
7763 2871
7764 2871
7765 2871
7766 2871
7767 2871
7768 2871
7769 2871
7770 2871
7771 2871
7772 2871
7773 2871
7774 2871
7775 2871
7776 2871
7777 2871
7778 2871
7779 2871
7780 2871
7781 2871
7782 2871
7783 2871
7784 2871
7785 2871
7786 2871
7787 2871
7788 2871
7789 2871
7790 2871
7791 2871
7792 2871
7793 2871
7794 2871
7795 2871
7796 2871
7797 2871
7798 2871
7799 2871
7800 2871
7801 2871
7802 2871
7803 2871
7804 2871
7805 2871
7806 2871
7807 2871
7808 2871
7809 2871
7810 2871
7811 2871
7812 2871
7813 2871
7814 2871
7815 2871
7816 2871
7817 2871
7818 2871
7819 2871
7820 2871
7821 2871
7822 2871
7823 2871
7824 2871
7825 2871
7826 2871
7827 2871
7828 2871
7829 2861
7830 2861
7831 2861
7832 2861
7833 2861
7834 2861
7835 2861
7836 2861
7837 2861
7838 2861
7839 2861
7840 2861
7841 2861
7842 2861
7843 2861
7844 2861
7845 2861
7846 2861
7847 2861
7848 2857
7849 2857
7850 2857
7851 2857
7852 2857
7853 2857
7854 2857
7855 2857
7856 2851
7857 2851
7858 2851
7859 2851
7860 2851
7861 2851
7862 2851
7863 2851
7864 2851
7865 2851
7866 2851
7867 2851
7868 2851
7869 2851
7870 2851
7871 2851
7872 2851
7873 2851
7874 2851
7875 2851
7876 2851
7877 2851
7878 2851
7879 2851
7880 2851
7881 2851
7882 2851
7883 2851
7884 2851
7885 2851
7886 2851
7887 2851
7888 2851
7889 2851
7890 2851
7891 2851
7892 2851
7893 2851
7894 2851
7895 2851
7896 2851
7897 2851
7898 2851
7899 2851
7900 2851
7901 2851
7902 2851
7903 2851
7904 2851
7905 2851
7906 2851
7907 2851
7908 2851
7909 2851
7910 2851
7911 2851
7912 2851
7913 2851
7914 2851
7915 2851
7916 2851
7917 2851
7918 2851
7919 2851
7920 2851
7921 2851
7922 2851
7923 2851
7924 2851
7925 2851
7926 2851
7927 2851
7928 2851
7929 2851
7930 2851
7931 2851
7932 2851
7933 2851
7934 2851
7935 2851
7936 2851
7937 2851
7938 2851
7939 2851
7940 2851
7941 2851
7942 2851
7943 2851
7944 2851
7945 2851
7946 2851
7947 2851
7948 2851
7949 2851
7950 2851
7951 2851
7952 2851
7953 2851
7954 2851
7955 2851
7956 2851
7957 2851
7958 2851
7959 2851
7960 2851
7961 2851
7962 2851
7963 2851
7964 2851
7965 2851
7966 2851
7967 2851
7968 2851
7969 2851
7970 2851
7971 2851
7972 2851
7973 2851
7974 2851
7975 2851
7976 2851
7977 2851
7978 2851
7979 2851
7980 2851
7981 2851
7982 2851
7983 2851
7984 2851
7985 2851
7986 2851
7987 2851
7988 2851
7989 2851
7990 2851
7991 2851
7992 2851
7993 2851
7994 2851
7995 2851
7996 2851
7997 2851
7998 2851
7999 2851
8000 2851
8001 2851
8002 2851
8003 2851
8004 2851
8005 2851
8006 2851
8007 2851
8008 2851
8009 2851
8010 2851
8011 2851
8012 2851
8013 2851
8014 2851
8015 2851
8016 2851
8017 2851
8018 2851
8019 2851
8020 2851
8021 2851
8022 2851
8023 2851
8024 2851
8025 2851
8026 2851
8027 2851
8028 2851
8029 2851
8030 2851
8031 2851
8032 2851
8033 2851
8034 2851
8035 2851
8036 2851
8037 2851
8038 2851
8039 2851
8040 2851
8041 2851
8042 2851
8043 2851
8044 2851
8045 2851
8046 2851
8047 2851
8048 2851
8049 2851
8050 2851
8051 2851
8052 2851
8053 2851
8054 2851
8055 2851
8056 2851
8057 2851
8058 2851
8059 2851
8060 2851
8061 2851
8062 2851
8063 2851
8064 2851
8065 2851
8066 2851
8067 2851
8068 2851
8069 2851
8070 2851
8071 2851
8072 2851
8073 2851
8074 2851
8075 2851
8076 2851
8077 2851
8078 2851
8079 2851
8080 2851
8081 2851
8082 2851
8083 2851
8084 2851
8085 2851
8086 2851
8087 2851
8088 2851
8089 2851
8090 2851
8091 2851
8092 2851
8093 2851
8094 2851
8095 2851
8096 2851
8097 2851
8098 2851
8099 2851
8100 2851
8101 2851
8102 2851
8103 2851
8104 2851
8105 2851
8106 2851
8107 2851
8108 2851
8109 2851
8110 2851
8111 2851
8112 2851
8113 2851
8114 2851
8115 2851
8116 2851
8117 2851
8118 2851
8119 2851
8120 2851
8121 2851
8122 2851
8123 2851
8124 2851
8125 2851
8126 2851
8127 2851
8128 2851
8129 2851
8130 2851
8131 2851
8132 2851
8133 2851
8134 2851
8135 2851
8136 2851
8137 2851
8138 2851
8139 2851
8140 2851
8141 2851
8142 2851
8143 2851
8144 2851
8145 2851
8146 2851
8147 2851
8148 2851
8149 2851
8150 2851
8151 2851
8152 2851
8153 2851
8154 2851
8155 2851
8156 2851
8157 2851
8158 2851
8159 2851
8160 2851
8161 2851
8162 2851
8163 2851
8164 2851
8165 2851
8166 2851
8167 2851
8168 2851
8169 2851
8170 2851
8171 2851
8172 2851
8173 2851
8174 2851
8175 2851
8176 2851
8177 2851
8178 2851
8179 2851
8180 2851
8181 2851
8182 2851
8183 2851
8184 2851
8185 2851
8186 2851
8187 2851
8188 2851
8189 2851
8190 2851
8191 2851
8192 2851
8193 2851
8194 2851
8195 2851
8196 2851
8197 2851
8198 2851
8199 2851
8200 2851
8201 2851
8202 2851
8203 2851
8204 2851
8205 2851
8206 2851
8207 2851
8208 2851
8209 2851
8210 2851
8211 2851
8212 2851
8213 2851
8214 2851
8215 2851
8216 2851
8217 2851
8218 2851
8219 2851
8220 2851
8221 2851
8222 2851
8223 2851
8224 2851
8225 2851
8226 2851
8227 2851
8228 2851
8229 2851
8230 2851
8231 2851
8232 2851
8233 2851
8234 2851
8235 2851
8236 2851
8237 2851
8238 2851
8239 2851
8240 2851
8241 2851
8242 2851
8243 2851
8244 2851
8245 2851
8246 2851
8247 2851
8248 2851
8249 2851
8250 2851
8251 2851
8252 2851
8253 2851
8254 2851
8255 2851
8256 2851
8257 2851
8258 2851
8259 2851
8260 2851
8261 2851
8262 2851
8263 2851
8264 2851
8265 2851
8266 2851
8267 2851
8268 2851
8269 2851
8270 2851
8271 2851
8272 2851
8273 2851
8274 2851
8275 2851
8276 2851
8277 2851
8278 2851
8279 2851
8280 2851
8281 2851
8282 2851
8283 2851
8284 2851
8285 2851
8286 2851
8287 2851
8288 2851
8289 2851
8290 2851
8291 2851
8292 2851
8293 2851
8294 2851
8295 2851
8296 2851
8297 2851
8298 2851
8299 2851
8300 2851
8301 2851
8302 2851
8303 2851
8304 2851
8305 2851
8306 2851
8307 2851
8308 2851
8309 2851
8310 2851
8311 2851
8312 2851
8313 2851
8314 2851
8315 2851
8316 2851
8317 2851
8318 2851
8319 2851
8320 2851
8321 2851
8322 2851
8323 2851
8324 2851
8325 2851
8326 2851
8327 2851
8328 2851
8329 2851
8330 2851
8331 2851
8332 2851
8333 2851
8334 2851
8335 2851
8336 2851
8337 2851
8338 2851
8339 2851
8340 2851
8341 2851
8342 2851
8343 2851
8344 2851
8345 2851
8346 2851
8347 2851
8348 2851
8349 2851
8350 2851
8351 2851
8352 2851
8353 2851
8354 2851
8355 2851
8356 2851
8357 2851
8358 2851
8359 2851
8360 2851
8361 2851
8362 2851
8363 2851
8364 2851
8365 2851
8366 2851
8367 2851
8368 2851
8369 2851
8370 2851
8371 2851
8372 2851
8373 2851
8374 2851
8375 2851
8376 2851
8377 2851
8378 2851
8379 2851
8380 2851
8381 2851
8382 2851
8383 2851
8384 2851
8385 2851
8386 2851
8387 2851
8388 2851
8389 2851
8390 2851
8391 2851
8392 2851
8393 2851
8394 2851
8395 2851
8396 2851
8397 2851
8398 2851
8399 2851
8400 2851
8401 2851
8402 2851
8403 2851
8404 2851
8405 2851
8406 2851
8407 2851
8408 2851
8409 2851
8410 2851
8411 2851
8412 2851
8413 2851
8414 2851
8415 2851
8416 2851
8417 2851
8418 2851
8419 2851
8420 2851
8421 2851
8422 2851
8423 2851
8424 2851
8425 2851
8426 2851
8427 2851
8428 2851
8429 2851
8430 2851
8431 2851
8432 2851
8433 2851
8434 2851
8435 2851
8436 2851
8437 2851
8438 2851
8439 2851
8440 2851
8441 2851
8442 2851
8443 2851
8444 2851
8445 2851
8446 2851
8447 2851
8448 2851
8449 2851
8450 2851
8451 2851
8452 2851
8453 2847
8454 2847
8455 2847
8456 2847
8457 2847
8458 2847
8459 2847
8460 2847
8461 2847
8462 2847
8463 2847
8464 2847
8465 2847
8466 2847
8467 2847
8468 2847
8469 2847
8470 2847
8471 2847
8472 2847
8473 2847
8474 2847
8475 2845
8476 2845
8477 2845
8478 2845
8479 2845
8480 2845
8481 2845
8482 2845
8483 2845
8484 2845
8485 2845
8486 2845
8487 2845
8488 2845
8489 2845
8490 2845
8491 2845
8492 2845
8493 2845
8494 2845
8495 2845
8496 2845
8497 2845
8498 2845
8499 2845
8500 2845
8501 2845
8502 2845
8503 2845
8504 2843
8505 2843
8506 2843
8507 2843
8508 2843
8509 2843
8510 2843
8511 2843
8512 2843
8513 2843
8514 2843
8515 2843
8516 2843
8517 2843
8518 2843
8519 2843
8520 2843
8521 2843
8522 2843
8523 2843
8524 2843
8525 2843
8526 2843
8527 2843
8528 2843
8529 2843
8530 2843
8531 2843
8532 2843
8533 2843
8534 2843
8535 2843
8536 2843
8537 2843
8538 2843
8539 2843
8540 2843
8541 2843
8542 2843
8543 2843
8544 2843
8545 2843
8546 2843
8547 2843
8548 2843
8549 2843
8550 2843
8551 2843
8552 2843
8553 2843
8554 2843
8555 2843
8556 2833
8557 2833
8558 2833
8559 2833
8560 2833
8561 2833
8562 2833
8563 2833
8564 2833
8565 2833
8566 2833
8567 2833
8568 2833
8569 2833
8570 2833
8571 2833
8572 2833
8573 2833
8574 2833
8575 2833
8576 2833
8577 2833
8578 2833
8579 2833
8580 2833
8581 2833
8582 2833
8583 2833
8584 2833
8585 2833
8586 2833
8587 2833
8588 2833
8589 2833
8590 2833
8591 2833
8592 2833
8593 2833
8594 2833
8595 2833
8596 2833
8597 2833
8598 2829
8599 2829
8600 2829
8601 2829
8602 2829
8603 2829
8604 2829
8605 2829
8606 2829
8607 2829
8608 2829
8609 2829
8610 2829
8611 2829
8612 2829
8613 2829
8614 2829
8615 2829
8616 2829
8617 2829
8618 2829
8619 2829
8620 2829
8621 2829
8622 2829
8623 2829
8624 2829
8625 2829
8626 2829
8627 2829
8628 2829
8629 2829
8630 2829
8631 2829
8632 2829
8633 2829
8634 2824
8635 2824
8636 2824
8637 2824
8638 2824
8639 2824
8640 2824
8641 2824
8642 2824
8643 2824
8644 2824
8645 2824
8646 2824
8647 2824
8648 2824
8649 2824
8650 2824
8651 2824
8652 2824
8653 2824
8654 2824
8655 2824
8656 2824
8657 2824
8658 2824
8659 2824
8660 2824
8661 2824
8662 2824
8663 2824
8664 2824
8665 2824
8666 2824
8667 2824
8668 2824
8669 2824
8670 2824
8671 2824
8672 2824
8673 2824
8674 2824
8675 2824
8676 2824
8677 2824
8678 2824
8679 2824
8680 2824
8681 2824
8682 2824
8683 2824
8684 2824
8685 2824
8686 2824
8687 2819
8688 2819
8689 2819
8690 2819
8691 2819
8692 2819
8693 2819
8694 2819
8695 2819
8696 2819
8697 2819
8698 2819
8699 2819
8700 2819
8701 2819
8702 2819
8703 2819
8704 2819
8705 2819
8706 2819
8707 2819
8708 2819
8709 2819
8710 2819
8711 2819
8712 2819
8713 2819
8714 2819
8715 2819
8716 2819
8717 2819
8718 2819
8719 2819
8720 2819
8721 2819
8722 2819
8723 2819
8724 2819
8725 2819
8726 2819
8727 2819
8728 2819
8729 2819
8730 2819
8731 2819
8732 2819
8733 2819
8734 2819
8735 2819
8736 2819
8737 2819
8738 2819
8739 2819
8740 2819
8741 2819
8742 2819
8743 2819
8744 2819
8745 2819
8746 2819
8747 2819
8748 2815
8749 2815
8750 2815
8751 2815
8752 2815
8753 2815
8754 2815
8755 2815
8756 2815
8757 2815
8758 2815
8759 2815
8760 2806
8761 2806
8762 2806
8763 2806
8764 2806
8765 2806
8766 2806
8767 2806
8768 2806
8769 2806
8770 2806
8771 2806
8772 2806
8773 2806
8774 2806
8775 2806
8776 2806
8777 2806
8778 2806
8779 2806
8780 2806
8781 2806
8782 2806
8783 2806
8784 2806
8785 2806
8786 2806
8787 2806
8788 2806
8789 2806
8790 2806
8791 2806
8792 2806
8793 2806
8794 2806
8795 2806
8796 2806
8797 2806
8798 2806
8799 2806
8800 2806
8801 2806
8802 2806
8803 2806
8804 2806
8805 2806
8806 2806
8807 2806
8808 2806
8809 2806
8810 2806
8811 2806
8812 2806
8813 2806
8814 2806
8815 2806
8816 2806
8817 2806
8818 2806
8819 2806
8820 2806
8821 2806
8822 2806
8823 2806
8824 2806
8825 2806
8826 2806
8827 2806
8828 2806
8829 2806
8830 2806
8831 2806
8832 2806
8833 2806
8834 2806
8835 2806
8836 2806
8837 2806
8838 2806
8839 2806
8840 2806
8841 2806
8842 2806
8843 2806
8844 2806
8845 2806
8846 2806
8847 2806
8848 2806
8849 2804
8850 2804
8851 2804
8852 2804
8853 2804
8854 2804
8855 2804
8856 2804
8857 2804
8858 2804
8859 2804
8860 2804
8861 2804
8862 2804
8863 2804
8864 2804
8865 2804
8866 2804
8867 2804
8868 2804
8869 2804
8870 2804
8871 2804
8872 2804
8873 2804
8874 2804
8875 2804
8876 2804
8877 2804
8878 2804
8879 2804
8880 2804
8881 2804
8882 2803
8883 2803
8884 2803
8885 2803
8886 2803
8887 2803
8888 2803
8889 2803
8890 2803
8891 2803
8892 2803
8893 2803
8894 2803
8895 2803
8896 2803
8897 2803
8898 2803
8899 2803
8900 2803
8901 2803
8902 2803
8903 2803
8904 2803
8905 2803
8906 2803
8907 2803
8908 2784
8909 2784
8910 2784
8911 2781
8912 2781
8913 2781
8914 2781
8915 2781
8916 2781
8917 2781
8918 2781
8919 2781
8920 2781
8921 2781
8922 2781
8923 2781
8924 2781
8925 2781
8926 2781
8927 2781
8928 2781
8929 2781
8930 2781
8931 2781
8932 2781
8933 2781
8934 2781
8935 2781
8936 2781
8937 2781
8938 2781
8939 2781
8940 2781
8941 2781
8942 2777
8943 2777
8944 2777
8945 2777
8946 2777
8947 2777
8948 2777
8949 2777
8950 2777
8951 2777
8952 2777
8953 2777
8954 2777
8955 2777
8956 2777
8957 2777
8958 2777
8959 2777
8960 2777
8961 2777
8962 2777
8963 2777
8964 2777
8965 2777
8966 2777
8967 2777
8968 2777
8969 2777
8970 2777
8971 2777
8972 2777
8973 2777
8974 2777
8975 2777
8976 2777
8977 2777
8978 2777
8979 2777
8980 2777
8981 2777
8982 2777
8983 2777
8984 2777
8985 2777
8986 2777
8987 2777
8988 2777
8989 2777
8990 2777
8991 2777
8992 2777
8993 2777
8994 2777
8995 2777
8996 2777
8997 2777
8998 2777
8999 2777
9000 2777
9001 2777
9002 2777
9003 2777
9004 2777
9005 2777
9006 2777
9007 2777
9008 2777
9009 2777
9010 2777
9011 2777
9012 2777
9013 2777
9014 2777
9015 2777
9016 2777
9017 2777
9018 2777
9019 2777
9020 2777
9021 2777
9022 2777
9023 2777
9024 2777
9025 2777
9026 2777
9027 2777
9028 2777
9029 2777
9030 2777
9031 2777
9032 2777
9033 2777
9034 2777
9035 2777
9036 2777
9037 2777
9038 2777
9039 2777
9040 2777
9041 2777
9042 2777
9043 2777
9044 2777
9045 2777
9046 2777
9047 2777
9048 2777
9049 2777
9050 2777
9051 2777
9052 2777
9053 2777
9054 2777
9055 2777
9056 2777
9057 2777
9058 2777
9059 2777
9060 2777
9061 2777
9062 2777
9063 2777
9064 2777
9065 2777
9066 2777
9067 2777
9068 2777
9069 2777
9070 2777
9071 2777
9072 2777
9073 2777
9074 2777
9075 2777
9076 2777
9077 2777
9078 2777
9079 2777
9080 2777
9081 2777
9082 2777
9083 2777
9084 2777
9085 2777
9086 2777
9087 2777
9088 2777
9089 2777
9090 2777
9091 2777
9092 2777
9093 2777
9094 2777
9095 2777
9096 2777
9097 2777
9098 2777
9099 2777
9100 2777
9101 2777
9102 2777
9103 2777
9104 2777
9105 2777
9106 2777
9107 2777
9108 2777
9109 2777
9110 2777
9111 2777
9112 2777
9113 2777
9114 2777
9115 2777
9116 2777
9117 2777
9118 2777
9119 2777
9120 2777
9121 2777
9122 2777
9123 2777
9124 2777
9125 2777
9126 2777
9127 2777
9128 2777
9129 2777
9130 2777
9131 2777
9132 2777
9133 2777
9134 2777
9135 2777
9136 2777
9137 2777
9138 2777
9139 2777
9140 2777
9141 2773
9142 2773
9143 2773
9144 2773
9145 2773
9146 2773
9147 2773
9148 2773
9149 2773
9150 2773
9151 2773
9152 2773
9153 2773
9154 2773
9155 2773
9156 2773
9157 2773
9158 2773
9159 2773
9160 2773
9161 2773
9162 2773
9163 2773
9164 2773
9165 2773
9166 2773
9167 2773
9168 2773
9169 2773
9170 2773
9171 2773
9172 2773
9173 2773
9174 2773
9175 2773
9176 2773
9177 2773
9178 2773
9179 2773
9180 2773
9181 2773
9182 2773
9183 2773
9184 2773
9185 2773
9186 2773
9187 2773
9188 2773
9189 2773
9190 2773
9191 2773
9192 2773
9193 2773
9194 2773
9195 2773
9196 2773
9197 2773
9198 2773
9199 2773
9200 2773
9201 2773
9202 2773
9203 2773
9204 2773
9205 2773
9206 2773
9207 2773
9208 2773
9209 2773
9210 2773
9211 2773
9212 2773
9213 2773
9214 2773
9215 2773
9216 2773
9217 2773
9218 2773
9219 2773
9220 2773
9221 2773
9222 2773
9223 2773
9224 2773
9225 2773
9226 2773
9227 2773
9228 2773
9229 2773
9230 2773
9231 2773
9232 2773
9233 2773
9234 2773
9235 2773
9236 2773
9237 2773
9238 2773
9239 2773
9240 2773
9241 2773
9242 2773
9243 2773
9244 2773
9245 2773
9246 2773
9247 2773
9248 2773
9249 2773
9250 2773
9251 2773
9252 2773
9253 2773
9254 2773
9255 2773
9256 2773
9257 2773
9258 2773
9259 2773
9260 2773
9261 2773
9262 2773
9263 2773
9264 2773
9265 2773
9266 2773
9267 2773
9268 2773
9269 2773
9270 2773
9271 2773
9272 2773
9273 2773
9274 2773
9275 2773
9276 2773
9277 2773
9278 2773
9279 2773
9280 2773
9281 2773
9282 2773
9283 2773
9284 2773
9285 2773
9286 2773
9287 2773
9288 2773
9289 2773
9290 2773
9291 2773
9292 2773
9293 2773
9294 2773
9295 2773
9296 2771
9297 2771
9298 2771
9299 2771
9300 2771
9301 2771
9302 2771
9303 2771
9304 2771
9305 2771
9306 2771
9307 2771
9308 2771
9309 2771
9310 2771
9311 2771
9312 2771
9313 2771
9314 2771
9315 2771
9316 2771
9317 2771
9318 2771
9319 2771
9320 2771
9321 2764
9322 2764
9323 2764
9324 2764
9325 2764
9326 2764
9327 2764
9328 2764
9329 2764
9330 2764
9331 2764
9332 2764
9333 2764
9334 2764
9335 2764
9336 2764
9337 2764
9338 2764
9339 2764
9340 2764
9341 2764
9342 2764
9343 2764
9344 2764
9345 2764
9346 2764
9347 2764
9348 2764
9349 2764
9350 2764
9351 2764
9352 2764
9353 2764
9354 2764
9355 2764
9356 2764
9357 2764
9358 2764
9359 2764
9360 2764
9361 2764
9362 2764
9363 2764
9364 2764
9365 2764
9366 2764
9367 2764
9368 2764
9369 2764
9370 2764
9371 2764
9372 2764
9373 2764
9374 2764
9375 2764
9376 2764
9377 2764
9378 2764
9379 2764
9380 2764
9381 2764
9382 2764
9383 2764
9384 2764
9385 2764
9386 2764
9387 2764
9388 2764
9389 2764
9390 2764
9391 2764
9392 2764
9393 2764
9394 2764
9395 2764
9396 2764
9397 2764
9398 2764
9399 2764
9400 2764
9401 2764
9402 2764
9403 2763
9404 2763
9405 2763
9406 2763
9407 2763
9408 2763
9409 2763
9410 2763
9411 2763
9412 2763
9413 2763
9414 2763
9415 2763
9416 2763
9417 2763
9418 2763
9419 2763
9420 2763
9421 2763
9422 2763
9423 2763
9424 2763
9425 2763
9426 2763
9427 2763
9428 2763
9429 2763
9430 2763
9431 2763
9432 2763
9433 2763
9434 2763
9435 2763
9436 2763
9437 2763
9438 2763
9439 2763
9440 2763
9441 2763
9442 2763
9443 2763
9444 2763
9445 2763
9446 2763
9447 2763
9448 2763
9449 2763
9450 2763
9451 2763
9452 2763
9453 2763
9454 2763
9455 2763
9456 2763
9457 2763
9458 2759
9459 2759
9460 2759
9461 2759
9462 2759
9463 2759
9464 2759
9465 2759
9466 2759
9467 2759
9468 2759
9469 2759
9470 2759
9471 2759
9472 2759
9473 2759
9474 2759
9475 2759
9476 2759
9477 2759
9478 2759
9479 2759
9480 2759
9481 2759
9482 2759
9483 2739
9484 2739
9485 2739
9486 2739
9487 2739
9488 2739
9489 2739
9490 2739
9491 2739
9492 2739
9493 2739
9494 2739
9495 2739
9496 2739
9497 2739
9498 2739
9499 2739
9500 2739
9501 2739
9502 2739
9503 2739
9504 2739
9505 2739
9506 2739
9507 2739
9508 2739
9509 2739
9510 2739
9511 2739
9512 2739
9513 2739
9514 2739
9515 2739
9516 2739
9517 2739
9518 2739
9519 2739
9520 2739
9521 2739
9522 2739
9523 2739
9524 2739
9525 2739
9526 2739
9527 2739
9528 2739
9529 2739
9530 2739
9531 2739
9532 2739
9533 2739
9534 2739
9535 2739
9536 2739
9537 2739
9538 2739
9539 2739
9540 2739
9541 2739
9542 2739
9543 2739
9544 2739
9545 2739
9546 2739
9547 2739
9548 2739
9549 2739
9550 2739
9551 2739
9552 2739
9553 2739
9554 2739
9555 2739
9556 2739
9557 2739
9558 2739
9559 2739
9560 2739
9561 2739
9562 2739
9563 2739
9564 2739
9565 2739
9566 2739
9567 2739
9568 2739
9569 2739
9570 2739
9571 2739
9572 2739
9573 2739
9574 2739
9575 2739
9576 2739
9577 2739
9578 2739
9579 2739
9580 2739
9581 2739
9582 2739
9583 2739
9584 2739
9585 2739
9586 2739
9587 2739
9588 2739
9589 2739
9590 2739
9591 2739
9592 2739
9593 2739
9594 2739
9595 2739
9596 2739
9597 2739
9598 2739
9599 2739
9600 2739
9601 2739
9602 2739
9603 2739
9604 2739
9605 2739
9606 2739
9607 2739
9608 2739
9609 2739
9610 2739
9611 2739
9612 2739
9613 2739
9614 2739
9615 2739
9616 2739
9617 2739
9618 2739
9619 2739
9620 2739
9621 2739
9622 2739
9623 2739
9624 2739
9625 2739
9626 2739
9627 2739
9628 2739
9629 2739
9630 2739
9631 2739
9632 2739
9633 2739
9634 2739
9635 2739
9636 2739
9637 2739
9638 2739
9639 2739
9640 2739
9641 2739
9642 2739
9643 2739
9644 2739
9645 2739
9646 2739
9647 2739
9648 2739
9649 2739
9650 2739
9651 2739
9652 2739
9653 2739
9654 2739
9655 2739
9656 2739
9657 2739
9658 2739
9659 2739
9660 2739
9661 2739
9662 2739
9663 2739
9664 2739
9665 2739
9666 2739
9667 2739
9668 2739
9669 2739
9670 2739
9671 2739
9672 2739
9673 2739
9674 2739
9675 2739
9676 2739
9677 2739
9678 2739
9679 2739
9680 2739
9681 2739
9682 2739
9683 2739
9684 2738
9685 2738
9686 2738
9687 2738
9688 2738
9689 2738
9690 2738
9691 2738
9692 2738
9693 2738
9694 2738
9695 2738
9696 2738
9697 2738
9698 2738
9699 2738
9700 2738
9701 2738
9702 2738
9703 2738
9704 2738
9705 2738
9706 2738
9707 2738
9708 2738
9709 2738
9710 2738
9711 2738
9712 2738
9713 2738
9714 2738
9715 2738
9716 2738
9717 2738
9718 2738
9719 2738
9720 2738
9721 2738
9722 2738
9723 2738
9724 2738
9725 2738
9726 2738
9727 2738
9728 2738
9729 2738
9730 2738
9731 2738
9732 2738
9733 2738
9734 2738
9735 2738
9736 2738
9737 2738
9738 2738
9739 2738
9740 2738
9741 2738
9742 2738
9743 2738
9744 2738
9745 2738
9746 2738
9747 2738
9748 2738
9749 2738
9750 2738
9751 2736
9752 2736
9753 2736
9754 2736
9755 2736
9756 2736
9757 2736
9758 2736
9759 2736
9760 2736
9761 2736
9762 2736
9763 2736
9764 2736
9765 2736
9766 2736
9767 2736
9768 2736
9769 2736
9770 2736
9771 2736
9772 2736
9773 2736
9774 2736
9775 2736
9776 2736
9777 2736
9778 2736
9779 2736
9780 2736
9781 2736
9782 2736
9783 2736
9784 2736
9785 2736
9786 2736
9787 2736
9788 2736
9789 2736
9790 2736
9791 2736
9792 2736
9793 2736
9794 2736
9795 2736
9796 2736
9797 2736
9798 2736
9799 2736
9800 2736
9801 2736
9802 2736
9803 2736
9804 2736
9805 2736
9806 2736
9807 2736
9808 2736
9809 2736
9810 2736
9811 2736
9812 2736
9813 2736
9814 2736
9815 2736
9816 2736
9817 2736
9818 2736
9819 2736
9820 2736
9821 2736
9822 2736
9823 2736
9824 2736
9825 2736
9826 2736
9827 2736
9828 2736
9829 2736
9830 2736
9831 2736
9832 2736
9833 2736
9834 2736
9835 2736
9836 2736
9837 2736
9838 2736
9839 2736
9840 2736
9841 2736
9842 2736
9843 2736
9844 2736
9845 2736
9846 2736
9847 2736
9848 2736
9849 2736
9850 2736
9851 2736
9852 2736
9853 2736
9854 2736
9855 2736
9856 2736
9857 2736
9858 2736
9859 2736
9860 2736
9861 2736
9862 2736
9863 2736
9864 2736
9865 2736
9866 2736
9867 2736
9868 2736
9869 2736
9870 2736
9871 2736
9872 2736
9873 2736
9874 2736
9875 2736
9876 2736
9877 2736
9878 2736
9879 2736
9880 2736
9881 2736
9882 2736
9883 2736
9884 2736
9885 2736
9886 2736
9887 2736
9888 2736
9889 2736
9890 2736
9891 2736
9892 2736
9893 2736
9894 2736
9895 2736
9896 2736
9897 2736
9898 2736
9899 2736
9900 2736
9901 2736
9902 2736
9903 2736
9904 2736
9905 2736
9906 2736
9907 2736
9908 2736
9909 2736
9910 2736
9911 2736
9912 2736
9913 2736
9914 2736
9915 2736
9916 2736
9917 2736
9918 2736
9919 2736
9920 2736
9921 2736
9922 2736
9923 2736
9924 2736
9925 2736
9926 2736
9927 2736
9928 2736
9929 2736
9930 2736
9931 2736
9932 2736
9933 2736
9934 2736
9935 2736
9936 2736
9937 2736
9938 2736
9939 2736
9940 2736
9941 2736
9942 2736
9943 2736
9944 2736
9945 2736
9946 2736
9947 2736
9948 2736
9949 2736
9950 2736
9951 2736
9952 2736
9953 2736
9954 2736
9955 2736
9956 2736
9957 2736
9958 2736
9959 2736
9960 2736
9961 2736
9962 2736
9963 2736
9964 2736
9965 2736
9966 2736
9967 2736
9968 2736
9969 2736
9970 2736
9971 2736
9972 2736
9973 2736
9974 2736
9975 2736
9976 2736
9977 2736
9978 2736
9979 2736
9980 2736
9981 2736
9982 2736
9983 2736
9984 2736
9985 2736
9986 2736
9987 2736
9988 2736
9989 2736
9990 2736
9991 2736
9992 2736
9993 2736
9994 2736
9995 2736
9996 2736
9997 2736
9998 2736
9999 2736
10000 2736
10001 2736
10002 2736
10003 2736
10004 2736
10005 2736
10006 2736
10007 2736
10008 2736
10009 2736
10010 2736
10011 2736
10012 2736
10013 2736
10014 2736
10015 2736
10016 2736
10017 2736
10018 2736
10019 2736
10020 2736
10021 2736
10022 2736
10023 2736
10024 2736
10025 2736
10026 2736
10027 2736
10028 2736
10029 2736
10030 2736
10031 2736
10032 2736
10033 2736
10034 2736
10035 2736
10036 2736
10037 2736
10038 2736
10039 2736
10040 2736
10041 2736
10042 2736
10043 2736
10044 2736
10045 2736
10046 2736
10047 2729
10048 2729
10049 2729
10050 2729
10051 2729
10052 2729
10053 2729
10054 2729
10055 2729
10056 2729
10057 2729
10058 2729
10059 2729
10060 2729
10061 2729
10062 2729
10063 2729
10064 2729
10065 2729
10066 2729
10067 2729
10068 2729
10069 2720
10070 2720
10071 2720
10072 2720
10073 2720
10074 2720
10075 2720
10076 2720
10077 2720
10078 2720
10079 2720
10080 2720
10081 2720
10082 2720
10083 2720
10084 2720
10085 2720
10086 2720
10087 2720
10088 2720
10089 2720
10090 2720
10091 2720
10092 2720
10093 2720
10094 2720
10095 2720
10096 2720
10097 2720
10098 2720
10099 2720
10100 2720
10101 2720
10102 2720
10103 2720
10104 2720
10105 2720
10106 2720
10107 2720
10108 2720
10109 2720
10110 2720
10111 2720
10112 2720
10113 2720
10114 2720
10115 2720
10116 2720
10117 2720
10118 2720
10119 2720
10120 2720
10121 2720
10122 2720
10123 2720
10124 2720
10125 2720
10126 2720
10127 2720
10128 2720
10129 2720
10130 2720
10131 2720
10132 2720
10133 2720
10134 2720
10135 2720
10136 2720
10137 2720
10138 2720
10139 2720
10140 2720
10141 2720
10142 2720
10143 2720
10144 2720
10145 2720
10146 2720
10147 2720
10148 2720
10149 2720
10150 2720
10151 2720
10152 2720
10153 2720
10154 2720
10155 2720
10156 2720
10157 2720
10158 2720
10159 2720
10160 2720
10161 2720
10162 2720
10163 2720
10164 2720
10165 2720
10166 2720
10167 2720
10168 2720
10169 2720
10170 2720
10171 2720
10172 2720
10173 2720
10174 2718
10175 2718
10176 2718
10177 2718
10178 2718
10179 2718
10180 2718
10181 2718
10182 2718
10183 2718
10184 2718
10185 2718
10186 2718
10187 2718
10188 2718
10189 2718
10190 2718
10191 2718
10192 2718
10193 2718
10194 2718
10195 2718
10196 2718
10197 2718
10198 2718
10199 2718
10200 2718
10201 2718
10202 2718
10203 2718
10204 2718
10205 2718
10206 2718
10207 2718
10208 2718
10209 2718
10210 2718
10211 2718
10212 2718
10213 2718
10214 2718
10215 2718
10216 2718
10217 2718
10218 2718
10219 2718
10220 2718
10221 2718
10222 2718
10223 2718
10224 2718
10225 2718
10226 2718
10227 2718
10228 2718
10229 2718
10230 2718
10231 2718
10232 2718
10233 2718
10234 2718
10235 2718
10236 2718
10237 2718
10238 2718
10239 2718
10240 2718
10241 2718
10242 2718
10243 2718
10244 2718
10245 2718
10246 2718
10247 2718
10248 2718
10249 2718
10250 2718
10251 2718
10252 2718
10253 2718
10254 2718
10255 2718
10256 2718
10257 2718
10258 2718
10259 2718
10260 2718
10261 2718
10262 2718
10263 2718
10264 2718
10265 2718
10266 2718
10267 2717
10268 2717
10269 2717
10270 2717
10271 2717
10272 2717
10273 2717
10274 2717
10275 2717
10276 2717
10277 2717
10278 2717
10279 2717
10280 2717
10281 2717
10282 2717
10283 2717
10284 2717
10285 2717
10286 2717
10287 2717
10288 2717
10289 2717
10290 2717
10291 2717
10292 2717
10293 2717
10294 2717
10295 2717
10296 2717
10297 2717
10298 2717
10299 2717
10300 2717
10301 2717
10302 2717
10303 2717
10304 2717
10305 2717
10306 2717
10307 2717
10308 2717
10309 2717
10310 2717
10311 2717
10312 2717
10313 2717
10314 2717
10315 2717
10316 2715
10317 2715
10318 2715
10319 2715
10320 2715
10321 2715
10322 2715
10323 2715
10324 2715
10325 2715
10326 2715
10327 2715
10328 2715
10329 2715
10330 2715
10331 2715
10332 2715
10333 2715
10334 2715
10335 2715
10336 2715
10337 2715
10338 2715
10339 2715
10340 2715
10341 2715
10342 2715
10343 2715
10344 2715
10345 2715
10346 2715
10347 2713
10348 2713
10349 2713
10350 2713
10351 2713
10352 2713
10353 2713
10354 2713
10355 2713
10356 2713
10357 2713
10358 2713
10359 2713
10360 2713
10361 2713
10362 2713
10363 2713
10364 2713
10365 2713
10366 2713
10367 2713
10368 2704
10369 2704
10370 2704
10371 2704
10372 2704
10373 2704
10374 2704
10375 2704
10376 2704
10377 2704
10378 2704
10379 2704
10380 2704
10381 2704
10382 2704
10383 2704
10384 2704
10385 2704
10386 2704
10387 2704
10388 2704
10389 2704
10390 2704
10391 2704
10392 2704
10393 2704
10394 2704
10395 2704
10396 2704
10397 2704
10398 2704
10399 2704
10400 2704
10401 2704
10402 2704
10403 2704
10404 2704
10405 2704
10406 2704
10407 2704
10408 2704
10409 2704
10410 2704
10411 2704
10412 2704
10413 2704
10414 2704
10415 2704
10416 2704
10417 2704
10418 2704
10419 2704
10420 2704
10421 2704
10422 2704
10423 2704
10424 2704
10425 2704
10426 2704
10427 2704
10428 2704
10429 2704
10430 2704
10431 2704
10432 2704
10433 2704
10434 2704
10435 2704
10436 2704
10437 2704
10438 2701
10439 2701
10440 2701
10441 2701
10442 2701
10443 2701
10444 2701
10445 2701
10446 2701
10447 2701
10448 2701
10449 2701
10450 2701
10451 2701
10452 2701
10453 2701
10454 2701
10455 2701
10456 2701
10457 2701
10458 2701
10459 2701
10460 2701
10461 2701
10462 2701
10463 2701
10464 2701
10465 2701
10466 2701
10467 2701
10468 2701
10469 2701
10470 2701
10471 2701
10472 2701
10473 2701
10474 2701
10475 2701
10476 2701
10477 2701
10478 2701
10479 2701
10480 2701
10481 2701
10482 2701
10483 2701
10484 2701
10485 2701
10486 2701
10487 2701
10488 2701
10489 2701
10490 2701
10491 2701
10492 2701
10493 2701
10494 2701
10495 2701
10496 2701
10497 2701
10498 2701
10499 2701
10500 2701
10501 2701
10502 2695
10503 2695
10504 2695
10505 2695
10506 2695
10507 2695
10508 2695
10509 2695
10510 2695
10511 2695
10512 2695
10513 2695
10514 2695
10515 2695
10516 2695
10517 2695
10518 2695
10519 2695
10520 2695
10521 2695
10522 2695
10523 2695
10524 2695
10525 2695
10526 2695
10527 2695
10528 2695
10529 2695
10530 2695
10531 2695
10532 2695
10533 2695
10534 2695
10535 2695
10536 2695
10537 2695
10538 2695
10539 2695
10540 2695
10541 2695
10542 2695
10543 2695
10544 2695
10545 2695
10546 2695
10547 2695
10548 2695
10549 2695
10550 2695
10551 2695
10552 2695
10553 2695
10554 2695
10555 2695
10556 2695
10557 2695
10558 2695
10559 2695
10560 2695
10561 2690
10562 2690
10563 2690
10564 2690
10565 2690
10566 2690
10567 2690
10568 2690
10569 2690
10570 2690
10571 2690
10572 2690
10573 2690
10574 2671
10575 2671
10576 2671
10577 2671
10578 2671
10579 2671
10580 2671
10581 2671
10582 2671
10583 2671
10584 2671
10585 2671
10586 2671
10587 2671
10588 2671
10589 2671
10590 2671
10591 2671
10592 2671
10593 2671
10594 2671
10595 2671
10596 2671
10597 2671
10598 2671
10599 2671
10600 2671
10601 2671
10602 2671
10603 2671
10604 2671
10605 2671
10606 2671
10607 2671
10608 2671
10609 2671
10610 2671
10611 2671
10612 2671
10613 2671
10614 2671
10615 2671
10616 2671
10617 2671
10618 2671
10619 2671
10620 2671
10621 2671
10622 2671
10623 2667
10624 2667
10625 2667
10626 2667
10627 2667
10628 2667
10629 2667
10630 2667
10631 2667
10632 2667
10633 2667
10634 2667
10635 2667
10636 2667
10637 2667
10638 2667
10639 2663
10640 2663
10641 2663
10642 2663
10643 2663
10644 2663
10645 2663
10646 2663
10647 2663
10648 2663
10649 2663
10650 2663
10651 2663
10652 2663
10653 2663
10654 2663
10655 2663
10656 2663
10657 2663
10658 2663
10659 2663
10660 2663
10661 2663
10662 2663
10663 2663
10664 2663
10665 2663
10666 2663
10667 2663
10668 2663
10669 2663
10670 2663
10671 2663
10672 2663
10673 2663
10674 2663
10675 2663
10676 2663
10677 2663
10678 2663
10679 2663
10680 2663
10681 2663
10682 2663
10683 2663
10684 2663
10685 2663
10686 2663
10687 2663
10688 2663
10689 2663
10690 2654
10691 2654
10692 2654
10693 2654
10694 2654
10695 2654
10696 2654
10697 2654
10698 2654
10699 2654
10700 2654
10701 2654
10702 2654
10703 2654
10704 2654
10705 2654
10706 2654
10707 2654
10708 2654
10709 2654
10710 2654
10711 2654
10712 2654
10713 2654
10714 2654
10715 2654
10716 2654
10717 2654
10718 2654
10719 2654
10720 2654
10721 2654
10722 2654
10723 2654
10724 2654
10725 2654
10726 2654
10727 2654
10728 2654
10729 2654
10730 2654
10731 2654
10732 2654
10733 2654
10734 2654
10735 2654
10736 2654
10737 2654
10738 2654
10739 2654
10740 2654
10741 2654
10742 2654
10743 2654
10744 2654
10745 2654
10746 2654
10747 2654
10748 2654
10749 2654
10750 2654
10751 2654
10752 2654
10753 2654
10754 2654
10755 2654
10756 2654
10757 2654
10758 2654
10759 2654
10760 2654
10761 2654
10762 2654
10763 2654
10764 2654
10765 2654
10766 2654
10767 2654
10768 2654
10769 2654
10770 2654
10771 2654
10772 2654
10773 2654
10774 2654
10775 2654
10776 2654
10777 2654
10778 2654
10779 2654
10780 2654
10781 2654
10782 2654
10783 2654
10784 2654
10785 2654
10786 2654
10787 2654
10788 2654
10789 2654
10790 2654
10791 2654
10792 2654
10793 2654
10794 2654
10795 2654
10796 2654
10797 2654
10798 2654
10799 2654
10800 2654
10801 2654
10802 2654
10803 2654
10804 2654
10805 2654
10806 2654
10807 2654
10808 2654
10809 2654
10810 2654
10811 2654
10812 2654
10813 2654
10814 2654
10815 2654
10816 2654
10817 2654
10818 2654
10819 2654
10820 2654
10821 2654
10822 2654
10823 2654
10824 2654
10825 2654
10826 2654
10827 2654
10828 2654
10829 2654
10830 2654
10831 2654
10832 2654
10833 2654
10834 2654
10835 2654
10836 2654
10837 2654
10838 2654
10839 2654
10840 2654
10841 2654
10842 2654
10843 2654
10844 2654
10845 2654
10846 2654
10847 2654
10848 2654
10849 2654
10850 2654
10851 2654
10852 2654
10853 2654
10854 2654
10855 2654
10856 2654
10857 2654
10858 2654
10859 2654
10860 2654
10861 2654
10862 2654
10863 2654
10864 2654
10865 2654
10866 2654
10867 2654
10868 2654
10869 2654
10870 2654
10871 2654
10872 2654
10873 2654
10874 2654
10875 2654
10876 2654
10877 2654
10878 2654
10879 2654
10880 2654
10881 2654
10882 2654
10883 2654
10884 2654
10885 2654
10886 2654
10887 2654
10888 2654
10889 2654
10890 2654
10891 2654
10892 2654
10893 2654
10894 2654
10895 2654
10896 2654
10897 2654
10898 2654
10899 2654
10900 2654
10901 2654
10902 2654
10903 2654
10904 2654
10905 2654
10906 2654
10907 2652
10908 2652
10909 2652
10910 2652
10911 2652
10912 2652
10913 2652
10914 2652
10915 2652
10916 2652
10917 2652
10918 2652
10919 2652
10920 2652
10921 2652
10922 2652
10923 2652
10924 2652
10925 2652
10926 2652
10927 2652
10928 2652
10929 2652
10930 2652
10931 2652
10932 2652
10933 2652
10934 2652
10935 2652
10936 2652
10937 2652
10938 2652
10939 2652
10940 2652
10941 2652
10942 2652
10943 2652
10944 2652
10945 2652
10946 2652
10947 2652
10948 2652
10949 2652
10950 2652
10951 2652
10952 2652
10953 2652
10954 2652
10955 2652
10956 2652
10957 2652
10958 2645
10959 2645
10960 2645
10961 2645
10962 2645
10963 2645
10964 2645
10965 2645
10966 2645
10967 2645
10968 2645
10969 2645
10970 2645
10971 2645
10972 2645
10973 2645
10974 2645
10975 2645
10976 2645
10977 2645
10978 2645
10979 2645
10980 2645
10981 2645
10982 2645
10983 2645
10984 2645
10985 2645
10986 2645
10987 2645
10988 2645
10989 2645
10990 2645
10991 2645
10992 2645
10993 2645
10994 2645
10995 2645
10996 2645
10997 2645
10998 2645
10999 2645
11000 2645
11001 2645
11002 2645
11003 2645
11004 2645
11005 2645
11006 2645
11007 2645
11008 2645
11009 2645
11010 2645
11011 2645
11012 2645
11013 2645
11014 2645
11015 2645
11016 2645
11017 2645
11018 2645
11019 2645
11020 2645
11021 2645
11022 2645
11023 2645
11024 2645
11025 2645
11026 2645
11027 2645
11028 2645
11029 2645
11030 2645
11031 2645
11032 2645
11033 2645
11034 2645
11035 2645
11036 2645
11037 2645
11038 2645
11039 2645
11040 2645
11041 2645
11042 2645
11043 2645
11044 2645
11045 2645
11046 2645
11047 2645
11048 2645
11049 2645
11050 2638
11051 2638
11052 2638
11053 2638
11054 2638
11055 2638
11056 2638
11057 2638
11058 2638
11059 2638
11060 2638
11061 2638
11062 2638
11063 2638
11064 2638
11065 2638
11066 2638
11067 2638
11068 2638
11069 2638
11070 2638
11071 2638
11072 2638
11073 2638
11074 2638
11075 2638
11076 2638
11077 2638
11078 2638
11079 2638
11080 2638
11081 2638
11082 2638
11083 2638
11084 2638
11085 2638
11086 2638
11087 2638
11088 2638
11089 2638
11090 2638
11091 2638
11092 2638
11093 2638
11094 2638
11095 2638
11096 2638
11097 2638
11098 2638
11099 2638
11100 2638
11101 2638
11102 2638
11103 2638
11104 2638
11105 2638
11106 2638
11107 2638
11108 2638
11109 2638
11110 2638
11111 2638
11112 2638
11113 2638
11114 2638
11115 2638
11116 2638
11117 2638
11118 2638
11119 2638
11120 2638
11121 2638
11122 2638
11123 2638
11124 2638
11125 2638
11126 2636
11127 2636
11128 2636
11129 2636
11130 2636
11131 2636
11132 2636
11133 2636
11134 2636
11135 2636
11136 2636
11137 2636
11138 2636
11139 2636
11140 2636
11141 2636
11142 2636
11143 2636
11144 2636
11145 2636
11146 2636
11147 2636
11148 2636
11149 2636
11150 2636
11151 2636
11152 2636
11153 2636
11154 2636
11155 2636
11156 2636
11157 2636
11158 2636
11159 2636
11160 2636
11161 2636
11162 2636
11163 2636
11164 2636
11165 2636
11166 2636
11167 2636
11168 2636
11169 2636
11170 2636
11171 2636
11172 2636
11173 2636
11174 2636
11175 2636
11176 2636
11177 2636
11178 2636
11179 2636
11180 2636
11181 2636
11182 2636
11183 2636
11184 2636
11185 2636
11186 2636
11187 2636
11188 2636
11189 2636
11190 2636
11191 2636
11192 2636
11193 2636
11194 2636
11195 2636
11196 2636
11197 2636
11198 2636
11199 2636
11200 2636
11201 2636
11202 2636
11203 2636
11204 2636
11205 2636
11206 2636
11207 2636
11208 2630
11209 2630
11210 2630
11211 2630
11212 2630
11213 2630
11214 2630
11215 2630
11216 2630
11217 2630
11218 2630
11219 2630
11220 2630
11221 2630
11222 2630
11223 2630
11224 2630
11225 2630
11226 2630
11227 2630
11228 2630
11229 2630
11230 2630
11231 2630
11232 2630
11233 2630
11234 2630
11235 2630
11236 2630
11237 2630
11238 2630
11239 2630
11240 2630
11241 2630
11242 2630
11243 2630
11244 2630
11245 2630
11246 2630
11247 2630
11248 2630
11249 2630
11250 2630
11251 2630
11252 2630
11253 2630
11254 2630
11255 2630
11256 2630
11257 2630
11258 2630
11259 2630
11260 2630
11261 2630
11262 2630
11263 2630
11264 2630
11265 2630
11266 2627
11267 2627
11268 2627
11269 2627
11270 2627
11271 2627
11272 2627
11273 2627
11274 2627
11275 2627
11276 2627
11277 2627
11278 2627
11279 2627
11280 2627
11281 2627
11282 2627
11283 2627
11284 2627
11285 2627
11286 2627
11287 2627
11288 2627
11289 2627
11290 2627
11291 2627
11292 2627
11293 2627
11294 2627
11295 2627
11296 2627
11297 2627
11298 2627
11299 2627
11300 2627
11301 2627
11302 2627
11303 2627
11304 2627
11305 2627
11306 2627
11307 2627
11308 2627
11309 2627
11310 2627
11311 2627
11312 2627
11313 2627
11314 2627
11315 2627
11316 2627
11317 2627
11318 2627
11319 2627
11320 2627
11321 2627
11322 2627
11323 2627
11324 2627
11325 2627
11326 2627
11327 2627
11328 2627
11329 2627
11330 2627
11331 2627
11332 2627
11333 2627
11334 2627
11335 2627
11336 2627
11337 2627
11338 2627
11339 2627
11340 2627
11341 2627
11342 2627
11343 2627
11344 2627
11345 2627
11346 2627
11347 2627
11348 2627
11349 2627
11350 2627
11351 2627
11352 2627
11353 2627
11354 2627
11355 2627
11356 2627
11357 2627
11358 2627
11359 2627
11360 2627
11361 2627
11362 2627
11363 2627
11364 2627
11365 2627
11366 2627
11367 2627
11368 2627
11369 2627
11370 2627
11371 2627
11372 2627
11373 2627
11374 2627
11375 2627
11376 2627
11377 2627
11378 2627
11379 2627
11380 2627
11381 2627
11382 2627
11383 2627
11384 2627
11385 2627
11386 2627
11387 2627
11388 2627
11389 2627
11390 2627
11391 2627
11392 2627
11393 2627
11394 2627
11395 2627
11396 2627
11397 2627
11398 2627
11399 2627
11400 2627
11401 2627
11402 2627
11403 2627
11404 2627
11405 2627
11406 2627
11407 2627
11408 2627
11409 2627
11410 2627
11411 2627
11412 2627
11413 2627
11414 2627
11415 2627
11416 2627
11417 2627
11418 2627
11419 2627
11420 2627
11421 2627
11422 2627
11423 2627
11424 2627
11425 2627
11426 2627
11427 2627
11428 2627
11429 2627
11430 2627
11431 2627
11432 2627
11433 2627
11434 2627
11435 2627
11436 2618
11437 2618
11438 2618
11439 2618
11440 2618
11441 2618
11442 2618
11443 2618
11444 2618
11445 2618
11446 2618
11447 2618
11448 2618
11449 2618
11450 2618
11451 2618
11452 2618
11453 2618
11454 2618
11455 2618
11456 2618
11457 2618
11458 2618
11459 2618
11460 2618
11461 2618
11462 2618
11463 2618
11464 2618
11465 2618
11466 2618
11467 2618
11468 2618
11469 2618
11470 2618
11471 2618
11472 2618
11473 2618
11474 2618
11475 2618
11476 2618
11477 2618
11478 2618
11479 2618
11480 2618
11481 2618
11482 2618
11483 2618
11484 2618
11485 2618
11486 2618
11487 2618
11488 2618
11489 2618
11490 2618
11491 2618
11492 2618
11493 2618
11494 2618
11495 2618
11496 2618
11497 2618
11498 2618
11499 2618
11500 2618
11501 2618
11502 2618
11503 2618
11504 2618
11505 2618
11506 2618
11507 2618
11508 2618
11509 2618
11510 2618
11511 2618
11512 2618
11513 2618
11514 2618
11515 2618
11516 2618
11517 2618
11518 2618
11519 2618
11520 2618
11521 2618
11522 2618
11523 2618
11524 2618
11525 2618
11526 2618
11527 2618
11528 2618
11529 2618
11530 2618
11531 2618
11532 2618
11533 2618
11534 2618
11535 2618
11536 2618
11537 2618
11538 2618
11539 2618
11540 2618
11541 2618
11542 2618
11543 2618
11544 2618
11545 2618
11546 2618
11547 2618
11548 2618
11549 2618
11550 2618
11551 2618
11552 2618
11553 2618
11554 2618
11555 2618
11556 2618
11557 2618
11558 2618
11559 2618
11560 2618
11561 2618
11562 2618
11563 2618
11564 2618
11565 2618
11566 2618
11567 2618
11568 2618
11569 2618
11570 2618
11571 2618
11572 2618
11573 2618
11574 2618
11575 2618
11576 2618
11577 2618
11578 2618
11579 2618
11580 2618
11581 2618
11582 2618
11583 2618
11584 2618
11585 2618
11586 2618
11587 2618
11588 2618
11589 2618
11590 2618
11591 2618
11592 2618
11593 2618
11594 2618
11595 2618
11596 2618
11597 2618
11598 2618
11599 2618
11600 2618
11601 2618
11602 2618
11603 2618
11604 2618
11605 2618
11606 2618
11607 2618
11608 2618
11609 2618
11610 2618
11611 2618
11612 2618
11613 2618
11614 2618
11615 2618
11616 2618
11617 2618
11618 2618
11619 2618
11620 2618
11621 2618
11622 2618
11623 2618
11624 2618
11625 2618
11626 2618
11627 2618
11628 2618
11629 2618
11630 2618
11631 2618
11632 2618
11633 2618
11634 2618
11635 2618
11636 2618
11637 2618
11638 2618
11639 2618
11640 2618
11641 2618
11642 2618
11643 2618
11644 2618
11645 2618
11646 2618
11647 2611
11648 2611
11649 2611
11650 2611
11651 2611
11652 2611
11653 2611
11654 2611
11655 2611
11656 2611
11657 2611
11658 2611
11659 2611
11660 2611
11661 2611
11662 2611
11663 2611
11664 2611
11665 2611
11666 2611
11667 2611
11668 2611
11669 2611
11670 2611
11671 2611
11672 2611
11673 2611
11674 2611
11675 2611
11676 2611
11677 2611
11678 2611
11679 2611
11680 2611
11681 2611
11682 2611
11683 2611
11684 2611
11685 2611
11686 2611
11687 2611
11688 2611
11689 2611
11690 2611
11691 2611
11692 2611
11693 2611
11694 2611
11695 2611
11696 2611
11697 2611
11698 2611
11699 2611
11700 2611
11701 2611
11702 2611
11703 2611
11704 2611
11705 2611
11706 2611
11707 2611
11708 2611
11709 2611
11710 2611
11711 2611
11712 2611
11713 2611
11714 2611
11715 2611
11716 2611
11717 2611
11718 2611
11719 2611
11720 2611
11721 2611
11722 2611
11723 2611
11724 2611
11725 2611
11726 2611
11727 2611
11728 2611
11729 2611
11730 2611
11731 2611
11732 2611
11733 2611
11734 2611
11735 2611
11736 2611
11737 2611
11738 2611
11739 2611
11740 2611
11741 2611
11742 2611
11743 2611
11744 2611
11745 2611
11746 2611
11747 2611
11748 2611
11749 2608
11750 2608
11751 2608
11752 2608
11753 2608
11754 2608
11755 2608
11756 2608
11757 2608
11758 2608
11759 2608
11760 2608
11761 2608
11762 2608
11763 2608
11764 2608
11765 2608
11766 2608
11767 2608
11768 2608
11769 2608
11770 2608
11771 2608
11772 2608
11773 2608
11774 2608
11775 2608
11776 2608
11777 2608
11778 2608
11779 2608
11780 2608
11781 2608
11782 2608
11783 2608
11784 2608
11785 2608
11786 2608
11787 2608
11788 2608
11789 2608
11790 2608
11791 2608
11792 2608
11793 2608
11794 2608
11795 2608
11796 2608
11797 2608
11798 2608
11799 2608
11800 2608
11801 2608
11802 2608
11803 2608
11804 2608
11805 2608
11806 2608
11807 2608
11808 2608
11809 2608
11810 2608
11811 2608
11812 2608
11813 2608
11814 2608
11815 2608
11816 2608
11817 2608
11818 2608
11819 2608
11820 2608
11821 2608
11822 2608
11823 2608
11824 2608
11825 2608
11826 2608
11827 2608
11828 2608
11829 2608
11830 2608
11831 2608
11832 2608
11833 2608
11834 2608
11835 2608
11836 2608
11837 2608
11838 2608
11839 2608
11840 2608
11841 2608
11842 2608
11843 2608
11844 2608
11845 2608
11846 2608
11847 2608
11848 2608
11849 2608
11850 2608
11851 2608
11852 2608
11853 2608
11854 2608
11855 2608
11856 2608
11857 2608
11858 2608
11859 2608
11860 2608
11861 2608
11862 2608
11863 2608
11864 2608
11865 2608
11866 2608
11867 2608
11868 2608
11869 2608
11870 2608
11871 2608
11872 2608
11873 2608
11874 2608
11875 2608
11876 2608
11877 2608
11878 2608
11879 2608
11880 2608
11881 2608
11882 2608
11883 2608
11884 2608
11885 2608
11886 2608
11887 2608
11888 2608
11889 2608
11890 2608
11891 2608
11892 2608
11893 2608
11894 2608
11895 2608
11896 2608
11897 2608
11898 2608
11899 2608
11900 2608
11901 2608
11902 2608
11903 2608
11904 2608
11905 2608
11906 2608
11907 2608
11908 2608
11909 2608
11910 2608
11911 2608
11912 2608
11913 2608
11914 2608
11915 2608
11916 2608
11917 2608
11918 2608
11919 2608
11920 2608
11921 2608
11922 2608
11923 2608
11924 2608
11925 2608
11926 2608
11927 2608
11928 2608
11929 2608
11930 2608
11931 2608
11932 2608
11933 2608
11934 2608
11935 2608
11936 2608
11937 2608
11938 2608
11939 2608
11940 2608
11941 2608
11942 2608
11943 2608
11944 2608
11945 2608
11946 2608
11947 2608
11948 2608
11949 2608
11950 2608
11951 2608
11952 2608
11953 2608
11954 2608
11955 2608
11956 2608
11957 2608
11958 2608
11959 2608
11960 2608
11961 2608
11962 2608
11963 2608
11964 2608
11965 2608
11966 2608
11967 2608
11968 2608
11969 2608
11970 2608
11971 2608
11972 2608
11973 2608
11974 2608
11975 2608
11976 2608
11977 2608
11978 2608
11979 2608
11980 2608
11981 2608
11982 2608
11983 2608
11984 2608
11985 2608
11986 2608
11987 2608
11988 2608
11989 2608
11990 2608
11991 2608
11992 2608
11993 2608
11994 2608
11995 2608
11996 2608
11997 2608
11998 2608
11999 2608
12000 2608
12001 2608
12002 2608
12003 2608
12004 2608
12005 2608
12006 2608
12007 2608
12008 2608
12009 2608
12010 2608
12011 2608
12012 2608
12013 2608
12014 2608
12015 2608
12016 2608
12017 2608
12018 2608
12019 2608
12020 2608
12021 2608
12022 2608
12023 2608
12024 2608
12025 2608
12026 2608
12027 2608
12028 2608
12029 2608
12030 2608
12031 2608
12032 2608
12033 2608
12034 2608
12035 2608
12036 2608
12037 2608
12038 2608
12039 2608
12040 2608
12041 2608
12042 2608
12043 2608
12044 2608
12045 2608
12046 2608
12047 2608
12048 2608
12049 2608
12050 2608
12051 2608
12052 2608
12053 2608
12054 2608
12055 2608
12056 2608
12057 2608
12058 2608
12059 2608
12060 2608
12061 2608
12062 2608
12063 2608
12064 2608
12065 2608
12066 2608
12067 2608
12068 2608
12069 2608
12070 2608
12071 2608
12072 2608
12073 2608
12074 2608
12075 2608
12076 2608
12077 2608
12078 2608
12079 2608
12080 2608
12081 2608
12082 2608
12083 2608
12084 2608
12085 2608
12086 2608
12087 2608
12088 2608
12089 2608
12090 2608
12091 2608
12092 2608
12093 2608
12094 2608
12095 2608
12096 2608
12097 2608
12098 2608
12099 2608
12100 2608
12101 2608
12102 2608
12103 2608
12104 2608
12105 2608
12106 2608
12107 2608
12108 2608
12109 2608
12110 2608
12111 2608
12112 2608
12113 2608
12114 2608
12115 2608
12116 2608
12117 2608
12118 2608
12119 2608
12120 2608
12121 2608
12122 2608
12123 2608
12124 2608
12125 2608
12126 2608
12127 2608
12128 2608
12129 2608
12130 2608
12131 2608
12132 2608
12133 2608
12134 2608
12135 2608
12136 2608
12137 2608
12138 2608
12139 2608
12140 2608
12141 2608
12142 2608
12143 2608
12144 2608
12145 2608
12146 2608
12147 2608
12148 2608
12149 2608
12150 2608
12151 2608
12152 2608
12153 2608
12154 2608
12155 2608
12156 2608
12157 2608
12158 2608
12159 2608
12160 2608
12161 2608
12162 2608
12163 2608
12164 2608
12165 2608
12166 2608
12167 2608
12168 2608
12169 2608
12170 2608
12171 2608
12172 2608
12173 2608
12174 2608
12175 2608
12176 2608
12177 2608
12178 2608
12179 2608
12180 2608
12181 2608
12182 2608
12183 2608
12184 2608
12185 2608
12186 2608
12187 2608
12188 2608
12189 2608
12190 2608
12191 2608
12192 2608
12193 2608
12194 2608
12195 2608
12196 2608
12197 2608
12198 2608
12199 2608
12200 2608
12201 2608
12202 2608
12203 2608
12204 2608
12205 2608
12206 2608
12207 2608
12208 2608
12209 2608
12210 2608
12211 2608
12212 2608
12213 2608
12214 2608
12215 2608
12216 2608
12217 2608
12218 2608
12219 2608
12220 2608
12221 2608
12222 2608
12223 2608
12224 2608
12225 2608
12226 2608
12227 2608
12228 2608
12229 2608
12230 2608
12231 2608
12232 2604
12233 2604
12234 2604
12235 2604
12236 2604
12237 2604
12238 2604
12239 2604
12240 2604
12241 2604
12242 2604
12243 2604
12244 2604
12245 2604
12246 2604
12247 2604
12248 2604
12249 2604
12250 2604
12251 2604
12252 2604
12253 2604
12254 2604
12255 2604
12256 2604
12257 2604
12258 2604
12259 2604
12260 2604
12261 2604
12262 2604
12263 2604
12264 2604
12265 2604
12266 2604
12267 2604
12268 2601
12269 2601
12270 2601
12271 2601
12272 2601
12273 2601
12274 2601
12275 2601
12276 2601
12277 2601
12278 2601
12279 2601
12280 2601
12281 2601
12282 2601
12283 2601
12284 2601
12285 2601
12286 2601
12287 2601
12288 2601
12289 2601
12290 2601
12291 2601
12292 2601
12293 2601
12294 2601
12295 2601
12296 2601
12297 2601
12298 2601
12299 2601
12300 2601
12301 2601
12302 2601
12303 2601
12304 2601
12305 2601
12306 2601
12307 2601
12308 2601
12309 2601
12310 2601
12311 2601
12312 2601
12313 2601
12314 2601
12315 2601
12316 2601
12317 2601
12318 2601
12319 2601
12320 2601
12321 2601
12322 2601
12323 2601
12324 2601
12325 2601
12326 2601
12327 2601
12328 2601
12329 2601
12330 2601
12331 2601
12332 2601
12333 2601
12334 2601
12335 2601
12336 2601
12337 2601
12338 2601
12339 2601
12340 2601
12341 2601
12342 2601
12343 2601
12344 2601
12345 2601
12346 2601
12347 2601
12348 2601
12349 2601
12350 2601
12351 2601
12352 2601
12353 2601
12354 2601
12355 2601
12356 2601
12357 2601
12358 2601
12359 2601
12360 2601
12361 2601
12362 2601
12363 2601
12364 2601
12365 2601
12366 2601
12367 2601
12368 2601
12369 2601
12370 2601
12371 2601
12372 2601
12373 2601
12374 2601
12375 2601
12376 2601
12377 2601
12378 2601
12379 2601
12380 2601
12381 2601
12382 2601
12383 2601
12384 2601
12385 2601
12386 2601
12387 2601
12388 2601
12389 2601
12390 2601
12391 2601
12392 2601
12393 2601
12394 2601
12395 2601
12396 2601
12397 2601
12398 2601
12399 2601
12400 2601
12401 2601
12402 2601
12403 2601
12404 2601
12405 2601
12406 2601
12407 2601
12408 2601
12409 2601
12410 2601
12411 2601
12412 2601
12413 2601
12414 2601
12415 2601
12416 2601
12417 2601
12418 2601
12419 2601
12420 2601
12421 2601
12422 2601
12423 2601
12424 2601
12425 2601
12426 2601
12427 2601
12428 2601
12429 2601
12430 2601
12431 2601
12432 2601
12433 2601
12434 2601
12435 2601
12436 2601
12437 2601
12438 2601
12439 2601
12440 2601
12441 2601
12442 2601
12443 2601
12444 2601
12445 2601
12446 2601
12447 2601
12448 2601
12449 2601
12450 2601
12451 2601
12452 2601
12453 2601
12454 2601
12455 2601
12456 2601
12457 2601
12458 2601
12459 2601
12460 2601
12461 2601
12462 2601
12463 2601
12464 2601
12465 2601
12466 2601
12467 2601
12468 2601
12469 2601
12470 2601
12471 2601
12472 2601
12473 2601
12474 2601
12475 2601
12476 2593
12477 2593
12478 2593
12479 2593
12480 2593
12481 2593
12482 2593
12483 2593
12484 2593
12485 2593
12486 2593
12487 2593
12488 2593
12489 2593
12490 2593
12491 2593
12492 2593
12493 2593
12494 2593
12495 2593
12496 2593
12497 2593
12498 2593
12499 2593
12500 2593
12501 2593
12502 2593
12503 2593
12504 2593
12505 2593
12506 2593
12507 2593
12508 2593
12509 2593
12510 2593
12511 2593
12512 2593
12513 2593
12514 2593
12515 2593
12516 2593
12517 2593
12518 2593
12519 2593
12520 2593
12521 2593
12522 2593
12523 2593
12524 2593
12525 2593
12526 2593
12527 2593
12528 2593
12529 2593
12530 2593
12531 2593
12532 2593
12533 2593
12534 2593
12535 2593
12536 2593
12537 2593
12538 2593
12539 2593
12540 2593
12541 2593
12542 2593
12543 2593
12544 2593
12545 2593
12546 2593
12547 2593
12548 2593
12549 2593
12550 2593
12551 2593
12552 2593
12553 2593
12554 2593
12555 2593
12556 2593
12557 2593
12558 2593
12559 2593
12560 2593
12561 2593
12562 2593
12563 2593
12564 2593
12565 2593
12566 2593
12567 2593
12568 2593
12569 2593
12570 2593
12571 2593
12572 2593
12573 2593
12574 2593
12575 2593
12576 2593
12577 2593
12578 2593
12579 2593
12580 2593
12581 2593
12582 2593
12583 2593
12584 2593
12585 2593
12586 2593
12587 2593
12588 2593
12589 2593
12590 2593
12591 2593
12592 2593
12593 2593
12594 2593
12595 2593
12596 2593
12597 2593
12598 2593
12599 2593
12600 2593
12601 2593
12602 2593
12603 2593
12604 2593
12605 2593
12606 2593
12607 2593
12608 2593
12609 2593
12610 2593
12611 2593
12612 2593
12613 2593
12614 2593
12615 2593
12616 2593
12617 2593
12618 2593
12619 2593
12620 2593
12621 2593
12622 2593
12623 2593
12624 2593
12625 2593
12626 2593
12627 2593
12628 2593
12629 2593
12630 2593
12631 2593
12632 2593
12633 2593
12634 2593
12635 2593
12636 2593
12637 2593
12638 2593
12639 2593
12640 2593
12641 2593
12642 2593
12643 2593
12644 2593
12645 2593
12646 2593
12647 2593
12648 2593
12649 2593
12650 2593
12651 2593
12652 2593
12653 2593
12654 2593
12655 2593
12656 2593
12657 2593
12658 2593
12659 2593
12660 2593
12661 2593
12662 2593
12663 2593
12664 2593
12665 2593
12666 2593
12667 2593
12668 2593
12669 2593
12670 2593
12671 2593
12672 2593
12673 2593
12674 2593
12675 2593
12676 2593
12677 2593
12678 2593
12679 2593
12680 2593
12681 2593
12682 2593
12683 2593
12684 2593
12685 2593
12686 2593
12687 2593
12688 2593
12689 2593
12690 2593
12691 2593
12692 2593
12693 2593
12694 2593
12695 2593
12696 2593
12697 2593
12698 2593
12699 2593
12700 2593
12701 2593
12702 2593
12703 2593
12704 2593
12705 2592
12706 2592
12707 2592
12708 2592
12709 2592
12710 2592
12711 2592
12712 2592
12713 2592
12714 2592
12715 2592
12716 2592
12717 2592
12718 2592
12719 2592
12720 2592
12721 2592
12722 2592
12723 2592
12724 2592
12725 2592
12726 2592
12727 2592
12728 2592
12729 2592
12730 2592
12731 2592
12732 2592
12733 2592
12734 2592
12735 2592
12736 2592
12737 2592
12738 2592
12739 2592
12740 2592
12741 2592
12742 2592
12743 2592
12744 2592
12745 2592
12746 2592
12747 2592
12748 2592
12749 2592
12750 2592
12751 2592
12752 2592
12753 2592
12754 2592
12755 2592
12756 2592
12757 2592
12758 2592
12759 2592
12760 2592
12761 2592
12762 2590
12763 2590
12764 2590
12765 2590
12766 2590
12767 2590
12768 2590
12769 2590
12770 2590
12771 2590
12772 2590
12773 2590
12774 2590
12775 2590
12776 2590
12777 2590
12778 2590
12779 2590
12780 2590
12781 2590
12782 2590
12783 2590
12784 2590
12785 2590
12786 2590
12787 2590
12788 2590
12789 2590
12790 2590
12791 2590
12792 2590
12793 2590
12794 2590
12795 2590
12796 2590
12797 2590
12798 2590
12799 2590
12800 2590
12801 2590
12802 2590
12803 2590
12804 2590
12805 2590
12806 2590
12807 2590
12808 2590
12809 2590
12810 2590
12811 2590
12812 2590
12813 2590
12814 2590
12815 2590
12816 2590
12817 2590
12818 2590
12819 2590
12820 2590
12821 2590
12822 2590
12823 2590
12824 2590
12825 2590
12826 2590
12827 2590
12828 2590
12829 2585
12830 2585
12831 2585
12832 2585
12833 2585
12834 2585
12835 2585
12836 2585
12837 2585
12838 2585
12839 2585
12840 2585
12841 2585
12842 2585
12843 2585
12844 2585
12845 2585
12846 2585
12847 2585
12848 2585
12849 2585
12850 2585
12851 2585
12852 2585
12853 2585
12854 2585
12855 2585
12856 2585
12857 2585
12858 2585
12859 2585
12860 2585
12861 2585
12862 2585
12863 2585
12864 2585
12865 2585
12866 2585
12867 2585
12868 2585
12869 2585
12870 2585
12871 2585
12872 2585
12873 2585
12874 2585
12875 2585
12876 2585
12877 2585
12878 2585
12879 2585
12880 2585
12881 2585
12882 2585
12883 2585
12884 2585
12885 2585
12886 2585
12887 2585
12888 2585
12889 2585
12890 2585
12891 2585
12892 2585
12893 2585
12894 2585
12895 2585
12896 2585
12897 2585
12898 2585
12899 2585
12900 2585
12901 2585
12902 2585
12903 2585
12904 2585
12905 2585
12906 2585
12907 2585
12908 2585
12909 2585
12910 2585
12911 2585
12912 2585
12913 2585
12914 2585
12915 2585
12916 2585
12917 2585
12918 2585
12919 2585
12920 2585
12921 2585
12922 2585
12923 2585
12924 2585
12925 2585
12926 2585
12927 2585
12928 2585
12929 2585
12930 2585
12931 2585
12932 2585
12933 2585
12934 2585
12935 2585
12936 2585
12937 2585
12938 2585
12939 2585
12940 2585
12941 2585
12942 2585
12943 2585
12944 2585
12945 2585
12946 2585
12947 2585
12948 2585
12949 2585
12950 2585
12951 2585
12952 2585
12953 2585
12954 2585
12955 2585
12956 2585
12957 2585
12958 2585
12959 2585
12960 2585
12961 2585
12962 2585
12963 2585
12964 2585
12965 2585
12966 2585
12967 2585
12968 2585
12969 2585
12970 2585
12971 2585
12972 2585
12973 2585
12974 2585
12975 2585
12976 2585
12977 2585
12978 2585
12979 2585
12980 2585
12981 2585
12982 2585
12983 2585
12984 2585
12985 2585
12986 2585
12987 2585
12988 2585
12989 2585
12990 2585
12991 2584
12992 2584
12993 2584
12994 2584
12995 2584
12996 2584
12997 2584
12998 2584
12999 2584
13000 2584
13001 2584
13002 2584
13003 2584
13004 2584
13005 2584
13006 2584
13007 2584
13008 2584
13009 2584
13010 2584
13011 2584
13012 2584
13013 2584
13014 2584
13015 2584
13016 2584
13017 2584
13018 2584
13019 2584
13020 2584
13021 2584
13022 2584
13023 2584
13024 2584
13025 2584
13026 2584
13027 2584
13028 2584
13029 2584
13030 2584
13031 2584
13032 2584
13033 2584
13034 2584
13035 2584
13036 2584
13037 2584
13038 2584
13039 2584
13040 2584
13041 2584
13042 2584
13043 2584
13044 2584
13045 2584
13046 2584
13047 2584
13048 2582
13049 2582
13050 2582
13051 2582
13052 2582
13053 2582
13054 2582
13055 2582
13056 2582
13057 2582
13058 2582
13059 2582
13060 2582
13061 2582
13062 2582
13063 2582
13064 2582
13065 2582
13066 2582
13067 2582
13068 2582
13069 2582
13070 2582
13071 2582
13072 2582
13073 2582
13074 2582
13075 2582
13076 2582
13077 2582
13078 2582
13079 2582
13080 2582
13081 2582
13082 2582
13083 2582
13084 2582
13085 2582
13086 2582
13087 2582
13088 2582
13089 2582
13090 2582
13091 2582
13092 2582
13093 2582
13094 2582
13095 2582
13096 2582
13097 2582
13098 2582
13099 2582
13100 2582
13101 2582
13102 2582
13103 2582
13104 2582
13105 2582
13106 2582
13107 2582
13108 2581
13109 2581
13110 2581
13111 2581
13112 2581
13113 2581
13114 2581
13115 2581
13116 2581
13117 2581
13118 2581
13119 2581
13120 2581
13121 2581
13122 2581
13123 2581
13124 2581
13125 2581
13126 2581
13127 2581
13128 2581
13129 2581
13130 2581
13131 2581
13132 2581
13133 2581
13134 2581
13135 2581
13136 2581
13137 2581
13138 2581
13139 2581
13140 2581
13141 2581
13142 2581
13143 2581
13144 2581
13145 2581
13146 2581
13147 2581
13148 2581
13149 2581
13150 2581
13151 2581
13152 2581
13153 2581
13154 2581
13155 2581
13156 2581
13157 2581
13158 2581
13159 2581
13160 2581
13161 2581
13162 2581
13163 2581
13164 2581
13165 2581
13166 2581
13167 2581
13168 2581
13169 2581
13170 2581
13171 2581
13172 2581
13173 2581
13174 2581
13175 2581
13176 2581
13177 2581
13178 2581
13179 2581
13180 2581
13181 2581
13182 2581
13183 2581
13184 2581
13185 2581
13186 2581
13187 2581
13188 2581
13189 2581
13190 2581
13191 2581
13192 2581
13193 2581
13194 2581
13195 2581
13196 2581
13197 2581
13198 2581
13199 2581
13200 2581
13201 2581
13202 2581
13203 2581
13204 2581
13205 2581
13206 2581
13207 2581
13208 2581
13209 2581
13210 2581
13211 2581
13212 2581
13213 2581
13214 2581
13215 2581
13216 2581
13217 2581
13218 2581
13219 2581
13220 2581
13221 2581
13222 2581
13223 2581
13224 2581
13225 2581
13226 2581
13227 2581
13228 2581
13229 2581
13230 2581
13231 2581
13232 2581
13233 2581
13234 2581
13235 2581
13236 2581
13237 2581
13238 2581
13239 2581
13240 2581
13241 2581
13242 2581
13243 2581
13244 2581
13245 2581
13246 2581
13247 2581
13248 2581
13249 2581
13250 2581
13251 2581
13252 2581
13253 2581
13254 2581
13255 2581
13256 2581
13257 2581
13258 2581
13259 2581
13260 2581
13261 2581
13262 2581
13263 2581
13264 2581
13265 2581
13266 2581
13267 2581
13268 2581
13269 2581
13270 2581
13271 2581
13272 2581
13273 2581
13274 2581
13275 2581
13276 2581
13277 2581
13278 2581
13279 2581
13280 2581
13281 2581
13282 2581
13283 2581
13284 2581
13285 2581
13286 2581
13287 2581
13288 2581
13289 2581
13290 2581
13291 2581
13292 2581
13293 2581
13294 2581
13295 2581
13296 2581
13297 2581
13298 2581
13299 2581
13300 2581
13301 2581
13302 2581
13303 2581
13304 2581
13305 2581
13306 2581
13307 2581
13308 2581
13309 2581
13310 2581
13311 2581
13312 2581
13313 2581
13314 2581
13315 2581
13316 2581
13317 2581
13318 2581
13319 2581
13320 2581
13321 2581
13322 2581
13323 2581
13324 2581
13325 2581
13326 2581
13327 2581
13328 2581
13329 2581
13330 2581
13331 2581
13332 2581
13333 2581
13334 2581
13335 2581
13336 2581
13337 2581
13338 2581
13339 2581
13340 2581
13341 2581
13342 2581
13343 2581
13344 2581
13345 2581
13346 2581
13347 2581
13348 2581
13349 2581
13350 2581
13351 2581
13352 2581
13353 2581
13354 2581
13355 2581
13356 2581
13357 2575
13358 2575
13359 2575
13360 2575
13361 2575
13362 2575
13363 2575
13364 2575
13365 2575
13366 2575
13367 2575
13368 2575
13369 2575
13370 2575
13371 2575
13372 2575
13373 2575
13374 2575
13375 2575
13376 2575
13377 2575
13378 2575
13379 2575
13380 2575
13381 2575
13382 2575
13383 2575
13384 2575
13385 2575
13386 2575
13387 2575
13388 2575
13389 2575
13390 2575
13391 2575
13392 2575
13393 2575
13394 2575
13395 2575
13396 2575
13397 2575
13398 2575
13399 2575
13400 2575
13401 2575
13402 2575
13403 2575
13404 2575
13405 2575
13406 2575
13407 2575
13408 2575
13409 2575
13410 2575
13411 2575
13412 2575
13413 2575
13414 2575
13415 2575
13416 2575
13417 2575
13418 2575
13419 2575
13420 2575
13421 2575
13422 2575
13423 2575
13424 2575
13425 2575
13426 2575
13427 2575
13428 2575
13429 2575
13430 2575
13431 2575
13432 2575
13433 2575
13434 2575
13435 2575
13436 2575
13437 2575
13438 2575
13439 2575
13440 2575
13441 2575
13442 2575
13443 2575
13444 2575
13445 2575
13446 2575
13447 2575
13448 2575
13449 2575
13450 2575
13451 2575
13452 2575
13453 2575
13454 2575
13455 2575
13456 2575
13457 2575
13458 2575
13459 2562
13460 2562
13461 2562
13462 2562
13463 2562
13464 2562
13465 2562
13466 2562
13467 2562
13468 2562
13469 2562
13470 2562
13471 2562
13472 2562
13473 2562
13474 2562
13475 2562
13476 2562
13477 2562
13478 2562
13479 2562
13480 2562
13481 2562
13482 2562
13483 2562
13484 2562
13485 2562
13486 2562
13487 2562
13488 2562
13489 2562
13490 2562
13491 2562
13492 2562
13493 2562
13494 2562
13495 2562
13496 2562
13497 2562
13498 2562
13499 2562
13500 2562
13501 2562
13502 2562
13503 2562
13504 2562
13505 2562
13506 2562
13507 2562
13508 2562
13509 2562
13510 2562
13511 2562
13512 2562
13513 2562
13514 2562
13515 2562
13516 2562
13517 2562
13518 2562
13519 2562
13520 2562
13521 2562
13522 2562
13523 2562
13524 2562
13525 2562
13526 2562
13527 2562
13528 2562
13529 2562
13530 2562
13531 2562
13532 2562
13533 2562
13534 2562
13535 2562
13536 2562
13537 2562
13538 2562
13539 2562
13540 2562
13541 2562
13542 2562
13543 2562
13544 2562
13545 2562
13546 2562
13547 2562
13548 2562
13549 2562
13550 2562
13551 2562
13552 2562
13553 2562
13554 2562
13555 2562
13556 2562
13557 2562
13558 2562
13559 2562
13560 2562
13561 2562
13562 2562
13563 2562
13564 2562
13565 2562
13566 2562
13567 2562
13568 2562
13569 2562
13570 2562
13571 2562
13572 2562
13573 2562
13574 2562
13575 2562
13576 2562
13577 2562
13578 2562
13579 2562
13580 2562
13581 2562
13582 2561
13583 2561
13584 2561
13585 2561
13586 2561
13587 2561
13588 2561
13589 2561
13590 2561
13591 2561
13592 2561
13593 2561
13594 2561
13595 2561
13596 2561
13597 2561
13598 2561
13599 2561
13600 2561
13601 2561
13602 2561
13603 2561
13604 2561
13605 2561
13606 2561
13607 2561
13608 2561
13609 2561
13610 2561
13611 2561
13612 2561
13613 2561
13614 2561
13615 2561
13616 2561
13617 2561
13618 2561
13619 2561
13620 2561
13621 2561
13622 2561
13623 2561
13624 2561
13625 2561
13626 2561
13627 2561
13628 2561
13629 2561
13630 2561
13631 2561
13632 2561
13633 2561
13634 2561
13635 2561
13636 2561
13637 2561
13638 2561
13639 2561
13640 2561
13641 2561
13642 2561
13643 2561
13644 2561
13645 2561
13646 2561
13647 2561
13648 2561
13649 2561
13650 2561
13651 2561
13652 2561
13653 2561
13654 2561
13655 2561
13656 2561
13657 2561
13658 2561
13659 2561
13660 2561
13661 2561
13662 2561
13663 2561
13664 2561
13665 2561
13666 2561
13667 2561
13668 2561
13669 2561
13670 2561
13671 2561
13672 2561
13673 2561
13674 2561
13675 2561
13676 2561
13677 2561
13678 2561
13679 2561
13680 2561
13681 2561
13682 2561
13683 2561
13684 2561
13685 2561
13686 2561
13687 2561
13688 2561
13689 2561
13690 2561
13691 2561
13692 2561
13693 2561
13694 2561
13695 2561
13696 2561
13697 2561
13698 2561
13699 2561
13700 2561
13701 2561
13702 2561
13703 2561
13704 2561
13705 2561
13706 2561
13707 2561
13708 2561
13709 2561
13710 2561
13711 2561
13712 2561
13713 2561
13714 2554
13715 2554
13716 2554
13717 2554
13718 2554
13719 2554
13720 2554
13721 2554
13722 2554
13723 2554
13724 2554
13725 2554
13726 2554
13727 2554
13728 2554
13729 2554
13730 2554
13731 2554
13732 2554
13733 2554
13734 2554
13735 2554
13736 2554
13737 2554
13738 2554
13739 2554
13740 2554
13741 2554
13742 2554
13743 2554
13744 2554
13745 2554
13746 2554
13747 2554
13748 2554
13749 2554
13750 2554
13751 2554
13752 2554
13753 2554
13754 2546
13755 2546
13756 2546
13757 2546
13758 2546
13759 2546
13760 2546
13761 2546
13762 2546
13763 2546
13764 2546
13765 2546
13766 2546
13767 2546
13768 2546
13769 2546
13770 2546
13771 2546
13772 2546
13773 2546
13774 2546
13775 2546
13776 2546
13777 2546
13778 2546
13779 2546
13780 2546
13781 2546
13782 2546
13783 2546
13784 2546
13785 2546
13786 2546
13787 2546
13788 2546
13789 2546
13790 2546
13791 2546
13792 2546
13793 2546
13794 2546
13795 2546
13796 2546
13797 2546
13798 2546
13799 2546
13800 2546
13801 2546
13802 2546
13803 2546
13804 2546
13805 2546
13806 2546
13807 2546
13808 2546
13809 2546
13810 2546
13811 2546
13812 2546
13813 2546
13814 2546
13815 2546
13816 2546
13817 2546
13818 2546
13819 2546
13820 2546
13821 2546
13822 2546
13823 2546
13824 2546
13825 2546
13826 2546
13827 2546
13828 2546
13829 2546
13830 2546
13831 2546
13832 2546
13833 2546
13834 2546
13835 2546
13836 2546
13837 2546
13838 2546
13839 2546
13840 2546
13841 2546
13842 2546
13843 2546
13844 2546
13845 2546
13846 2546
13847 2546
13848 2546
13849 2546
13850 2546
13851 2546
13852 2546
13853 2546
13854 2546
13855 2546
13856 2546
13857 2546
13858 2546
13859 2546
13860 2546
13861 2546
13862 2546
13863 2546
13864 2546
13865 2546
13866 2546
13867 2546
13868 2546
13869 2546
13870 2546
13871 2546
13872 2546
13873 2546
13874 2546
13875 2546
13876 2546
13877 2546
13878 2546
13879 2546
13880 2546
13881 2546
13882 2546
13883 2546
13884 2546
13885 2546
13886 2546
13887 2546
13888 2546
13889 2546
13890 2546
13891 2543
13892 2543
13893 2543
13894 2543
13895 2543
13896 2543
13897 2543
13898 2543
13899 2543
13900 2540
13901 2540
13902 2540
13903 2540
13904 2540
13905 2540
13906 2540
13907 2540
13908 2540
13909 2540
13910 2540
13911 2540
13912 2540
13913 2540
13914 2540
13915 2540
13916 2540
13917 2540
13918 2540
13919 2540
13920 2540
13921 2540
13922 2540
13923 2540
13924 2540
13925 2540
13926 2540
13927 2540
13928 2540
13929 2540
13930 2540
13931 2540
13932 2540
13933 2540
13934 2540
13935 2540
13936 2540
13937 2540
13938 2540
13939 2540
13940 2540
13941 2540
13942 2540
13943 2540
13944 2540
13945 2540
13946 2540
13947 2540
13948 2540
13949 2540
13950 2540
13951 2540
13952 2540
13953 2540
13954 2540
13955 2540
13956 2540
13957 2540
13958 2540
13959 2540
13960 2540
13961 2540
13962 2540
13963 2540
13964 2540
13965 2540
13966 2540
13967 2540
13968 2540
13969 2540
13970 2540
13971 2540
13972 2540
13973 2540
13974 2540
13975 2540
13976 2540
13977 2540
13978 2540
13979 2540
13980 2540
13981 2540
13982 2540
13983 2540
13984 2540
13985 2540
13986 2540
13987 2540
13988 2540
13989 2540
13990 2540
13991 2540
13992 2540
13993 2540
13994 2540
13995 2540
13996 2540
13997 2540
13998 2540
13999 2540
14000 2540
14001 2540
14002 2540
14003 2540
14004 2540
14005 2540
14006 2540
14007 2540
14008 2540
14009 2540
14010 2540
14011 2540
14012 2540
14013 2540
14014 2540
14015 2540
14016 2540
14017 2540
14018 2540
14019 2540
14020 2540
14021 2540
14022 2540
14023 2540
14024 2540
14025 2540
14026 2540
14027 2540
14028 2540
14029 2540
14030 2538
14031 2532
14032 2532
14033 2532
14034 2532
14035 2532
14036 2532
14037 2532
14038 2532
14039 2532
14040 2532
14041 2532
14042 2532
14043 2532
14044 2532
14045 2532
14046 2532
14047 2532
14048 2532
14049 2532
14050 2532
14051 2532
14052 2530
14053 2530
14054 2530
14055 2530
14056 2530
14057 2530
14058 2530
14059 2530
14060 2530
14061 2530
14062 2530
14063 2530
14064 2530
14065 2530
14066 2530
14067 2530
14068 2530
14069 2530
14070 2530
14071 2530
14072 2530
14073 2530
14074 2530
14075 2530
14076 2530
14077 2530
14078 2530
14079 2530
14080 2530
14081 2530
14082 2530
14083 2530
14084 2530
14085 2530
14086 2530
14087 2530
14088 2530
14089 2530
14090 2530
14091 2530
14092 2530
14093 2530
14094 2530
14095 2530
14096 2530
14097 2530
14098 2530
14099 2530
14100 2530
14101 2530
14102 2530
14103 2530
14104 2530
14105 2530
14106 2530
14107 2530
14108 2530
14109 2530
14110 2530
14111 2530
14112 2530
14113 2530
14114 2530
14115 2530
14116 2530
14117 2530
14118 2530
14119 2530
14120 2530
14121 2530
14122 2530
14123 2530
14124 2530
14125 2530
14126 2530
14127 2530
14128 2530
14129 2530
14130 2530
14131 2530
14132 2530
14133 2530
14134 2530
14135 2530
14136 2530
14137 2530
14138 2530
14139 2530
14140 2530
14141 2530
14142 2530
14143 2530
14144 2530
14145 2530
14146 2530
14147 2530
14148 2530
14149 2530
14150 2526
14151 2526
14152 2526
14153 2526
14154 2526
14155 2526
14156 2526
14157 2526
14158 2526
14159 2526
14160 2526
14161 2526
14162 2526
14163 2526
14164 2526
14165 2526
14166 2526
14167 2526
14168 2526
14169 2526
14170 2526
14171 2526
14172 2526
14173 2526
14174 2526
14175 2526
14176 2526
14177 2526
14178 2526
14179 2526
14180 2526
14181 2526
14182 2526
14183 2526
14184 2526
14185 2526
14186 2526
14187 2526
14188 2526
14189 2526
14190 2526
14191 2526
14192 2526
14193 2526
14194 2526
14195 2526
14196 2526
14197 2526
14198 2526
14199 2526
14200 2526
14201 2526
14202 2526
14203 2526
14204 2526
14205 2526
14206 2526
14207 2526
14208 2526
14209 2526
14210 2526
14211 2526
14212 2526
14213 2526
14214 2526
14215 2526
14216 2526
14217 2526
14218 2526
14219 2526
14220 2526
14221 2526
14222 2526
14223 2526
14224 2526
14225 2526
14226 2526
14227 2526
14228 2526
14229 2526
14230 2526
14231 2526
14232 2526
14233 2526
14234 2526
14235 2526
14236 2526
14237 2526
14238 2526
14239 2526
14240 2526
14241 2526
14242 2526
14243 2526
14244 2526
14245 2526
14246 2526
14247 2526
14248 2526
14249 2526
14250 2526
14251 2526
14252 2526
14253 2526
14254 2526
14255 2526
14256 2526
14257 2526
14258 2526
14259 2526
14260 2526
14261 2526
14262 2526
14263 2526
14264 2526
14265 2526
14266 2526
14267 2526
14268 2526
14269 2526
14270 2526
14271 2526
14272 2526
14273 2526
14274 2526
14275 2526
14276 2526
14277 2526
14278 2526
14279 2526
14280 2526
14281 2526
14282 2526
14283 2526
14284 2526
14285 2526
14286 2526
14287 2526
14288 2526
14289 2526
14290 2526
14291 2526
14292 2526
14293 2526
14294 2526
14295 2526
14296 2526
14297 2526
14298 2526
14299 2526
14300 2526
14301 2526
14302 2526
14303 2526
14304 2526
14305 2526
14306 2526
14307 2526
14308 2526
14309 2526
14310 2526
14311 2526
14312 2526
14313 2526
14314 2526
14315 2526
14316 2526
14317 2526
14318 2526
14319 2526
14320 2526
14321 2526
14322 2526
14323 2526
14324 2526
14325 2526
14326 2526
14327 2526
14328 2526
14329 2526
14330 2526
14331 2526
14332 2526
14333 2526
14334 2526
14335 2526
14336 2526
14337 2526
14338 2526
14339 2526
14340 2526
14341 2526
14342 2526
14343 2526
14344 2526
14345 2526
14346 2526
14347 2526
14348 2526
14349 2526
14350 2526
14351 2526
14352 2526
14353 2526
14354 2526
14355 2526
14356 2526
14357 2526
14358 2526
14359 2526
14360 2526
14361 2526
14362 2526
14363 2526
14364 2526
14365 2526
14366 2526
14367 2526
14368 2526
14369 2526
14370 2526
14371 2526
14372 2526
14373 2526
14374 2526
14375 2526
14376 2526
14377 2526
14378 2526
14379 2526
14380 2526
14381 2526
14382 2526
14383 2526
14384 2526
14385 2526
14386 2526
14387 2526
14388 2526
14389 2526
14390 2526
14391 2526
14392 2526
14393 2526
14394 2526
14395 2526
14396 2526
14397 2526
14398 2526
14399 2526
14400 2526
14401 2526
14402 2526
14403 2526
14404 2526
14405 2526
14406 2526
14407 2526
14408 2526
14409 2526
14410 2526
14411 2526
14412 2526
14413 2526
14414 2526
14415 2526
14416 2526
14417 2526
14418 2526
14419 2526
14420 2526
14421 2526
14422 2526
14423 2526
14424 2526
14425 2526
14426 2526
14427 2526
14428 2526
14429 2526
14430 2526
14431 2526
14432 2526
14433 2526
14434 2526
14435 2526
14436 2526
14437 2526
14438 2526
14439 2526
14440 2526
14441 2526
14442 2526
14443 2526
14444 2526
14445 2526
14446 2526
14447 2526
14448 2524
14449 2524
14450 2524
14451 2524
14452 2524
14453 2524
14454 2524
14455 2524
14456 2524
14457 2524
14458 2524
14459 2524
14460 2524
14461 2524
14462 2524
14463 2524
14464 2524
14465 2524
14466 2524
14467 2524
14468 2524
14469 2524
14470 2524
14471 2524
14472 2524
14473 2524
14474 2524
14475 2524
14476 2524
14477 2524
14478 2524
14479 2524
14480 2524
14481 2524
14482 2524
14483 2524
14484 2524
14485 2524
14486 2524
14487 2524
14488 2524
14489 2524
14490 2524
14491 2524
14492 2524
14493 2524
14494 2524
14495 2524
14496 2524
14497 2524
14498 2524
14499 2524
14500 2524
14501 2524
14502 2524
14503 2524
14504 2524
14505 2524
14506 2524
14507 2524
14508 2524
14509 2524
14510 2524
14511 2524
14512 2524
14513 2524
14514 2524
14515 2524
14516 2524
14517 2524
14518 2524
14519 2524
14520 2524
14521 2524
14522 2524
14523 2524
14524 2524
14525 2524
14526 2524
14527 2524
14528 2524
14529 2524
14530 2524
14531 2524
14532 2524
14533 2524
14534 2524
14535 2524
14536 2524
14537 2524
14538 2524
14539 2524
14540 2524
14541 2524
14542 2524
14543 2524
14544 2524
14545 2524
14546 2524
14547 2524
14548 2524
14549 2524
14550 2524
14551 2524
14552 2524
14553 2524
14554 2524
14555 2524
14556 2524
14557 2524
14558 2524
14559 2524
14560 2524
14561 2524
14562 2524
14563 2524
14564 2524
14565 2524
14566 2524
14567 2524
14568 2524
14569 2524
14570 2524
14571 2524
14572 2523
14573 2523
14574 2523
14575 2523
14576 2523
14577 2523
14578 2523
14579 2523
14580 2523
14581 2523
14582 2523
14583 2523
14584 2523
14585 2523
14586 2523
14587 2523
14588 2523
14589 2523
14590 2523
14591 2523
14592 2523
14593 2523
14594 2523
14595 2523
14596 2523
14597 2523
14598 2523
14599 2523
14600 2523
14601 2523
14602 2523
14603 2523
14604 2523
14605 2523
14606 2523
14607 2523
14608 2523
14609 2523
14610 2523
14611 2523
14612 2523
14613 2523
14614 2523
14615 2523
14616 2523
14617 2523
14618 2523
14619 2523
14620 2523
14621 2523
14622 2523
14623 2523
14624 2523
14625 2523
14626 2523
14627 2523
14628 2523
14629 2523
14630 2523
14631 2523
14632 2523
14633 2523
14634 2523
14635 2523
14636 2523
14637 2523
14638 2523
14639 2523
14640 2523
14641 2523
14642 2523
14643 2523
14644 2523
14645 2523
14646 2523
14647 2523
14648 2523
14649 2523
14650 2523
14651 2523
14652 2523
14653 2523
14654 2523
14655 2523
14656 2523
14657 2523
14658 2523
14659 2523
14660 2523
14661 2523
14662 2523
14663 2523
14664 2523
14665 2523
14666 2523
14667 2523
14668 2523
14669 2523
14670 2523
14671 2523
14672 2523
14673 2523
14674 2523
14675 2523
14676 2523
14677 2523
14678 2523
14679 2523
14680 2523
14681 2523
14682 2523
14683 2523
14684 2523
14685 2523
14686 2523
14687 2523
14688 2523
14689 2522
14690 2522
14691 2522
14692 2522
14693 2522
14694 2522
14695 2522
14696 2522
14697 2522
14698 2522
14699 2522
14700 2522
14701 2522
14702 2522
14703 2522
14704 2522
14705 2522
14706 2522
14707 2522
14708 2522
14709 2522
14710 2522
14711 2522
14712 2522
14713 2522
14714 2522
14715 2522
14716 2522
14717 2522
14718 2522
14719 2522
14720 2522
14721 2522
14722 2522
14723 2522
14724 2522
14725 2522
14726 2522
14727 2522
14728 2522
14729 2522
14730 2522
14731 2522
14732 2522
14733 2522
14734 2522
14735 2522
14736 2522
14737 2522
14738 2522
14739 2522
14740 2522
14741 2522
14742 2522
14743 2522
14744 2522
14745 2522
14746 2522
14747 2522
14748 2522
14749 2522
14750 2522
14751 2522
14752 2522
14753 2522
14754 2522
14755 2522
14756 2522
14757 2522
14758 2522
14759 2522
14760 2522
14761 2522
14762 2522
14763 2522
14764 2522
14765 2522
14766 2522
14767 2522
14768 2522
14769 2522
14770 2522
14771 2522
14772 2522
14773 2522
14774 2522
14775 2522
14776 2522
14777 2522
14778 2522
14779 2522
14780 2522
14781 2522
14782 2522
14783 2522
14784 2522
14785 2517
14786 2517
14787 2517
14788 2517
14789 2517
14790 2517
14791 2517
14792 2517
14793 2517
14794 2517
14795 2517
14796 2517
14797 2517
14798 2517
14799 2517
14800 2517
14801 2517
14802 2517
14803 2517
14804 2517
14805 2517
14806 2517
14807 2517
14808 2517
14809 2517
14810 2517
14811 2517
14812 2517
14813 2517
14814 2517
14815 2517
14816 2517
14817 2517
14818 2517
14819 2517
14820 2517
14821 2517
14822 2517
14823 2517
14824 2517
14825 2517
14826 2517
14827 2517
14828 2517
14829 2517
14830 2517
14831 2517
14832 2517
14833 2517
14834 2517
14835 2517
14836 2517
14837 2517
14838 2517
14839 2517
14840 2517
14841 2517
14842 2517
14843 2517
14844 2517
14845 2517
14846 2517
14847 2517
14848 2517
14849 2517
14850 2517
14851 2517
14852 2517
14853 2517
14854 2517
14855 2517
14856 2517
14857 2517
14858 2517
14859 2517
14860 2517
14861 2517
14862 2517
14863 2517
14864 2517
14865 2517
14866 2517
14867 2517
14868 2517
14869 2517
14870 2517
14871 2517
14872 2517
14873 2517
14874 2517
14875 2517
14876 2517
14877 2517
14878 2517
14879 2517
14880 2517
14881 2517
14882 2517
14883 2517
14884 2517
14885 2517
14886 2517
14887 2517
14888 2517
14889 2517
14890 2517
14891 2517
14892 2517
14893 2517
14894 2517
14895 2517
14896 2517
14897 2517
14898 2517
14899 2517
14900 2517
14901 2517
14902 2517
14903 2517
14904 2517
14905 2517
14906 2517
14907 2517
14908 2517
14909 2517
14910 2517
14911 2517
14912 2517
14913 2517
14914 2517
14915 2517
14916 2517
14917 2517
14918 2517
14919 2517
14920 2517
14921 2517
14922 2517
14923 2517
14924 2517
14925 2517
14926 2517
14927 2517
14928 2517
14929 2517
14930 2517
14931 2517
14932 2517
14933 2517
14934 2517
14935 2517
14936 2517
14937 2517
14938 2517
14939 2517
14940 2517
14941 2517
14942 2517
14943 2517
14944 2517
14945 2517
14946 2517
14947 2517
14948 2517
14949 2517
14950 2517
14951 2517
14952 2517
14953 2517
14954 2517
14955 2517
14956 2517
14957 2517
14958 2517
14959 2517
14960 2517
14961 2517
14962 2517
14963 2517
14964 2517
14965 2517
14966 2517
14967 2517
14968 2517
14969 2517
14970 2517
14971 2517
14972 2517
14973 2517
14974 2517
14975 2517
14976 2517
14977 2517
14978 2517
14979 2517
14980 2517
14981 2508
14982 2508
14983 2508
14984 2508
14985 2508
14986 2508
14987 2508
14988 2508
14989 2508
14990 2508
14991 2508
14992 2507
14993 2507
14994 2507
14995 2507
14996 2507
14997 2507
14998 2507
14999 2507
15000 2507
15001 2507
15002 2507
15003 2507
15004 2507
15005 2507
15006 2507
15007 2507
15008 2507
15009 2507
15010 2507
15011 2507
15012 2507
15013 2507
15014 2507
15015 2507
15016 2507
15017 2507
15018 2507
15019 2507
15020 2507
15021 2507
15022 2507
15023 2507
15024 2507
15025 2507
15026 2507
15027 2507
15028 2507
15029 2507
15030 2507
15031 2507
15032 2507
15033 2507
15034 2507
15035 2507
15036 2507
15037 2507
15038 2507
15039 2507
15040 2507
15041 2507
15042 2507
15043 2507
15044 2507
15045 2507
15046 2507
15047 2507
15048 2507
15049 2507
15050 2507
15051 2507
15052 2507
15053 2507
15054 2507
15055 2507
15056 2507
15057 2507
15058 2507
15059 2507
15060 2507
15061 2507
15062 2507
15063 2507
15064 2507
15065 2507
15066 2507
15067 2507
15068 2507
15069 2507
15070 2507
15071 2507
15072 2507
15073 2507
15074 2507
15075 2507
15076 2507
15077 2507
15078 2507
15079 2507
15080 2507
15081 2507
15082 2507
15083 2507
15084 2507
15085 2507
15086 2507
15087 2507
15088 2507
15089 2507
15090 2507
15091 2507
15092 2507
15093 2507
15094 2507
15095 2507
15096 2507
15097 2507
15098 2507
15099 2507
15100 2507
15101 2507
15102 2507
15103 2507
15104 2507
15105 2507
15106 2507
15107 2507
15108 2507
15109 2507
15110 2507
15111 2507
15112 2507
15113 2507
15114 2507
15115 2507
15116 2507
15117 2507
15118 2507
15119 2507
15120 2507
15121 2507
15122 2507
15123 2507
15124 2507
15125 2507
15126 2507
15127 2507
15128 2507
15129 2507
15130 2507
15131 2507
15132 2507
15133 2507
15134 2507
15135 2507
15136 2507
15137 2507
15138 2507
15139 2507
15140 2507
15141 2507
15142 2507
15143 2507
15144 2507
15145 2507
15146 2507
15147 2507
15148 2507
15149 2507
15150 2507
15151 2507
15152 2507
15153 2507
15154 2507
15155 2507
15156 2507
15157 2507
15158 2507
15159 2507
15160 2507
15161 2507
15162 2507
15163 2507
15164 2507
15165 2507
15166 2507
15167 2507
15168 2507
15169 2507
15170 2507
15171 2507
15172 2507
15173 2507
15174 2507
15175 2507
15176 2507
15177 2507
15178 2507
15179 2507
15180 2507
15181 2507
15182 2507
15183 2507
15184 2507
15185 2507
15186 2507
15187 2507
15188 2507
15189 2507
15190 2507
15191 2507
15192 2507
15193 2507
15194 2507
15195 2507
15196 2507
15197 2507
15198 2507
15199 2507
15200 2507
15201 2507
15202 2507
15203 2507
15204 2507
15205 2507
15206 2507
15207 2507
15208 2507
15209 2507
15210 2507
15211 2507
15212 2507
15213 2507
15214 2507
15215 2507
15216 2507
15217 2507
15218 2507
15219 2507
15220 2507
15221 2507
15222 2507
15223 2507
15224 2507
15225 2507
15226 2507
15227 2507
15228 2507
15229 2507
15230 2507
15231 2507
15232 2507
15233 2507
15234 2507
15235 2507
15236 2507
15237 2507
15238 2507
15239 2507
15240 2507
15241 2507
15242 2507
15243 2507
15244 2507
15245 2507
15246 2507
15247 2507
15248 2507
15249 2507
15250 2507
15251 2507
15252 2507
15253 2507
15254 2507
15255 2507
15256 2507
15257 2507
15258 2507
15259 2507
15260 2507
15261 2507
15262 2507
15263 2507
15264 2507
15265 2507
15266 2507
15267 2507
15268 2507
15269 2507
15270 2507
15271 2507
15272 2507
15273 2507
15274 2507
15275 2507
15276 2507
15277 2507
15278 2507
15279 2507
15280 2507
15281 2507
15282 2507
15283 2507
15284 2507
15285 2507
15286 2507
15287 2507
15288 2507
15289 2507
15290 2507
15291 2507
15292 2507
15293 2507
15294 2507
15295 2507
15296 2507
15297 2507
15298 2507
15299 2507
15300 2507
15301 2507
15302 2507
15303 2507
15304 2507
15305 2507
15306 2507
15307 2507
15308 2507
15309 2507
15310 2507
15311 2507
15312 2507
15313 2507
15314 2507
15315 2507
15316 2507
15317 2507
15318 2507
15319 2507
15320 2507
15321 2507
15322 2507
15323 2507
15324 2507
15325 2507
15326 2507
15327 2507
15328 2507
15329 2507
15330 2507
15331 2507
15332 2507
15333 2507
15334 2507
15335 2507
15336 2507
15337 2507
15338 2507
15339 2507
15340 2507
15341 2507
15342 2507
15343 2507
15344 2507
15345 2507
15346 2507
15347 2507
15348 2507
15349 2507
15350 2507
15351 2507
15352 2507
15353 2507
15354 2507
15355 2507
15356 2507
15357 2507
15358 2507
15359 2507
15360 2507
15361 2507
15362 2507
15363 2507
15364 2507
15365 2507
15366 2507
15367 2507
15368 2507
15369 2507
15370 2507
15371 2507
15372 2507
15373 2507
15374 2507
15375 2507
15376 2507
15377 2507
15378 2507
15379 2507
15380 2507
15381 2507
15382 2507
15383 2507
15384 2507
15385 2507
15386 2507
15387 2507
15388 2507
15389 2507
15390 2507
15391 2507
15392 2507
15393 2507
15394 2507
15395 2507
15396 2507
15397 2507
15398 2507
15399 2507
15400 2507
15401 2507
15402 2507
15403 2507
15404 2507
15405 2507
15406 2507
15407 2507
15408 2507
15409 2507
15410 2507
15411 2507
15412 2507
15413 2507
15414 2507
15415 2507
15416 2507
15417 2507
15418 2507
15419 2507
15420 2507
15421 2507
15422 2507
15423 2507
15424 2507
15425 2507
15426 2507
15427 2507
15428 2507
15429 2507
15430 2507
15431 2507
15432 2507
15433 2507
15434 2507
15435 2507
15436 2507
15437 2507
15438 2507
15439 2507
15440 2507
15441 2507
15442 2507
15443 2507
15444 2507
15445 2503
15446 2503
15447 2503
15448 2503
15449 2503
15450 2503
15451 2503
15452 2503
15453 2503
15454 2503
15455 2503
15456 2503
15457 2503
15458 2503
15459 2503
15460 2503
15461 2503
15462 2503
15463 2503
15464 2503
15465 2503
15466 2503
15467 2503
15468 2503
15469 2500
15470 2500
15471 2500
15472 2500
15473 2500
15474 2500
15475 2500
15476 2500
15477 2500
15478 2500
15479 2500
15480 2500
15481 2500
15482 2500
15483 2500
15484 2500
15485 2500
15486 2500
15487 2500
15488 2500
15489 2500
15490 2500
15491 2500
15492 2500
15493 2500
15494 2500
15495 2500
15496 2500
15497 2500
15498 2500
15499 2500
15500 2500
15501 2500
15502 2500
15503 2500
15504 2500
15505 2500
15506 2500
15507 2500
15508 2500
15509 2500
15510 2500
15511 2500
15512 2500
15513 2500
15514 2500
15515 2500
15516 2500
15517 2500
15518 2500
15519 2500
15520 2500
15521 2500
15522 2500
15523 2496
15524 2496
15525 2496
15526 2496
15527 2496
15528 2496
15529 2496
15530 2496
15531 2496
15532 2496
15533 2496
15534 2496
15535 2496
15536 2496
15537 2496
15538 2496
15539 2496
15540 2496
15541 2496
15542 2496
15543 2496
15544 2496
15545 2496
15546 2496
15547 2496
15548 2496
15549 2496
15550 2496
15551 2496
15552 2496
15553 2496
15554 2496
15555 2496
15556 2496
15557 2496
15558 2496
15559 2496
15560 2496
15561 2496
15562 2496
15563 2496
15564 2496
15565 2496
15566 2496
15567 2496
15568 2496
15569 2496
15570 2496
15571 2496
15572 2496
15573 2496
15574 2496
15575 2496
15576 2496
15577 2496
15578 2496
15579 2496
15580 2496
15581 2496
15582 2496
15583 2496
15584 2496
15585 2496
15586 2496
15587 2496
15588 2496
15589 2496
15590 2496
15591 2496
15592 2496
15593 2496
15594 2496
15595 2496
15596 2496
15597 2496
15598 2496
15599 2496
15600 2496
15601 2496
15602 2496
15603 2496
15604 2496
15605 2496
15606 2496
15607 2496
15608 2496
15609 2496
15610 2496
15611 2496
15612 2496
15613 2496
15614 2496
15615 2496
15616 2496
15617 2496
15618 2496
15619 2496
15620 2496
15621 2496
15622 2496
15623 2496
15624 2496
15625 2496
15626 2496
15627 2496
15628 2496
15629 2496
15630 2496
15631 2496
15632 2496
15633 2496
15634 2496
15635 2496
15636 2496
15637 2496
15638 2496
15639 2496
15640 2496
15641 2496
15642 2496
15643 2496
15644 2496
15645 2496
15646 2496
15647 2496
15648 2496
15649 2496
15650 2496
15651 2496
15652 2496
15653 2496
15654 2496
15655 2496
15656 2496
15657 2496
15658 2496
15659 2496
15660 2496
15661 2496
15662 2496
15663 2496
15664 2496
15665 2496
15666 2496
15667 2496
15668 2496
15669 2496
15670 2496
15671 2496
15672 2496
15673 2496
15674 2496
15675 2496
15676 2496
15677 2496
15678 2496
15679 2496
15680 2496
15681 2496
15682 2496
15683 2496
15684 2496
15685 2496
15686 2496
15687 2496
15688 2496
15689 2496
15690 2496
15691 2496
15692 2496
15693 2496
15694 2496
15695 2496
15696 2496
15697 2496
15698 2496
15699 2496
15700 2496
15701 2496
15702 2496
15703 2496
15704 2496
15705 2496
15706 2496
15707 2496
15708 2496
15709 2496
15710 2496
15711 2496
15712 2496
15713 2496
15714 2496
15715 2496
15716 2496
15717 2496
15718 2496
15719 2496
15720 2496
15721 2496
15722 2496
15723 2496
15724 2496
15725 2496
15726 2496
15727 2496
15728 2496
15729 2496
15730 2496
15731 2496
15732 2496
15733 2496
15734 2496
15735 2496
15736 2496
15737 2496
15738 2496
15739 2496
15740 2496
15741 2496
15742 2496
15743 2496
15744 2496
15745 2496
15746 2496
15747 2496
15748 2496
15749 2496
15750 2496
15751 2496
15752 2496
15753 2496
15754 2496
15755 2496
15756 2496
15757 2496
15758 2496
15759 2496
15760 2496
15761 2496
15762 2496
15763 2496
15764 2496
15765 2496
15766 2496
15767 2496
15768 2496
15769 2496
15770 2496
15771 2496
15772 2496
15773 2496
15774 2496
15775 2496
15776 2496
15777 2496
15778 2496
15779 2496
15780 2496
15781 2496
15782 2496
15783 2496
15784 2496
15785 2496
15786 2496
15787 2496
15788 2496
15789 2496
15790 2496
15791 2496
15792 2496
15793 2496
15794 2496
15795 2496
15796 2496
15797 2496
15798 2496
15799 2496
15800 2496
15801 2496
15802 2496
15803 2496
15804 2496
15805 2496
15806 2496
15807 2496
15808 2496
15809 2496
15810 2496
15811 2496
15812 2496
15813 2496
15814 2496
15815 2496
15816 2496
15817 2496
15818 2496
15819 2496
15820 2496
15821 2496
15822 2496
15823 2496
15824 2496
15825 2496
15826 2496
15827 2496
15828 2496
15829 2496
15830 2496
15831 2496
15832 2496
15833 2496
15834 2496
15835 2496
15836 2496
15837 2496
15838 2496
15839 2496
15840 2496
15841 2496
15842 2496
15843 2496
15844 2496
15845 2496
15846 2496
15847 2496
15848 2496
15849 2496
15850 2496
15851 2496
15852 2496
15853 2496
15854 2496
15855 2496
15856 2496
15857 2496
15858 2496
15859 2496
15860 2494
15861 2494
15862 2494
15863 2494
15864 2494
15865 2494
15866 2494
15867 2494
15868 2494
15869 2494
15870 2494
15871 2494
15872 2494
15873 2494
15874 2494
15875 2494
15876 2494
15877 2494
15878 2494
15879 2494
15880 2494
15881 2494
15882 2494
15883 2494
15884 2494
15885 2494
15886 2494
15887 2494
15888 2494
15889 2494
15890 2494
15891 2494
15892 2494
15893 2494
15894 2494
15895 2494
15896 2494
15897 2494
15898 2494
15899 2494
15900 2494
15901 2494
15902 2494
15903 2494
15904 2494
15905 2494
15906 2494
15907 2494
15908 2494
15909 2494
15910 2494
15911 2494
15912 2494
15913 2494
15914 2494
15915 2494
15916 2494
15917 2494
15918 2494
15919 2494
15920 2494
15921 2494
15922 2494
15923 2494
15924 2494
15925 2494
15926 2494
15927 2494
15928 2494
15929 2494
15930 2494
15931 2494
15932 2494
15933 2494
15934 2494
15935 2494
15936 2494
15937 2494
15938 2494
15939 2494
15940 2494
15941 2494
15942 2494
15943 2494
15944 2494
15945 2483
15946 2483
15947 2483
15948 2483
15949 2483
15950 2483
15951 2483
15952 2483
15953 2483
15954 2483
15955 2483
15956 2483
15957 2483
15958 2483
15959 2483
15960 2483
15961 2483
15962 2483
15963 2483
15964 2483
15965 2483
15966 2483
15967 2483
15968 2483
15969 2483
15970 2483
15971 2483
15972 2483
15973 2483
15974 2483
15975 2483
15976 2483
15977 2483
15978 2483
15979 2483
15980 2483
15981 2483
15982 2483
15983 2483
15984 2483
15985 2483
15986 2483
15987 2483
15988 2483
15989 2483
15990 2483
15991 2483
15992 2483
15993 2483
15994 2483
15995 2483
15996 2483
15997 2483
15998 2483
15999 2483
16000 2483
16001 2483
16002 2483
16003 2483
16004 2483
16005 2483
16006 2483
16007 2483
16008 2483
16009 2483
16010 2483
16011 2483
16012 2483
16013 2483
16014 2483
16015 2483
16016 2483
16017 2483
16018 2483
16019 2483
16020 2483
16021 2483
16022 2483
16023 2483
16024 2483
16025 2483
16026 2483
16027 2483
16028 2483
16029 2483
16030 2480
16031 2480
16032 2480
16033 2480
16034 2480
16035 2480
16036 2480
16037 2480
16038 2480
16039 2480
16040 2480
16041 2480
16042 2480
16043 2480
16044 2480
16045 2480
16046 2480
16047 2480
16048 2480
16049 2480
16050 2480
16051 2480
16052 2480
16053 2480
16054 2480
16055 2480
16056 2480
16057 2480
16058 2480
16059 2480
16060 2480
16061 2480
16062 2480
16063 2480
16064 2480
16065 2480
16066 2480
16067 2480
16068 2480
16069 2480
16070 2480
16071 2480
16072 2480
16073 2480
16074 2480
16075 2480
16076 2480
16077 2480
16078 2480
16079 2480
16080 2480
16081 2480
16082 2480
16083 2480
16084 2480
16085 2480
16086 2480
16087 2480
16088 2480
16089 2480
16090 2480
16091 2480
16092 2480
16093 2480
16094 2480
16095 2480
16096 2480
16097 2480
16098 2480
16099 2480
16100 2480
16101 2480
16102 2480
16103 2480
16104 2480
16105 2480
16106 2480
16107 2480
16108 2480
16109 2477
16110 2477
16111 2477
16112 2477
16113 2477
16114 2477
16115 2477
16116 2477
16117 2477
16118 2477
16119 2477
16120 2477
16121 2477
16122 2477
16123 2477
16124 2477
16125 2477
16126 2477
16127 2477
16128 2477
16129 2477
16130 2477
16131 2477
16132 2477
16133 2477
16134 2477
16135 2477
16136 2477
16137 2477
16138 2477
16139 2477
16140 2477
16141 2477
16142 2477
16143 2477
16144 2477
16145 2477
16146 2477
16147 2477
16148 2477
16149 2477
16150 2477
16151 2477
16152 2477
16153 2477
16154 2477
16155 2477
16156 2477
16157 2477
16158 2477
16159 2477
16160 2477
16161 2477
16162 2477
16163 2477
16164 2477
16165 2477
16166 2477
16167 2477
16168 2477
16169 2477
16170 2477
16171 2477
16172 2477
16173 2477
16174 2477
16175 2477
16176 2477
16177 2477
16178 2477
16179 2477
16180 2477
16181 2477
16182 2477
16183 2477
16184 2477
16185 2477
16186 2477
16187 2471
16188 2471
16189 2471
16190 2471
16191 2471
16192 2471
16193 2471
16194 2471
16195 2471
16196 2471
16197 2471
16198 2471
16199 2471
16200 2471
16201 2471
16202 2471
16203 2471
16204 2471
16205 2471
16206 2471
16207 2471
16208 2471
16209 2471
16210 2471
16211 2471
16212 2471
16213 2471
16214 2471
16215 2471
16216 2471
16217 2471
16218 2471
16219 2471
16220 2471
16221 2471
16222 2471
16223 2471
16224 2471
16225 2471
16226 2471
16227 2471
16228 2471
16229 2471
16230 2471
16231 2471
16232 2471
16233 2471
16234 2471
16235 2471
16236 2471
16237 2471
16238 2471
16239 2471
16240 2471
16241 2471
16242 2471
16243 2471
16244 2471
16245 2471
16246 2471
16247 2471
16248 2471
16249 2471
16250 2471
16251 2471
16252 2471
16253 2471
16254 2471
16255 2471
16256 2471
16257 2471
16258 2471
16259 2471
16260 2471
16261 2471
16262 2471
16263 2471
16264 2471
16265 2471
16266 2471
16267 2471
16268 2471
16269 2471
16270 2471
16271 2471
16272 2471
16273 2471
16274 2471
16275 2471
16276 2471
16277 2471
16278 2471
16279 2471
16280 2471
16281 2471
16282 2471
16283 2471
16284 2471
16285 2471
16286 2471
16287 2471
16288 2471
16289 2471
16290 2471
16291 2471
16292 2471
16293 2471
16294 2471
16295 2471
16296 2471
16297 2471
16298 2471
16299 2471
16300 2471
16301 2471
16302 2471
16303 2471
16304 2471
16305 2471
16306 2471
16307 2471
16308 2471
16309 2471
16310 2471
16311 2471
16312 2471
16313 2471
16314 2471
16315 2471
16316 2471
16317 2471
16318 2471
16319 2471
16320 2471
16321 2471
16322 2471
16323 2471
16324 2471
16325 2471
16326 2471
16327 2463
16328 2463
16329 2463
16330 2463
16331 2463
16332 2463
16333 2463
16334 2463
16335 2458
16336 2458
16337 2458
16338 2458
16339 2458
16340 2458
16341 2458
16342 2458
16343 2458
16344 2458
16345 2458
16346 2458
16347 2458
16348 2458
16349 2458
16350 2458
16351 2458
16352 2458
16353 2458
16354 2458
16355 2458
16356 2458
16357 2458
16358 2458
16359 2458
16360 2458
16361 2458
16362 2458
16363 2458
16364 2458
16365 2458
16366 2458
16367 2458
16368 2458
16369 2458
16370 2458
16371 2458
16372 2458
16373 2458
16374 2458
16375 2458
16376 2458
16377 2458
16378 2458
16379 2458
16380 2458
16381 2458
16382 2458
16383 2458
16384 2458
16385 2458
16386 2458
16387 2458
16388 2458
16389 2458
16390 2458
16391 2458
16392 2458
16393 2458
16394 2458
16395 2458
16396 2458
16397 2458
16398 2458
16399 2458
16400 2458
16401 2458
16402 2458
16403 2458
16404 2458
16405 2458
16406 2458
16407 2458
16408 2458
16409 2458
16410 2458
16411 2458
16412 2458
16413 2458
16414 2458
16415 2458
16416 2458
16417 2458
16418 2458
16419 2458
16420 2458
16421 2458
16422 2458
16423 2458
16424 2458
16425 2458
16426 2458
16427 2458
16428 2458
16429 2458
16430 2458
16431 2458
16432 2458
16433 2458
16434 2458
16435 2458
16436 2458
16437 2458
16438 2458
16439 2458
16440 2458
16441 2458
16442 2458
16443 2458
16444 2457
16445 2457
16446 2457
16447 2457
16448 2457
16449 2457
16450 2457
16451 2457
16452 2457
16453 2457
16454 2457
16455 2457
16456 2457
16457 2457
16458 2457
16459 2457
16460 2457
16461 2457
16462 2457
16463 2457
16464 2457
16465 2457
16466 2457
16467 2457
16468 2457
16469 2457
16470 2457
16471 2457
16472 2457
16473 2457
16474 2457
16475 2457
16476 2457
16477 2457
16478 2457
16479 2457
16480 2457
16481 2457
16482 2457
16483 2457
16484 2457
16485 2457
16486 2457
16487 2457
16488 2456
16489 2456
16490 2456
16491 2456
16492 2456
16493 2456
16494 2456
16495 2456
16496 2456
16497 2456
16498 2456
16499 2456
16500 2456
16501 2456
16502 2456
16503 2456
16504 2456
16505 2456
16506 2456
16507 2456
16508 2456
16509 2456
16510 2456
16511 2456
16512 2456
16513 2456
16514 2456
16515 2456
16516 2456
16517 2456
16518 2456
16519 2456
16520 2456
16521 2456
16522 2456
16523 2456
16524 2456
16525 2456
16526 2456
16527 2456
16528 2456
16529 2456
16530 2456
16531 2456
16532 2456
16533 2456
16534 2456
16535 2456
16536 2456
16537 2456
16538 2456
16539 2456
16540 2456
16541 2456
16542 2456
16543 2456
16544 2456
16545 2456
16546 2456
16547 2456
16548 2456
16549 2456
16550 2456
16551 2456
16552 2456
16553 2456
16554 2456
16555 2456
16556 2456
16557 2456
16558 2456
16559 2456
16560 2456
16561 2456
16562 2456
16563 2456
16564 2456
16565 2456
16566 2456
16567 2456
16568 2456
16569 2456
16570 2456
16571 2456
16572 2456
16573 2456
16574 2456
16575 2456
16576 2456
16577 2456
16578 2456
16579 2456
16580 2456
16581 2456
16582 2456
16583 2456
16584 2456
16585 2456
16586 2456
16587 2456
16588 2456
16589 2456
16590 2456
16591 2456
16592 2456
16593 2456
16594 2456
16595 2456
16596 2456
16597 2456
16598 2456
16599 2456
16600 2456
16601 2456
16602 2456
16603 2456
16604 2456
16605 2456
16606 2456
16607 2456
16608 2456
16609 2456
16610 2456
16611 2456
16612 2456
16613 2456
16614 2456
16615 2456
16616 2456
16617 2456
16618 2456
16619 2456
16620 2456
16621 2456
16622 2456
16623 2456
16624 2456
16625 2456
16626 2456
16627 2456
16628 2456
16629 2456
16630 2456
16631 2456
16632 2456
16633 2456
16634 2456
16635 2456
16636 2456
16637 2456
16638 2456
16639 2456
16640 2456
16641 2456
16642 2456
16643 2456
16644 2456
16645 2456
16646 2456
16647 2456
16648 2456
16649 2456
16650 2456
16651 2456
16652 2456
16653 2456
16654 2456
16655 2456
16656 2456
16657 2456
16658 2446
16659 2446
16660 2446
16661 2446
16662 2446
16663 2446
16664 2446
16665 2446
16666 2446
16667 2446
16668 2446
16669 2446
16670 2446
16671 2446
16672 2446
16673 2446
16674 2446
16675 2446
16676 2446
16677 2446
16678 2446
16679 2446
16680 2446
16681 2446
16682 2446
16683 2446
16684 2446
16685 2446
16686 2446
16687 2446
16688 2446
16689 2446
16690 2446
16691 2446
16692 2446
16693 2446
16694 2446
16695 2446
16696 2446
16697 2446
16698 2446
16699 2446
16700 2446
16701 2446
16702 2446
16703 2443
16704 2443
16705 2443
16706 2443
16707 2443
16708 2443
16709 2443
16710 2443
16711 2443
16712 2443
16713 2443
16714 2443
16715 2443
16716 2443
16717 2443
16718 2443
16719 2443
16720 2443
16721 2443
16722 2443
16723 2443
16724 2443
16725 2443
16726 2443
16727 2443
16728 2443
16729 2443
16730 2443
16731 2443
16732 2443
16733 2443
16734 2443
16735 2443
16736 2443
16737 2443
16738 2443
16739 2443
16740 2443
16741 2443
16742 2443
16743 2443
16744 2443
16745 2443
16746 2443
16747 2443
16748 2443
16749 2443
16750 2443
16751 2443
16752 2443
16753 2443
16754 2443
16755 2443
16756 2443
16757 2443
16758 2443
16759 2443
16760 2443
16761 2443
16762 2443
16763 2443
16764 2443
16765 2443
16766 2443
16767 2443
16768 2443
16769 2443
16770 2443
16771 2443
16772 2443
16773 2443
16774 2443
16775 2443
16776 2443
16777 2443
16778 2443
16779 2443
16780 2443
16781 2443
16782 2443
16783 2443
16784 2443
16785 2443
16786 2443
16787 2443
16788 2443
16789 2443
16790 2443
16791 2443
16792 2443
16793 2443
16794 2443
16795 2443
16796 2443
16797 2443
16798 2443
16799 2443
16800 2443
16801 2443
16802 2443
16803 2443
16804 2443
16805 2443
16806 2443
16807 2443
16808 2443
16809 2443
16810 2443
16811 2443
16812 2443
16813 2443
16814 2443
16815 2443
16816 2443
16817 2443
16818 2443
16819 2443
16820 2443
16821 2443
16822 2443
16823 2443
16824 2443
16825 2443
16826 2443
16827 2443
16828 2443
16829 2443
16830 2443
16831 2443
16832 2443
16833 2443
16834 2443
16835 2443
16836 2443
16837 2443
16838 2443
16839 2443
16840 2443
16841 2443
16842 2443
16843 2443
16844 2443
16845 2443
16846 2443
16847 2443
16848 2443
16849 2443
16850 2443
16851 2443
16852 2443
16853 2443
16854 2443
16855 2443
16856 2443
16857 2443
16858 2443
16859 2443
16860 2443
16861 2443
16862 2443
16863 2443
16864 2443
16865 2443
16866 2443
16867 2443
16868 2443
16869 2443
16870 2443
16871 2443
16872 2443
16873 2443
16874 2443
16875 2443
16876 2443
16877 2443
16878 2443
16879 2443
16880 2443
16881 2443
16882 2443
16883 2443
16884 2443
16885 2443
16886 2443
16887 2443
16888 2443
16889 2443
16890 2443
16891 2443
16892 2443
16893 2443
16894 2443
16895 2443
16896 2443
16897 2443
16898 2443
16899 2443
16900 2443
16901 2443
16902 2443
16903 2443
16904 2443
16905 2443
16906 2443
16907 2443
16908 2443
16909 2443
16910 2443
16911 2443
16912 2443
16913 2443
16914 2443
16915 2443
16916 2443
16917 2443
16918 2443
16919 2443
16920 2443
16921 2443
16922 2443
16923 2443
16924 2440
16925 2440
16926 2440
16927 2440
16928 2440
16929 2440
16930 2440
16931 2440
16932 2440
16933 2440
16934 2440
16935 2440
16936 2440
16937 2440
16938 2440
16939 2440
16940 2440
16941 2440
16942 2440
16943 2440
16944 2440
16945 2440
16946 2440
16947 2440
16948 2440
16949 2440
16950 2440
16951 2440
16952 2440
16953 2440
16954 2440
16955 2440
16956 2440
16957 2440
16958 2440
16959 2440
16960 2440
16961 2440
16962 2440
16963 2440
16964 2440
16965 2440
16966 2440
16967 2440
16968 2440
16969 2440
16970 2440
16971 2440
16972 2440
16973 2440
16974 2440
16975 2440
16976 2440
16977 2440
16978 2440
16979 2440
16980 2440
16981 2440
16982 2440
16983 2440
16984 2440
16985 2440
16986 2440
16987 2440
16988 2440
16989 2440
16990 2440
16991 2440
16992 2440
16993 2440
16994 2440
16995 2440
16996 2440
16997 2440
16998 2440
16999 2440
17000 2440
17001 2440
17002 2440
17003 2440
17004 2440
17005 2440
17006 2440
17007 2440
17008 2440
17009 2440
17010 2440
17011 2440
17012 2440
17013 2440
17014 2440
17015 2440
17016 2440
17017 2440
17018 2440
17019 2440
17020 2440
17021 2440
17022 2440
17023 2440
17024 2440
17025 2440
17026 2440
17027 2440
17028 2440
17029 2440
17030 2440
17031 2440
17032 2440
17033 2440
17034 2440
17035 2440
17036 2440
17037 2440
17038 2440
17039 2440
17040 2440
17041 2440
17042 2440
17043 2440
17044 2440
17045 2440
17046 2440
17047 2440
17048 2440
17049 2440
17050 2440
17051 2440
17052 2440
17053 2440
17054 2440
17055 2440
17056 2440
17057 2440
17058 2440
17059 2440
17060 2440
17061 2440
17062 2440
17063 2440
17064 2440
17065 2440
17066 2440
17067 2440
17068 2440
17069 2440
17070 2440
17071 2440
17072 2440
17073 2440
17074 2440
17075 2440
17076 2440
17077 2440
17078 2440
17079 2440
17080 2440
17081 2440
17082 2440
17083 2440
17084 2440
17085 2440
17086 2440
17087 2440
17088 2440
17089 2440
17090 2440
17091 2440
17092 2440
17093 2440
17094 2440
17095 2440
17096 2440
17097 2440
17098 2440
17099 2440
17100 2440
17101 2440
17102 2440
17103 2440
17104 2440
17105 2440
17106 2440
17107 2440
17108 2440
17109 2440
17110 2440
17111 2440
17112 2440
17113 2440
17114 2440
17115 2440
17116 2440
17117 2440
17118 2440
17119 2440
17120 2440
17121 2440
17122 2440
17123 2440
17124 2440
17125 2440
17126 2440
17127 2440
17128 2440
17129 2440
17130 2440
17131 2440
17132 2440
17133 2440
17134 2440
17135 2440
17136 2440
17137 2440
17138 2440
17139 2440
17140 2440
17141 2440
17142 2440
17143 2440
17144 2440
17145 2440
17146 2440
17147 2440
17148 2440
17149 2440
17150 2440
17151 2440
17152 2440
17153 2440
17154 2440
17155 2440
17156 2440
17157 2440
17158 2440
17159 2440
17160 2440
17161 2440
17162 2440
17163 2440
17164 2440
17165 2440
17166 2440
17167 2440
17168 2440
17169 2440
17170 2440
17171 2440
17172 2440
17173 2440
17174 2440
17175 2440
17176 2440
17177 2440
17178 2440
17179 2440
17180 2440
17181 2440
17182 2440
17183 2440
17184 2440
17185 2440
17186 2440
17187 2440
17188 2440
17189 2440
17190 2440
17191 2440
17192 2440
17193 2440
17194 2440
17195 2440
17196 2440
17197 2440
17198 2440
17199 2440
17200 2440
17201 2440
17202 2440
17203 2440
17204 2440
17205 2440
17206 2440
17207 2440
17208 2440
17209 2440
17210 2440
17211 2440
17212 2440
17213 2440
17214 2440
17215 2440
17216 2440
17217 2440
17218 2440
17219 2440
17220 2440
17221 2440
17222 2440
17223 2440
17224 2440
17225 2440
17226 2440
17227 2440
17228 2440
17229 2440
17230 2440
17231 2440
17232 2440
17233 2440
17234 2440
17235 2440
17236 2440
17237 2440
17238 2440
17239 2440
17240 2440
17241 2440
17242 2440
17243 2440
17244 2440
17245 2440
17246 2440
17247 2440
17248 2440
17249 2440
17250 2440
17251 2440
17252 2440
17253 2440
17254 2440
17255 2440
17256 2440
17257 2440
17258 2440
17259 2440
17260 2440
17261 2440
17262 2440
17263 2440
17264 2440
17265 2440
17266 2440
17267 2440
17268 2440
17269 2440
17270 2440
17271 2440
17272 2440
17273 2440
17274 2440
17275 2440
17276 2440
17277 2440
17278 2440
17279 2440
17280 2440
17281 2440
17282 2439
17283 2439
17284 2439
17285 2439
17286 2439
17287 2439
17288 2439
17289 2439
17290 2439
17291 2439
17292 2439
17293 2439
17294 2439
17295 2439
17296 2439
17297 2439
17298 2439
17299 2439
17300 2439
17301 2439
17302 2439
17303 2439
17304 2439
17305 2439
17306 2439
17307 2439
17308 2439
17309 2439
17310 2439
17311 2439
17312 2439
17313 2439
17314 2439
17315 2439
17316 2439
17317 2439
17318 2439
17319 2439
17320 2439
17321 2439
17322 2439
17323 2439
17324 2439
17325 2439
17326 2439
17327 2439
17328 2439
17329 2439
17330 2439
17331 2439
17332 2439
17333 2439
17334 2439
17335 2439
17336 2439
17337 2439
17338 2439
17339 2439
17340 2439
17341 2439
17342 2439
17343 2439
17344 2439
17345 2439
17346 2439
17347 2439
17348 2439
17349 2439
17350 2439
17351 2439
17352 2439
17353 2439
17354 2439
17355 2439
17356 2439
17357 2439
17358 2439
17359 2439
17360 2439
17361 2439
17362 2439
17363 2439
17364 2439
17365 2439
17366 2439
17367 2439
17368 2439
17369 2439
17370 2439
17371 2439
17372 2439
17373 2439
17374 2439
17375 2439
17376 2439
17377 2439
17378 2439
17379 2439
17380 2439
17381 2439
17382 2439
17383 2439
17384 2439
17385 2439
17386 2439
17387 2439
17388 2439
17389 2439
17390 2439
17391 2439
17392 2439
17393 2439
17394 2439
17395 2439
17396 2439
17397 2439
17398 2439
17399 2439
17400 2439
17401 2439
17402 2439
17403 2439
17404 2439
17405 2439
17406 2439
17407 2439
17408 2439
17409 2439
17410 2439
17411 2439
17412 2439
17413 2439
17414 2439
17415 2439
17416 2439
17417 2439
17418 2439
17419 2439
17420 2439
17421 2439
17422 2439
17423 2439
17424 2439
17425 2439
17426 2439
17427 2439
17428 2439
17429 2439
17430 2439
17431 2439
17432 2439
17433 2439
17434 2439
17435 2439
17436 2439
17437 2439
17438 2439
17439 2439
17440 2439
17441 2439
17442 2439
17443 2439
17444 2439
17445 2439
17446 2439
17447 2439
17448 2439
17449 2439
17450 2439
17451 2439
17452 2439
17453 2439
17454 2439
17455 2439
17456 2439
17457 2439
17458 2439
17459 2439
17460 2439
17461 2439
17462 2439
17463 2439
17464 2439
17465 2439
17466 2439
17467 2439
17468 2439
17469 2439
17470 2439
17471 2439
17472 2439
17473 2439
17474 2439
17475 2439
17476 2439
17477 2439
17478 2439
17479 2439
17480 2439
17481 2439
17482 2439
17483 2439
17484 2439
17485 2439
17486 2439
17487 2439
17488 2439
17489 2439
17490 2439
17491 2439
17492 2439
17493 2439
17494 2439
17495 2439
17496 2439
17497 2439
17498 2439
17499 2439
17500 2439
17501 2439
17502 2439
17503 2439
17504 2439
17505 2439
17506 2439
17507 2439
17508 2439
17509 2439
17510 2439
17511 2439
17512 2439
17513 2439
17514 2439
17515 2439
17516 2439
17517 2439
17518 2439
17519 2439
17520 2439
17521 2439
17522 2439
17523 2439
17524 2439
17525 2439
17526 2439
17527 2439
17528 2439
17529 2439
17530 2439
17531 2439
17532 2439
17533 2439
17534 2439
17535 2439
17536 2439
17537 2439
17538 2439
17539 2439
17540 2439
17541 2439
17542 2439
17543 2439
17544 2439
17545 2439
17546 2439
17547 2439
17548 2439
17549 2439
17550 2439
17551 2439
17552 2439
17553 2439
17554 2439
17555 2439
17556 2439
17557 2439
17558 2439
17559 2439
17560 2439
17561 2439
17562 2439
17563 2439
17564 2439
17565 2439
17566 2439
17567 2439
17568 2439
17569 2439
17570 2439
17571 2439
17572 2439
17573 2439
17574 2439
17575 2439
17576 2439
17577 2439
17578 2439
17579 2439
17580 2439
17581 2439
17582 2439
17583 2439
17584 2439
17585 2439
17586 2439
17587 2439
17588 2439
17589 2439
17590 2439
17591 2439
17592 2439
17593 2439
17594 2439
17595 2439
17596 2439
17597 2439
17598 2439
17599 2439
17600 2439
17601 2439
17602 2439
17603 2439
17604 2439
17605 2439
17606 2439
17607 2439
17608 2439
17609 2439
17610 2439
17611 2439
17612 2439
17613 2439
17614 2439
17615 2439
17616 2439
17617 2439
17618 2439
17619 2439
17620 2439
17621 2439
17622 2439
17623 2439
17624 2439
17625 2439
17626 2439
17627 2439
17628 2439
17629 2439
17630 2439
17631 2439
17632 2439
17633 2439
17634 2439
17635 2439
17636 2439
17637 2439
17638 2439
17639 2439
17640 2439
17641 2439
17642 2439
17643 2439
17644 2439
17645 2439
17646 2439
17647 2439
17648 2439
17649 2439
17650 2439
17651 2439
17652 2439
17653 2439
17654 2439
17655 2439
17656 2439
17657 2439
17658 2439
17659 2439
17660 2439
17661 2439
17662 2439
17663 2439
17664 2439
17665 2439
17666 2439
17667 2439
17668 2439
17669 2439
17670 2439
17671 2439
17672 2439
17673 2436
17674 2436
17675 2436
17676 2436
17677 2436
17678 2436
17679 2436
17680 2436
17681 2436
17682 2436
17683 2436
17684 2436
17685 2433
17686 2433
17687 2433
17688 2433
17689 2433
17690 2433
17691 2433
17692 2433
17693 2433
17694 2433
17695 2433
17696 2433
17697 2433
17698 2433
17699 2433
17700 2433
17701 2433
17702 2433
17703 2433
17704 2433
17705 2433
17706 2433
17707 2433
17708 2433
17709 2433
17710 2433
17711 2433
17712 2433
17713 2433
17714 2433
17715 2433
17716 2433
17717 2433
17718 2433
17719 2433
17720 2433
17721 2428
17722 2428
17723 2428
17724 2428
17725 2428
17726 2428
17727 2428
17728 2428
17729 2428
17730 2428
17731 2428
17732 2428
17733 2428
17734 2428
17735 2428
17736 2428
17737 2428
17738 2428
17739 2428
17740 2428
17741 2428
17742 2428
17743 2428
17744 2428
17745 2428
17746 2428
17747 2428
17748 2428
17749 2428
17750 2428
17751 2428
17752 2428
17753 2428
17754 2428
17755 2428
17756 2428
17757 2428
17758 2428
17759 2428
17760 2428
17761 2428
17762 2428
17763 2428
17764 2428
17765 2428
17766 2428
17767 2428
17768 2428
17769 2428
17770 2428
17771 2428
17772 2428
17773 2428
17774 2428
17775 2428
17776 2428
17777 2428
17778 2428
17779 2428
17780 2428
17781 2428
17782 2428
17783 2428
17784 2428
17785 2428
17786 2428
17787 2428
17788 2428
17789 2428
17790 2428
17791 2428
17792 2428
17793 2428
17794 2428
17795 2428
17796 2428
17797 2428
17798 2428
17799 2428
17800 2428
17801 2428
17802 2428
17803 2428
17804 2428
17805 2428
17806 2428
17807 2428
17808 2428
17809 2428
17810 2428
17811 2428
17812 2428
17813 2428
17814 2428
17815 2428
17816 2428
17817 2428
17818 2428
17819 2428
17820 2428
17821 2428
17822 2428
17823 2428
17824 2428
17825 2428
17826 2428
17827 2428
17828 2428
17829 2426
17830 2426
17831 2426
17832 2426
17833 2426
17834 2426
17835 2426
17836 2426
17837 2426
17838 2422
17839 2422
17840 2422
17841 2422
17842 2421
17843 2421
17844 2421
17845 2421
17846 2421
17847 2421
17848 2421
17849 2421
17850 2421
17851 2421
17852 2421
17853 2421
17854 2421
17855 2421
17856 2421
17857 2421
17858 2421
17859 2421
17860 2421
17861 2421
17862 2421
17863 2421
17864 2421
17865 2421
17866 2421
17867 2421
17868 2421
17869 2421
17870 2421
17871 2414
17872 2414
17873 2414
17874 2414
17875 2414
17876 2414
17877 2414
17878 2414
17879 2414
17880 2414
17881 2414
17882 2414
17883 2414
17884 2414
17885 2414
17886 2414
17887 2414
17888 2414
17889 2414
17890 2414
17891 2414
17892 2414
17893 2414
17894 2414
17895 2414
17896 2414
17897 2414
17898 2414
17899 2414
17900 2414
17901 2414
17902 2414
17903 2414
17904 2414
17905 2414
17906 2414
17907 2414
17908 2414
17909 2414
17910 2414
17911 2414
17912 2414
17913 2414
17914 2414
17915 2414
17916 2414
17917 2414
17918 2414
17919 2414
17920 2414
17921 2414
17922 2414
17923 2414
17924 2414
17925 2414
17926 2414
17927 2414
17928 2414
17929 2414
17930 2414
17931 2414
17932 2414
17933 2414
17934 2414
17935 2414
17936 2414
17937 2414
17938 2414
17939 2414
17940 2414
17941 2414
17942 2414
17943 2414
17944 2414
17945 2414
17946 2414
17947 2414
17948 2414
17949 2414
17950 2414
17951 2414
17952 2414
17953 2414
17954 2414
17955 2414
17956 2414
17957 2414
17958 2414
17959 2414
17960 2414
17961 2414
17962 2414
17963 2414
17964 2414
17965 2414
17966 2414
17967 2414
17968 2414
17969 2414
17970 2414
17971 2414
17972 2414
17973 2414
17974 2414
17975 2414
17976 2414
17977 2414
17978 2414
17979 2414
17980 2414
17981 2414
17982 2414
17983 2414
17984 2414
17985 2414
17986 2414
17987 2414
17988 2414
17989 2414
17990 2414
17991 2414
17992 2414
17993 2414
17994 2414
17995 2414
17996 2414
17997 2414
17998 2414
17999 2414
18000 2414
18001 2414
18002 2414
18003 2414
18004 2414
18005 2414
18006 2414
18007 2414
18008 2414
18009 2414
18010 2414
18011 2414
18012 2414
18013 2414
18014 2414
18015 2414
18016 2414
18017 2414
18018 2414
18019 2414
18020 2414
18021 2414
18022 2414
18023 2414
18024 2414
18025 2414
18026 2414
18027 2414
18028 2414
18029 2414
18030 2414
18031 2414
18032 2414
18033 2414
18034 2414
18035 2414
18036 2414
18037 2414
18038 2414
18039 2414
18040 2414
18041 2414
18042 2414
18043 2414
18044 2414
18045 2414
18046 2414
18047 2406
18048 2406
18049 2406
18050 2406
18051 2406
18052 2406
18053 2406
18054 2406
18055 2406
18056 2406
18057 2406
18058 2406
18059 2406
18060 2406
18061 2406
18062 2406
18063 2406
18064 2406
18065 2406
18066 2406
18067 2406
18068 2406
18069 2406
18070 2406
18071 2406
18072 2406
18073 2406
18074 2406
18075 2406
18076 2406
18077 2406
18078 2406
18079 2406
18080 2406
18081 2406
18082 2406
18083 2406
18084 2406
18085 2406
18086 2406
18087 2406
18088 2406
18089 2406
18090 2406
18091 2406
18092 2406
18093 2406
18094 2406
18095 2406
18096 2406
18097 2406
18098 2406
18099 2406
18100 2406
18101 2406
18102 2406
18103 2406
18104 2406
18105 2406
18106 2406
18107 2406
18108 2406
18109 2406
18110 2406
18111 2406
18112 2406
18113 2406
18114 2406
18115 2406
18116 2406
18117 2406
18118 2406
18119 2406
18120 2406
18121 2406
18122 2406
18123 2406
18124 2406
18125 2406
18126 2406
18127 2406
18128 2406
18129 2406
18130 2406
18131 2406
18132 2406
18133 2406
18134 2406
18135 2406
18136 2406
18137 2406
18138 2406
18139 2406
18140 2406
18141 2406
18142 2406
18143 2406
18144 2406
18145 2406
18146 2406
18147 2406
18148 2406
18149 2406
18150 2406
18151 2406
18152 2406
18153 2406
18154 2406
18155 2406
18156 2406
18157 2406
18158 2406
18159 2406
18160 2406
18161 2406
18162 2406
18163 2406
18164 2406
18165 2406
18166 2406
18167 2406
18168 2406
18169 2406
18170 2406
18171 2406
18172 2406
18173 2406
18174 2406
18175 2406
18176 2406
18177 2406
18178 2406
18179 2406
18180 2406
18181 2406
18182 2406
18183 2406
18184 2406
18185 2406
18186 2406
18187 2406
18188 2406
18189 2406
18190 2406
18191 2406
18192 2406
18193 2406
18194 2406
18195 2406
18196 2406
18197 2406
18198 2406
18199 2406
18200 2406
18201 2406
18202 2406
18203 2406
18204 2406
18205 2406
18206 2406
18207 2406
18208 2406
18209 2406
18210 2406
18211 2406
18212 2406
18213 2406
18214 2406
18215 2406
18216 2406
18217 2406
18218 2406
18219 2406
18220 2406
18221 2406
18222 2406
18223 2406
18224 2406
18225 2406
18226 2406
18227 2406
18228 2406
18229 2406
18230 2406
18231 2406
18232 2406
18233 2406
18234 2406
18235 2406
18236 2406
18237 2406
18238 2406
18239 2406
18240 2406
18241 2406
18242 2406
18243 2406
18244 2406
18245 2406
18246 2406
18247 2406
18248 2406
18249 2406
18250 2406
18251 2406
18252 2406
18253 2406
18254 2406
18255 2406
18256 2406
18257 2406
18258 2406
18259 2406
18260 2406
18261 2406
18262 2406
18263 2406
18264 2406
18265 2406
18266 2406
18267 2406
18268 2406
18269 2406
18270 2406
18271 2406
18272 2406
18273 2406
18274 2406
18275 2406
18276 2406
18277 2406
18278 2406
18279 2406
18280 2406
18281 2406
18282 2406
18283 2406
18284 2406
18285 2406
18286 2406
18287 2406
18288 2406
18289 2406
18290 2406
18291 2406
18292 2406
18293 2406
18294 2406
18295 2406
18296 2406
18297 2406
18298 2406
18299 2406
18300 2406
18301 2406
18302 2406
18303 2406
18304 2406
18305 2406
18306 2406
18307 2406
18308 2406
18309 2406
18310 2406
18311 2406
18312 2406
18313 2406
18314 2406
18315 2406
18316 2406
18317 2406
18318 2406
18319 2406
18320 2406
18321 2406
18322 2406
18323 2406
18324 2406
18325 2406
18326 2406
18327 2406
18328 2406
18329 2406
18330 2406
18331 2406
18332 2406
18333 2406
18334 2406
18335 2406
18336 2406
18337 2406
18338 2406
18339 2406
18340 2406
18341 2406
18342 2406
18343 2406
18344 2406
18345 2406
18346 2406
18347 2406
18348 2406
18349 2406
18350 2406
18351 2406
18352 2406
18353 2406
18354 2406
18355 2406
18356 2406
18357 2406
18358 2406
18359 2406
18360 2406
18361 2406
18362 2406
18363 2406
18364 2406
18365 2406
18366 2406
18367 2406
18368 2406
18369 2406
18370 2406
18371 2406
18372 2406
18373 2406
18374 2406
18375 2406
18376 2406
18377 2406
18378 2406
18379 2406
18380 2406
18381 2406
18382 2406
18383 2406
18384 2406
18385 2406
18386 2406
18387 2406
18388 2406
18389 2406
18390 2406
18391 2406
18392 2406
18393 2406
18394 2406
18395 2406
18396 2406
18397 2406
18398 2406
18399 2406
18400 2406
18401 2406
18402 2406
18403 2406
18404 2406
18405 2406
18406 2406
18407 2406
18408 2405
18409 2405
18410 2405
18411 2405
18412 2405
18413 2405
18414 2405
18415 2405
18416 2405
18417 2405
18418 2405
18419 2405
18420 2405
18421 2405
18422 2405
18423 2405
18424 2405
18425 2405
18426 2405
18427 2405
18428 2405
18429 2405
18430 2405
18431 2405
18432 2405
18433 2405
18434 2405
18435 2405
18436 2405
18437 2405
18438 2405
18439 2405
18440 2405
18441 2405
18442 2405
18443 2405
18444 2405
18445 2405
18446 2405
18447 2405
18448 2405
18449 2405
18450 2405
18451 2405
18452 2405
18453 2405
18454 2405
18455 2404
18456 2404
18457 2404
18458 2404
18459 2399
18460 2399
18461 2399
18462 2399
18463 2399
18464 2399
18465 2399
18466 2399
18467 2399
18468 2399
18469 2399
18470 2399
18471 2399
18472 2399
18473 2399
18474 2399
18475 2399
18476 2399
18477 2399
18478 2399
18479 2399
18480 2399
18481 2399
18482 2399
18483 2399
18484 2399
18485 2399
18486 2399
18487 2399
18488 2399
18489 2399
18490 2399
18491 2399
18492 2399
18493 2399
18494 2399
18495 2399
18496 2399
18497 2399
18498 2399
18499 2399
18500 2399
18501 2399
18502 2399
18503 2399
18504 2399
18505 2399
18506 2399
18507 2399
18508 2399
18509 2399
18510 2399
18511 2399
18512 2399
18513 2399
18514 2399
18515 2399
18516 2399
18517 2399
18518 2399
18519 2399
18520 2399
18521 2399
18522 2399
18523 2399
18524 2399
18525 2399
18526 2399
18527 2399
18528 2399
18529 2399
18530 2399
18531 2399
18532 2399
18533 2399
18534 2399
18535 2399
18536 2399
18537 2399
18538 2399
18539 2399
18540 2399
18541 2399
18542 2399
18543 2399
18544 2399
18545 2399
18546 2399
18547 2399
18548 2399
18549 2399
18550 2399
18551 2399
18552 2399
18553 2399
18554 2399
18555 2399
18556 2399
18557 2399
18558 2399
18559 2399
18560 2399
18561 2399
18562 2399
18563 2399
18564 2399
18565 2399
18566 2399
18567 2399
18568 2399
18569 2399
18570 2399
18571 2399
18572 2399
18573 2399
18574 2399
18575 2399
18576 2399
18577 2399
18578 2399
18579 2399
18580 2399
18581 2399
18582 2399
18583 2399
18584 2399
18585 2399
18586 2399
18587 2399
18588 2399
18589 2399
18590 2399
18591 2399
18592 2399
18593 2399
18594 2399
18595 2399
18596 2399
18597 2399
18598 2399
18599 2399
18600 2399
18601 2399
18602 2399
18603 2399
18604 2399
18605 2399
18606 2399
18607 2399
18608 2399
18609 2399
18610 2399
18611 2399
18612 2399
18613 2399
18614 2399
18615 2399
18616 2399
18617 2399
18618 2399
18619 2399
18620 2399
18621 2399
18622 2399
18623 2399
18624 2399
18625 2399
18626 2399
18627 2399
18628 2399
18629 2399
18630 2399
18631 2399
18632 2399
18633 2399
18634 2399
18635 2399
18636 2399
18637 2399
18638 2399
18639 2399
18640 2399
18641 2399
18642 2399
18643 2399
18644 2399
18645 2399
18646 2399
18647 2399
18648 2399
18649 2399
18650 2399
18651 2399
18652 2399
18653 2399
18654 2399
18655 2399
18656 2399
18657 2399
18658 2399
18659 2399
18660 2399
18661 2399
18662 2399
18663 2397
18664 2397
18665 2397
18666 2397
18667 2397
18668 2397
18669 2397
18670 2397
18671 2397
18672 2397
18673 2397
18674 2397
18675 2397
18676 2397
18677 2397
18678 2397
18679 2397
18680 2397
18681 2397
18682 2397
18683 2397
18684 2397
18685 2397
18686 2397
18687 2397
18688 2397
18689 2397
18690 2397
18691 2397
18692 2397
18693 2397
18694 2397
18695 2397
18696 2397
18697 2397
18698 2397
18699 2397
18700 2397
18701 2397
18702 2397
18703 2397
18704 2397
18705 2397
18706 2397
18707 2397
18708 2397
18709 2397
18710 2397
18711 2397
18712 2397
18713 2397
18714 2397
18715 2397
18716 2397
18717 2397
18718 2397
18719 2397
18720 2397
18721 2397
18722 2397
18723 2397
18724 2397
18725 2397
18726 2397
18727 2397
18728 2397
18729 2397
18730 2397
18731 2397
18732 2397
18733 2397
18734 2397
18735 2397
18736 2397
18737 2397
18738 2397
18739 2397
18740 2397
18741 2397
18742 2397
18743 2397
18744 2397
18745 2397
18746 2397
18747 2397
18748 2397
18749 2397
18750 2397
18751 2397
18752 2397
18753 2397
18754 2397
18755 2397
18756 2397
18757 2397
18758 2397
18759 2397
18760 2397
18761 2397
18762 2397
18763 2397
18764 2397
18765 2397
18766 2397
18767 2397
18768 2397
18769 2397
18770 2397
18771 2397
18772 2397
18773 2397
18774 2397
18775 2397
18776 2397
18777 2397
18778 2397
18779 2397
18780 2397
18781 2397
18782 2397
18783 2397
18784 2397
18785 2397
18786 2397
18787 2397
18788 2397
18789 2397
18790 2397
18791 2397
18792 2397
18793 2397
18794 2397
18795 2397
18796 2397
18797 2397
18798 2397
18799 2397
18800 2397
18801 2397
18802 2397
18803 2397
18804 2397
18805 2397
18806 2397
18807 2397
18808 2397
18809 2397
18810 2397
18811 2397
18812 2397
18813 2397
18814 2397
18815 2397
18816 2397
18817 2397
18818 2397
18819 2397
18820 2397
18821 2397
18822 2397
18823 2397
18824 2397
18825 2397
18826 2397
18827 2397
18828 2397
18829 2397
18830 2397
18831 2397
18832 2397
18833 2397
18834 2397
18835 2397
18836 2397
18837 2397
18838 2397
18839 2397
18840 2397
18841 2397
18842 2397
18843 2397
18844 2397
18845 2397
18846 2397
18847 2397
18848 2397
18849 2397
18850 2397
18851 2397
18852 2397
18853 2397
18854 2397
18855 2397
18856 2397
18857 2397
18858 2397
18859 2397
18860 2397
18861 2397
18862 2397
18863 2397
18864 2397
18865 2397
18866 2397
18867 2397
18868 2397
18869 2397
18870 2397
18871 2397
18872 2397
18873 2397
18874 2397
18875 2397
18876 2397
18877 2397
18878 2397
18879 2397
18880 2397
18881 2397
18882 2396
18883 2396
18884 2396
18885 2396
18886 2396
18887 2396
18888 2396
18889 2396
18890 2396
18891 2396
18892 2396
18893 2396
18894 2396
18895 2396
18896 2396
18897 2396
18898 2396
18899 2396
18900 2396
18901 2396
18902 2396
18903 2396
18904 2396
18905 2396
18906 2396
18907 2396
18908 2396
18909 2396
18910 2396
18911 2396
18912 2396
18913 2396
18914 2389
18915 2389
18916 2389
18917 2389
18918 2389
18919 2389
18920 2389
18921 2389
18922 2389
18923 2389
18924 2389
18925 2389
18926 2389
18927 2389
18928 2389
18929 2389
18930 2389
18931 2389
18932 2389
18933 2389
18934 2389
18935 2389
18936 2389
18937 2389
18938 2389
18939 2389
18940 2389
18941 2389
18942 2389
18943 2389
18944 2389
18945 2389
18946 2389
18947 2389
18948 2389
18949 2389
18950 2389
18951 2389
18952 2389
18953 2389
18954 2389
18955 2389
18956 2389
18957 2389
18958 2389
18959 2389
18960 2389
18961 2389
18962 2389
18963 2389
18964 2389
18965 2389
18966 2389
18967 2389
18968 2389
18969 2389
18970 2389
18971 2389
18972 2389
18973 2389
18974 2389
18975 2389
18976 2389
18977 2389
18978 2389
18979 2389
18980 2389
18981 2389
18982 2389
18983 2389
18984 2389
18985 2389
18986 2389
18987 2389
18988 2389
18989 2389
18990 2389
18991 2389
18992 2389
18993 2389
18994 2389
18995 2389
18996 2389
18997 2389
18998 2389
18999 2389
19000 2389
19001 2389
19002 2389
19003 2389
19004 2389
19005 2389
19006 2389
19007 2389
19008 2389
19009 2389
19010 2389
19011 2389
19012 2389
19013 2389
19014 2389
19015 2389
19016 2389
19017 2389
19018 2389
19019 2389
19020 2389
19021 2389
19022 2389
19023 2386
19024 2386
19025 2384
19026 2384
19027 2384
19028 2383
19029 2383
19030 2383
19031 2383
19032 2383
19033 2383
19034 2383
19035 2383
19036 2383
19037 2383
19038 2383
19039 2383
19040 2383
19041 2383
19042 2383
19043 2383
19044 2383
19045 2383
19046 2383
19047 2383
19048 2383
19049 2383
19050 2383
19051 2383
19052 2383
19053 2383
19054 2383
19055 2383
19056 2383
19057 2383
19058 2383
19059 2383
19060 2383
19061 2383
19062 2383
19063 2383
19064 2383
19065 2383
19066 2383
19067 2383
19068 2383
19069 2383
19070 2383
19071 2383
19072 2383
19073 2383
19074 2383
19075 2383
19076 2383
19077 2383
19078 2383
19079 2383
19080 2383
19081 2383
19082 2383
19083 2383
19084 2383
19085 2383
19086 2383
19087 2383
19088 2383
19089 2383
19090 2383
19091 2383
19092 2383
19093 2383
19094 2383
19095 2383
19096 2383
19097 2383
19098 2383
19099 2383
19100 2383
19101 2383
19102 2383
19103 2383
19104 2383
19105 2383
19106 2383
19107 2383
19108 2383
19109 2383
19110 2383
19111 2383
19112 2383
19113 2383
19114 2383
19115 2383
19116 2383
19117 2383
19118 2383
19119 2383
19120 2383
19121 2383
19122 2383
19123 2383
19124 2383
19125 2383
19126 2383
19127 2383
19128 2383
19129 2383
19130 2383
19131 2383
19132 2383
19133 2383
19134 2383
19135 2383
19136 2383
19137 2383
19138 2383
19139 2383
19140 2383
19141 2383
19142 2383
19143 2383
19144 2383
19145 2383
19146 2383
19147 2383
19148 2383
19149 2383
19150 2383
19151 2383
19152 2383
19153 2383
19154 2383
19155 2383
19156 2383
19157 2383
19158 2383
19159 2383
19160 2383
19161 2383
19162 2383
19163 2383
19164 2383
19165 2383
19166 2383
19167 2383
19168 2383
19169 2383
19170 2383
19171 2383
19172 2383
19173 2383
19174 2383
19175 2383
19176 2383
19177 2383
19178 2383
19179 2383
19180 2383
19181 2383
19182 2383
19183 2383
19184 2383
19185 2383
19186 2383
19187 2383
19188 2383
19189 2383
19190 2383
19191 2383
19192 2383
19193 2383
19194 2383
19195 2383
19196 2383
19197 2383
19198 2383
19199 2383
19200 2383
19201 2383
19202 2383
19203 2383
19204 2383
19205 2383
19206 2383
19207 2383
19208 2383
19209 2383
19210 2383
19211 2383
19212 2383
19213 2383
19214 2383
19215 2383
19216 2383
19217 2383
19218 2383
19219 2383
19220 2383
19221 2383
19222 2383
19223 2383
19224 2383
19225 2383
19226 2383
19227 2383
19228 2383
19229 2383
19230 2383
19231 2383
19232 2383
19233 2383
19234 2383
19235 2383
19236 2383
19237 2383
19238 2383
19239 2383
19240 2383
19241 2383
19242 2383
19243 2383
19244 2383
19245 2383
19246 2383
19247 2383
19248 2383
19249 2383
19250 2383
19251 2383
19252 2383
19253 2383
19254 2383
19255 2383
19256 2383
19257 2383
19258 2383
19259 2383
19260 2383
19261 2383
19262 2383
19263 2383
19264 2383
19265 2383
19266 2383
19267 2383
19268 2383
19269 2383
19270 2383
19271 2383
19272 2383
19273 2383
19274 2383
19275 2383
19276 2383
19277 2383
19278 2383
19279 2383
19280 2383
19281 2383
19282 2383
19283 2383
19284 2383
19285 2383
19286 2383
19287 2383
19288 2383
19289 2383
19290 2383
19291 2383
19292 2383
19293 2383
19294 2383
19295 2383
19296 2383
19297 2383
19298 2383
19299 2383
19300 2383
19301 2383
19302 2383
19303 2383
19304 2383
19305 2383
19306 2383
19307 2383
19308 2383
19309 2383
19310 2383
19311 2383
19312 2383
19313 2383
19314 2383
19315 2383
19316 2383
19317 2383
19318 2383
19319 2383
19320 2383
19321 2383
19322 2383
19323 2383
19324 2383
19325 2383
19326 2383
19327 2383
19328 2383
19329 2383
19330 2383
19331 2383
19332 2383
19333 2383
19334 2383
19335 2383
19336 2383
19337 2383
19338 2383
19339 2383
19340 2383
19341 2383
19342 2383
19343 2383
19344 2383
19345 2383
19346 2383
19347 2383
19348 2383
19349 2383
19350 2383
19351 2383
19352 2383
19353 2383
19354 2383
19355 2383
19356 2383
19357 2383
19358 2383
19359 2383
19360 2383
19361 2383
19362 2383
19363 2383
19364 2383
19365 2383
19366 2383
19367 2383
19368 2383
19369 2383
19370 2383
19371 2383
19372 2383
19373 2383
19374 2383
19375 2383
19376 2383
19377 2383
19378 2383
19379 2383
19380 2383
19381 2383
19382 2383
19383 2383
19384 2383
19385 2383
19386 2383
19387 2383
19388 2383
19389 2383
19390 2383
19391 2383
19392 2383
19393 2383
19394 2383
19395 2383
19396 2383
19397 2383
19398 2383
19399 2383
19400 2383
19401 2383
19402 2383
19403 2383
19404 2383
19405 2383
19406 2383
19407 2383
19408 2383
19409 2383
19410 2383
19411 2383
19412 2383
19413 2383
19414 2383
19415 2383
19416 2383
19417 2383
19418 2383
19419 2383
19420 2383
19421 2383
19422 2383
19423 2383
19424 2383
19425 2383
19426 2383
19427 2383
19428 2383
19429 2383
19430 2383
19431 2383
19432 2383
19433 2383
19434 2383
19435 2383
19436 2383
19437 2383
19438 2383
19439 2383
19440 2383
19441 2383
19442 2383
19443 2383
19444 2383
19445 2383
19446 2383
19447 2383
19448 2383
19449 2383
19450 2383
19451 2383
19452 2383
19453 2383
19454 2383
19455 2383
19456 2371
19457 2371
19458 2371
19459 2371
19460 2371
19461 2371
19462 2371
19463 2371
19464 2371
19465 2371
19466 2371
19467 2371
19468 2371
19469 2371
19470 2371
19471 2371
19472 2371
19473 2371
19474 2371
19475 2371
19476 2371
19477 2371
19478 2371
19479 2371
19480 2371
19481 2371
19482 2371
19483 2371
19484 2371
19485 2371
19486 2371
19487 2371
19488 2371
19489 2371
19490 2371
19491 2371
19492 2371
19493 2371
19494 2371
19495 2371
19496 2371
19497 2371
19498 2371
19499 2371
19500 2371
19501 2371
19502 2371
19503 2371
19504 2371
19505 2371
19506 2371
19507 2371
19508 2371
19509 2371
19510 2371
19511 2371
19512 2371
19513 2371
19514 2371
19515 2371
19516 2371
19517 2371
19518 2371
19519 2371
19520 2371
19521 2371
19522 2371
19523 2371
19524 2371
19525 2371
19526 2371
19527 2371
19528 2371
19529 2371
19530 2371
19531 2371
19532 2371
19533 2371
19534 2371
19535 2371
19536 2371
19537 2371
19538 2371
19539 2371
19540 2371
19541 2371
19542 2371
19543 2371
19544 2371
19545 2371
19546 2371
19547 2371
19548 2371
19549 2371
19550 2371
19551 2371
19552 2371
19553 2371
19554 2371
19555 2371
19556 2371
19557 2371
19558 2371
19559 2371
19560 2371
19561 2371
19562 2371
19563 2371
19564 2371
19565 2371
19566 2371
19567 2371
19568 2371
19569 2371
19570 2371
19571 2371
19572 2371
19573 2371
19574 2371
19575 2371
19576 2371
19577 2371
19578 2371
19579 2371
19580 2371
19581 2371
19582 2371
19583 2371
19584 2371
19585 2371
19586 2371
19587 2371
19588 2371
19589 2371
19590 2371
19591 2371
19592 2371
19593 2371
19594 2371
19595 2371
19596 2371
19597 2371
19598 2371
19599 2371
19600 2371
19601 2371
19602 2371
19603 2371
19604 2371
19605 2371
19606 2371
19607 2371
19608 2371
19609 2371
19610 2371
19611 2371
19612 2371
19613 2371
19614 2371
19615 2371
19616 2371
19617 2371
19618 2371
19619 2371
19620 2371
19621 2371
19622 2371
19623 2371
19624 2371
19625 2371
19626 2371
19627 2371
19628 2371
19629 2371
19630 2371
19631 2371
19632 2371
19633 2371
19634 2371
19635 2371
19636 2371
19637 2371
19638 2371
19639 2371
19640 2371
19641 2371
19642 2371
19643 2371
19644 2371
19645 2371
19646 2371
19647 2371
19648 2371
19649 2371
19650 2371
19651 2371
19652 2371
19653 2371
19654 2371
19655 2371
19656 2371
19657 2371
19658 2371
19659 2371
19660 2371
19661 2371
19662 2371
19663 2371
19664 2371
19665 2371
19666 2371
19667 2371
19668 2371
19669 2371
19670 2371
19671 2371
19672 2371
19673 2371
19674 2371
19675 2371
19676 2371
19677 2371
19678 2371
19679 2371
19680 2371
19681 2371
19682 2371
19683 2371
19684 2371
19685 2371
19686 2371
19687 2371
19688 2371
19689 2371
19690 2371
19691 2371
19692 2371
19693 2371
19694 2371
19695 2371
19696 2371
19697 2371
19698 2369
19699 2369
19700 2369
19701 2369
19702 2369
19703 2369
19704 2369
19705 2369
19706 2369
19707 2369
19708 2369
19709 2369
19710 2369
19711 2369
19712 2369
19713 2369
19714 2369
19715 2369
19716 2369
19717 2369
19718 2369
19719 2369
19720 2369
19721 2369
19722 2369
19723 2369
19724 2369
19725 2369
19726 2369
19727 2369
19728 2369
19729 2369
19730 2369
19731 2369
19732 2369
19733 2369
19734 2369
19735 2369
19736 2369
19737 2369
19738 2369
19739 2369
19740 2369
19741 2369
19742 2369
19743 2369
19744 2369
19745 2369
19746 2369
19747 2369
19748 2369
19749 2369
19750 2369
19751 2369
19752 2369
19753 2369
19754 2369
19755 2369
19756 2369
19757 2369
19758 2369
19759 2369
19760 2369
19761 2369
19762 2369
19763 2369
19764 2369
19765 2369
19766 2369
19767 2369
19768 2369
19769 2369
19770 2369
19771 2369
19772 2369
19773 2369
19774 2369
19775 2369
19776 2369
19777 2369
19778 2369
19779 2369
19780 2369
19781 2368
19782 2368
19783 2368
19784 2368
19785 2368
19786 2368
19787 2368
19788 2368
19789 2368
19790 2368
19791 2368
19792 2368
19793 2368
19794 2357
19795 2357
19796 2357
19797 2357
19798 2357
19799 2357
19800 2357
19801 2357
19802 2357
19803 2357
19804 2357
19805 2357
19806 2357
19807 2357
19808 2357
19809 2357
19810 2357
19811 2357
19812 2357
19813 2357
19814 2357
19815 2357
19816 2357
19817 2357
19818 2357
19819 2357
19820 2357
19821 2357
19822 2357
19823 2357
19824 2357
19825 2357
19826 2357
19827 2357
19828 2357
19829 2357
19830 2357
19831 2357
19832 2357
19833 2357
19834 2357
19835 2357
19836 2357
19837 2357
19838 2357
19839 2357
19840 2357
19841 2357
19842 2357
19843 2357
19844 2357
19845 2357
19846 2357
19847 2357
19848 2357
19849 2357
19850 2357
19851 2357
19852 2357
19853 2357
19854 2357
19855 2357
19856 2357
19857 2357
19858 2357
19859 2357
19860 2357
19861 2357
19862 2357
19863 2357
19864 2357
19865 2357
19866 2357
19867 2357
19868 2357
19869 2357
19870 2357
19871 2357
19872 2357
19873 2357
19874 2357
19875 2357
19876 2357
19877 2357
19878 2357
19879 2357
19880 2357
19881 2357
19882 2357
19883 2357
19884 2357
19885 2357
19886 2357
19887 2357
19888 2357
19889 2357
19890 2357
19891 2357
19892 2357
19893 2357
19894 2357
19895 2357
19896 2357
19897 2357
19898 2357
19899 2357
19900 2357
19901 2357
19902 2357
19903 2357
19904 2357
19905 2357
19906 2357
19907 2357
19908 2357
19909 2357
19910 2357
19911 2357
19912 2357
19913 2357
19914 2357
19915 2357
19916 2357
19917 2357
19918 2357
19919 2357
19920 2357
19921 2357
19922 2357
19923 2357
19924 2357
19925 2357
19926 2357
19927 2357
19928 2357
19929 2357
19930 2357
19931 2357
19932 2357
19933 2357
19934 2357
19935 2357
19936 2357
19937 2357
19938 2357
19939 2357
19940 2357
19941 2357
19942 2357
19943 2357
19944 2357
19945 2357
19946 2357
19947 2357
19948 2357
19949 2357
19950 2357
19951 2357
19952 2357
19953 2357
19954 2357
19955 2357
19956 2357
19957 2357
19958 2357
19959 2357
19960 2357
19961 2357
19962 2357
19963 2357
19964 2357
19965 2357
19966 2357
19967 2357
19968 2357
19969 2357
19970 2357
19971 2357
19972 2357
19973 2357
19974 2357
19975 2357
19976 2357
19977 2357
19978 2357
19979 2357
19980 2357
19981 2357
19982 2357
19983 2357
19984 2357
19985 2357
19986 2357
19987 2357
19988 2357
19989 2357
19990 2357
19991 2357
19992 2357
19993 2357
19994 2357
19995 2357
19996 2357
19997 2357
19998 2357
19999 2357
20000 2357
20001 2357
20002 2357
20003 2357
20004 2357
20005 2357
20006 2357
20007 2357
20008 2357
20009 2357
20010 2357
20011 2357
20012 2357
20013 2357
20014 2357
20015 2357
20016 2357
20017 2357
20018 2357
20019 2357
20020 2357
20021 2357
20022 2357
20023 2357
20024 2357
20025 2357
20026 2357
20027 2357
20028 2357
20029 2357
20030 2357
20031 2357
20032 2357
20033 2357
20034 2357
20035 2357
20036 2357
20037 2357
20038 2357
20039 2357
20040 2357
20041 2357
20042 2357
20043 2357
20044 2357
20045 2357
20046 2357
20047 2357
20048 2357
20049 2357
20050 2357
20051 2357
20052 2357
20053 2357
20054 2357
20055 2357
20056 2357
20057 2357
20058 2357
20059 2357
20060 2357
20061 2357
20062 2357
20063 2357
20064 2357
20065 2357
20066 2357
20067 2357
20068 2357
20069 2357
20070 2357
20071 2357
20072 2357
20073 2357
20074 2357
20075 2357
20076 2357
20077 2357
20078 2357
20079 2357
20080 2357
20081 2357
20082 2357
20083 2357
20084 2357
20085 2357
20086 2357
20087 2357
20088 2357
20089 2349
20090 2349
20091 2349
20092 2349
20093 2349
20094 2349
20095 2349
20096 2349
20097 2349
20098 2349
20099 2349
20100 2349
20101 2349
20102 2349
20103 2349
20104 2349
20105 2349
20106 2349
20107 2349
20108 2349
20109 2349
20110 2349
20111 2349
20112 2349
20113 2349
20114 2349
20115 2349
20116 2349
20117 2349
20118 2349
20119 2349
20120 2349
20121 2349
20122 2349
20123 2349
20124 2349
20125 2349
20126 2349
20127 2349
20128 2349
20129 2349
20130 2349
20131 2349
20132 2349
20133 2349
20134 2349
20135 2349
20136 2349
20137 2349
20138 2349
20139 2349
20140 2349
20141 2349
20142 2349
20143 2349
20144 2349
20145 2349
20146 2349
20147 2349
20148 2349
20149 2349
20150 2349
20151 2349
20152 2349
20153 2349
20154 2349
20155 2349
20156 2349
20157 2349
20158 2349
20159 2349
20160 2349
20161 2349
20162 2349
20163 2349
20164 2349
20165 2349
20166 2349
20167 2349
20168 2349
20169 2349
20170 2349
20171 2349
20172 2349
20173 2349
20174 2349
20175 2349
20176 2349
20177 2349
20178 2349
20179 2349
20180 2349
20181 2349
20182 2349
20183 2349
20184 2349
20185 2349
20186 2349
20187 2349
20188 2349
20189 2349
20190 2349
20191 2349
20192 2349
20193 2349
20194 2349
20195 2347
20196 2347
20197 2347
20198 2347
20199 2347
20200 2347
20201 2347
20202 2347
20203 2347
20204 2347
20205 2347
20206 2347
20207 2347
20208 2347
20209 2347
20210 2347
20211 2347
20212 2347
20213 2347
20214 2346
20215 2346
20216 2346
20217 2346
20218 2346
20219 2346
20220 2346
20221 2346
20222 2346
20223 2346
20224 2346
20225 2346
20226 2346
20227 2346
20228 2346
20229 2346
20230 2346
20231 2346
20232 2346
20233 2346
20234 2346
20235 2346
20236 2346
20237 2346
20238 2346
20239 2346
20240 2346
20241 2346
20242 2346
20243 2346
20244 2346
20245 2346
20246 2346
20247 2346
20248 2346
20249 2346
20250 2346
20251 2346
20252 2346
20253 2346
20254 2346
20255 2346
20256 2346
20257 2346
20258 2346
20259 2346
20260 2346
20261 2346
20262 2346
20263 2346
20264 2346
20265 2346
20266 2346
20267 2346
20268 2346
20269 2345
20270 2345
20271 2345
20272 2345
20273 2345
20274 2345
20275 2345
20276 2345
20277 2345
20278 2345
20279 2345
20280 2345
20281 2345
20282 2345
20283 2345
20284 2345
20285 2345
20286 2345
20287 2345
20288 2345
20289 2345
20290 2345
20291 2345
20292 2345
20293 2345
20294 2345
20295 2345
20296 2345
20297 2345
20298 2345
20299 2345
20300 2345
20301 2345
20302 2345
20303 2345
20304 2345
20305 2345
20306 2345
20307 2345
20308 2345
20309 2345
20310 2345
20311 2345
20312 2345
20313 2345
20314 2345
20315 2345
20316 2345
20317 2345
20318 2345
20319 2345
20320 2345
20321 2345
20322 2345
20323 2345
20324 2345
20325 2345
20326 2345
20327 2345
20328 2345
20329 2345
20330 2345
20331 2345
20332 2345
20333 2345
20334 2345
20335 2345
20336 2345
20337 2345
20338 2345
20339 2345
20340 2345
20341 2345
20342 2345
20343 2345
20344 2345
20345 2345
20346 2345
20347 2345
20348 2345
20349 2345
20350 2345
20351 2345
20352 2345
20353 2345
20354 2345
20355 2345
20356 2345
20357 2345
20358 2345
20359 2345
20360 2345
20361 2345
20362 2345
20363 2345
20364 2345
20365 2345
20366 2345
20367 2345
20368 2345
20369 2345
20370 2345
20371 2345
20372 2345
20373 2345
20374 2345
20375 2345
20376 2345
20377 2345
20378 2345
20379 2345
20380 2345
20381 2345
20382 2345
20383 2345
20384 2345
20385 2345
20386 2345
20387 2345
20388 2345
20389 2345
20390 2345
20391 2345
20392 2345
20393 2345
20394 2345
20395 2345
20396 2345
20397 2345
20398 2345
20399 2345
20400 2345
20401 2345
20402 2345
20403 2345
20404 2345
20405 2345
20406 2345
20407 2345
20408 2345
20409 2345
20410 2345
20411 2345
20412 2345
20413 2345
20414 2345
20415 2345
20416 2345
20417 2345
20418 2345
20419 2345
20420 2345
20421 2345
20422 2345
20423 2345
20424 2345
20425 2345
20426 2345
20427 2345
20428 2345
20429 2345
20430 2345
20431 2345
20432 2345
20433 2345
20434 2345
20435 2345
20436 2345
20437 2345
20438 2345
20439 2345
20440 2345
20441 2345
20442 2345
20443 2345
20444 2345
20445 2345
20446 2345
20447 2345
20448 2345
20449 2345
20450 2345
20451 2345
20452 2345
20453 2345
20454 2345
20455 2345
20456 2345
20457 2345
20458 2345
20459 2345
20460 2345
20461 2345
20462 2345
20463 2345
20464 2345
20465 2345
20466 2345
20467 2345
20468 2345
20469 2345
20470 2345
20471 2345
20472 2345
20473 2345
20474 2345
20475 2345
20476 2345
20477 2345
20478 2345
20479 2344
20480 2344
20481 2344
20482 2344
20483 2344
20484 2344
20485 2338
20486 2338
20487 2338
20488 2338
20489 2338
20490 2338
20491 2338
20492 2338
20493 2338
20494 2338
20495 2338
20496 2338
20497 2338
20498 2338
20499 2338
20500 2338
20501 2338
20502 2338
20503 2338
20504 2338
20505 2338
20506 2338
20507 2338
20508 2338
20509 2338
20510 2338
20511 2338
20512 2338
20513 2338
20514 2338
20515 2338
20516 2338
20517 2338
20518 2338
20519 2338
20520 2338
20521 2338
20522 2338
20523 2338
20524 2338
20525 2338
20526 2338
20527 2338
20528 2338
20529 2338
20530 2338
20531 2338
20532 2338
20533 2338
20534 2338
20535 2338
20536 2338
20537 2338
20538 2338
20539 2338
20540 2338
20541 2338
20542 2338
20543 2338
20544 2338
20545 2338
20546 2338
20547 2338
20548 2338
20549 2338
20550 2338
20551 2338
20552 2338
20553 2338
20554 2338
20555 2338
20556 2338
20557 2338
20558 2338
20559 2338
20560 2338
20561 2338
20562 2338
20563 2338
20564 2338
20565 2338
20566 2338
20567 2338
20568 2338
20569 2338
20570 2338
20571 2338
20572 2338
20573 2338
20574 2338
20575 2338
20576 2338
20577 2338
20578 2338
20579 2338
20580 2338
20581 2338
20582 2338
20583 2338
20584 2338
20585 2338
20586 2338
20587 2338
20588 2338
20589 2338
20590 2338
20591 2338
20592 2338
20593 2338
20594 2338
20595 2338
20596 2338
20597 2338
20598 2338
20599 2338
20600 2338
20601 2338
20602 2338
20603 2338
20604 2338
20605 2338
20606 2338
20607 2338
20608 2338
20609 2338
20610 2338
20611 2338
20612 2338
20613 2338
20614 2338
20615 2338
20616 2338
20617 2338
20618 2338
20619 2338
20620 2338
20621 2338
20622 2338
20623 2338
20624 2338
20625 2338
20626 2338
20627 2338
20628 2338
20629 2338
20630 2338
20631 2338
20632 2338
20633 2338
20634 2338
20635 2338
20636 2338
20637 2338
20638 2338
20639 2338
20640 2338
20641 2338
20642 2338
20643 2338
20644 2338
20645 2338
20646 2338
20647 2338
20648 2338
20649 2338
20650 2338
20651 2338
20652 2338
20653 2332
20654 2332
20655 2332
20656 2332
20657 2332
20658 2332
20659 2332
20660 2332
20661 2332
20662 2332
20663 2332
20664 2332
20665 2332
20666 2332
20667 2332
20668 2332
20669 2332
20670 2332
20671 2332
20672 2332
20673 2332
20674 2332
20675 2332
20676 2332
20677 2332
20678 2332
20679 2332
20680 2332
20681 2332
20682 2332
20683 2332
20684 2332
20685 2332
20686 2332
20687 2332
20688 2332
20689 2332
20690 2332
20691 2332
20692 2332
20693 2332
20694 2332
20695 2332
20696 2332
20697 2332
20698 2332
20699 2332
20700 2332
20701 2332
20702 2332
20703 2332
20704 2332
20705 2332
20706 2332
20707 2332
20708 2332
20709 2332
20710 2332
20711 2332
20712 2332
20713 2332
20714 2332
20715 2332
20716 2332
20717 2332
20718 2332
20719 2332
20720 2332
20721 2332
20722 2332
20723 2332
20724 2332
20725 2332
20726 2332
20727 2332
20728 2332
20729 2332
20730 2332
20731 2332
20732 2332
20733 2332
20734 2332
20735 2332
20736 2332
20737 2332
20738 2332
20739 2332
20740 2332
20741 2332
20742 2332
20743 2332
20744 2332
20745 2332
20746 2332
20747 2332
20748 2332
20749 2323
20750 2323
20751 2323
20752 2323
20753 2323
20754 2323
20755 2323
20756 2323
20757 2323
20758 2323
20759 2321
20760 2321
20761 2321
20762 2321
20763 2321
20764 2321
20765 2321
20766 2321
20767 2321
20768 2321
20769 2321
20770 2321
20771 2321
20772 2321
20773 2321
20774 2321
20775 2321
20776 2321
20777 2321
20778 2321
20779 2321
20780 2321
20781 2321
20782 2321
20783 2321
20784 2321
20785 2321
20786 2321
20787 2321
20788 2321
20789 2321
20790 2321
20791 2321
20792 2321
20793 2321
20794 2321
20795 2321
20796 2321
20797 2321
20798 2321
20799 2321
20800 2321
20801 2321
20802 2321
20803 2321
20804 2321
20805 2321
20806 2321
20807 2321
20808 2321
20809 2321
20810 2321
20811 2321
20812 2321
20813 2321
20814 2321
20815 2321
20816 2321
20817 2321
20818 2321
20819 2321
20820 2321
20821 2321
20822 2321
20823 2321
20824 2321
20825 2321
20826 2321
20827 2321
20828 2321
20829 2321
20830 2321
20831 2321
20832 2321
20833 2321
20834 2321
20835 2321
20836 2321
20837 2321
20838 2321
20839 2321
20840 2321
20841 2321
20842 2321
20843 2321
20844 2321
20845 2321
20846 2321
20847 2321
20848 2321
20849 2321
20850 2321
20851 2321
20852 2321
20853 2321
20854 2321
20855 2321
20856 2321
20857 2321
20858 2321
20859 2321
20860 2321
20861 2321
20862 2321
20863 2321
20864 2321
20865 2321
20866 2321
20867 2321
20868 2321
20869 2321
20870 2321
20871 2321
20872 2321
20873 2321
20874 2321
20875 2321
20876 2321
20877 2321
20878 2321
20879 2321
20880 2321
20881 2321
20882 2321
20883 2321
20884 2321
20885 2321
20886 2321
20887 2321
20888 2321
20889 2321
20890 2321
20891 2321
20892 2321
20893 2321
20894 2321
20895 2321
20896 2321
20897 2321
20898 2321
20899 2321
20900 2321
20901 2321
20902 2321
20903 2321
20904 2321
20905 2321
20906 2321
20907 2321
20908 2321
20909 2321
20910 2321
20911 2321
20912 2321
20913 2321
20914 2321
20915 2321
20916 2321
20917 2321
20918 2321
20919 2321
20920 2321
20921 2321
20922 2321
20923 2321
20924 2321
20925 2321
20926 2321
20927 2321
20928 2321
20929 2321
20930 2321
20931 2321
20932 2321
20933 2321
20934 2321
20935 2321
20936 2321
20937 2321
20938 2321
20939 2321
20940 2321
20941 2321
20942 2321
20943 2321
20944 2321
20945 2321
20946 2321
20947 2321
20948 2321
20949 2321
20950 2321
20951 2321
20952 2321
20953 2321
20954 2321
20955 2321
20956 2321
20957 2321
20958 2321
20959 2321
20960 2321
20961 2321
20962 2321
20963 2321
20964 2321
20965 2321
20966 2321
20967 2321
20968 2321
20969 2321
20970 2321
20971 2321
20972 2321
20973 2321
20974 2321
20975 2321
20976 2321
20977 2321
20978 2321
20979 2321
20980 2321
20981 2321
20982 2321
20983 2321
20984 2321
20985 2321
20986 2321
20987 2321
20988 2321
20989 2321
20990 2321
20991 2319
20992 2319
20993 2319
20994 2319
20995 2319
20996 2319
20997 2319
20998 2319
20999 2319
21000 2319
21001 2319
21002 2319
21003 2319
21004 2319
21005 2319
21006 2319
21007 2319
21008 2319
21009 2319
21010 2319
21011 2319
21012 2319
21013 2319
21014 2319
21015 2319
21016 2319
21017 2319
21018 2319
21019 2319
21020 2319
21021 2319
21022 2319
21023 2319
21024 2319
21025 2319
21026 2319
21027 2319
21028 2319
21029 2319
21030 2319
21031 2319
21032 2319
21033 2319
21034 2319
21035 2319
21036 2319
21037 2319
21038 2319
21039 2319
21040 2319
21041 2319
21042 2319
21043 2319
21044 2319
21045 2319
21046 2319
21047 2319
21048 2319
21049 2319
21050 2319
21051 2319
21052 2319
21053 2319
21054 2319
21055 2319
21056 2319
21057 2319
21058 2319
21059 2319
21060 2319
21061 2319
21062 2319
21063 2319
21064 2319
21065 2319
21066 2319
21067 2319
21068 2319
21069 2319
21070 2319
21071 2319
21072 2319
21073 2319
21074 2319
21075 2319
21076 2319
21077 2319
21078 2319
21079 2319
21080 2319
21081 2319
21082 2319
21083 2319
21084 2319
21085 2319
21086 2319
21087 2319
21088 2319
21089 2319
21090 2319
21091 2319
21092 2319
21093 2319
21094 2319
21095 2319
21096 2319
21097 2319
21098 2319
21099 2319
21100 2319
21101 2319
21102 2319
21103 2319
21104 2319
21105 2319
21106 2319
21107 2319
21108 2319
21109 2319
21110 2319
21111 2319
21112 2319
21113 2319
21114 2319
21115 2319
21116 2319
21117 2319
21118 2319
21119 2319
21120 2319
21121 2319
21122 2319
21123 2319
21124 2319
21125 2319
21126 2319
21127 2319
21128 2319
21129 2319
21130 2319
21131 2319
21132 2319
21133 2319
21134 2319
21135 2319
21136 2319
21137 2319
21138 2319
21139 2319
21140 2319
21141 2319
21142 2319
21143 2319
21144 2319
21145 2319
21146 2319
21147 2319
21148 2319
21149 2319
21150 2319
21151 2319
21152 2319
21153 2319
21154 2319
21155 2319
21156 2319
21157 2319
21158 2319
21159 2319
21160 2319
21161 2319
21162 2319
21163 2319
21164 2319
21165 2319
21166 2319
21167 2319
21168 2319
21169 2319
21170 2319
21171 2319
21172 2319
21173 2319
21174 2319
21175 2319
21176 2319
21177 2319
21178 2319
21179 2319
21180 2319
21181 2319
21182 2319
21183 2319
21184 2319
21185 2319
21186 2319
21187 2319
21188 2319
21189 2319
21190 2319
21191 2319
21192 2319
21193 2319
21194 2319
21195 2319
21196 2319
21197 2319
21198 2319
21199 2319
21200 2319
21201 2319
21202 2319
21203 2319
21204 2319
21205 2319
21206 2319
21207 2319
21208 2319
21209 2319
21210 2319
21211 2319
21212 2319
21213 2319
21214 2319
21215 2319
21216 2319
21217 2319
21218 2319
21219 2319
21220 2319
21221 2319
21222 2319
21223 2319
21224 2319
21225 2319
21226 2319
21227 2319
21228 2319
21229 2319
21230 2319
21231 2319
21232 2319
21233 2319
21234 2319
21235 2319
21236 2319
21237 2319
21238 2319
21239 2319
21240 2319
21241 2319
21242 2319
21243 2319
21244 2319
21245 2319
21246 2319
21247 2319
21248 2319
21249 2319
21250 2319
21251 2319
21252 2319
21253 2319
21254 2319
21255 2319
21256 2319
21257 2319
21258 2319
21259 2319
21260 2319
21261 2319
21262 2319
21263 2319
21264 2319
21265 2319
21266 2319
21267 2319
21268 2319
21269 2319
21270 2319
21271 2319
21272 2319
21273 2319
21274 2319
21275 2319
21276 2319
21277 2319
21278 2319
21279 2319
21280 2319
21281 2319
21282 2319
21283 2319
21284 2319
21285 2319
21286 2319
21287 2319
21288 2319
21289 2319
21290 2319
21291 2319
21292 2319
21293 2319
21294 2319
21295 2319
21296 2319
21297 2319
21298 2319
21299 2319
21300 2319
21301 2319
21302 2319
21303 2319
21304 2319
21305 2319
21306 2319
21307 2319
21308 2319
21309 2319
21310 2319
21311 2319
21312 2319
21313 2319
21314 2319
21315 2319
21316 2319
21317 2319
21318 2319
21319 2319
21320 2319
21321 2319
21322 2319
21323 2319
21324 2319
21325 2319
21326 2319
21327 2319
21328 2319
21329 2319
21330 2319
21331 2319
21332 2319
21333 2319
21334 2319
21335 2319
21336 2319
21337 2319
21338 2319
21339 2319
21340 2319
21341 2319
21342 2319
21343 2319
21344 2319
21345 2319
21346 2319
21347 2319
21348 2319
21349 2319
21350 2319
21351 2319
21352 2319
21353 2319
21354 2319
21355 2319
21356 2319
21357 2319
21358 2319
21359 2319
21360 2319
21361 2319
21362 2319
21363 2319
21364 2319
21365 2319
21366 2319
21367 2319
21368 2319
21369 2319
21370 2319
21371 2319
21372 2319
21373 2319
21374 2319
21375 2319
21376 2319
21377 2319
21378 2319
21379 2319
21380 2319
21381 2319
21382 2319
21383 2319
21384 2319
21385 2319
21386 2319
21387 2319
21388 2319
21389 2319
21390 2319
21391 2319
21392 2319
21393 2319
21394 2319
21395 2319
21396 2319
21397 2319
21398 2319
21399 2319
21400 2319
21401 2319
21402 2319
21403 2319
21404 2319
21405 2319
21406 2319
21407 2319
21408 2319
21409 2319
21410 2319
21411 2319
21412 2319
21413 2319
21414 2319
21415 2319
21416 2319
21417 2319
21418 2319
21419 2319
21420 2319
21421 2319
21422 2319
21423 2319
21424 2319
21425 2319
21426 2319
21427 2319
21428 2319
21429 2319
21430 2319
21431 2319
21432 2319
21433 2319
21434 2319
21435 2319
21436 2319
21437 2319
21438 2319
21439 2319
21440 2319
21441 2319
21442 2319
21443 2319
21444 2319
21445 2319
21446 2319
21447 2319
21448 2319
21449 2319
21450 2319
21451 2319
21452 2319
21453 2319
21454 2319
21455 2319
21456 2319
21457 2319
21458 2319
21459 2319
21460 2319
21461 2319
21462 2319
21463 2319
21464 2319
21465 2319
21466 2319
21467 2319
21468 2319
21469 2319
21470 2319
21471 2319
21472 2319
21473 2319
21474 2319
21475 2319
21476 2319
21477 2319
21478 2319
21479 2319
21480 2319
21481 2319
21482 2319
21483 2319
21484 2319
21485 2319
21486 2319
21487 2319
21488 2319
21489 2319
21490 2319
21491 2319
21492 2319
21493 2319
21494 2319
21495 2319
21496 2319
21497 2319
21498 2319
21499 2319
21500 2319
21501 2319
21502 2319
21503 2319
21504 2319
21505 2319
21506 2319
21507 2319
21508 2319
21509 2319
21510 2319
21511 2319
21512 2319
21513 2319
21514 2319
21515 2319
21516 2319
21517 2319
21518 2319
21519 2319
21520 2319
21521 2319
21522 2319
21523 2319
21524 2319
21525 2319
21526 2319
21527 2319
21528 2319
21529 2319
21530 2319
21531 2319
21532 2319
21533 2319
21534 2319
21535 2319
21536 2319
21537 2319
21538 2319
21539 2319
21540 2319
21541 2319
21542 2319
21543 2319
21544 2319
21545 2319
21546 2319
21547 2319
21548 2319
21549 2319
21550 2319
21551 2319
21552 2319
21553 2319
21554 2319
21555 2319
21556 2319
21557 2319
21558 2319
21559 2319
21560 2319
21561 2319
21562 2319
21563 2319
21564 2319
21565 2319
21566 2319
21567 2319
21568 2319
21569 2319
21570 2319
21571 2319
21572 2318
21573 2318
21574 2318
21575 2318
21576 2318
21577 2318
21578 2318
21579 2318
21580 2318
21581 2318
21582 2318
21583 2318
21584 2318
21585 2318
21586 2318
21587 2318
21588 2318
21589 2318
21590 2318
21591 2318
21592 2318
21593 2318
21594 2318
21595 2318
21596 2318
21597 2318
21598 2318
21599 2318
21600 2318
21601 2318
21602 2318
21603 2318
21604 2318
21605 2318
21606 2318
21607 2318
21608 2318
21609 2318
21610 2318
21611 2318
21612 2318
21613 2318
21614 2318
21615 2318
21616 2318
21617 2318
21618 2318
21619 2318
21620 2318
21621 2318
21622 2318
21623 2318
21624 2318
21625 2318
21626 2318
21627 2318
21628 2318
21629 2318
21630 2318
21631 2318
21632 2318
21633 2318
21634 2318
21635 2318
21636 2318
21637 2318
21638 2318
21639 2318
21640 2318
21641 2318
21642 2318
21643 2318
21644 2318
21645 2318
21646 2318
21647 2318
21648 2318
21649 2318
21650 2318
21651 2318
21652 2318
21653 2318
21654 2318
21655 2318
21656 2318
21657 2318
21658 2318
21659 2318
21660 2318
21661 2318
21662 2318
21663 2318
21664 2318
21665 2318
21666 2318
21667 2318
21668 2318
21669 2318
21670 2318
21671 2318
21672 2318
21673 2318
21674 2318
21675 2318
21676 2318
21677 2318
21678 2318
21679 2318
21680 2318
21681 2318
21682 2318
21683 2318
21684 2318
21685 2318
21686 2318
21687 2318
21688 2318
21689 2318
21690 2318
21691 2318
21692 2318
21693 2318
21694 2318
21695 2318
21696 2318
21697 2318
21698 2318
21699 2318
21700 2318
21701 2318
21702 2318
21703 2318
21704 2318
21705 2318
21706 2318
21707 2318
21708 2318
21709 2318
21710 2318
21711 2318
21712 2318
21713 2318
21714 2318
21715 2318
21716 2318
21717 2318
21718 2318
21719 2318
21720 2318
21721 2318
21722 2318
21723 2318
21724 2318
21725 2318
21726 2318
21727 2318
21728 2318
21729 2318
21730 2318
21731 2318
21732 2318
21733 2318
21734 2318
21735 2318
21736 2318
21737 2318
21738 2318
21739 2318
21740 2318
21741 2318
21742 2318
21743 2318
21744 2318
21745 2318
21746 2318
21747 2318
21748 2318
21749 2318
21750 2318
21751 2318
21752 2318
21753 2318
21754 2318
21755 2318
21756 2318
21757 2318
21758 2318
21759 2318
21760 2318
21761 2318
21762 2318
21763 2318
21764 2318
21765 2318
21766 2318
21767 2318
21768 2318
21769 2318
21770 2318
21771 2318
21772 2318
21773 2318
21774 2318
21775 2318
21776 2318
21777 2318
21778 2318
21779 2318
21780 2318
21781 2318
21782 2318
21783 2318
21784 2318
21785 2318
21786 2318
21787 2318
21788 2318
21789 2318
21790 2318
21791 2318
21792 2318
21793 2318
21794 2318
21795 2318
21796 2318
21797 2318
21798 2318
21799 2318
21800 2318
21801 2318
21802 2318
21803 2318
21804 2318
21805 2318
21806 2318
21807 2318
21808 2318
21809 2318
21810 2318
21811 2318
21812 2318
21813 2318
21814 2318
21815 2318
21816 2318
21817 2318
21818 2318
21819 2318
21820 2318
21821 2317
21822 2317
21823 2317
21824 2317
21825 2317
21826 2317
21827 2317
21828 2317
21829 2317
21830 2317
21831 2317
21832 2317
21833 2317
21834 2317
21835 2317
21836 2317
21837 2317
21838 2317
21839 2317
21840 2317
21841 2317
21842 2317
21843 2317
21844 2317
21845 2317
21846 2317
21847 2317
21848 2317
21849 2317
21850 2317
21851 2317
21852 2317
21853 2317
21854 2317
21855 2317
21856 2317
21857 2317
21858 2317
21859 2317
21860 2317
21861 2317
21862 2317
21863 2317
21864 2317
21865 2317
21866 2317
21867 2317
21868 2317
21869 2317
21870 2317
21871 2317
21872 2317
21873 2317
21874 2317
21875 2317
21876 2317
21877 2317
21878 2317
21879 2317
21880 2317
21881 2317
21882 2317
21883 2317
21884 2317
21885 2317
21886 2317
21887 2317
21888 2317
21889 2317
21890 2317
21891 2317
21892 2317
21893 2317
21894 2317
21895 2317
21896 2317
21897 2317
21898 2317
21899 2317
21900 2317
21901 2317
21902 2317
21903 2317
21904 2317
21905 2317
21906 2317
21907 2317
21908 2317
21909 2317
21910 2317
21911 2317
21912 2317
21913 2317
21914 2317
21915 2317
21916 2317
21917 2317
21918 2317
21919 2317
21920 2317
21921 2317
21922 2317
21923 2317
21924 2317
21925 2317
21926 2317
21927 2317
21928 2317
21929 2317
21930 2317
21931 2317
21932 2317
21933 2317
21934 2317
21935 2317
21936 2317
21937 2317
21938 2317
21939 2317
21940 2317
21941 2317
21942 2317
21943 2317
21944 2317
21945 2317
21946 2317
21947 2317
21948 2317
21949 2317
21950 2317
21951 2317
21952 2317
21953 2317
21954 2317
21955 2317
21956 2317
21957 2317
21958 2317
21959 2317
21960 2317
21961 2317
21962 2317
21963 2317
21964 2317
21965 2317
21966 2317
21967 2317
21968 2317
21969 2317
21970 2317
21971 2317
21972 2317
21973 2317
21974 2317
21975 2309
21976 2309
21977 2309
21978 2309
21979 2309
21980 2309
21981 2309
21982 2309
21983 2309
21984 2309
21985 2309
21986 2309
21987 2309
21988 2309
21989 2309
21990 2309
21991 2309
21992 2309
21993 2309
21994 2309
21995 2309
21996 2309
21997 2309
21998 2309
21999 2309
22000 2309
22001 2309
22002 2309
22003 2309
22004 2309
22005 2309
22006 2309
22007 2309
22008 2309
22009 2309
22010 2309
22011 2309
22012 2309
22013 2309
22014 2309
22015 2309
22016 2309
22017 2309
22018 2309
22019 2309
22020 2309
22021 2309
22022 2309
22023 2309
22024 2309
22025 2309
22026 2309
22027 2309
22028 2309
22029 2309
22030 2309
22031 2309
22032 2309
22033 2309
22034 2309
22035 2309
22036 2309
22037 2309
22038 2309
22039 2309
22040 2309
22041 2309
22042 2309
22043 2309
22044 2309
22045 2309
22046 2309
22047 2309
22048 2309
22049 2309
22050 2309
22051 2309
22052 2309
22053 2309
22054 2309
22055 2309
22056 2309
22057 2309
22058 2309
22059 2309
22060 2309
22061 2309
22062 2309
22063 2309
22064 2309
22065 2309
22066 2309
22067 2309
22068 2309
22069 2309
22070 2309
22071 2309
22072 2309
22073 2309
22074 2309
22075 2309
22076 2309
22077 2309
22078 2309
22079 2309
22080 2309
22081 2309
22082 2309
22083 2309
22084 2309
22085 2309
22086 2309
22087 2309
22088 2309
22089 2309
22090 2309
22091 2309
22092 2309
22093 2309
22094 2309
22095 2309
22096 2309
22097 2309
22098 2309
22099 2309
22100 2309
22101 2309
22102 2309
22103 2309
22104 2309
22105 2309
22106 2309
22107 2309
22108 2309
22109 2309
22110 2309
22111 2309
22112 2309
22113 2309
22114 2309
22115 2309
22116 2309
22117 2309
22118 2309
22119 2309
22120 2309
22121 2309
22122 2309
22123 2309
22124 2309
22125 2309
22126 2309
22127 2309
22128 2309
22129 2309
22130 2309
22131 2309
22132 2309
22133 2309
22134 2309
22135 2309
22136 2309
22137 2309
22138 2309
22139 2309
22140 2309
22141 2309
22142 2309
22143 2309
22144 2309
22145 2309
22146 2309
22147 2309
22148 2309
22149 2309
22150 2309
22151 2309
22152 2309
22153 2309
22154 2309
22155 2309
22156 2309
22157 2303
22158 2294
22159 2294
22160 2294
22161 2294
22162 2294
22163 2294
22164 2294
22165 2294
22166 2294
22167 2294
22168 2294
22169 2294
22170 2294
22171 2294
22172 2294
22173 2294
22174 2294
22175 2294
22176 2294
22177 2294
22178 2294
22179 2294
22180 2294
22181 2294
22182 2294
22183 2294
22184 2294
22185 2294
22186 2292
22187 2292
22188 2292
22189 2292
22190 2292
22191 2292
22192 2292
22193 2292
22194 2292
22195 2292
22196 2292
22197 2292
22198 2292
22199 2292
22200 2292
22201 2292
22202 2292
22203 2292
22204 2292
22205 2292
22206 2292
22207 2292
22208 2292
22209 2292
22210 2292
22211 2292
22212 2292
22213 2292
22214 2292
22215 2292
22216 2292
22217 2292
22218 2292
22219 2292
22220 2292
22221 2292
22222 2292
22223 2292
22224 2292
22225 2292
22226 2292
22227 2292
22228 2292
22229 2292
22230 2292
22231 2292
22232 2292
22233 2292
22234 2292
22235 2292
22236 2292
22237 2292
22238 2292
22239 2292
22240 2292
22241 2292
22242 2292
22243 2292
22244 2292
22245 2292
22246 2292
22247 2292
22248 2292
22249 2292
22250 2292
22251 2292
22252 2292
22253 2292
22254 2292
22255 2292
22256 2292
22257 2292
22258 2291
22259 2291
22260 2291
22261 2291
22262 2291
22263 2291
22264 2291
22265 2291
22266 2291
22267 2291
22268 2291
22269 2291
22270 2291
22271 2291
22272 2291
22273 2291
22274 2291
22275 2291
22276 2291
22277 2291
22278 2291
22279 2291
22280 2291
22281 2291
22282 2291
22283 2291
22284 2291
22285 2291
22286 2291
22287 2291
22288 2291
22289 2291
22290 2291
22291 2291
22292 2291
22293 2291
22294 2291
22295 2291
22296 2291
22297 2291
22298 2291
22299 2291
22300 2291
22301 2291
22302 2291
22303 2291
22304 2291
22305 2291
22306 2291
22307 2291
22308 2291
22309 2291
22310 2291
22311 2291
22312 2291
22313 2291
22314 2291
22315 2291
22316 2291
22317 2291
22318 2291
22319 2291
22320 2291
22321 2291
22322 2291
22323 2291
22324 2291
22325 2291
22326 2291
22327 2291
22328 2291
22329 2291
22330 2291
22331 2291
22332 2291
22333 2291
22334 2291
22335 2291
22336 2291
22337 2291
22338 2291
22339 2291
22340 2291
22341 2291
22342 2291
22343 2291
22344 2291
22345 2291
22346 2291
22347 2291
22348 2291
22349 2291
22350 2291
22351 2291
22352 2291
22353 2291
22354 2291
22355 2291
22356 2291
22357 2291
22358 2291
22359 2291
22360 2291
22361 2291
22362 2291
22363 2291
22364 2291
22365 2291
22366 2291
22367 2291
22368 2291
22369 2291
22370 2291
22371 2291
22372 2291
22373 2291
22374 2291
22375 2291
22376 2291
22377 2291
22378 2291
22379 2291
22380 2291
22381 2291
22382 2291
22383 2291
22384 2291
22385 2291
22386 2291
22387 2291
22388 2291
22389 2291
22390 2291
22391 2291
22392 2291
22393 2291
22394 2291
22395 2291
22396 2291
22397 2291
22398 2291
22399 2284
22400 2284
22401 2284
22402 2284
22403 2284
22404 2284
22405 2284
22406 2284
22407 2284
22408 2284
22409 2284
22410 2284
22411 2284
22412 2284
22413 2284
22414 2284
22415 2284
22416 2284
22417 2284
22418 2284
22419 2284
22420 2284
22421 2284
22422 2284
22423 2284
22424 2284
22425 2284
22426 2284
22427 2284
22428 2284
22429 2284
22430 2284
22431 2284
22432 2284
22433 2284
22434 2284
22435 2284
22436 2284
22437 2284
22438 2284
22439 2284
22440 2284
22441 2284
22442 2284
22443 2284
22444 2284
22445 2284
22446 2284
22447 2284
22448 2284
22449 2284
22450 2284
22451 2284
22452 2284
22453 2284
22454 2284
22455 2283
22456 2283
22457 2283
22458 2283
22459 2282
22460 2282
22461 2282
22462 2282
22463 2282
22464 2282
22465 2282
22466 2282
22467 2282
22468 2282
22469 2282
22470 2282
22471 2282
22472 2282
22473 2282
22474 2282
22475 2278
22476 2278
22477 2278
22478 2278
22479 2278
22480 2278
22481 2278
22482 2278
22483 2278
22484 2278
22485 2278
22486 2278
22487 2278
22488 2278
22489 2278
22490 2278
22491 2278
22492 2278
22493 2278
22494 2278
22495 2278
22496 2278
22497 2278
22498 2278
22499 2278
22500 2278
22501 2278
22502 2278
22503 2278
22504 2278
22505 2278
22506 2278
22507 2278
22508 2278
22509 2278
22510 2276
22511 2276
22512 2276
22513 2276
22514 2276
22515 2276
22516 2276
22517 2276
22518 2276
22519 2276
22520 2276
22521 2276
22522 2276
22523 2276
22524 2276
22525 2276
22526 2276
22527 2276
22528 2276
22529 2276
22530 2276
22531 2276
22532 2276
22533 2276
22534 2276
22535 2276
22536 2276
22537 2276
22538 2276
22539 2276
22540 2276
22541 2276
22542 2276
22543 2276
22544 2276
22545 2276
22546 2276
22547 2276
22548 2276
22549 2276
22550 2276
22551 2276
22552 2276
22553 2276
22554 2276
22555 2276
22556 2276
22557 2276
22558 2276
22559 2276
22560 2276
22561 2276
22562 2276
22563 2276
22564 2276
22565 2276
22566 2276
22567 2276
22568 2276
22569 2276
22570 2276
22571 2276
22572 2276
22573 2276
22574 2276
22575 2276
22576 2276
22577 2276
22578 2276
22579 2276
22580 2276
22581 2276
22582 2276
22583 2276
22584 2273
22585 2273
22586 2273
22587 2273
22588 2273
22589 2273
22590 2273
22591 2273
22592 2273
22593 2273
22594 2273
22595 2273
22596 2273
22597 2273
22598 2273
22599 2273
22600 2273
22601 2273
22602 2273
22603 2273
22604 2273
22605 2273
22606 2273
22607 2273
22608 2273
22609 2273
22610 2273
22611 2273
22612 2273
22613 2273
22614 2273
22615 2273
22616 2273
22617 2273
22618 2273
22619 2273
22620 2273
22621 2273
22622 2272
22623 2272
22624 2272
22625 2272
22626 2272
22627 2272
22628 2272
22629 2272
22630 2272
22631 2272
22632 2272
22633 2272
22634 2272
22635 2272
22636 2272
22637 2272
22638 2272
22639 2272
22640 2272
22641 2272
22642 2272
22643 2272
22644 2272
22645 2272
22646 2272
22647 2272
22648 2272
22649 2272
22650 2272
22651 2272
22652 2272
22653 2272
22654 2272
22655 2272
22656 2272
22657 2272
22658 2272
22659 2272
22660 2272
22661 2272
22662 2272
22663 2272
22664 2272
22665 2272
22666 2272
22667 2272
22668 2272
22669 2272
22670 2272
22671 2272
22672 2272
22673 2272
22674 2272
22675 2272
22676 2272
22677 2272
22678 2272
22679 2272
22680 2272
22681 2272
22682 2272
22683 2272
22684 2272
22685 2272
22686 2272
22687 2272
22688 2272
22689 2272
22690 2272
22691 2272
22692 2272
22693 2272
22694 2272
22695 2272
22696 2272
22697 2272
22698 2272
22699 2272
22700 2272
22701 2272
22702 2272
22703 2272
22704 2272
22705 2272
22706 2272
22707 2272
22708 2272
22709 2272
22710 2272
22711 2272
22712 2272
22713 2272
22714 2272
22715 2272
22716 2272
22717 2272
22718 2272
22719 2272
22720 2272
22721 2272
22722 2272
22723 2272
22724 2272
22725 2272
22726 2272
22727 2272
22728 2272
22729 2272
22730 2272
22731 2272
22732 2272
22733 2272
22734 2272
22735 2272
22736 2272
22737 2272
22738 2272
22739 2272
22740 2272
22741 2272
22742 2272
22743 2272
22744 2272
22745 2272
22746 2272
22747 2272
22748 2272
22749 2272
22750 2272
22751 2272
22752 2272
22753 2272
22754 2272
22755 2272
22756 2272
22757 2272
22758 2272
22759 2272
22760 2272
22761 2272
22762 2272
22763 2272
22764 2272
22765 2272
22766 2272
22767 2272
22768 2272
22769 2272
22770 2272
22771 2272
22772 2272
22773 2272
22774 2272
22775 2272
22776 2272
22777 2272
22778 2272
22779 2272
22780 2272
22781 2272
22782 2272
22783 2272
22784 2272
22785 2272
22786 2272
22787 2272
22788 2272
22789 2272
22790 2272
22791 2272
22792 2272
22793 2272
22794 2272
22795 2272
22796 2272
22797 2272
22798 2272
22799 2272
22800 2272
22801 2272
22802 2272
22803 2272
22804 2272
22805 2272
22806 2272
22807 2272
22808 2272
22809 2272
22810 2272
22811 2272
22812 2272
22813 2272
22814 2272
22815 2272
22816 2272
22817 2272
22818 2272
22819 2272
22820 2272
22821 2272
22822 2272
22823 2272
22824 2272
22825 2272
22826 2272
22827 2272
22828 2272
22829 2272
22830 2272
22831 2272
22832 2272
22833 2272
22834 2272
22835 2272
22836 2272
22837 2272
22838 2272
22839 2271
22840 2271
22841 2271
22842 2271
22843 2271
22844 2271
22845 2271
22846 2271
22847 2271
22848 2271
22849 2271
22850 2271
22851 2271
22852 2271
22853 2271
22854 2271
22855 2271
22856 2271
22857 2261
22858 2261
22859 2261
22860 2261
22861 2261
22862 2261
22863 2261
22864 2261
22865 2261
22866 2261
22867 2261
22868 2261
22869 2261
22870 2261
22871 2261
22872 2261
22873 2261
22874 2261
22875 2261
22876 2261
22877 2261
22878 2261
22879 2261
22880 2261
22881 2261
22882 2261
22883 2261
22884 2261
22885 2261
22886 2261
22887 2261
22888 2261
22889 2261
22890 2261
22891 2261
22892 2261
22893 2261
22894 2261
22895 2261
22896 2261
22897 2261
22898 2261
22899 2261
22900 2261
22901 2261
22902 2261
22903 2261
22904 2261
22905 2261
22906 2261
22907 2261
22908 2261
22909 2261
22910 2261
22911 2261
22912 2261
22913 2261
22914 2261
22915 2261
22916 2261
22917 2261
22918 2261
22919 2261
22920 2261
22921 2261
22922 2261
22923 2261
22924 2261
22925 2261
22926 2261
22927 2261
22928 2261
22929 2261
22930 2261
22931 2261
22932 2261
22933 2261
22934 2261
22935 2261
22936 2261
22937 2261
22938 2261
22939 2261
22940 2261
22941 2261
22942 2261
22943 2261
22944 2261
22945 2261
22946 2261
22947 2261
22948 2261
22949 2261
22950 2261
22951 2261
22952 2261
22953 2261
22954 2261
22955 2261
22956 2261
22957 2261
22958 2261
22959 2261
22960 2261
22961 2261
22962 2261
22963 2261
22964 2261
22965 2261
22966 2261
22967 2261
22968 2261
22969 2261
22970 2261
22971 2261
22972 2259
22973 2259
22974 2259
22975 2259
22976 2259
22977 2259
22978 2259
22979 2259
22980 2259
22981 2259
22982 2259
22983 2259
22984 2259
22985 2259
22986 2259
22987 2259
22988 2259
22989 2259
22990 2259
22991 2259
22992 2259
22993 2259
22994 2259
22995 2259
22996 2259
22997 2259
22998 2259
22999 2259
23000 2259
23001 2259
23002 2259
23003 2259
23004 2259
23005 2259
23006 2259
23007 2259
23008 2259
23009 2259
23010 2259
23011 2259
23012 2259
23013 2259
23014 2259
23015 2259
23016 2259
23017 2259
23018 2259
23019 2259
23020 2259
23021 2259
23022 2259
23023 2259
23024 2259
23025 2259
23026 2259
23027 2259
23028 2259
23029 2259
23030 2259
23031 2259
23032 2259
23033 2259
23034 2259
23035 2259
23036 2259
23037 2259
23038 2259
23039 2259
23040 2259
23041 2259
23042 2259
23043 2259
23044 2259
23045 2259
23046 2259
23047 2259
23048 2259
23049 2259
23050 2259
23051 2259
23052 2259
23053 2259
23054 2259
23055 2259
23056 2259
23057 2259
23058 2259
23059 2259
23060 2259
23061 2259
23062 2259
23063 2259
23064 2259
23065 2259
23066 2259
23067 2259
23068 2259
23069 2259
23070 2259
23071 2259
23072 2259
23073 2259
23074 2259
23075 2259
23076 2259
23077 2259
23078 2259
23079 2259
23080 2259
23081 2259
23082 2259
23083 2259
23084 2259
23085 2259
23086 2259
23087 2259
23088 2259
23089 2259
23090 2259
23091 2258
23092 2258
23093 2258
23094 2258
23095 2258
23096 2258
23097 2258
23098 2258
23099 2258
23100 2258
23101 2258
23102 2258
23103 2258
23104 2258
23105 2258
23106 2258
23107 2258
23108 2258
23109 2258
23110 2258
23111 2258
23112 2258
23113 2258
23114 2258
23115 2258
23116 2258
23117 2258
23118 2258
23119 2258
23120 2258
23121 2258
23122 2258
23123 2258
23124 2258
23125 2258
23126 2258
23127 2258
23128 2258
23129 2258
23130 2258
23131 2258
23132 2258
23133 2258
23134 2258
23135 2258
23136 2258
23137 2258
23138 2258
23139 2255
23140 2255
23141 2255
23142 2255
23143 2255
23144 2255
23145 2255
23146 2255
23147 2255
23148 2255
23149 2255
23150 2255
23151 2255
23152 2255
23153 2255
23154 2255
23155 2255
23156 2255
23157 2255
23158 2255
23159 2255
23160 2255
23161 2255
23162 2245
23163 2245
23164 2245
23165 2245
23166 2245
23167 2245
23168 2245
23169 2245
23170 2245
23171 2245
23172 2245
23173 2242
23174 2242
23175 2242
23176 2242
23177 2242
23178 2242
23179 2242
23180 2242
23181 2242
23182 2242
23183 2242
23184 2242
23185 2242
23186 2242
23187 2242
23188 2242
23189 2242
23190 2242
23191 2242
23192 2242
23193 2242
23194 2242
23195 2242
23196 2242
23197 2242
23198 2242
23199 2242
23200 2242
23201 2242
23202 2242
23203 2242
23204 2242
23205 2242
23206 2242
23207 2242
23208 2242
23209 2242
23210 2242
23211 2242
23212 2242
23213 2242
23214 2242
23215 2242
23216 2242
23217 2242
23218 2242
23219 2242
23220 2242
23221 2242
23222 2242
23223 2242
23224 2242
23225 2242
23226 2242
23227 2242
23228 2242
23229 2242
23230 2242
23231 2242
23232 2242
23233 2242
23234 2242
23235 2242
23236 2242
23237 2242
23238 2242
23239 2242
23240 2242
23241 2242
23242 2242
23243 2242
23244 2242
23245 2242
23246 2242
23247 2242
23248 2242
23249 2242
23250 2242
23251 2242
23252 2242
23253 2242
23254 2242
23255 2242
23256 2242
23257 2242
23258 2242
23259 2242
23260 2242
23261 2242
23262 2242
23263 2242
23264 2242
23265 2242
23266 2242
23267 2242
23268 2242
23269 2242
23270 2242
23271 2242
23272 2242
23273 2242
23274 2242
23275 2242
23276 2242
23277 2242
23278 2242
23279 2242
23280 2242
23281 2242
23282 2242
23283 2242
23284 2242
23285 2242
23286 2242
23287 2242
23288 2242
23289 2242
23290 2242
23291 2242
23292 2242
23293 2242
23294 2242
23295 2242
23296 2242
23297 2242
23298 2242
23299 2242
23300 2242
23301 2242
23302 2242
23303 2242
23304 2242
23305 2242
23306 2242
23307 2242
23308 2242
23309 2242
23310 2242
23311 2242
23312 2242
23313 2242
23314 2242
23315 2242
23316 2242
23317 2242
23318 2242
23319 2242
23320 2242
23321 2242
23322 2242
23323 2242
23324 2242
23325 2242
23326 2242
23327 2242
23328 2242
23329 2242
23330 2242
23331 2242
23332 2242
23333 2242
23334 2242
23335 2242
23336 2242
23337 2242
23338 2242
23339 2242
23340 2242
23341 2242
23342 2242
23343 2242
23344 2242
23345 2242
23346 2242
23347 2242
23348 2242
23349 2242
23350 2242
23351 2242
23352 2242
23353 2242
23354 2242
23355 2242
23356 2242
23357 2242
23358 2242
23359 2242
23360 2242
23361 2242
23362 2242
23363 2242
23364 2242
23365 2242
23366 2242
23367 2242
23368 2242
23369 2242
23370 2242
23371 2242
23372 2242
23373 2242
23374 2242
23375 2242
23376 2242
23377 2242
23378 2242
23379 2242
23380 2242
23381 2242
23382 2242
23383 2242
23384 2242
23385 2242
23386 2242
23387 2242
23388 2242
23389 2242
23390 2242
23391 2242
23392 2242
23393 2242
23394 2242
23395 2242
23396 2242
23397 2242
23398 2242
23399 2242
23400 2242
23401 2242
23402 2242
23403 2242
23404 2242
23405 2242
23406 2242
23407 2242
23408 2242
23409 2242
23410 2242
23411 2242
23412 2242
23413 2242
23414 2242
23415 2242
23416 2242
23417 2242
23418 2242
23419 2242
23420 2242
23421 2242
23422 2242
23423 2242
23424 2242
23425 2242
23426 2242
23427 2242
23428 2242
23429 2242
23430 2242
23431 2242
23432 2242
23433 2242
23434 2242
23435 2242
23436 2242
23437 2242
23438 2242
23439 2242
23440 2242
23441 2242
23442 2242
23443 2242
23444 2242
23445 2242
23446 2242
23447 2242
23448 2242
23449 2242
23450 2242
23451 2242
23452 2242
23453 2242
23454 2242
23455 2242
23456 2242
23457 2242
23458 2242
23459 2242
23460 2242
23461 2242
23462 2242
23463 2242
23464 2242
23465 2242
23466 2242
23467 2242
23468 2242
23469 2242
23470 2242
23471 2242
23472 2242
23473 2242
23474 2242
23475 2242
23476 2242
23477 2242
23478 2242
23479 2242
23480 2242
23481 2242
23482 2242
23483 2242
23484 2242
23485 2242
23486 2242
23487 2242
23488 2242
23489 2242
23490 2242
23491 2242
23492 2242
23493 2242
23494 2242
23495 2242
23496 2242
23497 2242
23498 2242
23499 2242
23500 2242
23501 2240
23502 2240
23503 2240
23504 2240
23505 2240
23506 2240
23507 2240
23508 2240
23509 2240
23510 2240
23511 2240
23512 2240
23513 2240
23514 2240
23515 2240
23516 2240
23517 2240
23518 2240
23519 2240
23520 2240
23521 2240
23522 2240
23523 2240
23524 2240
23525 2240
23526 2240
23527 2240
23528 2240
23529 2240
23530 2240
23531 2240
23532 2240
23533 2240
23534 2240
23535 2240
23536 2240
23537 2240
23538 2240
23539 2240
23540 2240
23541 2240
23542 2240
23543 2240
23544 2240
23545 2240
23546 2240
23547 2240
23548 2240
23549 2240
23550 2240
23551 2240
23552 2240
23553 2240
23554 2240
23555 2240
23556 2240
23557 2240
23558 2240
23559 2240
23560 2240
23561 2240
23562 2240
23563 2240
23564 2240
23565 2240
23566 2240
23567 2240
23568 2240
23569 2240
23570 2240
23571 2240
23572 2240
23573 2240
23574 2240
23575 2240
23576 2240
23577 2240
23578 2240
23579 2240
23580 2240
23581 2240
23582 2240
23583 2240
23584 2240
23585 2240
23586 2240
23587 2240
23588 2240
23589 2240
23590 2240
23591 2240
23592 2240
23593 2240
23594 2240
23595 2240
23596 2240
23597 2240
23598 2240
23599 2240
23600 2240
23601 2240
23602 2240
23603 2240
23604 2240
23605 2240
23606 2240
23607 2240
23608 2240
23609 2240
23610 2240
23611 2240
23612 2240
23613 2240
23614 2240
23615 2240
23616 2240
23617 2240
23618 2240
23619 2240
23620 2240
23621 2240
23622 2240
23623 2240
23624 2240
23625 2240
23626 2240
23627 2240
23628 2240
23629 2240
23630 2240
23631 2240
23632 2240
23633 2240
23634 2240
23635 2240
23636 2240
23637 2240
23638 2240
23639 2240
23640 2240
23641 2240
23642 2240
23643 2240
23644 2240
23645 2240
23646 2240
23647 2240
23648 2240
23649 2240
23650 2240
23651 2240
23652 2240
23653 2240
23654 2240
23655 2240
23656 2240
23657 2240
23658 2240
23659 2240
23660 2240
23661 2240
23662 2236
23663 2236
23664 2236
23665 2236
23666 2236
23667 2236
23668 2236
23669 2236
23670 2236
23671 2236
23672 2236
23673 2236
23674 2236
23675 2236
23676 2236
23677 2236
23678 2236
23679 2236
23680 2236
23681 2236
23682 2236
23683 2236
23684 2236
23685 2236
23686 2236
23687 2236
23688 2236
23689 2236
23690 2236
23691 2236
23692 2236
23693 2236
23694 2236
23695 2236
23696 2236
23697 2236
23698 2236
23699 2236
23700 2236
23701 2236
23702 2236
23703 2236
23704 2236
23705 2236
23706 2236
23707 2236
23708 2236
23709 2236
23710 2236
23711 2236
23712 2236
23713 2236
23714 2236
23715 2236
23716 2236
23717 2236
23718 2236
23719 2236
23720 2236
23721 2236
23722 2236
23723 2236
23724 2236
23725 2236
23726 2236
23727 2236
23728 2236
23729 2236
23730 2236
23731 2236
23732 2236
23733 2236
23734 2236
23735 2236
23736 2236
23737 2236
23738 2236
23739 2236
23740 2236
23741 2236
23742 2236
23743 2236
23744 2236
23745 2236
23746 2236
23747 2236
23748 2236
23749 2236
23750 2236
23751 2236
23752 2236
23753 2236
23754 2236
23755 2236
23756 2236
23757 2236
23758 2236
23759 2236
23760 2236
23761 2236
23762 2236
23763 2236
23764 2236
23765 2236
23766 2236
23767 2236
23768 2236
23769 2236
23770 2236
23771 2236
23772 2236
23773 2236
23774 2236
23775 2236
23776 2236
23777 2236
23778 2236
23779 2236
23780 2236
23781 2236
23782 2236
23783 2236
23784 2236
23785 2236
23786 2236
23787 2236
23788 2236
23789 2236
23790 2236
23791 2236
23792 2236
23793 2236
23794 2236
23795 2236
23796 2236
23797 2236
23798 2236
23799 2236
23800 2236
23801 2236
23802 2236
23803 2236
23804 2236
23805 2236
23806 2236
23807 2236
23808 2236
23809 2236
23810 2236
23811 2236
23812 2236
23813 2236
23814 2236
23815 2236
23816 2236
23817 2236
23818 2236
23819 2236
23820 2236
23821 2236
23822 2236
23823 2236
23824 2236
23825 2236
23826 2236
23827 2236
23828 2236
23829 2236
23830 2236
23831 2236
23832 2236
23833 2236
23834 2236
23835 2236
23836 2236
23837 2236
23838 2236
23839 2236
23840 2236
23841 2236
23842 2236
23843 2236
23844 2236
23845 2236
23846 2236
23847 2236
23848 2236
23849 2236
23850 2236
23851 2236
23852 2236
23853 2236
23854 2236
23855 2236
23856 2236
23857 2236
23858 2236
23859 2236
23860 2236
23861 2236
23862 2236
23863 2236
23864 2236
23865 2236
23866 2236
23867 2236
23868 2236
23869 2236
23870 2236
23871 2236
23872 2236
23873 2236
23874 2236
23875 2236
23876 2236
23877 2236
23878 2236
23879 2236
23880 2236
23881 2236
23882 2236
23883 2236
23884 2236
23885 2236
23886 2236
23887 2236
23888 2236
23889 2236
23890 2236
23891 2236
23892 2236
23893 2236
23894 2236
23895 2236
23896 2236
23897 2236
23898 2236
23899 2236
23900 2236
23901 2236
23902 2236
23903 2236
23904 2236
23905 2236
23906 2236
23907 2236
23908 2236
23909 2236
23910 2236
23911 2236
23912 2236
23913 2236
23914 2236
23915 2236
23916 2236
23917 2236
23918 2236
23919 2236
23920 2236
23921 2236
23922 2236
23923 2236
23924 2236
23925 2236
23926 2236
23927 2236
23928 2236
23929 2236
23930 2236
23931 2236
23932 2236
23933 2236
23934 2236
23935 2236
23936 2227
23937 2227
23938 2227
23939 2227
23940 2227
23941 2227
23942 2227
23943 2227
23944 2227
23945 2227
23946 2227
23947 2227
23948 2227
23949 2227
23950 2227
23951 2227
23952 2227
23953 2227
23954 2227
23955 2227
23956 2227
23957 2227
23958 2227
23959 2227
23960 2227
23961 2227
23962 2227
23963 2227
23964 2227
23965 2227
23966 2227
23967 2227
23968 2227
23969 2227
23970 2227
23971 2227
23972 2227
23973 2227
23974 2227
23975 2227
23976 2227
23977 2227
23978 2227
23979 2227
23980 2227
23981 2227
23982 2227
23983 2227
23984 2227
23985 2227
23986 2227
23987 2227
23988 2227
23989 2227
23990 2227
23991 2227
23992 2227
23993 2227
23994 2227
23995 2227
23996 2227
23997 2227
23998 2227
23999 2227
24000 2227
24001 2227
24002 2227
24003 2227
24004 2227
24005 2227
24006 2227
24007 2227
24008 2227
24009 2227
24010 2227
24011 2227
24012 2227
24013 2227
24014 2227
24015 2227
24016 2227
24017 2227
24018 2227
24019 2227
24020 2227
24021 2227
24022 2227
24023 2227
24024 2227
24025 2227
24026 2227
24027 2227
24028 2227
24029 2227
24030 2227
24031 2227
24032 2227
24033 2227
24034 2227
24035 2227
24036 2227
24037 2227
24038 2227
24039 2227
24040 2227
24041 2227
24042 2227
24043 2227
24044 2227
24045 2227
24046 2227
24047 2227
24048 2227
24049 2227
24050 2227
24051 2227
24052 2227
24053 2227
24054 2227
24055 2227
24056 2227
24057 2227
24058 2227
24059 2227
24060 2227
24061 2227
24062 2227
24063 2227
24064 2227
24065 2227
24066 2227
24067 2227
24068 2227
24069 2227
24070 2227
24071 2227
24072 2227
24073 2227
24074 2227
24075 2227
24076 2227
24077 2227
24078 2227
24079 2227
24080 2227
24081 2227
24082 2227
24083 2227
24084 2227
24085 2227
24086 2227
24087 2227
24088 2227
24089 2227
24090 2227
24091 2227
24092 2227
24093 2227
24094 2227
24095 2227
24096 2227
24097 2227
24098 2227
24099 2227
24100 2227
24101 2227
24102 2227
24103 2227
24104 2222
24105 2222
24106 2222
24107 2222
24108 2222
24109 2222
24110 2222
24111 2222
24112 2222
24113 2222
24114 2222
24115 2222
24116 2222
24117 2222
24118 2222
24119 2222
24120 2222
24121 2222
24122 2222
24123 2222
24124 2222
24125 2222
24126 2222
24127 2222
24128 2222
24129 2222
24130 2222
24131 2222
24132 2222
24133 2222
24134 2212
24135 2212
24136 2212
24137 2212
24138 2212
24139 2212
24140 2212
24141 2212
24142 2212
24143 2212
24144 2212
24145 2212
24146 2212
24147 2212
24148 2212
24149 2212
24150 2212
24151 2212
24152 2212
24153 2212
24154 2212
24155 2212
24156 2212
24157 2212
24158 2212
24159 2212
24160 2212
24161 2212
24162 2212
24163 2212
24164 2212
24165 2212
24166 2212
24167 2212
24168 2212
24169 2212
24170 2212
24171 2212
24172 2212
24173 2212
24174 2212
24175 2212
24176 2212
24177 2212
24178 2212
24179 2212
24180 2212
24181 2212
24182 2212
24183 2212
24184 2212
24185 2212
24186 2212
24187 2212
24188 2212
24189 2212
24190 2212
24191 2212
24192 2212
24193 2212
24194 2212
24195 2212
24196 2212
24197 2212
24198 2212
24199 2212
24200 2212
24201 2212
24202 2212
24203 2212
24204 2212
24205 2212
24206 2212
24207 2212
24208 2212
24209 2212
24210 2212
24211 2212
24212 2212
24213 2212
24214 2212
24215 2212
24216 2212
24217 2212
24218 2212
24219 2212
24220 2212
24221 2212
24222 2212
24223 2212
24224 2212
24225 2212
24226 2212
24227 2212
24228 2212
24229 2212
24230 2212
24231 2212
24232 2212
24233 2212
24234 2212
24235 2212
24236 2212
24237 2212
24238 2212
24239 2212
24240 2212
24241 2212
24242 2212
24243 2212
24244 2212
24245 2212
24246 2212
24247 2212
24248 2212
24249 2212
24250 2212
24251 2212
24252 2212
24253 2212
24254 2212
24255 2212
24256 2212
24257 2212
24258 2212
24259 2212
24260 2212
24261 2212
24262 2212
24263 2212
24264 2212
24265 2212
24266 2212
24267 2212
24268 2212
24269 2212
24270 2212
24271 2212
24272 2212
24273 2212
24274 2212
24275 2212
24276 2212
24277 2212
24278 2212
24279 2212
24280 2212
24281 2212
24282 2212
24283 2212
24284 2212
24285 2212
24286 2212
24287 2212
24288 2212
24289 2212
24290 2212
24291 2212
24292 2212
24293 2212
24294 2212
24295 2212
24296 2212
24297 2212
24298 2212
24299 2212
24300 2212
24301 2212
24302 2212
24303 2212
24304 2212
24305 2212
24306 2212
24307 2212
24308 2212
24309 2212
24310 2212
24311 2212
24312 2212
24313 2212
24314 2212
24315 2212
24316 2212
24317 2212
24318 2212
24319 2212
24320 2212
24321 2212
24322 2212
24323 2212
24324 2212
24325 2212
24326 2212
24327 2212
24328 2212
24329 2212
24330 2212
24331 2212
24332 2212
24333 2212
24334 2212
24335 2212
24336 2212
24337 2212
24338 2212
24339 2212
24340 2212
24341 2212
24342 2212
24343 2212
24344 2212
24345 2212
24346 2212
24347 2212
24348 2212
24349 2212
24350 2212
24351 2212
24352 2212
24353 2212
24354 2212
24355 2212
24356 2212
24357 2212
24358 2212
24359 2212
24360 2212
24361 2212
24362 2212
24363 2212
24364 2212
24365 2212
24366 2212
24367 2212
24368 2212
24369 2212
24370 2212
24371 2212
24372 2212
24373 2212
24374 2212
24375 2212
24376 2212
24377 2212
24378 2212
24379 2212
24380 2212
24381 2212
24382 2212
24383 2212
24384 2212
24385 2212
24386 2212
24387 2212
24388 2212
24389 2212
24390 2212
24391 2212
24392 2212
24393 2212
24394 2212
24395 2212
24396 2212
24397 2212
24398 2212
24399 2212
24400 2212
24401 2212
24402 2212
24403 2212
24404 2212
24405 2212
24406 2212
24407 2212
24408 2212
24409 2212
24410 2212
24411 2212
24412 2212
24413 2212
24414 2212
24415 2212
24416 2212
24417 2212
24418 2212
24419 2212
24420 2212
24421 2212
24422 2212
24423 2212
24424 2212
24425 2212
24426 2212
24427 2212
24428 2212
24429 2212
24430 2212
24431 2212
24432 2212
24433 2212
24434 2212
24435 2212
24436 2212
24437 2212
24438 2212
24439 2212
24440 2212
24441 2212
24442 2212
24443 2212
24444 2212
24445 2212
24446 2212
24447 2212
24448 2212
24449 2212
24450 2212
24451 2212
24452 2212
24453 2212
24454 2212
24455 2212
24456 2212
24457 2212
24458 2212
24459 2212
24460 2212
24461 2212
24462 2212
24463 2212
24464 2212
24465 2212
24466 2212
24467 2212
24468 2212
24469 2212
24470 2211
24471 2211
24472 2211
24473 2211
24474 2211
24475 2211
24476 2211
24477 2211
24478 2211
24479 2211
24480 2211
24481 2211
24482 2211
24483 2211
24484 2211
24485 2211
24486 2211
24487 2211
24488 2211
24489 2211
24490 2211
24491 2211
24492 2211
24493 2211
24494 2211
24495 2211
24496 2211
24497 2211
24498 2211
24499 2211
24500 2211
24501 2211
24502 2211
24503 2211
24504 2211
24505 2211
24506 2211
24507 2211
24508 2211
24509 2211
24510 2211
24511 2211
24512 2211
24513 2211
24514 2211
24515 2211
24516 2211
24517 2211
24518 2211
24519 2211
24520 2211
24521 2211
24522 2211
24523 2211
24524 2211
24525 2211
24526 2211
24527 2211
24528 2211
24529 2211
24530 2211
24531 2211
24532 2211
24533 2211
24534 2211
24535 2211
24536 2211
24537 2211
24538 2211
24539 2211
24540 2211
24541 2211
24542 2211
24543 2211
24544 2211
24545 2211
24546 2211
24547 2211
24548 2211
24549 2211
24550 2211
24551 2211
24552 2211
24553 2211
24554 2211
24555 2211
24556 2211
24557 2211
24558 2211
24559 2211
24560 2211
24561 2211
24562 2211
24563 2211
24564 2211
24565 2211
24566 2211
24567 2211
24568 2211
24569 2211
24570 2211
24571 2211
24572 2211
24573 2211
24574 2211
24575 2211
24576 2211
24577 2211
24578 2211
24579 2211
24580 2211
24581 2211
24582 2211
24583 2211
24584 2211
24585 2211
24586 2211
24587 2211
24588 2211
24589 2211
24590 2211
24591 2211
24592 2211
24593 2211
24594 2211
24595 2211
24596 2211
24597 2211
24598 2211
24599 2211
24600 2211
24601 2211
24602 2211
24603 2211
24604 2211
24605 2211
24606 2211
24607 2211
24608 2211
24609 2211
24610 2211
24611 2211
24612 2211
24613 2211
24614 2211
24615 2211
24616 2211
24617 2211
24618 2211
24619 2211
24620 2211
24621 2211
24622 2211
24623 2211
24624 2211
24625 2211
24626 2211
24627 2211
24628 2211
24629 2211
24630 2211
24631 2211
24632 2211
24633 2211
24634 2211
24635 2211
24636 2211
24637 2211
24638 2211
24639 2211
24640 2211
24641 2211
24642 2211
24643 2211
24644 2211
24645 2211
24646 2211
24647 2211
24648 2211
24649 2211
24650 2211
24651 2211
24652 2211
24653 2211
24654 2211
24655 2211
24656 2211
24657 2211
24658 2211
24659 2211
24660 2211
24661 2211
24662 2211
24663 2211
24664 2211
24665 2211
24666 2211
24667 2211
24668 2211
24669 2211
24670 2211
24671 2211
24672 2211
24673 2211
24674 2211
24675 2211
24676 2211
24677 2211
24678 2211
24679 2211
24680 2211
24681 2211
24682 2211
24683 2211
24684 2211
24685 2211
24686 2211
24687 2211
24688 2211
24689 2211
24690 2211
24691 2211
24692 2211
24693 2211
24694 2211
24695 2211
24696 2211
24697 2211
24698 2211
24699 2211
24700 2211
24701 2211
24702 2211
24703 2211
24704 2211
24705 2211
24706 2211
24707 2211
24708 2211
24709 2211
24710 2211
24711 2211
24712 2211
24713 2211
24714 2211
24715 2211
24716 2211
24717 2211
24718 2211
24719 2211
24720 2211
24721 2211
24722 2211
24723 2211
24724 2211
24725 2211
24726 2211
24727 2211
24728 2211
24729 2211
24730 2211
24731 2211
24732 2211
24733 2211
24734 2211
24735 2211
24736 2211
24737 2211
24738 2211
24739 2211
24740 2211
24741 2211
24742 2211
24743 2211
24744 2211
24745 2211
24746 2211
24747 2211
24748 2211
24749 2211
24750 2211
24751 2211
24752 2211
24753 2211
24754 2211
24755 2211
24756 2211
24757 2211
24758 2211
24759 2211
24760 2211
24761 2211
24762 2211
24763 2211
24764 2211
24765 2211
24766 2211
24767 2211
24768 2211
24769 2211
24770 2211
24771 2211
24772 2211
24773 2211
24774 2211
24775 2211
24776 2211
24777 2211
24778 2211
24779 2211
24780 2211
24781 2211
24782 2211
24783 2211
24784 2211
24785 2211
24786 2211
24787 2211
24788 2211
24789 2211
24790 2211
24791 2211
24792 2211
24793 2211
24794 2211
24795 2211
24796 2211
24797 2211
24798 2211
24799 2211
24800 2211
24801 2211
24802 2211
24803 2211
24804 2211
24805 2211
24806 2211
24807 2211
24808 2211
24809 2211
24810 2211
24811 2211
24812 2211
24813 2211
24814 2211
24815 2211
24816 2211
24817 2211
24818 2211
24819 2211
24820 2211
24821 2211
24822 2211
24823 2211
24824 2211
24825 2211
24826 2211
24827 2211
24828 2211
24829 2211
24830 2211
24831 2211
24832 2211
24833 2211
24834 2211
24835 2211
24836 2211
24837 2211
24838 2211
24839 2211
24840 2211
24841 2211
24842 2211
24843 2211
24844 2211
24845 2211
24846 2211
24847 2211
24848 2211
24849 2211
24850 2211
24851 2211
24852 2211
24853 2211
24854 2211
24855 2211
24856 2211
24857 2211
24858 2211
24859 2211
24860 2211
24861 2211
24862 2211
24863 2211
24864 2211
24865 2211
24866 2211
24867 2211
24868 2211
24869 2211
24870 2211
24871 2211
24872 2211
24873 2211
24874 2211
24875 2211
24876 2211
24877 2211
24878 2211
24879 2211
24880 2211
24881 2211
24882 2211
24883 2211
24884 2211
24885 2211
24886 2211
24887 2211
24888 2211
24889 2211
24890 2211
24891 2211
24892 2211
24893 2211
24894 2211
24895 2211
24896 2211
24897 2211
24898 2211
24899 2211
24900 2211
24901 2211
24902 2211
24903 2211
24904 2211
24905 2211
24906 2211
24907 2211
24908 2211
24909 2211
24910 2211
24911 2211
24912 2211
24913 2211
24914 2211
24915 2211
24916 2211
24917 2211
24918 2211
24919 2211
24920 2211
24921 2211
24922 2211
24923 2211
24924 2211
24925 2211
24926 2211
24927 2211
24928 2211
24929 2211
24930 2211
24931 2211
24932 2211
24933 2211
24934 2211
24935 2211
24936 2211
24937 2211
24938 2211
24939 2211
24940 2211
24941 2211
24942 2211
24943 2211
24944 2211
24945 2211
24946 2211
24947 2211
24948 2211
24949 2211
24950 2211
24951 2211
24952 2211
24953 2211
24954 2211
24955 2211
24956 2211
24957 2211
24958 2211
24959 2211
24960 2211
24961 2211
24962 2211
24963 2211
24964 2211
24965 2211
24966 2211
24967 2211
24968 2211
24969 2211
24970 2211
24971 2211
24972 2211
24973 2211
24974 2211
24975 2211
24976 2211
24977 2211
24978 2211
24979 2211
24980 2211
24981 2211
24982 2211
24983 2211
24984 2211
24985 2211
24986 2211
24987 2211
24988 2211
24989 2211
24990 2211
24991 2211
24992 2211
24993 2211
24994 2211
24995 2211
24996 2211
24997 2211
24998 2211
24999 2211
25000 2211
25001 2211
25002 2211
25003 2211
25004 2211
25005 2211
25006 2211
25007 2211
25008 2211
25009 2211
25010 2211
25011 2211
25012 2211
25013 2211
25014 2211
25015 2211
25016 2211
25017 2211
25018 2211
25019 2211
25020 2211
25021 2211
25022 2211
25023 2211
25024 2211
25025 2211
25026 2211
25027 2211
25028 2211
25029 2211
25030 2211
25031 2211
25032 2211
25033 2211
25034 2211
25035 2211
25036 2211
25037 2211
25038 2211
25039 2211
25040 2211
25041 2211
25042 2211
25043 2211
25044 2211
25045 2211
25046 2211
25047 2211
25048 2211
25049 2211
25050 2211
25051 2211
25052 2211
25053 2211
25054 2211
25055 2211
25056 2211
25057 2211
25058 2211
25059 2211
25060 2211
25061 2211
25062 2211
25063 2211
25064 2211
25065 2211
25066 2211
25067 2211
25068 2211
25069 2211
25070 2211
25071 2211
25072 2211
25073 2211
25074 2211
25075 2211
25076 2211
25077 2211
25078 2211
25079 2211
25080 2211
25081 2211
25082 2211
25083 2211
25084 2211
25085 2211
25086 2211
25087 2211
25088 2211
25089 2211
25090 2211
25091 2211
25092 2211
25093 2211
25094 2211
25095 2211
25096 2211
25097 2211
25098 2211
25099 2211
25100 2211
25101 2211
25102 2211
25103 2211
25104 2211
25105 2211
25106 2211
25107 2211
25108 2211
25109 2211
25110 2211
25111 2211
25112 2211
25113 2211
25114 2211
25115 2211
25116 2211
25117 2211
25118 2211
25119 2211
25120 2211
25121 2211
25122 2211
25123 2211
25124 2211
25125 2211
25126 2211
25127 2211
25128 2211
25129 2211
25130 2211
25131 2211
25132 2211
25133 2211
25134 2211
25135 2211
25136 2211
25137 2211
25138 2211
25139 2211
25140 2211
25141 2211
25142 2211
25143 2211
25144 2211
25145 2211
25146 2211
25147 2211
25148 2211
25149 2211
25150 2211
25151 2211
25152 2211
25153 2211
25154 2211
25155 2211
25156 2211
25157 2211
25158 2211
25159 2211
25160 2211
25161 2211
25162 2211
25163 2211
25164 2211
25165 2211
25166 2211
25167 2211
25168 2211
25169 2211
25170 2211
25171 2211
25172 2211
25173 2211
25174 2211
25175 2211
25176 2211
25177 2211
25178 2211
25179 2211
25180 2211
25181 2211
25182 2211
25183 2211
25184 2211
25185 2211
25186 2211
25187 2211
25188 2211
25189 2211
25190 2211
25191 2211
25192 2211
25193 2211
25194 2211
25195 2211
25196 2211
25197 2211
25198 2211
25199 2211
25200 2211
25201 2211
25202 2211
25203 2211
25204 2211
25205 2211
25206 2211
25207 2211
25208 2211
25209 2211
25210 2211
25211 2211
25212 2211
25213 2211
25214 2211
25215 2211
25216 2211
25217 2211
25218 2211
25219 2211
25220 2211
25221 2211
25222 2211
25223 2211
25224 2211
25225 2211
25226 2211
25227 2211
25228 2211
25229 2211
25230 2211
25231 2211
25232 2211
25233 2211
25234 2211
25235 2211
25236 2211
25237 2211
25238 2211
25239 2211
25240 2211
25241 2211
25242 2211
25243 2211
25244 2211
25245 2211
25246 2211
25247 2211
25248 2211
25249 2211
25250 2211
25251 2211
25252 2211
25253 2211
25254 2211
25255 2211
25256 2211
25257 2211
25258 2211
25259 2211
25260 2211
25261 2211
25262 2211
25263 2211
25264 2211
25265 2211
25266 2211
25267 2211
25268 2211
25269 2211
25270 2211
25271 2211
25272 2211
25273 2211
25274 2211
25275 2211
25276 2211
25277 2211
25278 2211
25279 2211
25280 2211
25281 2211
25282 2211
25283 2211
25284 2211
25285 2211
25286 2211
25287 2211
25288 2211
25289 2211
25290 2211
25291 2211
25292 2211
25293 2211
25294 2211
25295 2211
25296 2211
25297 2211
25298 2211
25299 2211
25300 2211
25301 2211
25302 2211
25303 2211
25304 2211
25305 2211
25306 2211
25307 2211
25308 2211
25309 2211
25310 2211
25311 2211
25312 2211
25313 2211
25314 2211
25315 2211
25316 2211
25317 2211
25318 2211
25319 2211
25320 2211
25321 2211
25322 2211
25323 2211
25324 2211
25325 2211
25326 2211
25327 2211
25328 2211
25329 2211
25330 2211
25331 2211
25332 2211
25333 2211
25334 2211
25335 2211
25336 2211
25337 2211
25338 2211
25339 2211
25340 2211
25341 2211
25342 2211
25343 2211
25344 2211
25345 2211
25346 2211
25347 2211
25348 2211
25349 2211
25350 2211
25351 2211
25352 2211
25353 2211
25354 2211
25355 2211
25356 2211
25357 2211
25358 2211
25359 2211
25360 2211
25361 2211
25362 2211
25363 2211
25364 2211
25365 2211
25366 2211
25367 2211
25368 2211
25369 2211
25370 2211
25371 2211
25372 2211
25373 2211
25374 2211
25375 2211
25376 2211
25377 2211
25378 2211
25379 2211
25380 2211
25381 2211
25382 2211
25383 2211
25384 2211
25385 2211
25386 2211
25387 2211
25388 2211
25389 2211
25390 2211
25391 2211
25392 2211
25393 2211
25394 2211
25395 2211
25396 2211
25397 2211
25398 2211
25399 2211
25400 2211
25401 2211
25402 2211
25403 2211
25404 2211
25405 2211
25406 2211
25407 2211
25408 2211
25409 2211
25410 2211
25411 2211
25412 2211
25413 2211
25414 2211
25415 2211
25416 2211
25417 2211
25418 2211
25419 2211
25420 2211
25421 2211
25422 2211
25423 2211
25424 2211
25425 2211
25426 2211
25427 2211
25428 2211
25429 2211
25430 2211
25431 2211
25432 2211
25433 2211
25434 2211
25435 2211
25436 2211
25437 2211
25438 2211
25439 2211
25440 2211
25441 2211
25442 2211
25443 2211
25444 2211
25445 2211
25446 2211
25447 2211
25448 2211
25449 2211
25450 2211
25451 2211
25452 2211
25453 2211
25454 2211
25455 2211
25456 2211
25457 2211
25458 2211
25459 2211
25460 2211
25461 2211
25462 2211
25463 2211
25464 2211
25465 2211
25466 2211
25467 2211
25468 2211
25469 2211
25470 2211
25471 2211
25472 2211
25473 2211
25474 2211
25475 2211
25476 2211
25477 2211
25478 2211
25479 2211
25480 2211
25481 2211
25482 2211
25483 2211
25484 2211
25485 2211
25486 2211
25487 2211
25488 2211
25489 2211
25490 2211
25491 2211
25492 2211
25493 2211
25494 2211
25495 2211
25496 2211
25497 2211
25498 2211
25499 2211
25500 2211
25501 2211
25502 2211
25503 2211
25504 2211
25505 2211
25506 2211
25507 2211
25508 2211
25509 2211
25510 2211
25511 2211
25512 2211
25513 2211
25514 2211
25515 2211
25516 2211
25517 2211
25518 2211
25519 2211
25520 2211
25521 2211
25522 2211
25523 2211
25524 2211
25525 2211
25526 2211
25527 2211
25528 2211
25529 2211
25530 2211
25531 2211
25532 2211
25533 2211
25534 2211
25535 2211
25536 2211
25537 2211
25538 2211
25539 2211
25540 2211
25541 2211
25542 2211
25543 2211
25544 2211
25545 2211
25546 2211
25547 2211
25548 2211
25549 2211
25550 2211
25551 2211
25552 2211
25553 2211
25554 2211
25555 2211
25556 2211
25557 2211
25558 2211
25559 2211
25560 2211
25561 2211
25562 2211
25563 2211
25564 2211
25565 2211
25566 2211
25567 2211
25568 2211
25569 2211
25570 2211
25571 2211
25572 2211
25573 2211
25574 2211
25575 2211
25576 2211
25577 2211
25578 2211
25579 2211
25580 2211
25581 2211
25582 2211
25583 2211
25584 2211
25585 2211
25586 2211
25587 2211
25588 2211
25589 2211
25590 2211
25591 2211
25592 2211
25593 2211
25594 2211
25595 2211
25596 2211
25597 2211
25598 2211
25599 2211
25600 2211
25601 2211
25602 2211
25603 2211
25604 2211
25605 2211
25606 2211
25607 2211
25608 2211
25609 2211
25610 2211
25611 2211
25612 2211
25613 2211
25614 2211
25615 2211
25616 2211
25617 2211
25618 2211
25619 2211
25620 2211
25621 2211
25622 2211
25623 2211
25624 2211
25625 2211
25626 2211
25627 2211
25628 2211
25629 2211
25630 2211
25631 2211
25632 2211
25633 2211
25634 2211
25635 2211
25636 2211
25637 2211
25638 2211
25639 2211
25640 2211
25641 2211
25642 2211
25643 2211
25644 2211
25645 2211
25646 2211
25647 2211
25648 2211
25649 2211
25650 2211
25651 2211
25652 2211
25653 2211
25654 2211
25655 2211
25656 2211
25657 2211
25658 2211
25659 2211
25660 2211
25661 2211
25662 2211
25663 2211
25664 2211
25665 2211
25666 2211
25667 2211
25668 2211
25669 2211
25670 2211
25671 2211
25672 2211
25673 2211
25674 2211
25675 2211
25676 2211
25677 2211
25678 2211
25679 2211
25680 2211
25681 2211
25682 2211
25683 2211
25684 2211
25685 2211
25686 2211
25687 2211
25688 2211
25689 2211
25690 2211
25691 2211
25692 2211
25693 2211
25694 2211
25695 2211
25696 2211
25697 2211
25698 2211
25699 2211
25700 2211
25701 2211
25702 2211
25703 2211
25704 2211
25705 2211
25706 2211
25707 2211
25708 2211
25709 2211
25710 2211
25711 2211
25712 2211
25713 2211
25714 2211
25715 2211
25716 2211
25717 2211
25718 2211
25719 2211
25720 2211
25721 2211
25722 2211
25723 2211
25724 2211
25725 2211
25726 2211
25727 2211
25728 2211
25729 2211
25730 2211
25731 2211
25732 2211
25733 2211
25734 2211
25735 2211
25736 2211
25737 2211
25738 2211
25739 2211
25740 2211
25741 2211
25742 2211
25743 2211
25744 2211
25745 2211
25746 2211
25747 2211
25748 2211
25749 2211
25750 2211
25751 2211
25752 2211
25753 2211
25754 2211
25755 2211
25756 2211
25757 2211
25758 2211
25759 2211
25760 2211
25761 2211
25762 2211
25763 2211
25764 2211
25765 2211
25766 2211
25767 2211
25768 2211
25769 2211
25770 2211
25771 2211
25772 2211
25773 2211
25774 2211
25775 2211
25776 2211
25777 2211
25778 2211
25779 2211
25780 2211
25781 2211
25782 2211
25783 2207
25784 2207
25785 2207
25786 2207
25787 2207
25788 2207
25789 2207
25790 2207
25791 2207
25792 2207
25793 2207
25794 2207
25795 2207
25796 2207
25797 2207
25798 2207
25799 2207
25800 2207
25801 2207
25802 2207
25803 2207
25804 2207
25805 2207
25806 2207
25807 2207
25808 2207
25809 2207
25810 2207
25811 2207
25812 2207
25813 2207
25814 2207
25815 2207
25816 2207
25817 2207
25818 2207
25819 2207
25820 2207
25821 2207
25822 2207
25823 2207
25824 2207
25825 2207
25826 2207
25827 2207
25828 2207
25829 2207
25830 2207
25831 2207
25832 2207
25833 2207
25834 2207
25835 2207
25836 2207
25837 2207
25838 2207
25839 2207
25840 2207
25841 2207
25842 2207
25843 2207
25844 2207
25845 2207
25846 2207
25847 2207
25848 2207
25849 2207
25850 2207
25851 2207
25852 2207
25853 2207
25854 2207
25855 2207
25856 2207
25857 2207
25858 2207
25859 2207
25860 2207
25861 2207
25862 2207
25863 2207
25864 2207
25865 2207
25866 2207
25867 2207
25868 2207
25869 2207
25870 2207
25871 2207
25872 2207
25873 2207
25874 2207
25875 2207
25876 2207
25877 2207
25878 2207
25879 2207
25880 2207
25881 2207
25882 2207
25883 2207
25884 2207
25885 2207
25886 2207
25887 2207
25888 2207
25889 2207
25890 2207
25891 2207
25892 2207
25893 2207
25894 2207
25895 2207
25896 2207
25897 2207
25898 2207
25899 2207
25900 2207
25901 2207
25902 2207
25903 2207
25904 2207
25905 2207
25906 2207
25907 2207
25908 2207
25909 2207
25910 2207
25911 2207
25912 2207
25913 2207
25914 2207
25915 2207
25916 2207
25917 2207
25918 2207
25919 2207
25920 2207
25921 2207
25922 2207
25923 2207
25924 2207
25925 2207
25926 2207
25927 2207
25928 2207
25929 2207
25930 2207
25931 2207
25932 2207
25933 2207
25934 2207
25935 2207
25936 2207
25937 2207
25938 2207
25939 2207
25940 2207
25941 2207
25942 2207
25943 2207
25944 2207
25945 2207
25946 2207
25947 2207
25948 2207
25949 2207
25950 2207
25951 2207
25952 2207
25953 2207
25954 2207
25955 2207
25956 2207
25957 2207
25958 2207
25959 2207
25960 2207
25961 2207
25962 2207
25963 2207
25964 2207
25965 2207
25966 2207
25967 2207
25968 2207
25969 2207
25970 2207
25971 2207
25972 2207
25973 2207
25974 2207
25975 2207
25976 2207
25977 2207
25978 2207
25979 2207
25980 2207
25981 2207
25982 2207
25983 2207
25984 2207
25985 2207
25986 2207
25987 2207
25988 2207
25989 2207
25990 2207
25991 2207
25992 2207
25993 2207
25994 2207
25995 2207
25996 2207
25997 2207
25998 2207
25999 2207
26000 2207
26001 2207
26002 2207
26003 2207
26004 2207
26005 2207
26006 2207
26007 2207
26008 2207
26009 2207
26010 2207
26011 2207
26012 2207
26013 2207
26014 2207
26015 2207
26016 2207
26017 2207
26018 2207
26019 2207
26020 2207
26021 2207
26022 2207
26023 2207
26024 2207
26025 2207
26026 2207
26027 2207
26028 2207
26029 2207
26030 2207
26031 2207
26032 2207
26033 2207
26034 2207
26035 2207
26036 2207
26037 2207
26038 2207
26039 2207
26040 2207
26041 2207
26042 2207
26043 2207
26044 2207
26045 2207
26046 2207
26047 2207
26048 2207
26049 2207
26050 2207
26051 2207
26052 2207
26053 2207
26054 2191
26055 2191
26056 2191
26057 2191
26058 2191
26059 2191
26060 2191
26061 2191
26062 2191
26063 2191
26064 2191
26065 2191
26066 2191
26067 2191
26068 2191
26069 2191
26070 2191
26071 2191
26072 2191
26073 2191
26074 2191
26075 2191
26076 2191
26077 2191
26078 2191
26079 2191
26080 2191
26081 2191
26082 2191
26083 2191
26084 2191
26085 2191
26086 2191
26087 2191
26088 2191
26089 2191
26090 2191
26091 2191
26092 2191
26093 2191
26094 2191
26095 2191
26096 2191
26097 2191
26098 2191
26099 2191
26100 2191
26101 2191
26102 2191
26103 2191
26104 2191
26105 2191
26106 2191
26107 2191
26108 2191
26109 2191
26110 2191
26111 2191
26112 2191
26113 2191
26114 2191
26115 2191
26116 2191
26117 2191
26118 2191
26119 2191
26120 2191
26121 2191
26122 2191
26123 2191
26124 2191
26125 2191
26126 2191
26127 2191
26128 2191
26129 2191
26130 2191
26131 2191
26132 2191
26133 2191
26134 2191
26135 2191
26136 2191
26137 2191
26138 2191
26139 2191
26140 2191
26141 2191
26142 2191
26143 2191
26144 2191
26145 2191
26146 2191
26147 2191
26148 2191
26149 2191
26150 2191
26151 2191
26152 2191
26153 2191
26154 2191
26155 2191
26156 2191
26157 2191
26158 2191
26159 2191
26160 2191
26161 2191
26162 2191
26163 2191
26164 2191
26165 2191
26166 2191
26167 2191
26168 2191
26169 2191
26170 2191
26171 2191
26172 2191
26173 2191
26174 2191
26175 2191
26176 2191
26177 2191
26178 2191
26179 2191
26180 2191
26181 2191
26182 2191
26183 2191
26184 2191
26185 2191
26186 2191
26187 2191
26188 2191
26189 2191
26190 2191
26191 2191
26192 2191
26193 2191
26194 2191
26195 2191
26196 2191
26197 2191
26198 2191
26199 2191
26200 2191
26201 2191
26202 2191
26203 2191
26204 2191
26205 2191
26206 2191
26207 2191
26208 2191
26209 2191
26210 2191
26211 2191
26212 2191
26213 2191
26214 2191
26215 2191
26216 2191
26217 2191
26218 2191
26219 2191
26220 2191
26221 2191
26222 2191
26223 2191
26224 2191
26225 2191
26226 2191
26227 2191
26228 2191
26229 2191
26230 2191
26231 2191
26232 2191
26233 2191
26234 2191
26235 2191
26236 2191
26237 2191
26238 2191
26239 2191
26240 2191
26241 2191
26242 2191
26243 2191
26244 2191
26245 2191
26246 2191
26247 2191
26248 2191
26249 2191
26250 2191
26251 2191
26252 2191
26253 2191
26254 2191
26255 2191
26256 2191
26257 2191
26258 2191
26259 2191
26260 2191
26261 2191
26262 2191
26263 2191
26264 2191
26265 2191
26266 2191
26267 2191
26268 2191
26269 2191
26270 2191
26271 2191
26272 2191
26273 2191
26274 2191
26275 2191
26276 2191
26277 2191
26278 2191
26279 2191
26280 2191
26281 2191
26282 2191
26283 2191
26284 2191
26285 2191
26286 2191
26287 2191
26288 2191
26289 2191
26290 2191
26291 2191
26292 2191
26293 2191
26294 2191
26295 2191
26296 2191
26297 2191
26298 2191
26299 2191
26300 2191
26301 2191
26302 2191
26303 2191
26304 2191
26305 2191
26306 2191
26307 2191
26308 2191
26309 2191
26310 2191
26311 2191
26312 2191
26313 2191
26314 2191
26315 2191
26316 2191
26317 2191
26318 2191
26319 2191
26320 2191
26321 2191
26322 2191
26323 2191
26324 2191
26325 2191
26326 2191
26327 2191
26328 2191
26329 2191
26330 2191
26331 2191
26332 2191
26333 2191
26334 2191
26335 2191
26336 2191
26337 2191
26338 2191
26339 2191
26340 2191
26341 2191
26342 2191
26343 2191
26344 2191
26345 2191
26346 2191
26347 2191
26348 2191
26349 2191
26350 2191
26351 2191
26352 2191
26353 2191
26354 2191
26355 2191
26356 2191
26357 2191
26358 2191
26359 2191
26360 2191
26361 2191
26362 2191
26363 2191
26364 2191
26365 2191
26366 2191
26367 2191
26368 2191
26369 2191
26370 2191
26371 2191
26372 2191
26373 2191
26374 2191
26375 2191
26376 2191
26377 2191
26378 2191
26379 2191
26380 2191
26381 2191
26382 2191
26383 2191
26384 2191
26385 2191
26386 2191
26387 2191
26388 2191
26389 2191
26390 2191
26391 2191
26392 2191
26393 2191
26394 2191
26395 2191
26396 2191
26397 2191
26398 2191
26399 2191
26400 2191
26401 2191
26402 2191
26403 2191
26404 2191
26405 2191
26406 2191
26407 2191
26408 2191
26409 2191
26410 2191
26411 2191
26412 2191
26413 2191
26414 2191
26415 2191
26416 2191
26417 2191
26418 2191
26419 2191
26420 2191
26421 2191
26422 2191
26423 2191
26424 2191
26425 2191
26426 2191
26427 2191
26428 2191
26429 2191
26430 2191
26431 2191
26432 2191
26433 2191
26434 2191
26435 2191
26436 2191
26437 2191
26438 2191
26439 2191
26440 2191
26441 2191
26442 2191
26443 2191
26444 2191
26445 2191
26446 2191
26447 2191
26448 2191
26449 2191
26450 2191
26451 2191
26452 2191
26453 2191
26454 2191
26455 2191
26456 2191
26457 2191
26458 2191
26459 2191
26460 2191
26461 2191
26462 2191
26463 2191
26464 2191
26465 2191
26466 2191
26467 2191
26468 2191
26469 2191
26470 2191
26471 2191
26472 2191
26473 2191
26474 2191
26475 2191
26476 2191
26477 2191
26478 2191
26479 2191
26480 2191
26481 2191
26482 2191
26483 2191
26484 2191
26485 2191
26486 2191
26487 2191
26488 2191
26489 2191
26490 2191
26491 2191
26492 2191
26493 2191
26494 2191
26495 2191
26496 2191
26497 2191
26498 2191
26499 2191
26500 2191
26501 2191
26502 2191
26503 2191
26504 2191
26505 2191
26506 2191
26507 2191
26508 2191
26509 2191
26510 2191
26511 2191
26512 2191
26513 2191
26514 2191
26515 2191
26516 2191
26517 2191
26518 2191
26519 2191
26520 2191
26521 2191
26522 2191
26523 2191
26524 2191
26525 2191
26526 2191
26527 2191
26528 2191
26529 2191
26530 2191
26531 2191
26532 2191
26533 2191
26534 2191
26535 2191
26536 2191
26537 2191
26538 2191
26539 2191
26540 2191
26541 2191
26542 2191
26543 2191
26544 2191
26545 2191
26546 2191
26547 2191
26548 2191
26549 2191
26550 2191
26551 2191
26552 2191
26553 2191
26554 2191
26555 2191
26556 2191
26557 2191
26558 2191
26559 2191
26560 2191
26561 2191
26562 2191
26563 2191
26564 2191
26565 2191
26566 2191
26567 2191
26568 2191
26569 2191
26570 2191
26571 2191
26572 2191
26573 2191
26574 2191
26575 2191
26576 2191
26577 2191
26578 2191
26579 2191
26580 2191
26581 2191
26582 2191
26583 2191
26584 2191
26585 2191
26586 2191
26587 2191
26588 2191
26589 2191
26590 2191
26591 2191
26592 2191
26593 2191
26594 2191
26595 2191
26596 2191
26597 2191
26598 2191
26599 2191
26600 2191
26601 2191
26602 2191
26603 2191
26604 2191
26605 2191
26606 2191
26607 2191
26608 2191
26609 2191
26610 2191
26611 2191
26612 2191
26613 2191
26614 2191
26615 2191
26616 2191
26617 2191
26618 2191
26619 2191
26620 2191
26621 2191
26622 2191
26623 2191
26624 2191
26625 2191
26626 2191
26627 2191
26628 2191
26629 2191
26630 2191
26631 2191
26632 2191
26633 2191
26634 2191
26635 2191
26636 2191
26637 2191
26638 2191
26639 2191
26640 2191
26641 2191
26642 2191
26643 2191
26644 2191
26645 2191
26646 2191
26647 2191
26648 2191
26649 2191
26650 2191
26651 2191
26652 2191
26653 2191
26654 2191
26655 2191
26656 2191
26657 2191
26658 2191
26659 2191
26660 2191
26661 2191
26662 2191
26663 2191
26664 2191
26665 2191
26666 2191
26667 2191
26668 2191
26669 2191
26670 2191
26671 2191
26672 2191
26673 2191
26674 2191
26675 2191
26676 2191
26677 2191
26678 2191
26679 2191
26680 2191
26681 2191
26682 2191
26683 2191
26684 2191
26685 2191
26686 2191
26687 2191
26688 2191
26689 2191
26690 2191
26691 2191
26692 2191
26693 2191
26694 2191
26695 2191
26696 2191
26697 2191
26698 2191
26699 2191
26700 2191
26701 2191
26702 2191
26703 2191
26704 2191
26705 2191
26706 2191
26707 2191
26708 2191
26709 2191
26710 2191
26711 2191
26712 2191
26713 2191
26714 2191
26715 2191
26716 2191
26717 2191
26718 2191
26719 2191
26720 2191
26721 2191
26722 2191
26723 2191
26724 2191
26725 2191
26726 2191
26727 2191
26728 2191
26729 2191
26730 2191
26731 2191
26732 2191
26733 2191
26734 2191
26735 2191
26736 2191
26737 2191
26738 2191
26739 2191
26740 2191
26741 2191
26742 2191
26743 2191
26744 2191
26745 2191
26746 2191
26747 2191
26748 2191
26749 2191
26750 2191
26751 2191
26752 2191
26753 2191
26754 2191
26755 2191
26756 2191
26757 2191
26758 2191
26759 2191
26760 2191
26761 2191
26762 2191
26763 2191
26764 2191
26765 2191
26766 2191
26767 2191
26768 2191
26769 2191
26770 2191
26771 2191
26772 2191
26773 2191
26774 2191
26775 2191
26776 2191
26777 2191
26778 2191
26779 2191
26780 2191
26781 2191
26782 2191
26783 2191
26784 2191
26785 2191
26786 2191
26787 2191
26788 2191
26789 2191
26790 2191
26791 2191
26792 2191
26793 2191
26794 2191
26795 2191
26796 2191
26797 2191
26798 2191
26799 2191
26800 2191
26801 2191
26802 2191
26803 2191
26804 2191
26805 2191
26806 2191
26807 2191
26808 2191
26809 2191
26810 2191
26811 2191
26812 2191
26813 2191
26814 2191
26815 2191
26816 2191
26817 2191
26818 2191
26819 2191
26820 2191
26821 2191
26822 2191
26823 2191
26824 2191
26825 2191
26826 2191
26827 2191
26828 2191
26829 2191
26830 2191
26831 2191
26832 2191
26833 2191
26834 2191
26835 2191
26836 2191
26837 2191
26838 2191
26839 2191
26840 2191
26841 2191
26842 2191
26843 2191
26844 2191
26845 2191
26846 2191
26847 2191
26848 2191
26849 2191
26850 2191
26851 2191
26852 2191
26853 2191
26854 2191
26855 2191
26856 2191
26857 2191
26858 2191
26859 2191
26860 2191
26861 2191
26862 2191
26863 2191
26864 2191
26865 2191
26866 2191
26867 2191
26868 2191
26869 2191
26870 2191
26871 2191
26872 2191
26873 2191
26874 2191
26875 2191
26876 2191
26877 2191
26878 2191
26879 2191
26880 2191
26881 2191
26882 2191
26883 2191
26884 2191
26885 2191
26886 2191
26887 2191
26888 2191
26889 2191
26890 2191
26891 2191
26892 2187
26893 2187
26894 2187
26895 2187
26896 2187
26897 2187
26898 2187
26899 2187
26900 2187
26901 2187
26902 2187
26903 2187
26904 2187
26905 2187
26906 2187
26907 2187
26908 2187
26909 2187
26910 2187
26911 2187
26912 2187
26913 2187
26914 2187
26915 2187
26916 2187
26917 2187
26918 2187
26919 2187
26920 2187
26921 2187
26922 2187
26923 2187
26924 2187
26925 2187
26926 2187
26927 2187
26928 2187
26929 2187
26930 2187
26931 2187
26932 2187
26933 2187
26934 2187
26935 2187
26936 2187
26937 2187
26938 2187
26939 2187
26940 2187
26941 2187
26942 2187
26943 2187
26944 2187
26945 2187
26946 2187
26947 2187
26948 2187
26949 2187
26950 2187
26951 2187
26952 2187
26953 2187
26954 2187
26955 2187
26956 2187
26957 2187
26958 2187
26959 2187
26960 2187
26961 2187
26962 2187
26963 2187
26964 2187
26965 2187
26966 2187
26967 2187
26968 2187
26969 2187
26970 2187
26971 2187
26972 2187
26973 2187
26974 2187
26975 2187
26976 2187
26977 2187
26978 2187
26979 2187
26980 2187
26981 2187
26982 2187
26983 2187
26984 2187
26985 2187
26986 2187
26987 2187
26988 2187
26989 2187
26990 2187
26991 2187
26992 2187
26993 2187
26994 2187
26995 2187
26996 2187
26997 2187
26998 2187
26999 2187
27000 2187
27001 2187
27002 2187
27003 2187
27004 2187
27005 2187
27006 2187
27007 2187
27008 2187
27009 2187
27010 2187
27011 2187
27012 2187
27013 2187
27014 2187
27015 2187
27016 2187
27017 2187
27018 2187
27019 2187
27020 2187
27021 2187
27022 2187
27023 2187
27024 2187
27025 2187
27026 2187
27027 2187
27028 2187
27029 2187
27030 2187
27031 2187
27032 2187
27033 2187
27034 2187
27035 2187
27036 2187
27037 2187
27038 2187
27039 2187
27040 2187
27041 2187
27042 2187
27043 2187
27044 2187
27045 2187
27046 2187
27047 2187
27048 2187
27049 2187
27050 2187
27051 2187
27052 2187
27053 2187
27054 2187
27055 2187
27056 2187
27057 2187
27058 2187
27059 2187
27060 2187
27061 2187
27062 2187
27063 2187
27064 2187
27065 2187
27066 2187
27067 2187
27068 2187
27069 2187
27070 2187
27071 2187
27072 2187
27073 2187
27074 2187
27075 2175
27076 2175
27077 2175
27078 2175
27079 2175
27080 2175
27081 2175
27082 2175
27083 2175
27084 2175
27085 2175
27086 2175
27087 2175
27088 2175
27089 2175
27090 2175
27091 2175
27092 2175
27093 2175
27094 2175
27095 2175
27096 2175
27097 2175
27098 2175
27099 2175
27100 2175
27101 2175
27102 2175
27103 2175
27104 2175
27105 2175
27106 2175
27107 2175
27108 2175
27109 2175
27110 2175
27111 2175
27112 2175
27113 2175
27114 2175
27115 2175
27116 2175
27117 2175
27118 2175
27119 2175
27120 2175
27121 2175
27122 2175
27123 2175
27124 2175
27125 2175
27126 2175
27127 2175
27128 2175
27129 2175
27130 2175
27131 2175
27132 2175
27133 2175
27134 2175
27135 2175
27136 2175
27137 2175
27138 2175
27139 2175
27140 2175
27141 2175
27142 2175
27143 2175
27144 2175
27145 2175
27146 2175
27147 2175
27148 2175
27149 2175
27150 2175
27151 2175
27152 2175
27153 2175
27154 2175
27155 2175
27156 2175
27157 2175
27158 2175
27159 2175
27160 2175
27161 2175
27162 2175
27163 2175
27164 2175
27165 2175
27166 2175
27167 2173
27168 2173
27169 2173
27170 2173
27171 2173
27172 2173
27173 2173
27174 2173
27175 2173
27176 2173
27177 2173
27178 2173
27179 2173
27180 2173
27181 2173
27182 2173
27183 2173
27184 2173
27185 2173
27186 2173
27187 2173
27188 2173
27189 2173
27190 2173
27191 2173
27192 2173
27193 2173
27194 2173
27195 2173
27196 2169
27197 2169
27198 2169
27199 2169
27200 2169
27201 2169
27202 2169
27203 2169
27204 2169
27205 2169
27206 2169
27207 2169
27208 2169
27209 2169
27210 2169
27211 2169
27212 2169
27213 2169
27214 2169
27215 2169
27216 2169
27217 2169
27218 2169
27219 2169
27220 2169
27221 2169
27222 2169
27223 2169
27224 2169
27225 2169
27226 2169
27227 2169
27228 2169
27229 2169
27230 2169
27231 2169
27232 2169
27233 2169
27234 2169
27235 2169
27236 2169
27237 2169
27238 2169
27239 2169
27240 2169
27241 2169
27242 2169
27243 2169
27244 2169
27245 2169
27246 2169
27247 2169
27248 2169
27249 2169
27250 2169
27251 2169
27252 2169
27253 2169
27254 2169
27255 2169
27256 2169
27257 2169
27258 2169
27259 2169
27260 2169
27261 2169
27262 2169
27263 2169
27264 2169
27265 2169
27266 2169
27267 2169
27268 2169
27269 2169
27270 2169
27271 2169
27272 2169
27273 2169
27274 2169
27275 2169
27276 2169
27277 2169
27278 2169
27279 2169
27280 2169
27281 2169
27282 2169
27283 2169
27284 2169
27285 2169
27286 2169
27287 2169
27288 2169
27289 2169
27290 2169
27291 2169
27292 2169
27293 2169
27294 2169
27295 2169
27296 2169
27297 2169
27298 2169
27299 2169
27300 2169
27301 2169
27302 2169
27303 2169
27304 2169
27305 2169
27306 2169
27307 2169
27308 2169
27309 2169
27310 2169
27311 2169
27312 2169
27313 2169
27314 2169
27315 2169
27316 2169
27317 2169
27318 2169
27319 2169
27320 2169
27321 2169
27322 2169
27323 2169
27324 2169
27325 2169
27326 2169
27327 2169
27328 2169
27329 2169
27330 2169
27331 2169
27332 2169
27333 2169
27334 2169
27335 2169
27336 2169
27337 2169
27338 2169
27339 2169
27340 2169
27341 2169
27342 2169
27343 2169
27344 2169
27345 2169
27346 2169
27347 2169
27348 2169
27349 2169
27350 2169
27351 2169
27352 2169
27353 2169
27354 2169
27355 2169
27356 2169
27357 2169
27358 2169
27359 2169
27360 2169
27361 2169
27362 2169
27363 2169
27364 2169
27365 2169
27366 2169
27367 2169
27368 2169
27369 2169
27370 2169
27371 2169
27372 2169
27373 2169
27374 2169
27375 2169
27376 2169
27377 2169
27378 2169
27379 2169
27380 2169
27381 2169
27382 2169
27383 2169
27384 2169
27385 2169
27386 2169
27387 2169
27388 2169
27389 2169
27390 2169
27391 2169
27392 2169
27393 2169
27394 2169
27395 2169
27396 2169
27397 2169
27398 2169
27399 2169
27400 2169
27401 2169
27402 2169
27403 2169
27404 2169
27405 2169
27406 2169
27407 2169
27408 2169
27409 2169
27410 2169
27411 2169
27412 2169
27413 2169
27414 2169
27415 2169
27416 2169
27417 2169
27418 2169
27419 2169
27420 2169
27421 2169
27422 2169
27423 2169
27424 2169
27425 2169
27426 2169
27427 2169
27428 2169
27429 2169
27430 2169
27431 2169
27432 2169
27433 2169
27434 2169
27435 2169
27436 2169
27437 2169
27438 2169
27439 2169
27440 2169
27441 2169
27442 2169
27443 2169
27444 2169
27445 2169
27446 2169
27447 2169
27448 2169
27449 2169
27450 2169
27451 2169
27452 2169
27453 2169
27454 2169
27455 2169
27456 2169
27457 2169
27458 2169
27459 2169
27460 2169
27461 2169
27462 2169
27463 2169
27464 2169
27465 2169
27466 2169
27467 2169
27468 2169
27469 2169
27470 2169
27471 2169
27472 2169
27473 2169
27474 2169
27475 2169
27476 2169
27477 2169
27478 2169
27479 2169
27480 2169
27481 2169
27482 2169
27483 2169
27484 2169
27485 2169
27486 2169
27487 2169
27488 2169
27489 2169
27490 2169
27491 2165
27492 2165
27493 2165
27494 2165
27495 2165
27496 2165
27497 2165
27498 2165
27499 2165
27500 2165
27501 2165
27502 2165
27503 2165
27504 2165
27505 2165
27506 2165
27507 2165
27508 2165
27509 2165
27510 2165
27511 2165
27512 2165
27513 2165
27514 2165
27515 2165
27516 2165
27517 2165
27518 2165
27519 2165
27520 2165
27521 2161
27522 2161
27523 2161
27524 2161
27525 2161
27526 2161
27527 2161
27528 2161
27529 2161
27530 2161
27531 2161
27532 2161
27533 2161
27534 2161
27535 2161
27536 2161
27537 2161
27538 2161
27539 2161
27540 2161
27541 2161
27542 2161
27543 2161
27544 2161
27545 2161
27546 2161
27547 2161
27548 2161
27549 2161
27550 2161
27551 2161
27552 2161
27553 2161
27554 2161
27555 2161
27556 2161
27557 2161
27558 2161
27559 2161
27560 2161
27561 2161
27562 2161
27563 2161
27564 2161
27565 2161
27566 2161
27567 2161
27568 2161
27569 2161
27570 2161
27571 2161
27572 2161
27573 2161
27574 2161
27575 2161
27576 2161
27577 2161
27578 2161
27579 2161
27580 2161
27581 2161
27582 2161
27583 2161
27584 2161
27585 2161
27586 2161
27587 2161
27588 2161
27589 2161
27590 2161
27591 2161
27592 2161
27593 2161
27594 2161
27595 2161
27596 2161
27597 2161
27598 2161
27599 2161
27600 2161
27601 2161
27602 2161
27603 2161
27604 2161
27605 2161
27606 2161
27607 2161
27608 2161
27609 2161
27610 2161
27611 2161
27612 2161
27613 2161
27614 2161
27615 2161
27616 2161
27617 2161
27618 2161
27619 2161
27620 2161
27621 2161
27622 2161
27623 2161
27624 2161
27625 2161
27626 2161
27627 2161
27628 2161
27629 2161
27630 2161
27631 2161
27632 2161
27633 2161
27634 2161
27635 2161
27636 2161
27637 2161
27638 2161
27639 2161
27640 2161
27641 2161
27642 2161
27643 2161
27644 2161
27645 2161
27646 2161
27647 2161
27648 2161
27649 2161
27650 2161
27651 2161
27652 2161
27653 2161
27654 2161
27655 2161
27656 2161
27657 2161
27658 2161
27659 2161
27660 2161
27661 2161
27662 2161
27663 2161
27664 2161
27665 2161
27666 2161
27667 2161
27668 2161
27669 2161
27670 2161
27671 2161
27672 2161
27673 2161
27674 2161
27675 2161
27676 2161
27677 2161
27678 2161
27679 2161
27680 2161
27681 2161
27682 2161
27683 2161
27684 2161
27685 2161
27686 2161
27687 2161
27688 2161
27689 2161
27690 2161
27691 2161
27692 2161
27693 2161
27694 2161
27695 2161
27696 2161
27697 2161
27698 2161
27699 2161
27700 2161
27701 2161
27702 2161
27703 2161
27704 2161
27705 2161
27706 2161
27707 2161
27708 2161
27709 2161
27710 2158
27711 2158
27712 2158
27713 2158
27714 2158
27715 2158
27716 2158
27717 2158
27718 2158
27719 2158
27720 2158
27721 2158
27722 2158
27723 2158
27724 2158
27725 2158
27726 2158
27727 2158
27728 2158
27729 2158
27730 2158
27731 2158
27732 2158
27733 2158
27734 2158
27735 2158
27736 2158
27737 2158
27738 2158
27739 2158
27740 2158
27741 2158
27742 2158
27743 2158
27744 2158
27745 2158
27746 2158
27747 2158
27748 2158
27749 2158
27750 2158
27751 2158
27752 2158
27753 2158
27754 2158
27755 2158
27756 2158
27757 2158
27758 2158
27759 2158
27760 2158
27761 2158
27762 2158
27763 2158
27764 2158
27765 2158
27766 2158
27767 2158
27768 2158
27769 2158
27770 2158
27771 2158
27772 2158
27773 2158
27774 2158
27775 2158
27776 2158
27777 2158
27778 2158
27779 2158
27780 2158
27781 2158
27782 2158
27783 2158
27784 2158
27785 2158
27786 2158
27787 2158
27788 2158
27789 2158
27790 2158
27791 2158
27792 2158
27793 2158
27794 2158
27795 2158
27796 2158
27797 2158
27798 2158
27799 2158
27800 2158
27801 2158
27802 2158
27803 2158
27804 2158
27805 2158
27806 2158
27807 2158
27808 2158
27809 2158
27810 2158
27811 2158
27812 2158
27813 2158
27814 2158
27815 2158
27816 2158
27817 2158
27818 2158
27819 2158
27820 2158
27821 2158
27822 2158
27823 2158
27824 2158
27825 2158
27826 2158
27827 2158
27828 2158
27829 2158
27830 2158
27831 2158
27832 2158
27833 2158
27834 2158
27835 2158
27836 2158
27837 2158
27838 2158
27839 2158
27840 2158
27841 2158
27842 2158
27843 2158
27844 2158
27845 2158
27846 2158
27847 2158
27848 2158
27849 2158
27850 2158
27851 2158
27852 2158
27853 2158
27854 2158
27855 2158
27856 2158
27857 2158
27858 2158
27859 2158
27860 2158
27861 2158
27862 2158
27863 2158
27864 2158
27865 2158
27866 2158
27867 2158
27868 2158
27869 2158
27870 2158
27871 2158
27872 2158
27873 2158
27874 2158
27875 2158
27876 2158
27877 2158
27878 2158
27879 2158
27880 2158
27881 2158
27882 2158
27883 2158
27884 2158
27885 2158
27886 2158
27887 2158
27888 2158
27889 2158
27890 2158
27891 2158
27892 2158
27893 2158
27894 2158
27895 2158
27896 2158
27897 2158
27898 2158
27899 2158
27900 2158
27901 2158
27902 2158
27903 2158
27904 2158
27905 2158
27906 2158
27907 2158
27908 2158
27909 2158
27910 2158
27911 2158
27912 2158
27913 2158
27914 2158
27915 2158
27916 2158
27917 2158
27918 2158
27919 2158
27920 2158
27921 2158
27922 2158
27923 2158
27924 2158
27925 2158
27926 2158
27927 2158
27928 2158
27929 2158
27930 2158
27931 2158
27932 2158
27933 2158
27934 2158
27935 2158
27936 2158
27937 2158
27938 2158
27939 2158
27940 2158
27941 2158
27942 2158
27943 2158
27944 2156
27945 2156
27946 2156
27947 2156
27948 2156
27949 2156
27950 2156
27951 2156
27952 2156
27953 2156
27954 2156
27955 2156
27956 2156
27957 2156
27958 2156
27959 2156
27960 2156
27961 2156
27962 2156
27963 2156
27964 2156
27965 2156
27966 2156
27967 2156
27968 2156
27969 2156
27970 2156
27971 2156
27972 2156
27973 2156
27974 2156
27975 2156
27976 2156
27977 2156
27978 2156
27979 2156
27980 2156
27981 2156
27982 2156
27983 2156
27984 2156
27985 2156
27986 2156
27987 2156
27988 2156
27989 2156
27990 2156
27991 2156
27992 2156
27993 2156
27994 2156
27995 2156
27996 2156
27997 2156
27998 2156
27999 2156
28000 2156
28001 2156
28002 2156
28003 2156
28004 2156
28005 2156
28006 2156
28007 2156
28008 2156
28009 2156
28010 2156
28011 2156
28012 2156
28013 2156
28014 2156
28015 2156
28016 2156
28017 2156
28018 2156
28019 2156
28020 2156
28021 2156
28022 2156
28023 2156
28024 2156
28025 2156
28026 2156
28027 2156
28028 2156
28029 2156
28030 2156
28031 2156
28032 2156
28033 2156
28034 2156
28035 2156
28036 2156
28037 2156
28038 2156
28039 2156
28040 2156
28041 2156
28042 2156
28043 2156
28044 2156
28045 2156
28046 2156
28047 2156
28048 2156
28049 2156
28050 2156
28051 2156
28052 2155
28053 2155
28054 2155
28055 2155
28056 2155
28057 2155
28058 2155
28059 2155
28060 2155
28061 2155
28062 2155
28063 2155
28064 2155
28065 2155
28066 2155
28067 2155
28068 2155
28069 2155
28070 2155
28071 2155
28072 2155
28073 2155
28074 2155
28075 2155
28076 2155
28077 2155
28078 2155
28079 2155
28080 2155
28081 2155
28082 2155
28083 2155
28084 2155
28085 2155
28086 2155
28087 2155
28088 2155
28089 2155
28090 2155
28091 2155
28092 2155
28093 2155
28094 2155
28095 2155
28096 2155
28097 2155
28098 2155
28099 2155
28100 2155
28101 2155
28102 2155
28103 2155
28104 2155
28105 2155
28106 2155
28107 2155
28108 2155
28109 2155
28110 2155
28111 2155
28112 2155
28113 2155
28114 2155
28115 2155
28116 2155
28117 2155
28118 2155
28119 2155
28120 2155
28121 2155
28122 2155
28123 2155
28124 2155
28125 2155
28126 2155
28127 2155
28128 2155
28129 2155
28130 2155
28131 2155
28132 2155
28133 2155
28134 2155
28135 2155
28136 2155
28137 2155
28138 2155
28139 2155
28140 2155
28141 2155
28142 2155
28143 2155
28144 2155
28145 2155
28146 2155
28147 2155
28148 2155
28149 2155
28150 2155
28151 2155
28152 2155
28153 2155
28154 2155
28155 2155
28156 2155
28157 2155
28158 2155
28159 2155
28160 2155
28161 2155
28162 2155
28163 2155
28164 2155
28165 2155
28166 2155
28167 2155
28168 2155
28169 2155
28170 2155
28171 2155
28172 2155
28173 2155
28174 2155
28175 2155
28176 2155
28177 2155
28178 2155
28179 2155
28180 2155
28181 2155
28182 2155
28183 2155
28184 2155
28185 2155
28186 2155
28187 2155
28188 2155
28189 2155
28190 2155
28191 2155
28192 2155
28193 2155
28194 2155
28195 2155
28196 2155
28197 2155
28198 2155
28199 2155
28200 2155
28201 2155
28202 2155
28203 2155
28204 2155
28205 2155
28206 2155
28207 2155
28208 2155
28209 2155
28210 2155
28211 2155
28212 2155
28213 2155
28214 2155
28215 2155
28216 2155
28217 2155
28218 2155
28219 2155
28220 2155
28221 2155
28222 2155
28223 2155
28224 2155
28225 2155
28226 2155
28227 2155
28228 2155
28229 2155
28230 2155
28231 2155
28232 2155
28233 2155
28234 2155
28235 2155
28236 2155
28237 2155
28238 2155
28239 2155
28240 2155
28241 2155
28242 2155
28243 2155
28244 2155
28245 2155
28246 2155
28247 2155
28248 2155
28249 2152
28250 2152
28251 2152
28252 2152
28253 2152
28254 2152
28255 2152
28256 2152
28257 2152
28258 2152
28259 2152
28260 2152
28261 2152
28262 2152
28263 2152
28264 2152
28265 2152
28266 2152
28267 2152
28268 2152
28269 2152
28270 2152
28271 2152
28272 2152
28273 2152
28274 2152
28275 2152
28276 2152
28277 2152
28278 2152
28279 2152
28280 2152
28281 2152
28282 2152
28283 2152
28284 2152
28285 2152
28286 2152
28287 2152
28288 2152
28289 2152
28290 2152
28291 2152
28292 2152
28293 2152
28294 2152
28295 2152
28296 2152
28297 2152
28298 2152
28299 2152
28300 2152
28301 2152
28302 2152
28303 2152
28304 2152
28305 2152
28306 2152
28307 2152
28308 2152
28309 2152
28310 2152
28311 2152
28312 2152
28313 2152
28314 2152
28315 2152
28316 2152
28317 2152
28318 2152
28319 2152
28320 2152
28321 2152
28322 2152
28323 2152
28324 2152
28325 2152
28326 2152
28327 2152
28328 2152
28329 2152
28330 2152
28331 2152
28332 2152
28333 2152
28334 2152
28335 2152
28336 2152
28337 2152
28338 2152
28339 2152
28340 2152
28341 2152
28342 2152
28343 2152
28344 2152
28345 2152
28346 2152
28347 2152
28348 2152
28349 2152
28350 2152
28351 2152
28352 2152
28353 2152
28354 2152
28355 2152
28356 2152
28357 2152
28358 2152
28359 2152
28360 2152
28361 2152
28362 2152
28363 2152
28364 2152
28365 2152
28366 2152
28367 2152
28368 2152
28369 2152
28370 2152
28371 2152
28372 2152
28373 2152
28374 2152
28375 2152
28376 2152
28377 2152
28378 2152
28379 2152
28380 2152
28381 2152
28382 2152
28383 2152
28384 2152
28385 2152
28386 2152
28387 2152
28388 2152
28389 2152
28390 2152
28391 2152
28392 2152
28393 2152
28394 2152
28395 2152
28396 2152
28397 2152
28398 2152
28399 2152
28400 2152
28401 2152
28402 2152
28403 2152
28404 2152
28405 2152
28406 2152
28407 2152
28408 2152
28409 2152
28410 2152
28411 2152
28412 2152
28413 2152
28414 2152
28415 2152
28416 2152
28417 2152
28418 2152
28419 2152
28420 2152
28421 2152
28422 2152
28423 2152
28424 2152
28425 2152
28426 2152
28427 2152
28428 2152
28429 2152
28430 2152
28431 2152
28432 2152
28433 2152
28434 2152
28435 2152
28436 2152
28437 2152
28438 2152
28439 2152
28440 2152
28441 2152
28442 2152
28443 2152
28444 2152
28445 2152
28446 2152
28447 2152
28448 2152
28449 2152
28450 2152
28451 2152
28452 2152
28453 2152
28454 2152
28455 2152
28456 2152
28457 2152
28458 2152
28459 2152
28460 2152
28461 2152
28462 2152
28463 2152
28464 2152
28465 2152
28466 2152
28467 2152
28468 2152
28469 2152
28470 2152
28471 2152
28472 2152
28473 2152
28474 2152
28475 2152
28476 2152
28477 2152
28478 2152
28479 2152
28480 2152
28481 2152
28482 2152
28483 2152
28484 2152
28485 2152
28486 2152
28487 2152
28488 2152
28489 2152
28490 2152
28491 2152
28492 2152
28493 2152
28494 2152
28495 2152
28496 2152
28497 2152
28498 2152
28499 2152
28500 2152
28501 2152
28502 2152
28503 2152
28504 2152
28505 2152
28506 2152
28507 2152
28508 2152
28509 2152
28510 2152
28511 2152
28512 2152
28513 2152
28514 2152
28515 2152
28516 2152
28517 2152
28518 2152
28519 2152
28520 2152
28521 2152
28522 2152
28523 2152
28524 2152
28525 2152
28526 2152
28527 2152
28528 2152
28529 2152
28530 2152
28531 2152
28532 2152
28533 2152
28534 2152
28535 2152
28536 2152
28537 2152
28538 2152
28539 2152
28540 2152
28541 2152
28542 2152
28543 2152
28544 2152
28545 2152
28546 2152
28547 2152
28548 2152
28549 2152
28550 2152
28551 2152
28552 2152
28553 2152
28554 2152
28555 2152
28556 2152
28557 2152
28558 2152
28559 2152
28560 2152
28561 2152
28562 2152
28563 2152
28564 2152
28565 2152
28566 2152
28567 2152
28568 2152
28569 2152
28570 2152
28571 2152
28572 2152
28573 2152
28574 2152
28575 2152
28576 2152
28577 2152
28578 2152
28579 2152
28580 2152
28581 2152
28582 2152
28583 2152
28584 2152
28585 2152
28586 2152
28587 2152
28588 2152
28589 2152
28590 2152
28591 2152
28592 2152
28593 2152
28594 2152
28595 2152
28596 2152
28597 2152
28598 2152
28599 2152
28600 2152
28601 2152
28602 2152
28603 2152
28604 2152
28605 2152
28606 2152
28607 2152
28608 2152
28609 2152
28610 2152
28611 2152
28612 2152
28613 2152
28614 2152
28615 2152
28616 2152
28617 2152
28618 2152
28619 2152
28620 2152
28621 2152
28622 2152
28623 2152
28624 2152
28625 2152
28626 2152
28627 2152
28628 2152
28629 2152
28630 2152
28631 2152
28632 2152
28633 2152
28634 2152
28635 2152
28636 2152
28637 2152
28638 2152
28639 2152
28640 2152
28641 2152
28642 2152
28643 2151
28644 2151
28645 2151
28646 2151
28647 2151
28648 2151
28649 2151
28650 2151
28651 2151
28652 2151
28653 2151
28654 2151
28655 2151
28656 2151
28657 2151
28658 2151
28659 2151
28660 2151
28661 2151
28662 2151
28663 2151
28664 2151
28665 2151
28666 2151
28667 2151
28668 2151
28669 2151
28670 2151
28671 2151
28672 2151
28673 2151
28674 2151
28675 2151
28676 2151
28677 2151
28678 2151
28679 2151
28680 2151
28681 2151
28682 2151
28683 2151
28684 2151
28685 2151
28686 2151
28687 2151
28688 2151
28689 2151
28690 2151
28691 2151
28692 2151
28693 2151
28694 2151
28695 2151
28696 2151
28697 2151
28698 2151
28699 2151
28700 2151
28701 2151
28702 2151
28703 2151
28704 2151
28705 2151
28706 2151
28707 2151
28708 2151
28709 2151
28710 2151
28711 2151
28712 2151
28713 2151
28714 2151
28715 2151
28716 2151
28717 2151
28718 2151
28719 2151
28720 2151
28721 2151
28722 2151
28723 2151
28724 2151
28725 2151
28726 2151
28727 2151
28728 2151
28729 2151
28730 2151
28731 2151
28732 2151
28733 2151
28734 2151
28735 2151
28736 2151
28737 2151
28738 2151
28739 2151
28740 2151
28741 2151
28742 2151
28743 2151
28744 2151
28745 2151
28746 2151
28747 2151
28748 2151
28749 2151
28750 2151
28751 2151
28752 2151
28753 2151
28754 2151
28755 2151
28756 2151
28757 2151
28758 2151
28759 2151
28760 2151
28761 2151
28762 2151
28763 2151
28764 2151
28765 2151
28766 2151
28767 2151
28768 2151
28769 2151
28770 2151
28771 2151
28772 2151
28773 2151
28774 2151
28775 2151
28776 2151
28777 2151
28778 2151
28779 2151
28780 2151
28781 2151
28782 2151
28783 2151
28784 2151
28785 2151
28786 2151
28787 2151
28788 2151
28789 2151
28790 2151
28791 2151
28792 2151
28793 2151
28794 2151
28795 2151
28796 2151
28797 2151
28798 2151
28799 2151
28800 2151
28801 2151
28802 2151
28803 2151
28804 2151
28805 2151
28806 2151
28807 2151
28808 2151
28809 2151
28810 2151
28811 2151
28812 2151
28813 2151
28814 2151
28815 2151
28816 2151
28817 2151
28818 2151
28819 2151
28820 2151
28821 2151
28822 2151
28823 2151
28824 2151
28825 2151
28826 2151
28827 2151
28828 2151
28829 2151
28830 2151
28831 2151
28832 2151
28833 2151
28834 2151
28835 2151
28836 2151
28837 2151
28838 2151
28839 2151
28840 2151
28841 2151
28842 2151
28843 2151
28844 2151
28845 2151
28846 2151
28847 2151
28848 2151
28849 2151
28850 2151
28851 2151
28852 2151
28853 2151
28854 2151
28855 2151
28856 2151
28857 2151
28858 2151
28859 2151
28860 2151
28861 2151
28862 2151
28863 2151
28864 2151
28865 2151
28866 2151
28867 2151
28868 2151
28869 2151
28870 2151
28871 2151
28872 2151
28873 2151
28874 2151
28875 2151
28876 2151
28877 2151
28878 2151
28879 2151
28880 2151
28881 2151
28882 2151
28883 2151
28884 2151
28885 2151
28886 2151
28887 2151
28888 2151
28889 2151
28890 2151
28891 2151
28892 2151
28893 2151
28894 2151
28895 2151
28896 2151
28897 2151
28898 2151
28899 2151
28900 2151
28901 2151
28902 2151
28903 2151
28904 2151
28905 2151
28906 2151
28907 2151
28908 2151
28909 2151
28910 2151
28911 2151
28912 2151
28913 2151
28914 2151
28915 2151
28916 2151
28917 2151
28918 2151
28919 2151
28920 2151
28921 2151
28922 2151
28923 2151
28924 2151
28925 2151
28926 2151
28927 2151
28928 2151
28929 2151
28930 2151
28931 2151
28932 2151
28933 2151
28934 2151
28935 2151
28936 2151
28937 2151
28938 2151
28939 2151
28940 2151
28941 2151
28942 2151
28943 2151
28944 2151
28945 2151
28946 2151
28947 2151
28948 2151
28949 2151
28950 2151
28951 2151
28952 2151
28953 2151
28954 2151
28955 2151
28956 2151
28957 2151
28958 2151
28959 2151
28960 2151
28961 2151
28962 2151
28963 2151
28964 2151
28965 2151
28966 2151
28967 2151
28968 2151
28969 2151
28970 2151
28971 2151
28972 2151
28973 2151
28974 2151
28975 2151
28976 2151
28977 2151
28978 2151
28979 2151
28980 2151
28981 2151
28982 2151
28983 2151
28984 2151
28985 2151
28986 2151
28987 2151
28988 2151
28989 2151
28990 2151
28991 2151
28992 2151
28993 2151
28994 2151
28995 2151
28996 2151
28997 2151
28998 2151
28999 2151
29000 2151
29001 2151
29002 2151
29003 2151
29004 2151
29005 2151
29006 2151
29007 2151
29008 2151
29009 2151
29010 2151
29011 2151
29012 2151
29013 2151
29014 2151
29015 2151
29016 2151
29017 2151
29018 2151
29019 2151
29020 2151
29021 2151
29022 2151
29023 2151
29024 2151
29025 2151
29026 2151
29027 2151
29028 2151
29029 2151
29030 2151
29031 2151
29032 2151
29033 2151
29034 2151
29035 2151
29036 2151
29037 2151
29038 2151
29039 2151
29040 2151
29041 2151
29042 2151
29043 2151
29044 2151
29045 2151
29046 2151
29047 2151
29048 2151
29049 2151
29050 2151
29051 2151
29052 2151
29053 2151
29054 2151
29055 2151
29056 2151
29057 2151
29058 2151
29059 2151
29060 2151
29061 2151
29062 2151
29063 2151
29064 2151
29065 2151
29066 2151
29067 2151
29068 2151
29069 2151
29070 2151
29071 2151
29072 2151
29073 2151
29074 2151
29075 2151
29076 2151
29077 2151
29078 2151
29079 2151
29080 2151
29081 2151
29082 2151
29083 2151
29084 2151
29085 2151
29086 2151
29087 2151
29088 2151
29089 2151
29090 2151
29091 2151
29092 2151
29093 2151
29094 2151
29095 2151
29096 2151
29097 2151
29098 2151
29099 2151
29100 2151
29101 2151
29102 2151
29103 2151
29104 2151
29105 2151
29106 2151
29107 2151
29108 2151
29109 2151
29110 2151
29111 2151
29112 2151
29113 2151
29114 2151
29115 2151
29116 2151
29117 2151
29118 2151
29119 2151
29120 2151
29121 2151
29122 2151
29123 2151
29124 2151
29125 2151
29126 2151
29127 2151
29128 2151
29129 2151
29130 2151
29131 2139
29132 2139
29133 2139
29134 2139
29135 2139
29136 2139
29137 2139
29138 2139
29139 2139
29140 2139
29141 2139
29142 2139
29143 2139
29144 2139
29145 2139
29146 2139
29147 2139
29148 2139
29149 2139
29150 2139
29151 2139
29152 2139
29153 2139
29154 2139
29155 2139
29156 2139
29157 2139
29158 2139
29159 2139
29160 2139
29161 2139
29162 2139
29163 2139
29164 2139
29165 2139
29166 2139
29167 2139
29168 2139
29169 2139
29170 2139
29171 2139
29172 2139
29173 2139
29174 2139
29175 2139
29176 2139
29177 2139
29178 2139
29179 2139
29180 2139
29181 2139
29182 2139
29183 2139
29184 2139
29185 2139
29186 2139
29187 2139
29188 2139
29189 2139
29190 2139
29191 2139
29192 2139
29193 2139
29194 2139
29195 2139
29196 2139
29197 2139
29198 2139
29199 2139
29200 2139
29201 2139
29202 2139
29203 2139
29204 2139
29205 2139
29206 2139
29207 2139
29208 2139
29209 2139
29210 2139
29211 2139
29212 2139
29213 2139
29214 2139
29215 2139
29216 2139
29217 2139
29218 2139
29219 2139
29220 2139
29221 2139
29222 2139
29223 2139
29224 2139
29225 2139
29226 2139
29227 2139
29228 2139
29229 2139
29230 2139
29231 2139
29232 2139
29233 2139
29234 2139
29235 2139
29236 2139
29237 2139
29238 2139
29239 2139
29240 2139
29241 2139
29242 2139
29243 2139
29244 2139
29245 2139
29246 2139
29247 2139
29248 2139
29249 2139
29250 2139
29251 2139
29252 2139
29253 2139
29254 2139
29255 2139
29256 2139
29257 2139
29258 2139
29259 2139
29260 2139
29261 2139
29262 2139
29263 2139
29264 2139
29265 2139
29266 2139
29267 2139
29268 2139
29269 2139
29270 2139
29271 2139
29272 2139
29273 2139
29274 2139
29275 2139
29276 2139
29277 2139
29278 2139
29279 2139
29280 2139
29281 2139
29282 2139
29283 2139
29284 2139
29285 2139
29286 2139
29287 2139
29288 2139
29289 2139
29290 2139
29291 2139
29292 2139
29293 2139
29294 2139
29295 2139
29296 2139
29297 2139
29298 2139
29299 2139
29300 2139
29301 2139
29302 2139
29303 2139
29304 2139
29305 2139
29306 2139
29307 2139
29308 2139
29309 2139
29310 2139
29311 2139
29312 2139
29313 2139
29314 2139
29315 2139
29316 2139
29317 2139
29318 2139
29319 2139
29320 2139
29321 2139
29322 2139
29323 2139
29324 2139
29325 2139
29326 2139
29327 2139
29328 2139
29329 2139
29330 2139
29331 2139
29332 2139
29333 2139
29334 2139
29335 2139
29336 2139
29337 2139
29338 2139
29339 2139
29340 2139
29341 2139
29342 2139
29343 2139
29344 2139
29345 2139
29346 2139
29347 2139
29348 2139
29349 2139
29350 2139
29351 2139
29352 2139
29353 2139
29354 2139
29355 2139
29356 2139
29357 2139
29358 2139
29359 2139
29360 2139
29361 2139
29362 2139
29363 2139
29364 2139
29365 2139
29366 2139
29367 2139
29368 2139
29369 2139
29370 2139
29371 2139
29372 2139
29373 2139
29374 2139
29375 2139
29376 2139
29377 2139
29378 2139
29379 2139
29380 2130
29381 2130
29382 2130
29383 2130
29384 2130
29385 2130
29386 2130
29387 2130
29388 2130
29389 2130
29390 2130
29391 2130
29392 2130
29393 2130
29394 2130
29395 2130
29396 2130
29397 2130
29398 2130
29399 2130
29400 2130
29401 2130
29402 2130
29403 2130
29404 2130
29405 2130
29406 2130
29407 2130
29408 2130
29409 2130
29410 2130
29411 2130
29412 2130
29413 2130
29414 2130
29415 2130
29416 2130
29417 2130
29418 2130
29419 2130
29420 2130
29421 2130
29422 2130
29423 2130
29424 2130
29425 2130
29426 2130
29427 2130
29428 2130
29429 2130
29430 2130
29431 2130
29432 2130
29433 2130
29434 2130
29435 2130
29436 2130
29437 2130
29438 2130
29439 2130
29440 2130
29441 2130
29442 2130
29443 2130
29444 2130
29445 2130
29446 2130
29447 2130
29448 2130
29449 2130
29450 2130
29451 2130
29452 2130
29453 2130
29454 2130
29455 2130
29456 2130
29457 2130
29458 2130
29459 2130
29460 2130
29461 2130
29462 2130
29463 2130
29464 2130
29465 2130
29466 2130
29467 2130
29468 2130
29469 2130
29470 2130
29471 2130
29472 2130
29473 2130
29474 2130
29475 2130
29476 2130
29477 2130
29478 2130
29479 2130
29480 2130
29481 2130
29482 2130
29483 2130
29484 2130
29485 2130
29486 2130
29487 2130
29488 2130
29489 2130
29490 2130
29491 2130
29492 2130
29493 2130
29494 2130
29495 2130
29496 2130
29497 2130
29498 2130
29499 2130
29500 2130
29501 2130
29502 2130
29503 2130
29504 2130
29505 2130
29506 2130
29507 2130
29508 2130
29509 2130
29510 2130
29511 2130
29512 2130
29513 2130
29514 2130
29515 2130
29516 2130
29517 2130
29518 2130
29519 2130
29520 2130
29521 2130
29522 2130
29523 2130
29524 2130
29525 2130
29526 2130
29527 2130
29528 2130
29529 2130
29530 2130
29531 2130
29532 2130
29533 2130
29534 2130
29535 2130
29536 2130
29537 2130
29538 2130
29539 2130
29540 2130
29541 2130
29542 2130
29543 2130
29544 2130
29545 2130
29546 2130
29547 2130
29548 2130
29549 2130
29550 2130
29551 2130
29552 2130
29553 2130
29554 2130
29555 2130
29556 2130
29557 2130
29558 2130
29559 2130
29560 2130
29561 2130
29562 2130
29563 2130
29564 2130
29565 2130
29566 2130
29567 2130
29568 2130
29569 2130
29570 2130
29571 2130
29572 2130
29573 2130
29574 2130
29575 2130
29576 2130
29577 2130
29578 2130
29579 2130
29580 2130
29581 2130
29582 2130
29583 2130
29584 2130
29585 2130
29586 2130
29587 2130
29588 2130
29589 2130
29590 2130
29591 2130
29592 2130
29593 2130
29594 2130
29595 2130
29596 2130
29597 2130
29598 2130
29599 2130
29600 2130
29601 2130
29602 2130
29603 2130
29604 2130
29605 2130
29606 2130
29607 2130
29608 2130
29609 2130
29610 2130
29611 2130
29612 2130
29613 2130
29614 2130
29615 2130
29616 2130
29617 2130
29618 2130
29619 2130
29620 2130
29621 2130
29622 2130
29623 2130
29624 2130
29625 2130
29626 2130
29627 2130
29628 2130
29629 2130
29630 2130
29631 2130
29632 2130
29633 2130
29634 2130
29635 2130
29636 2130
29637 2130
29638 2130
29639 2130
29640 2130
29641 2130
29642 2130
29643 2130
29644 2130
29645 2130
29646 2130
29647 2130
29648 2130
29649 2130
29650 2130
29651 2130
29652 2130
29653 2130
29654 2130
29655 2130
29656 2130
29657 2130
29658 2130
29659 2130
29660 2130
29661 2130
29662 2130
29663 2130
29664 2130
29665 2130
29666 2130
29667 2130
29668 2130
29669 2130
29670 2130
29671 2130
29672 2130
29673 2130
29674 2130
29675 2130
29676 2130
29677 2130
29678 2130
29679 2130
29680 2130
29681 2130
29682 2130
29683 2130
29684 2130
29685 2130
29686 2130
29687 2130
29688 2130
29689 2130
29690 2130
29691 2130
29692 2130
29693 2130
29694 2130
29695 2130
29696 2130
29697 2130
29698 2130
29699 2130
29700 2130
29701 2130
29702 2130
29703 2130
29704 2130
29705 2130
29706 2130
29707 2130
29708 2130
29709 2130
29710 2130
29711 2130
29712 2130
29713 2130
29714 2130
29715 2130
29716 2130
29717 2130
29718 2130
29719 2130
29720 2130
29721 2130
29722 2130
29723 2130
29724 2130
29725 2130
29726 2130
29727 2130
29728 2130
29729 2130
29730 2130
29731 2130
29732 2130
29733 2130
29734 2130
29735 2130
29736 2130
29737 2130
29738 2130
29739 2130
29740 2130
29741 2130
29742 2130
29743 2130
29744 2130
29745 2130
29746 2130
29747 2130
29748 2130
29749 2130
29750 2130
29751 2130
29752 2130
29753 2130
29754 2130
29755 2130
29756 2130
29757 2130
29758 2130
29759 2130
29760 2130
29761 2130
29762 2130
29763 2130
29764 2130
29765 2130
29766 2130
29767 2130
29768 2130
29769 2130
29770 2130
29771 2130
29772 2130
29773 2130
29774 2130
29775 2130
29776 2130
29777 2130
29778 2130
29779 2130
29780 2130
29781 2130
29782 2130
29783 2130
29784 2130
29785 2130
29786 2130
29787 2130
29788 2130
29789 2130
29790 2130
29791 2130
29792 2130
29793 2130
29794 2130
29795 2130
29796 2130
29797 2130
29798 2130
29799 2130
29800 2130
29801 2130
29802 2130
29803 2130
29804 2130
29805 2130
29806 2130
29807 2130
29808 2130
29809 2130
29810 2130
29811 2130
29812 2130
29813 2130
29814 2130
29815 2130
29816 2130
29817 2130
29818 2130
29819 2130
29820 2130
29821 2130
29822 2130
29823 2130
29824 2130
29825 2130
29826 2130
29827 2130
29828 2130
29829 2130
29830 2130
29831 2130
29832 2130
29833 2130
29834 2130
29835 2130
29836 2130
29837 2130
29838 2130
29839 2130
29840 2130
29841 2130
29842 2130
29843 2130
29844 2130
29845 2130
29846 2130
29847 2130
29848 2130
29849 2130
29850 2130
29851 2130
29852 2130
29853 2130
29854 2130
29855 2130
29856 2130
29857 2130
29858 2130
29859 2130
29860 2130
29861 2130
29862 2130
29863 2130
29864 2130
29865 2130
29866 2130
29867 2130
29868 2130
29869 2130
29870 2130
29871 2130
29872 2130
29873 2130
29874 2130
29875 2130
29876 2130
29877 2130
29878 2130
29879 2130
29880 2130
29881 2130
29882 2130
29883 2130
29884 2130
29885 2130
29886 2130
29887 2130
29888 2130
29889 2130
29890 2130
29891 2130
29892 2130
29893 2130
29894 2130
29895 2130
29896 2130
29897 2130
29898 2130
29899 2130
29900 2130
29901 2130
29902 2130
29903 2130
29904 2130
29905 2130
29906 2130
29907 2130
29908 2130
29909 2130
29910 2130
29911 2130
29912 2130
29913 2130
29914 2130
29915 2130
29916 2130
29917 2130
29918 2130
29919 2130
29920 2130
29921 2130
29922 2130
29923 2130
29924 2130
29925 2130
29926 2130
29927 2130
29928 2130
29929 2130
29930 2130
29931 2130
29932 2130
29933 2130
29934 2130
29935 2130
29936 2128
29937 2128
29938 2128
29939 2128
29940 2128
29941 2128
29942 2128
29943 2128
29944 2128
29945 2128
29946 2128
29947 2128
29948 2128
29949 2128
29950 2128
29951 2128
29952 2128
29953 2128
29954 2128
29955 2128
29956 2128
29957 2128
29958 2128
29959 2128
29960 2128
29961 2128
29962 2128
29963 2128
29964 2128
29965 2128
29966 2128
29967 2128
29968 2128
29969 2128
29970 2128
29971 2128
29972 2128
29973 2128
29974 2128
29975 2128
29976 2128
29977 2128
29978 2128
29979 2128
29980 2128
29981 2128
29982 2128
29983 2128
29984 2128
29985 2128
29986 2128
29987 2128
29988 2128
29989 2128
29990 2128
29991 2128
29992 2128
29993 2128
29994 2128
29995 2128
29996 2128
29997 2128
29998 2128
29999 2128
30000 2128
30001 2128
30002 2128
30003 2128
30004 2128
30005 2128
30006 2128
30007 2128
30008 2128
30009 2128
30010 2128
30011 2128
30012 2128
30013 2128
30014 2128
30015 2128
30016 2128
30017 2128
30018 2127
30019 2127
30020 2127
30021 2127
30022 2127
30023 2127
30024 2127
30025 2127
30026 2127
30027 2127
30028 2127
30029 2127
30030 2127
30031 2127
30032 2127
30033 2127
30034 2127
30035 2127
30036 2127
30037 2127
30038 2127
30039 2127
30040 2127
30041 2127
30042 2127
30043 2127
30044 2127
30045 2127
30046 2127
30047 2127
30048 2127
30049 2127
30050 2127
30051 2127
30052 2127
30053 2127
30054 2127
30055 2127
30056 2127
30057 2127
30058 2127
30059 2127
30060 2127
30061 2127
30062 2127
30063 2127
30064 2127
30065 2127
30066 2127
30067 2127
30068 2127
30069 2127
30070 2127
30071 2127
30072 2127
30073 2127
30074 2127
30075 2127
30076 2127
30077 2127
30078 2127
30079 2127
30080 2127
30081 2127
30082 2127
30083 2127
30084 2127
30085 2127
30086 2127
30087 2127
30088 2127
30089 2127
30090 2127
30091 2127
30092 2127
30093 2127
30094 2127
30095 2127
30096 2127
30097 2127
30098 2127
30099 2127
30100 2127
30101 2127
30102 2127
30103 2127
30104 2127
30105 2127
30106 2127
30107 2127
30108 2127
30109 2127
30110 2127
30111 2127
30112 2127
30113 2127
30114 2127
30115 2127
30116 2127
30117 2127
30118 2127
30119 2127
30120 2127
30121 2127
30122 2127
30123 2127
30124 2127
30125 2127
30126 2127
30127 2127
30128 2127
30129 2127
30130 2127
30131 2127
30132 2127
30133 2127
30134 2127
30135 2127
30136 2127
30137 2127
30138 2127
30139 2127
30140 2127
30141 2127
30142 2127
30143 2127
30144 2127
30145 2127
30146 2127
30147 2127
30148 2127
30149 2127
30150 2127
30151 2127
30152 2127
30153 2127
30154 2127
30155 2127
30156 2127
30157 2127
30158 2127
30159 2127
30160 2127
30161 2127
30162 2127
30163 2127
30164 2127
30165 2127
30166 2127
30167 2127
30168 2127
30169 2127
30170 2127
30171 2127
30172 2127
30173 2127
30174 2127
30175 2127
30176 2127
30177 2127
30178 2127
30179 2127
30180 2127
30181 2127
30182 2127
30183 2127
30184 2127
30185 2127
30186 2127
30187 2127
30188 2127
30189 2127
30190 2127
30191 2127
30192 2127
30193 2127
30194 2127
30195 2127
30196 2127
30197 2127
30198 2127
30199 2127
30200 2127
30201 2127
30202 2127
30203 2127
30204 2127
30205 2127
30206 2127
30207 2127
30208 2127
30209 2127
30210 2127
30211 2127
30212 2127
30213 2127
30214 2127
30215 2127
30216 2127
30217 2127
30218 2127
30219 2127
30220 2127
30221 2127
30222 2127
30223 2127
30224 2127
30225 2127
30226 2127
30227 2127
30228 2127
30229 2127
30230 2127
30231 2127
30232 2127
30233 2127
30234 2127
30235 2127
30236 2127
30237 2127
30238 2127
30239 2127
30240 2127
30241 2127
30242 2127
30243 2127
30244 2127
30245 2127
30246 2127
30247 2127
30248 2127
30249 2127
30250 2127
30251 2127
30252 2127
30253 2127
30254 2127
30255 2127
30256 2127
30257 2127
30258 2127
30259 2127
30260 2127
30261 2127
30262 2127
30263 2127
30264 2127
30265 2127
30266 2127
30267 2127
30268 2127
30269 2127
30270 2127
30271 2127
30272 2127
30273 2127
30274 2127
30275 2127
30276 2127
30277 2127
30278 2127
30279 2127
30280 2127
30281 2127
30282 2127
30283 2127
30284 2127
30285 2127
30286 2127
30287 2127
30288 2127
30289 2127
30290 2127
30291 2127
30292 2127
30293 2127
30294 2127
30295 2127
30296 2127
30297 2127
30298 2127
30299 2127
30300 2127
30301 2127
30302 2127
30303 2127
30304 2127
30305 2127
30306 2127
30307 2127
30308 2127
30309 2127
30310 2127
30311 2127
30312 2127
30313 2127
30314 2127
30315 2127
30316 2127
30317 2127
30318 2127
30319 2127
30320 2127
30321 2126
30322 2126
30323 2126
30324 2126
30325 2126
30326 2126
30327 2126
30328 2126
30329 2126
30330 2126
30331 2126
30332 2126
30333 2126
30334 2126
30335 2126
30336 2126
30337 2126
30338 2126
30339 2126
30340 2126
30341 2126
30342 2126
30343 2126
30344 2126
30345 2126
30346 2126
30347 2126
30348 2126
30349 2126
30350 2126
30351 2126
30352 2126
30353 2126
30354 2126
30355 2126
30356 2126
30357 2126
30358 2126
30359 2126
30360 2126
30361 2126
30362 2126
30363 2126
30364 2126
30365 2126
30366 2126
30367 2126
30368 2126
30369 2126
30370 2126
30371 2126
30372 2126
30373 2126
30374 2126
30375 2126
30376 2126
30377 2126
30378 2126
30379 2126
30380 2126
30381 2126
30382 2126
30383 2126
30384 2126
30385 2126
30386 2126
30387 2126
30388 2126
30389 2126
30390 2126
30391 2126
30392 2126
30393 2126
30394 2126
30395 2126
30396 2126
30397 2126
30398 2126
30399 2126
30400 2126
30401 2126
30402 2126
30403 2126
30404 2126
30405 2126
30406 2126
30407 2126
30408 2126
30409 2126
30410 2126
30411 2126
30412 2126
30413 2126
30414 2126
30415 2126
30416 2126
30417 2126
30418 2126
30419 2126
30420 2126
30421 2126
30422 2126
30423 2126
30424 2126
30425 2126
30426 2126
30427 2126
30428 2126
30429 2126
30430 2126
30431 2126
30432 2126
30433 2126
30434 2126
30435 2126
30436 2126
30437 2126
30438 2126
30439 2126
30440 2126
30441 2126
30442 2126
30443 2126
30444 2126
30445 2126
30446 2126
30447 2126
30448 2126
30449 2126
30450 2126
30451 2126
30452 2126
30453 2126
30454 2126
30455 2126
30456 2126
30457 2126
30458 2126
30459 2126
30460 2126
30461 2126
30462 2126
30463 2126
30464 2126
30465 2126
30466 2126
30467 2126
30468 2126
30469 2126
30470 2126
30471 2126
30472 2126
30473 2126
30474 2126
30475 2126
30476 2126
30477 2126
30478 2126
30479 2126
30480 2126
30481 2126
30482 2126
30483 2126
30484 2126
30485 2126
30486 2126
30487 2126
30488 2126
30489 2126
30490 2126
30491 2126
30492 2126
30493 2126
30494 2126
30495 2126
30496 2126
30497 2126
30498 2126
30499 2126
30500 2126
30501 2126
30502 2126
30503 2126
30504 2126
30505 2126
30506 2126
30507 2126
30508 2126
30509 2126
30510 2126
30511 2126
30512 2126
30513 2126
30514 2126
30515 2126
30516 2126
30517 2126
30518 2126
30519 2126
30520 2126
30521 2126
30522 2126
30523 2126
30524 2126
30525 2126
30526 2126
30527 2126
30528 2126
30529 2126
30530 2126
30531 2126
30532 2126
30533 2126
30534 2126
30535 2126
30536 2126
30537 2126
30538 2126
30539 2126
30540 2126
30541 2126
30542 2126
30543 2126
30544 2126
30545 2126
30546 2126
30547 2126
30548 2126
30549 2126
30550 2126
30551 2126
30552 2126
30553 2126
30554 2126
30555 2126
30556 2126
30557 2126
30558 2126
30559 2126
30560 2126
30561 2126
30562 2126
30563 2126
30564 2126
30565 2126
30566 2126
30567 2126
30568 2126
30569 2126
30570 2126
30571 2126
30572 2126
30573 2126
30574 2126
30575 2126
30576 2126
30577 2126
30578 2126
30579 2126
30580 2126
30581 2126
30582 2126
30583 2126
30584 2126
30585 2126
30586 2126
30587 2126
30588 2126
30589 2126
30590 2126
30591 2126
30592 2126
30593 2126
30594 2126
30595 2126
30596 2126
30597 2126
30598 2126
30599 2126
30600 2126
30601 2126
30602 2126
30603 2126
30604 2126
30605 2126
30606 2126
30607 2126
30608 2126
30609 2126
30610 2126
30611 2126
30612 2126
30613 2126
30614 2126
30615 2126
30616 2126
30617 2126
30618 2126
30619 2126
30620 2126
30621 2126
30622 2126
30623 2126
30624 2126
30625 2126
30626 2126
30627 2126
30628 2126
30629 2126
30630 2126
30631 2126
30632 2126
30633 2124
30634 2124
30635 2124
30636 2124
30637 2124
30638 2124
30639 2124
30640 2124
30641 2124
30642 2124
30643 2124
30644 2124
30645 2124
30646 2124
30647 2124
30648 2124
30649 2124
30650 2124
30651 2124
30652 2124
30653 2124
30654 2124
30655 2124
30656 2124
30657 2124
30658 2124
30659 2124
30660 2124
30661 2124
30662 2116
30663 2116
30664 2116
30665 2116
30666 2116
30667 2116
30668 2116
30669 2116
30670 2116
30671 2116
30672 2116
30673 2116
30674 2116
30675 2116
30676 2116
30677 2116
30678 2116
30679 2116
30680 2116
30681 2116
30682 2116
30683 2116
30684 2116
30685 2116
30686 2116
30687 2116
30688 2116
30689 2116
30690 2116
30691 2116
30692 2116
30693 2116
30694 2116
30695 2116
30696 2116
30697 2116
30698 2116
30699 2116
30700 2116
30701 2116
30702 2116
30703 2116
30704 2116
30705 2116
30706 2116
30707 2116
30708 2116
30709 2116
30710 2116
30711 2116
30712 2116
30713 2116
30714 2116
30715 2116
30716 2116
30717 2116
30718 2116
30719 2116
30720 2116
30721 2116
30722 2116
30723 2116
30724 2116
30725 2116
30726 2116
30727 2116
30728 2116
30729 2116
30730 2116
30731 2116
30732 2116
30733 2116
30734 2116
30735 2116
30736 2116
30737 2116
30738 2116
30739 2116
30740 2116
30741 2116
30742 2116
30743 2116
30744 2116
30745 2116
30746 2116
30747 2116
30748 2116
30749 2116
30750 2116
30751 2116
30752 2116
30753 2116
30754 2116
30755 2116
30756 2116
30757 2116
30758 2116
30759 2116
30760 2116
30761 2116
30762 2116
30763 2116
30764 2116
30765 2116
30766 2116
30767 2116
30768 2116
30769 2116
30770 2116
30771 2116
30772 2116
30773 2116
30774 2116
30775 2116
30776 2116
30777 2116
30778 2116
30779 2116
30780 2116
30781 2116
30782 2116
30783 2116
30784 2116
30785 2116
30786 2116
30787 2116
30788 2116
30789 2116
30790 2116
30791 2116
30792 2116
30793 2116
30794 2116
30795 2116
30796 2116
30797 2116
30798 2116
30799 2116
30800 2116
30801 2116
30802 2116
30803 2116
30804 2116
30805 2116
30806 2116
30807 2116
30808 2116
30809 2116
30810 2116
30811 2116
30812 2116
30813 2116
30814 2116
30815 2116
30816 2116
30817 2116
30818 2116
30819 2116
30820 2116
30821 2116
30822 2116
30823 2116
30824 2116
30825 2116
30826 2116
30827 2116
30828 2116
30829 2116
30830 2116
30831 2116
30832 2116
30833 2116
30834 2116
30835 2116
30836 2116
30837 2116
30838 2116
30839 2116
30840 2116
30841 2116
30842 2116
30843 2116
30844 2116
30845 2116
30846 2116
30847 2116
30848 2116
30849 2116
30850 2116
30851 2116
30852 2116
30853 2116
30854 2116
30855 2116
30856 2116
30857 2116
30858 2116
30859 2116
30860 2116
30861 2116
30862 2116
30863 2116
30864 2116
30865 2116
30866 2116
30867 2116
30868 2116
30869 2116
30870 2116
30871 2116
30872 2116
30873 2116
30874 2116
30875 2116
30876 2116
30877 2116
30878 2116
30879 2116
30880 2116
30881 2116
30882 2116
30883 2116
30884 2116
30885 2116
30886 2116
30887 2116
30888 2116
30889 2116
30890 2116
30891 2116
30892 2116
30893 2116
30894 2116
30895 2116
30896 2116
30897 2116
30898 2116
30899 2116
30900 2116
30901 2116
30902 2116
30903 2116
30904 2116
30905 2116
30906 2116
30907 2116
30908 2116
30909 2116
30910 2116
30911 2116
30912 2116
30913 2116
30914 2116
30915 2116
30916 2116
30917 2116
30918 2116
30919 2116
30920 2116
30921 2116
30922 2116
30923 2116
30924 2116
30925 2116
30926 2116
30927 2116
30928 2116
30929 2116
30930 2116
30931 2116
30932 2116
30933 2116
30934 2116
30935 2116
30936 2116
30937 2116
30938 2116
30939 2116
30940 2116
30941 2116
30942 2116
30943 2116
30944 2116
30945 2116
30946 2116
30947 2116
30948 2116
30949 2116
30950 2116
30951 2116
30952 2116
30953 2116
30954 2116
30955 2116
30956 2116
30957 2116
30958 2116
30959 2116
30960 2116
30961 2116
30962 2116
30963 2116
30964 2116
30965 2116
30966 2116
30967 2116
30968 2116
30969 2116
30970 2116
30971 2116
30972 2116
30973 2116
30974 2116
30975 2116
30976 2116
30977 2116
30978 2116
30979 2116
30980 2116
30981 2116
30982 2116
30983 2116
30984 2116
30985 2116
30986 2116
30987 2116
30988 2116
30989 2116
30990 2116
30991 2116
30992 2116
30993 2116
30994 2116
30995 2116
30996 2116
30997 2116
30998 2116
30999 2116
31000 2116
31001 2116
31002 2116
31003 2116
31004 2116
31005 2116
31006 2116
31007 2116
31008 2116
31009 2116
31010 2116
31011 2116
31012 2116
31013 2116
31014 2116
31015 2116
31016 2116
31017 2116
31018 2116
31019 2116
31020 2116
31021 2116
31022 2116
31023 2116
31024 2116
31025 2116
31026 2116
31027 2116
31028 2116
31029 2116
31030 2116
31031 2116
31032 2116
31033 2116
31034 2116
31035 2116
31036 2114
31037 2114
31038 2114
31039 2114
31040 2114
31041 2114
31042 2114
31043 2114
31044 2114
31045 2114
31046 2114
31047 2114
31048 2114
31049 2114
31050 2114
31051 2114
31052 2114
31053 2114
31054 2114
31055 2114
31056 2114
31057 2114
31058 2114
31059 2114
31060 2114
31061 2114
31062 2114
31063 2114
31064 2114
31065 2114
31066 2114
31067 2114
31068 2114
31069 2114
31070 2114
31071 2114
31072 2114
31073 2114
31074 2114
31075 2114
31076 2114
31077 2114
31078 2114
31079 2114
31080 2114
31081 2114
31082 2114
31083 2114
31084 2114
31085 2114
31086 2114
31087 2114
31088 2114
31089 2114
31090 2114
31091 2114
31092 2114
31093 2114
31094 2114
31095 2114
31096 2114
31097 2114
31098 2114
31099 2114
31100 2114
31101 2114
31102 2114
31103 2114
31104 2114
31105 2114
31106 2114
31107 2114
31108 2114
31109 2114
31110 2114
31111 2114
31112 2114
31113 2114
31114 2114
31115 2114
31116 2114
31117 2114
31118 2114
31119 2114
31120 2114
31121 2114
31122 2114
31123 2114
31124 2114
31125 2114
31126 2114
31127 2114
31128 2114
31129 2114
31130 2114
31131 2114
31132 2114
31133 2114
31134 2114
31135 2114
31136 2114
31137 2114
31138 2114
31139 2114
31140 2114
31141 2114
31142 2114
31143 2114
31144 2114
31145 2114
31146 2114
31147 2114
31148 2114
31149 2114
31150 2114
31151 2114
31152 2114
31153 2114
31154 2114
31155 2114
31156 2114
31157 2114
31158 2114
31159 2114
31160 2114
31161 2114
31162 2114
31163 2114
31164 2114
31165 2114
31166 2114
31167 2114
31168 2114
31169 2114
31170 2114
31171 2114
31172 2114
31173 2114
31174 2114
31175 2114
31176 2114
31177 2114
31178 2114
31179 2114
31180 2114
31181 2114
31182 2114
31183 2114
31184 2114
31185 2114
31186 2114
31187 2114
31188 2114
31189 2114
31190 2114
31191 2114
31192 2114
31193 2114
31194 2114
31195 2114
31196 2114
31197 2114
31198 2114
31199 2114
31200 2114
31201 2114
31202 2114
31203 2114
31204 2114
31205 2114
31206 2114
31207 2114
31208 2114
31209 2114
31210 2114
31211 2114
31212 2114
31213 2114
31214 2114
31215 2114
31216 2114
31217 2114
31218 2114
31219 2114
31220 2114
31221 2114
31222 2114
31223 2114
31224 2114
31225 2114
31226 2114
31227 2114
31228 2114
31229 2114
31230 2114
31231 2114
31232 2114
31233 2114
31234 2114
31235 2114
31236 2114
31237 2114
31238 2114
31239 2114
31240 2114
31241 2114
31242 2114
31243 2114
31244 2114
31245 2114
31246 2114
31247 2114
31248 2114
31249 2114
31250 2114
31251 2114
31252 2114
31253 2114
31254 2114
31255 2114
31256 2114
31257 2114
31258 2114
31259 2114
31260 2114
31261 2114
31262 2114
31263 2114
31264 2114
31265 2114
31266 2114
31267 2114
31268 2114
31269 2114
31270 2114
31271 2114
31272 2114
31273 2114
31274 2114
31275 2114
31276 2114
31277 2114
31278 2114
31279 2114
31280 2114
31281 2114
31282 2114
31283 2114
31284 2114
31285 2114
31286 2114
31287 2114
31288 2114
31289 2114
31290 2114
31291 2114
31292 2114
31293 2114
31294 2114
31295 2114
31296 2114
31297 2114
31298 2114
31299 2114
31300 2114
31301 2114
31302 2114
31303 2114
31304 2114
31305 2114
31306 2114
31307 2114
31308 2114
31309 2114
31310 2114
31311 2114
31312 2114
31313 2114
31314 2114
31315 2114
31316 2114
31317 2114
31318 2114
31319 2114
31320 2114
31321 2114
31322 2114
31323 2114
31324 2114
31325 2114
31326 2114
31327 2114
31328 2114
31329 2114
31330 2114
31331 2114
31332 2114
31333 2114
31334 2114
31335 2114
31336 2114
31337 2114
31338 2114
31339 2114
31340 2114
31341 2114
31342 2114
31343 2114
31344 2114
31345 2114
31346 2114
31347 2114
31348 2114
31349 2114
31350 2114
31351 2114
31352 2114
31353 2114
31354 2114
31355 2114
31356 2114
31357 2114
31358 2114
31359 2114
31360 2114
31361 2114
31362 2114
31363 2114
31364 2114
31365 2114
31366 2114
31367 2114
31368 2114
31369 2114
31370 2114
31371 2114
31372 2114
31373 2114
31374 2114
31375 2114
31376 2114
31377 2114
31378 2114
31379 2114
31380 2114
31381 2114
31382 2114
31383 2114
31384 2114
31385 2114
31386 2114
31387 2114
31388 2114
31389 2114
31390 2114
31391 2114
31392 2114
31393 2114
31394 2114
31395 2114
31396 2114
31397 2114
31398 2114
31399 2114
31400 2114
31401 2114
31402 2114
31403 2114
31404 2114
31405 2114
31406 2114
31407 2114
31408 2114
31409 2114
31410 2114
31411 2114
31412 2114
31413 2114
31414 2114
31415 2114
31416 2114
31417 2114
31418 2114
31419 2114
31420 2114
31421 2114
31422 2114
31423 2114
31424 2114
31425 2114
31426 2114
31427 2114
31428 2114
31429 2114
31430 2114
31431 2114
31432 2114
31433 2114
31434 2114
31435 2114
31436 2114
31437 2114
31438 2114
31439 2114
31440 2114
31441 2114
31442 2114
31443 2114
31444 2114
31445 2114
31446 2114
31447 2114
31448 2114
31449 2114
31450 2114
31451 2114
31452 2114
31453 2114
31454 2114
31455 2114
31456 2114
31457 2114
31458 2114
31459 2114
31460 2114
31461 2114
31462 2114
31463 2114
31464 2114
31465 2114
31466 2114
31467 2114
31468 2114
31469 2114
31470 2114
31471 2114
31472 2114
31473 2114
31474 2114
31475 2114
31476 2114
31477 2114
31478 2114
31479 2114
31480 2114
31481 2114
31482 2114
31483 2114
31484 2114
31485 2114
31486 2114
31487 2114
31488 2114
31489 2114
31490 2114
31491 2114
31492 2114
31493 2114
31494 2114
31495 2114
31496 2114
31497 2114
31498 2114
31499 2114
31500 2114
31501 2114
31502 2114
31503 2114
31504 2114
31505 2114
31506 2114
31507 2114
31508 2114
31509 2114
31510 2114
31511 2114
31512 2114
31513 2114
31514 2114
31515 2114
31516 2114
31517 2114
31518 2114
31519 2114
31520 2114
31521 2114
31522 2114
31523 2114
31524 2114
31525 2114
31526 2114
31527 2114
31528 2114
31529 2114
31530 2114
31531 2114
31532 2114
31533 2114
31534 2114
31535 2114
31536 2114
31537 2114
31538 2114
31539 2114
31540 2114
31541 2114
31542 2114
31543 2114
31544 2114
31545 2114
31546 2114
31547 2114
31548 2114
31549 2114
31550 2114
31551 2114
31552 2114
31553 2114
31554 2114
31555 2114
31556 2114
31557 2114
31558 2114
31559 2114
31560 2114
31561 2114
31562 2114
31563 2114
31564 2114
31565 2114
31566 2114
31567 2114
31568 2114
31569 2114
31570 2114
31571 2114
31572 2114
31573 2114
31574 2114
31575 2114
31576 2114
31577 2114
31578 2114
31579 2114
31580 2114
31581 2114
31582 2114
31583 2114
31584 2114
31585 2114
31586 2114
31587 2114
31588 2114
31589 2114
31590 2114
31591 2114
31592 2114
31593 2114
31594 2114
31595 2114
31596 2114
31597 2114
31598 2114
31599 2114
31600 2114
31601 2114
31602 2114
31603 2114
31604 2114
31605 2114
31606 2114
31607 2114
31608 2114
31609 2114
31610 2114
31611 2114
31612 2114
31613 2114
31614 2114
31615 2114
31616 2114
31617 2114
31618 2114
31619 2114
31620 2114
31621 2114
31622 2114
31623 2114
31624 2114
31625 2114
31626 2114
31627 2114
31628 2114
31629 2114
31630 2114
31631 2114
31632 2114
31633 2114
31634 2114
31635 2114
31636 2114
31637 2114
31638 2114
31639 2114
31640 2114
31641 2114
31642 2114
31643 2114
31644 2114
31645 2114
31646 2114
31647 2114
31648 2114
31649 2114
31650 2114
31651 2114
31652 2114
31653 2114
31654 2114
31655 2114
31656 2114
31657 2114
31658 2114
31659 2114
31660 2114
31661 2114
31662 2114
31663 2114
31664 2114
31665 2114
31666 2114
31667 2114
31668 2114
31669 2114
31670 2114
31671 2114
31672 2114
31673 2114
31674 2114
31675 2114
31676 2114
31677 2114
31678 2114
31679 2114
31680 2114
31681 2114
31682 2114
31683 2114
31684 2114
31685 2114
31686 2114
31687 2114
31688 2114
31689 2114
31690 2114
31691 2114
31692 2114
31693 2114
31694 2114
31695 2114
31696 2114
31697 2114
31698 2114
31699 2114
31700 2114
31701 2114
31702 2114
31703 2114
31704 2114
31705 2114
31706 2114
31707 2114
31708 2114
31709 2114
31710 2114
31711 2114
31712 2114
31713 2114
31714 2114
31715 2114
31716 2114
31717 2114
31718 2114
31719 2114
31720 2114
31721 2114
31722 2114
31723 2114
31724 2114
31725 2114
31726 2114
31727 2114
31728 2114
31729 2114
31730 2114
31731 2114
31732 2114
31733 2114
31734 2114
31735 2114
31736 2114
31737 2114
31738 2114
31739 2114
31740 2114
31741 2114
31742 2114
31743 2114
31744 2114
31745 2114
31746 2114
31747 2114
31748 2114
31749 2114
31750 2114
31751 2114
31752 2114
31753 2114
31754 2114
31755 2114
31756 2114
31757 2114
31758 2114
31759 2114
31760 2114
31761 2114
31762 2114
31763 2114
31764 2114
31765 2114
31766 2114
31767 2114
31768 2114
31769 2114
31770 2114
31771 2114
31772 2114
31773 2114
31774 2114
31775 2114
31776 2114
31777 2114
31778 2114
31779 2114
31780 2114
31781 2114
31782 2114
31783 2114
31784 2114
31785 2114
31786 2114
31787 2114
31788 2114
31789 2114
31790 2114
31791 2114
31792 2114
31793 2114
31794 2114
31795 2114
31796 2114
31797 2114
31798 2114
31799 2114
31800 2114
31801 2114
31802 2114
31803 2114
31804 2114
31805 2114
31806 2114
31807 2114
31808 2114
31809 2114
31810 2114
31811 2114
31812 2114
31813 2114
31814 2114
31815 2114
31816 2114
31817 2114
31818 2114
31819 2114
31820 2114
31821 2114
31822 2114
31823 2114
31824 2114
31825 2114
31826 2114
31827 2114
31828 2114
31829 2114
31830 2114
31831 2114
31832 2114
31833 2114
31834 2114
31835 2114
31836 2114
31837 2114
31838 2114
31839 2114
31840 2114
31841 2114
31842 2114
31843 2114
31844 2114
31845 2114
31846 2114
31847 2114
31848 2114
31849 2114
31850 2114
31851 2114
31852 2114
31853 2114
31854 2114
31855 2114
31856 2114
31857 2114
31858 2114
31859 2114
31860 2114
31861 2114
31862 2114
31863 2114
31864 2114
31865 2114
31866 2114
31867 2114
31868 2114
31869 2114
31870 2114
31871 2114
31872 2114
31873 2114
31874 2114
31875 2114
31876 2114
31877 2114
31878 2114
31879 2114
31880 2114
31881 2114
31882 2114
31883 2114
31884 2114
31885 2114
31886 2114
31887 2114
31888 2114
31889 2114
31890 2114
31891 2114
31892 2114
31893 2114
31894 2114
31895 2114
31896 2114
31897 2114
31898 2114
31899 2114
31900 2114
31901 2114
31902 2114
31903 2114
31904 2114
31905 2114
31906 2114
31907 2114
31908 2114
31909 2114
31910 2114
31911 2114
31912 2114
31913 2114
31914 2114
31915 2114
31916 2114
31917 2114
31918 2114
31919 2114
31920 2114
31921 2114
31922 2114
31923 2114
31924 2114
31925 2114
31926 2114
31927 2114
31928 2114
31929 2114
31930 2114
31931 2114
31932 2114
31933 2114
31934 2114
31935 2114
31936 2114
31937 2114
31938 2114
31939 2114
31940 2114
31941 2114
31942 2114
31943 2114
31944 2114
31945 2114
31946 2114
31947 2114
31948 2114
31949 2114
31950 2114
31951 2114
31952 2114
31953 2114
31954 2114
31955 2114
31956 2114
31957 2114
31958 2114
31959 2114
31960 2114
31961 2114
31962 2114
31963 2114
31964 2114
31965 2114
31966 2114
31967 2114
31968 2114
31969 2114
31970 2114
31971 2114
31972 2114
31973 2114
31974 2114
31975 2114
31976 2114
31977 2114
31978 2114
31979 2114
31980 2114
31981 2114
31982 2114
31983 2114
31984 2114
31985 2114
31986 2114
31987 2114
31988 2114
31989 2114
31990 2114
31991 2114
31992 2114
31993 2114
31994 2114
31995 2114
31996 2114
31997 2114
31998 2114
31999 2114
32000 2114
32001 2109
32002 2109
32003 2109
32004 2109
32005 2109
32006 2109
32007 2109
32008 2109
32009 2109
32010 2109
32011 2109
32012 2109
32013 2109
32014 2109
32015 2109
32016 2109
32017 2109
32018 2109
32019 2109
32020 2109
32021 2109
32022 2109
32023 2109
32024 2109
32025 2109
32026 2109
32027 2109
32028 2109
32029 2109
32030 2109
32031 2109
32032 2109
32033 2109
32034 2109
32035 2109
32036 2109
32037 2109
32038 2109
32039 2109
32040 2109
32041 2109
32042 2109
32043 2109
32044 2109
32045 2109
32046 2109
32047 2109
32048 2109
32049 2109
32050 2109
32051 2109
32052 2109
32053 2109
32054 2109
32055 2109
32056 2109
32057 2109
32058 2109
32059 2109
32060 2109
32061 2109
32062 2109
32063 2109
32064 2109
32065 2109
32066 2109
32067 2109
32068 2109
32069 2109
32070 2109
32071 2109
32072 2109
32073 2109
32074 2109
32075 2109
32076 2109
32077 2109
32078 2109
32079 2109
32080 2109
32081 2109
32082 2109
32083 2109
32084 2109
32085 2109
32086 2109
32087 2109
32088 2109
32089 2109
32090 2109
32091 2109
32092 2109
32093 2109
32094 2109
32095 2109
32096 2109
32097 2109
32098 2109
32099 2109
32100 2109
32101 2109
32102 2109
32103 2109
32104 2109
32105 2109
32106 2109
32107 2109
32108 2109
32109 2109
32110 2109
32111 2109
32112 2109
32113 2109
32114 2109
32115 2109
32116 2109
32117 2109
32118 2109
32119 2109
32120 2109
32121 2109
32122 2109
32123 2109
32124 2109
32125 2109
32126 2109
32127 2109
32128 2109
32129 2109
32130 2109
32131 2109
32132 2109
32133 2109
32134 2109
32135 2109
32136 2109
32137 2109
32138 2109
32139 2109
32140 2109
32141 2109
32142 2109
32143 2109
32144 2109
32145 2109
32146 2109
32147 2109
32148 2109
32149 2109
32150 2109
32151 2109
32152 2109
32153 2109
32154 2109
32155 2109
32156 2109
32157 2109
32158 2109
32159 2109
32160 2109
32161 2109
32162 2109
32163 2109
32164 2109
32165 2109
32166 2109
32167 2109
32168 2109
32169 2109
32170 2109
32171 2109
32172 2109
32173 2109
32174 2109
32175 2109
32176 2109
32177 2109
32178 2109
32179 2109
32180 2109
32181 2109
32182 2109
32183 2109
32184 2109
32185 2109
32186 2109
32187 2109
32188 2109
32189 2109
32190 2109
32191 2109
32192 2109
32193 2109
32194 2109
32195 2109
32196 2109
32197 2109
32198 2109
32199 2109
32200 2109
32201 2109
32202 2109
32203 2109
32204 2109
32205 2109
32206 2109
32207 2109
32208 2109
32209 2109
32210 2109
32211 2109
32212 2109
32213 2109
32214 2109
32215 2109
32216 2109
32217 2109
32218 2109
32219 2109
32220 2109
32221 2109
32222 2109
32223 2109
32224 2109
32225 2109
32226 2109
32227 2109
32228 2109
32229 2109
32230 2109
32231 2109
32232 2109
32233 2109
32234 2109
32235 2109
32236 2109
32237 2109
32238 2109
32239 2109
32240 2109
32241 2109
32242 2109
32243 2109
32244 2109
32245 2109
32246 2109
32247 2109
32248 2109
32249 2109
32250 2109
32251 2109
32252 2109
32253 2109
32254 2109
32255 2109
32256 2109
32257 2109
32258 2109
32259 2109
32260 2109
32261 2109
32262 2109
32263 2109
32264 2109
32265 2109
32266 2109
32267 2109
32268 2109
32269 2109
32270 2109
32271 2109
32272 2109
32273 2109
32274 2109
32275 2109
32276 2109
32277 2109
32278 2109
32279 2109
32280 2109
32281 2109
32282 2109
32283 2109
32284 2109
32285 2109
32286 2109
32287 2109
32288 2109
32289 2109
32290 2109
32291 2109
32292 2109
32293 2109
32294 2109
32295 2109
32296 2109
32297 2109
32298 2109
32299 2109
32300 2109
32301 2109
32302 2109
32303 2109
32304 2109
32305 2109
32306 2109
32307 2109
32308 2109
32309 2109
32310 2109
32311 2109
32312 2109
32313 2109
32314 2109
32315 2109
32316 2109
32317 2109
32318 2109
32319 2109
32320 2109
32321 2109
32322 2109
32323 2109
32324 2109
32325 2109
32326 2109
32327 2109
32328 2109
32329 2109
32330 2109
32331 2109
32332 2109
32333 2109
32334 2109
32335 2109
32336 2109
32337 2109
32338 2109
32339 2105
32340 2105
32341 2105
32342 2105
32343 2105
32344 2103
32345 2103
32346 2103
32347 2103
32348 2103
32349 2103
32350 2103
32351 2103
32352 2103
32353 2103
32354 2103
32355 2103
32356 2103
32357 2103
32358 2103
32359 2103
32360 2103
32361 2103
32362 2103
32363 2103
32364 2103
32365 2103
32366 2103
32367 2103
32368 2103
32369 2103
32370 2103
32371 2103
32372 2103
32373 2103
32374 2103
32375 2103
32376 2103
32377 2103
32378 2103
32379 2103
32380 2103
32381 2103
32382 2103
32383 2103
32384 2103
32385 2103
32386 2103
32387 2103
32388 2103
32389 2103
32390 2103
32391 2103
32392 2103
32393 2103
32394 2103
32395 2103
32396 2103
32397 2103
32398 2103
32399 2103
32400 2103
32401 2103
32402 2103
32403 2103
32404 2103
32405 2103
32406 2103
32407 2103
32408 2103
32409 2103
32410 2103
32411 2103
32412 2103
32413 2103
32414 2103
32415 2103
32416 2103
32417 2103
32418 2103
32419 2103
32420 2103
32421 2103
32422 2103
32423 2103
32424 2103
32425 2103
32426 2103
32427 2103
32428 2103
32429 2103
32430 2103
32431 2103
32432 2103
32433 2103
32434 2103
32435 2103
32436 2103
32437 2103
32438 2103
32439 2103
32440 2103
32441 2103
32442 2103
32443 2103
32444 2103
32445 2103
32446 2103
32447 2103
32448 2103
32449 2103
32450 2103
32451 2103
32452 2103
32453 2103
32454 2103
32455 2103
32456 2103
32457 2103
32458 2103
32459 2103
32460 2103
32461 2103
32462 2103
32463 2103
32464 2103
32465 2103
32466 2103
32467 2103
32468 2103
32469 2103
32470 2103
32471 2103
32472 2103
32473 2103
32474 2103
32475 2103
32476 2103
32477 2103
32478 2103
32479 2103
32480 2103
32481 2103
32482 2103
32483 2103
32484 2103
32485 2103
32486 2103
32487 2103
32488 2103
32489 2103
32490 2103
32491 2103
32492 2103
32493 2103
32494 2103
32495 2103
32496 2103
32497 2103
32498 2103
32499 2103
32500 2103
32501 2103
32502 2103
32503 2103
32504 2103
32505 2103
32506 2103
32507 2103
32508 2103
32509 2103
32510 2103
32511 2103
32512 2103
32513 2103
32514 2103
32515 2103
32516 2103
32517 2103
32518 2103
32519 2103
32520 2103
32521 2103
32522 2103
32523 2103
32524 2103
32525 2103
32526 2103
32527 2103
32528 2103
32529 2103
32530 2103
32531 2103
32532 2103
32533 2103
32534 2103
32535 2103
32536 2103
32537 2103
32538 2103
32539 2103
32540 2103
32541 2103
32542 2103
32543 2103
32544 2103
32545 2103
32546 2103
32547 2103
32548 2103
32549 2103
32550 2103
32551 2103
32552 2103
32553 2103
32554 2103
32555 2103
32556 2103
32557 2103
32558 2103
32559 2103
32560 2103
32561 2103
32562 2103
32563 2103
32564 2103
32565 2103
32566 2103
32567 2103
32568 2103
32569 2103
32570 2103
32571 2103
32572 2103
32573 2103
32574 2103
32575 2103
32576 2103
32577 2103
32578 2103
32579 2103
32580 2103
32581 2103
32582 2103
32583 2103
32584 2103
32585 2103
32586 2103
32587 2103
32588 2103
32589 2103
32590 2103
32591 2103
32592 2103
32593 2103
32594 2103
32595 2103
32596 2103
32597 2103
32598 2103
32599 2103
32600 2103
32601 2103
32602 2103
32603 2103
32604 2103
32605 2103
32606 2103
32607 2103
32608 2103
32609 2103
32610 2103
32611 2103
32612 2103
32613 2103
32614 2103
32615 2103
32616 2103
32617 2103
32618 2103
32619 2103
32620 2103
32621 2103
32622 2103
32623 2103
32624 2103
32625 2103
32626 2103
32627 2103
32628 2103
32629 2103
32630 2103
32631 2103
32632 2103
32633 2103
32634 2103
32635 2103
32636 2103
32637 2103
32638 2103
32639 2103
32640 2103
32641 2103
32642 2103
32643 2103
32644 2103
32645 2103
32646 2103
32647 2103
32648 2103
32649 2103
32650 2103
32651 2103
32652 2103
32653 2103
32654 2103
32655 2103
32656 2103
32657 2103
32658 2103
32659 2103
32660 2103
32661 2103
32662 2103
32663 2103
32664 2103
32665 2103
32666 2103
32667 2103
32668 2103
32669 2103
32670 2103
32671 2103
32672 2103
32673 2103
32674 2103
32675 2103
32676 2103
32677 2103
32678 2103
32679 2103
32680 2103
32681 2103
32682 2103
32683 2103
32684 2103
32685 2103
32686 2103
32687 2103
32688 2103
32689 2103
32690 2103
32691 2103
32692 2103
32693 2103
32694 2103
32695 2103
32696 2103
32697 2103
32698 2103
32699 2103
32700 2103
32701 2103
32702 2103
32703 2103
32704 2103
32705 2103
32706 2103
32707 2103
32708 2103
32709 2103
32710 2103
32711 2103
32712 2103
32713 2103
32714 2103
32715 2103
32716 2103
32717 2103
32718 2103
32719 2103
32720 2103
32721 2103
32722 2103
32723 2103
32724 2103
32725 2103
32726 2103
32727 2103
32728 2103
32729 2103
32730 2103
32731 2103
32732 2103
32733 2103
32734 2103
32735 2103
32736 2103
32737 2103
32738 2103
32739 2103
32740 2103
32741 2103
32742 2103
32743 2103
32744 2103
32745 2103
32746 2103
32747 2103
32748 2103
32749 2103
32750 2103
32751 2103
32752 2103
32753 2103
32754 2103
32755 2103
32756 2103
32757 2103
32758 2103
32759 2103
32760 2103
32761 2103
32762 2103
32763 2103
32764 2103
32765 2103
32766 2103
32767 2103
32768 2103
32769 2103
32770 2103
32771 2103
32772 2103
32773 2103
32774 2103
32775 2103
32776 2103
32777 2103
32778 2103
32779 2103
32780 2103
32781 2103
32782 2103
32783 2103
32784 2103
32785 2103
32786 2103
32787 2103
32788 2103
32789 2103
32790 2103
32791 2103
32792 2103
32793 2103
32794 2103
32795 2103
32796 2103
32797 2103
32798 2103
32799 2103
32800 2103
32801 2103
32802 2103
32803 2103
32804 2103
32805 2103
32806 2103
32807 2103
32808 2103
32809 2103
32810 2103
32811 2103
32812 2103
32813 2103
32814 2103
32815 2103
32816 2103
32817 2103
32818 2103
32819 2103
32820 2103
32821 2103
32822 2103
32823 2103
32824 2103
32825 2103
32826 2103
32827 2103
32828 2103
32829 2103
32830 2103
32831 2103
32832 2103
32833 2103
32834 2103
32835 2103
32836 2103
32837 2103
32838 2103
32839 2103
32840 2103
32841 2103
32842 2103
32843 2103
32844 2103
32845 2103
32846 2103
32847 2103
32848 2103
32849 2103
32850 2103
32851 2103
32852 2103
32853 2103
32854 2103
32855 2103
32856 2103
32857 2103
32858 2103
32859 2103
32860 2103
32861 2103
32862 2103
32863 2103
32864 2103
32865 2103
32866 2103
32867 2103
32868 2103
32869 2103
32870 2103
32871 2103
32872 2103
32873 2103
32874 2103
32875 2103
32876 2103
32877 2103
32878 2103
32879 2103
32880 2103
32881 2103
32882 2103
32883 2103
32884 2103
32885 2103
32886 2103
32887 2103
32888 2103
32889 2103
32890 2103
32891 2103
32892 2103
32893 2103
32894 2103
32895 2103
32896 2103
32897 2103
32898 2103
32899 2103
32900 2103
32901 2103
32902 2103
32903 2103
32904 2103
32905 2103
32906 2103
32907 2103
32908 2103
32909 2103
32910 2103
32911 2103
32912 2103
32913 2103
32914 2103
32915 2103
32916 2103
32917 2103
32918 2103
32919 2103
32920 2103
32921 2103
32922 2103
32923 2103
32924 2103
32925 2103
32926 2103
32927 2103
32928 2103
32929 2103
32930 2103
32931 2103
32932 2103
32933 2103
32934 2103
32935 2103
32936 2103
32937 2103
32938 2103
32939 2103
32940 2103
32941 2103
32942 2103
32943 2103
32944 2103
32945 2103
32946 2103
32947 2103
32948 2103
32949 2103
32950 2103
32951 2096
32952 2096
32953 2096
32954 2096
32955 2096
32956 2096
32957 2096
32958 2096
32959 2096
32960 2096
32961 2096
32962 2096
32963 2096
32964 2096
32965 2096
32966 2095
32967 2095
32968 2095
32969 2095
32970 2095
32971 2095
32972 2095
32973 2095
32974 2095
32975 2095
32976 2095
32977 2095
32978 2095
32979 2095
32980 2095
32981 2095
32982 2095
32983 2095
32984 2095
32985 2095
32986 2095
32987 2095
32988 2095
32989 2095
32990 2095
32991 2095
32992 2095
32993 2095
32994 2095
32995 2095
32996 2095
32997 2095
32998 2095
32999 2095
33000 2095
33001 2095
33002 2095
33003 2095
33004 2095
33005 2095
33006 2095
33007 2095
33008 2095
33009 2095
33010 2095
33011 2095
33012 2095
33013 2095
33014 2095
33015 2095
33016 2095
33017 2095
33018 2095
33019 2095
33020 2095
33021 2095
33022 2095
33023 2095
33024 2095
33025 2095
33026 2095
33027 2095
33028 2095
33029 2095
33030 2095
33031 2095
33032 2095
33033 2095
33034 2095
33035 2095
33036 2095
33037 2095
33038 2095
33039 2095
33040 2095
33041 2095
33042 2095
33043 2095
33044 2095
33045 2095
33046 2095
33047 2095
33048 2095
33049 2095
33050 2095
33051 2095
33052 2095
33053 2095
33054 2095
33055 2095
33056 2095
33057 2095
33058 2095
33059 2095
33060 2095
33061 2095
33062 2095
33063 2095
33064 2095
33065 2095
33066 2095
33067 2095
33068 2095
33069 2095
33070 2095
33071 2095
33072 2095
33073 2095
33074 2095
33075 2095
33076 2095
33077 2095
33078 2095
33079 2095
33080 2095
33081 2095
33082 2095
33083 2095
33084 2095
33085 2095
33086 2095
33087 2095
33088 2095
33089 2095
33090 2095
33091 2095
33092 2095
33093 2095
33094 2095
33095 2095
33096 2095
33097 2095
33098 2095
33099 2095
33100 2095
33101 2095
33102 2095
33103 2095
33104 2095
33105 2095
33106 2095
33107 2095
33108 2095
33109 2095
33110 2095
33111 2095
33112 2095
33113 2095
33114 2095
33115 2095
33116 2095
33117 2095
33118 2095
33119 2095
33120 2095
33121 2095
33122 2095
33123 2095
33124 2095
33125 2095
33126 2095
33127 2095
33128 2095
33129 2095
33130 2095
33131 2095
33132 2095
33133 2095
33134 2095
33135 2095
33136 2095
33137 2095
33138 2095
33139 2095
33140 2095
33141 2095
33142 2095
33143 2095
33144 2095
33145 2095
33146 2095
33147 2095
33148 2095
33149 2095
33150 2095
33151 2095
33152 2095
33153 2095
33154 2095
33155 2095
33156 2095
33157 2095
33158 2095
33159 2095
33160 2095
33161 2095
33162 2095
33163 2095
33164 2095
33165 2095
33166 2095
33167 2095
33168 2095
33169 2095
33170 2095
33171 2095
33172 2095
33173 2095
33174 2095
33175 2095
33176 2095
33177 2095
33178 2095
33179 2095
33180 2095
33181 2095
33182 2095
33183 2095
33184 2095
33185 2095
33186 2095
33187 2095
33188 2095
33189 2095
33190 2095
33191 2095
33192 2095
33193 2095
33194 2095
33195 2095
33196 2095
33197 2095
33198 2095
33199 2095
33200 2095
33201 2095
33202 2095
33203 2095
33204 2095
33205 2095
33206 2095
33207 2095
33208 2095
33209 2095
33210 2095
33211 2095
33212 2095
33213 2095
33214 2095
33215 2095
33216 2095
33217 2095
33218 2095
33219 2095
33220 2095
33221 2095
33222 2095
33223 2095
33224 2095
33225 2095
33226 2095
33227 2095
33228 2095
33229 2095
33230 2095
33231 2095
33232 2095
33233 2095
33234 2095
33235 2095
33236 2095
33237 2095
33238 2095
33239 2095
33240 2095
33241 2095
33242 2095
33243 2095
33244 2095
33245 2095
33246 2095
33247 2095
33248 2095
33249 2095
33250 2095
33251 2095
33252 2095
33253 2095
33254 2095
33255 2095
33256 2095
33257 2095
33258 2095
33259 2095
33260 2095
33261 2095
33262 2095
33263 2095
33264 2095
33265 2095
33266 2095
33267 2095
33268 2095
33269 2095
33270 2095
33271 2095
33272 2095
33273 2095
33274 2095
33275 2095
33276 2095
33277 2095
33278 2095
33279 2095
33280 2095
33281 2095
33282 2095
33283 2095
33284 2095
33285 2095
33286 2095
33287 2095
33288 2095
33289 2095
33290 2095
33291 2095
33292 2095
33293 2095
33294 2095
33295 2095
33296 2095
33297 2095
33298 2095
33299 2095
33300 2095
33301 2095
33302 2095
33303 2095
33304 2095
33305 2095
33306 2095
33307 2095
33308 2095
33309 2095
33310 2095
33311 2095
33312 2095
33313 2095
33314 2095
33315 2095
33316 2095
33317 2095
33318 2095
33319 2095
33320 2095
33321 2095
33322 2095
33323 2095
33324 2095
33325 2095
33326 2095
33327 2095
33328 2095
33329 2095
33330 2095
33331 2095
33332 2095
33333 2095
33334 2095
33335 2095
33336 2095
33337 2095
33338 2095
33339 2095
33340 2095
33341 2095
33342 2095
33343 2095
33344 2095
33345 2095
33346 2095
33347 2095
33348 2095
33349 2095
33350 2095
33351 2095
33352 2095
33353 2095
33354 2095
33355 2095
33356 2095
33357 2095
33358 2095
33359 2095
33360 2095
33361 2095
33362 2095
33363 2095
33364 2095
33365 2095
33366 2095
33367 2095
33368 2095
33369 2095
33370 2095
33371 2095
33372 2095
33373 2095
33374 2095
33375 2095
33376 2095
33377 2095
33378 2095
33379 2095
33380 2095
33381 2095
33382 2095
33383 2095
33384 2095
33385 2095
33386 2095
33387 2095
33388 2095
33389 2095
33390 2095
33391 2095
33392 2095
33393 2095
33394 2095
33395 2095
33396 2095
33397 2095
33398 2095
33399 2095
33400 2095
33401 2095
33402 2095
33403 2095
33404 2095
33405 2095
33406 2095
33407 2095
33408 2095
33409 2095
33410 2095
33411 2095
33412 2095
33413 2095
33414 2095
33415 2095
33416 2095
33417 2095
33418 2095
33419 2095
33420 2095
33421 2095
33422 2095
33423 2095
33424 2095
33425 2095
33426 2095
33427 2095
33428 2095
33429 2095
33430 2095
33431 2095
33432 2095
33433 2095
33434 2095
33435 2095
33436 2095
33437 2095
33438 2095
33439 2095
33440 2095
33441 2095
33442 2095
33443 2095
33444 2095
33445 2095
33446 2095
33447 2095
33448 2095
33449 2095
33450 2095
33451 2095
33452 2095
33453 2095
33454 2095
33455 2095
33456 2095
33457 2095
33458 2095
33459 2095
33460 2095
33461 2095
33462 2095
33463 2095
33464 2095
33465 2095
33466 2095
33467 2095
33468 2095
33469 2095
33470 2095
33471 2095
33472 2095
33473 2095
33474 2095
33475 2095
33476 2095
33477 2095
33478 2095
33479 2095
33480 2095
33481 2095
33482 2095
33483 2095
33484 2095
33485 2095
33486 2095
33487 2095
33488 2095
33489 2095
33490 2095
33491 2095
33492 2095
