1 6992
2 6992
3 6992
4 6992
5 6992
6 6992
7 6992
8 6981
9 6964
10 6964
11 6939
12 6939
13 6939
14 6939
15 6939
16 6939
17 6931
18 6931
19 6903
20 6903
21 6903
22 6890
23 6890
24 6874
25 6841
26 6841
27 6826
28 6826
29 6826
30 6824
31 6799
32 6783
33 6765
34 6765
35 6765
36 6765
37 6742
38 6742
39 6739
40 6739
41 6726
42 6726
43 6726
44 6688
45 6686
46 6686
47 6686
48 6686
49 6671
50 6671
51 6671
52 6671
53 6671
54 6671
55 6661
56 6652
57 6652
58 6651
59 6644
60 6644
61 6642
62 6640
63 6640
64 6640
65 6630
66 6630
67 6628
68 6628
69 6613
70 6613
71 6597
72 6597
73 6597
74 6597
75 6597
76 6597
77 6597
78 6597
79 6595
80 6581
81 6567
82 6567
83 6567
84 6567
85 6567
86 6567
87 6567
88 6508
89 6508
90 6508
91 6508
92 6505
93 6505
94 6488
95 6449
96 6449
97 6449
98 6448
99 6448
100 6448
101 6448
102 6448
103 6448
104 6443
105 6439
106 6436
107 6434
108 6434
109 6407
110 6407
111 6407
112 6407
113 6407
114 6407
115 6407
116 6389
117 6389
118 6389
119 6389
120 6389
121 6389
122 6387
123 6387
124 6387
125 6372
126 6358
127 6358
128 6332
129 6332
130 6332
131 6332
132 6332
133 6332
134 6306
135 6306
136 6306
137 6306
138 6306
139 6306
140 6306
141 6274
142 6244
143 6244
144 6244
145 6231
146 6230
147 6230
148 6230
149 6230
150 6230
151 6167
152 6167
153 6154
154 6154
155 6154
156 6154
157 6154
158 6154
159 6139
160 6119
161 6119
162 6118
163 6086
164 6086
165 6086
166 6086
167 6073
168 6073
169 6070
170 6070
171 6055
172 6055
173 6055
174 6055
175 6055
176 6055
177 6055
178 6055
179 6055
180 6055
181 6022
182 6022
183 6022
184 6022
185 5992
186 5992
187 5992
188 5992
189 5992
190 5981
191 5980
192 5980
193 5978
194 5954
195 5950
196 5950
197 5950
198 5950
199 5946
200 5937
201 5937
202 5926
203 5926
204 5926
205 5926
206 5926
207 5926
208 5924
209 5924
210 5924
211 5924
212 5924
213 5922
214 5865
215 5844
216 5844
217 5844
218 5844
219 5844
220 5844
221 5827
222 5806
223 5806
224 5806
225 5806
226 5759
227 5759
228 5752
229 5752
230 5752
231 5752
232 5715
233 5699
234 5699
235 5699
236 5699
237 5699
238 5699
239 5692
240 5692
241 5688
242 5685
243 5685
244 5685
245 5685
246 5685
247 5685
248 5678
249 5678
250 5676
251 5676
252 5676
253 5648
254 5648
255 5648
256 5648
257 5621
258 5621
259 5621
260 5621
261 5621
262 5621
263 5621
264 5621
265 5621
266 5621
267 5621
268 5621
269 5621
270 5621
271 5617
272 5617
273 5617
274 5617
275 5617
276 5616
277 5616
278 5616
279 5606
280 5606
281 5606
282 5606
283 5606
284 5606
285 5600
286 5600
287 5600
288 5600
289 5600
290 5600
291 5600
292 5600
293 5600
294 5600
295 5600
296 5596
297 5596
298 5596
299 5596
300 5589
301 5589
302 5589
303 5589
304 5589
305 5589
306 5589
307 5582
308 5582
309 5579
310 5579
311 5579
312 5579
313 5562
314 5562
315 5558
316 5530
317 5530
318 5530
319 5530
320 5530
321 5530
322 5519
323 5519
324 5519
325 5519
326 5519
327 5519
328 5519
329 5519
330 5492
331 5491
332 5474
333 5474
334 5464
335 5451
336 5451
337 5451
338 5451
339 5451
340 5451
341 5446
342 5446
343 5446
344 5446
345 5446
346 5446
347 5446
348 5446
349 5446
350 5446
351 5434
352 5433
353 5433
354 5433
355 5433
356 5433
357 5433
358 5433
359 5433
360 5422
361 5422
362 5422
363 5410
364 5410
365 5410
366 5410
367 5410
368 5410
369 5410
370 5410
371 5410
372 5410
373 5403
374 5397
375 5397
376 5397
377 5372
378 5352
379 5352
380 5352
381 5352
382 5352
383 5352
384 5352
385 5348
386 5348
387 5348
388 5348
389 5348
390 5348
391 5348
392 5348
393 5348
394 5348
395 5348
396 5337
397 5333
398 5333
399 5333
400 5333
401 5333
402 5332
403 5332
404 5332
405 5332
406 5332
407 5332
408 5331
409 5321
410 5321
411 5321
412 5321
413 5321
414 5319
415 5319
416 5319
417 5319
418 5319
419 5314
420 5314
421 5301
422 5301
423 5291
424 5291
425 5291
426 5291
427 5291
428 5291
429 5291
430 5260
431 5257
432 5252
433 5252
434 5252
435 5245
436 5245
437 5245
438 5245
439 5245
440 5245
441 5245
442 5245
443 5245
444 5245
445 5245
446 5245
447 5245
448 5245
449 5245
450 5245
451 5237
452 5216
453 5216
454 5213
455 5213
456 5209
457 5209
458 5209
459 5209
460 5209
461 5209
462 5209
463 5209
464 5209
465 5209
466 5209
467 5209
468 5209
469 5209
470 5196
471 5191
472 5177
473 5177
474 5154
475 5154
476 5154
477 5154
478 5154
479 5154
480 5147
481 5147
482 5147
483 5147
484 5141
485 5141
486 5141
487 5141
488 5141
489 5141
490 5141
491 5141
492 5141
493 5141
494 5141
495 5141
496 5141
497 5141
498 5135
499 5135
500 5135
501 5135
502 5134
503 5134
504 5134
505 5134
506 5130
507 5130
508 5130
509 5130
510 5130
511 5129
512 5129
513 5129
514 5123
515 5112
516 5112
517 5105
518 5105
519 5105
520 5097
521 5097
522 5097
523 5097
524 5097
525 5097
526 5094
527 5094
528 5076
529 5076
530 5072
531 5072
532 5072
533 5072
534 5072
535 5072
536 5072
537 5057
538 5057
539 5057
540 5057
541 5057
542 5057
543 5057
544 5057
545 5047
546 5047
547 5047
548 5047
549 5041
550 5041
551 5036
552 5036
553 5036
554 5036
555 5036
556 5036
557 5036
558 5034
559 5034
560 5025
561 5025
562 5025
563 5025
564 5025
565 5022
566 4994
567 4986
568 4986
569 4986
570 4986
571 4986
572 4975
573 4975
574 4975
575 4971
576 4971
577 4971
578 4966
579 4964
580 4956
581 4955
582 4955
583 4955
584 4955
585 4941
586 4913
587 4913
588 4913
589 4913
590 4913
591 4913
592 4912
593 4912
594 4912
595 4912
596 4912
597 4909
598 4909
599 4909
600 4909
601 4909
602 4909
603 4909
604 4909
605 4909
606 4900
607 4900
608 4900
609 4900
610 4900
611 4900
612 4900
613 4883
614 4881
615 4881
616 4881
617 4867
618 4867
619 4867
620 4867
621 4867
622 4867
623 4861
624 4861
625 4861
626 4856
627 4856
628 4856
629 4856
630 4851
631 4851
632 4851
633 4851
634 4847
635 4825
636 4825
637 4825
638 4824
639 4824
640 4824
641 4824
642 4824
643 4824
644 4824
645 4818
646 4818
647 4818
648 4817
649 4817
650 4817
651 4817
652 4808
653 4808
654 4808
655 4808
656 4808
657 4804
658 4803
659 4803
660 4803
661 4803
662 4803
663 4803
664 4803
665 4803
666 4792
667 4792
668 4792
669 4780
670 4780
671 4780
672 4780
673 4780
674 4780
675 4780
676 4775
677 4775
678 4775
679 4775
680 4775
681 4775
682 4775
683 4775
684 4775
685 4775
686 4775
687 4775
688 4775
689 4761
690 4761
691 4761
692 4761
693 4761
694 4761
695 4754
696 4754
697 4754
698 4754
699 4754
700 4754
701 4754
702 4754
703 4754
704 4754
705 4754
706 4754
707 4754
708 4754
709 4754
710 4754
711 4754
712 4754
713 4749
714 4749
715 4749
716 4749
717 4749
718 4749
719 4743
720 4743
721 4743
722 4743
723 4743
724 4731
725 4731
726 4731
727 4731
728 4731
729 4731
730 4731
731 4731
732 4731
733 4731
734 4731
735 4731
736 4731
737 4731
738 4731
739 4713
740 4713
741 4713
742 4713
743 4713
744 4713
745 4713
746 4713
747 4713
748 4713
749 4713
750 4713
751 4713
752 4713
753 4713
754 4713
755 4713
756 4713
757 4713
758 4713
759 4713
760 4712
761 4712
762 4712
763 4712
764 4712
765 4712
766 4712
767 4712
768 4712
769 4712
770 4712
771 4712
772 4712
773 4712
774 4712
775 4712
776 4712
777 4712
778 4712
779 4712
780 4712
781 4704
782 4704
783 4704
784 4704
785 4704
786 4704
787 4701
788 4701
789 4701
790 4701
791 4701
792 4701
793 4701
794 4691
795 4691
796 4691
797 4691
798 4691
799 4691
800 4691
801 4691
802 4691
803 4691
804 4691
805 4691
806 4691
807 4690
808 4690
809 4690
810 4680
811 4679
812 4679
813 4679
814 4679
815 4679
816 4679
817 4679
818 4679
819 4672
820 4672
821 4672
822 4672
823 4672
824 4672
825 4672
826 4672
827 4672
828 4672
829 4672
830 4672
831 4672
832 4672
833 4672
834 4672
835 4672
836 4672
837 4672
838 4651
839 4651
840 4651
841 4651
842 4651
843 4651
844 4651
845 4651
846 4646
847 4646
848 4646
849 4646
850 4646
851 4646
852 4646
853 4638
854 4634
855 4634
856 4634
857 4634
858 4634
859 4634
860 4634
861 4634
862 4608
863 4608
864 4608
865 4608
866 4608
867 4606
868 4606
869 4606
870 4606
871 4606
872 4606
873 4606
874 4604
875 4604
876 4599
877 4599
878 4599
879 4599
880 4599
881 4599
882 4599
883 4599
884 4599
885 4599
886 4599
887 4581
888 4581
889 4576
890 4576
891 4576
892 4576
893 4575
894 4575
895 4575
896 4575
897 4575
898 4575
899 4575
900 4575
901 4575
902 4575
903 4575
904 4575
905 4575
906 4575
907 4575
908 4573
909 4573
910 4573
911 4573
912 4573
913 4573
914 4573
915 4573
916 4573
917 4573
918 4573
919 4573
920 4573
921 4573
922 4573
923 4573
924 4573
925 4573
926 4573
927 4573
928 4573
929 4573
930 4573
931 4573
932 4573
933 4571
934 4571
935 4571
936 4571
937 4571
938 4571
939 4571
940 4571
941 4571
942 4571
943 4551
944 4551
945 4551
946 4551
947 4551
948 4551
949 4551
950 4551
951 4551
952 4551
953 4551
954 4551
955 4551
956 4551
957 4551
958 4545
959 4535
960 4535
961 4535
962 4523
963 4523
964 4514
965 4514
966 4514
967 4514
968 4514
969 4514
970 4514
971 4514
972 4514
973 4514
974 4514
975 4514
976 4514
977 4514
978 4514
979 4514
980 4514
981 4514
982 4514
983 4514
984 4514
985 4506
986 4506
987 4506
988 4506
989 4506
990 4506
991 4506
992 4506
993 4506
994 4506
995 4506
996 4506
997 4506
998 4506
999 4506
1000 4506
1001 4506
1002 4506
1003 4506
1004 4506
1005 4506
1006 4506
1007 4506
1008 4506
1009 4506
1010 4506
1011 4497
1012 4497
1013 4497
1014 4497
1015 4497
1016 4497
1017 4497
1018 4497
1019 4485
1020 4485
1021 4485
1022 4485
1023 4485
1024 4485
1025 4485
1026 4485
1027 4485
1028 4485
1029 4485
1030 4485
1031 4485
1032 4485
1033 4485
1034 4485
1035 4485
1036 4485
1037 4485
1038 4485
1039 4485
1040 4485
1041 4485
1042 4485
1043 4485
1044 4485
1045 4485
1046 4485
1047 4485
1048 4485
1049 4485
1050 4485
1051 4485
1052 4485
1053 4485
1054 4483
1055 4483
1056 4483
1057 4483
1058 4483
1059 4483
1060 4483
1061 4483
1062 4483
1063 4483
1064 4483
1065 4483
1066 4483
1067 4483
1068 4483
1069 4483
1070 4483
1071 4483
1072 4480
1073 4480
1074 4480
1075 4480
1076 4469
1077 4469
1078 4469
1079 4469
1080 4469
1081 4469
1082 4469
1083 4469
1084 4469
1085 4469
1086 4469
1087 4469
1088 4469
1089 4469
1090 4469
1091 4469
1092 4469
1093 4469
1094 4469
1095 4469
1096 4469
1097 4469
1098 4469
1099 4469
1100 4469
1101 4469
1102 4469
1103 4469
1104 4469
1105 4469
1106 4464
1107 4464
1108 4464
1109 4464
1110 4464
1111 4464
1112 4464
1113 4464
1114 4464
1115 4464
1116 4464
1117 4464
1118 4464
1119 4464
1120 4463
1121 4463
1122 4463
1123 4463
1124 4463
1125 4457
1126 4457
1127 4457
1128 4457
1129 4457
1130 4457
1131 4457
1132 4457
1133 4457
1134 4457
1135 4457
1136 4457
1137 4457
1138 4457
1139 4457
1140 4457
1141 4457
1142 4457
1143 4457
1144 4457
1145 4457
1146 4457
1147 4457
1148 4457
1149 4457
1150 4447
1151 4447
1152 4447
1153 4440
1154 4440
1155 4440
1156 4440
1157 4440
1158 4440
1159 4440
1160 4440
1161 4440
1162 4440
1163 4433
1164 4433
1165 4433
1166 4433
1167 4433
1168 4433
1169 4433
1170 4433
1171 4433
1172 4433
1173 4433
1174 4433
1175 4433
1176 4433
1177 4433
1178 4427
1179 4427
1180 4427
1181 4427
1182 4427
1183 4427
1184 4427
1185 4427
1186 4427
1187 4426
1188 4426
1189 4426
1190 4426
1191 4426
1192 4426
1193 4420
1194 4406
1195 4406
1196 4406
1197 4406
1198 4403
1199 4403
1200 4403
1201 4403
1202 4403
1203 4403
1204 4403
1205 4403
1206 4403
1207 4403
1208 4403
1209 4403
1210 4403
1211 4403
1212 4403
1213 4403
1214 4403
1215 4403
1216 4403
1217 4403
1218 4403
1219 4403
1220 4403
1221 4403
1222 4403
1223 4403
1224 4403
1225 4403
1226 4400
1227 4400
1228 4400
1229 4400
1230 4400
1231 4400
1232 4400
1233 4400
1234 4400
1235 4392
1236 4392
1237 4392
1238 4392
1239 4386
1240 4386
1241 4386
1242 4386
1243 4386
1244 4386
1245 4386
1246 4386
1247 4386
1248 4386
1249 4386
1250 4386
1251 4386
1252 4386
1253 4386
1254 4386
1255 4386
1256 4386
1257 4386
1258 4386
1259 4386
1260 4386
1261 4386
1262 4386
1263 4386
1264 4380
1265 4380
1266 4380
1267 4380
1268 4380
1269 4380
1270 4380
1271 4380
1272 4380
1273 4370
1274 4370
1275 4357
1276 4357
1277 4357
1278 4357
1279 4357
1280 4357
1281 4357
1282 4357
1283 4355
1284 4355
1285 4355
1286 4355
1287 4355
1288 4355
1289 4355
1290 4355
1291 4355
1292 4355
1293 4355
1294 4355
1295 4355
1296 4355
1297 4355
1298 4355
1299 4355
1300 4355
1301 4354
1302 4354
1303 4349
1304 4349
1305 4349
1306 4349
1307 4349
1308 4349
1309 4349
1310 4349
1311 4349
1312 4349
1313 4349
1314 4349
1315 4349
1316 4349
1317 4341
1318 4341
1319 4341
1320 4341
1321 4341
1322 4341
1323 4341
1324 4337
1325 4337
1326 4337
1327 4337
1328 4337
1329 4337
1330 4336
1331 4336
1332 4336
1333 4336
1334 4336
1335 4336
1336 4336
1337 4336
1338 4336
1339 4336
1340 4336
1341 4336
1342 4336
1343 4336
1344 4336
1345 4336
1346 4336
1347 4336
1348 4336
1349 4336
1350 4336
1351 4336
1352 4336
1353 4336
1354 4336
1355 4330
1356 4330
1357 4329
1358 4329
1359 4329
1360 4329
1361 4329
1362 4299
1363 4299
1364 4299
1365 4299
1366 4299
1367 4299
1368 4299
1369 4294
1370 4294
1371 4294
1372 4294
1373 4285
1374 4285
1375 4285
1376 4285
1377 4285
1378 4285
1379 4285
1380 4283
1381 4283
1382 4283
1383 4283
1384 4283
1385 4283
1386 4283
1387 4283
1388 4283
1389 4283
1390 4283
1391 4283
1392 4283
1393 4283
1394 4283
1395 4283
1396 4283
1397 4283
1398 4283
1399 4283
1400 4283
1401 4283
1402 4283
1403 4283
1404 4283
1405 4283
1406 4283
1407 4283
1408 4283
1409 4283
1410 4283
1411 4283
1412 4283
1413 4283
1414 4283
1415 4283
1416 4283
1417 4283
1418 4283
1419 4283
1420 4283
1421 4283
1422 4283
1423 4274
1424 4274
1425 4274
1426 4274
1427 4274
1428 4274
1429 4274
1430 4274
1431 4274
1432 4274
1433 4274
1434 4274
1435 4274
1436 4274
1437 4274
1438 4274
1439 4274
1440 4274
1441 4274
1442 4270
1443 4270
1444 4270
1445 4270
1446 4270
1447 4270
1448 4270
1449 4270
1450 4270
1451 4270
1452 4270
1453 4270
1454 4270
1455 4270
1456 4270
1457 4270
1458 4270
1459 4270
1460 4261
1461 4261
1462 4261
1463 4261
1464 4261
1465 4261
1466 4261
1467 4259
1468 4249
1469 4249
1470 4249
1471 4249
1472 4249
1473 4249
1474 4249
1475 4249
1476 4249
1477 4248
1478 4248
1479 4248
1480 4248
1481 4248
1482 4248
1483 4248
1484 4248
1485 4248
1486 4234
1487 4234
1488 4234
1489 4234
1490 4234
1491 4234
1492 4234
1493 4234
1494 4219
1495 4219
1496 4219
1497 4219
1498 4219
1499 4219
1500 4219
1501 4219
1502 4219
1503 4219
1504 4219
1505 4219
1506 4219
1507 4219
1508 4219
1509 4219
1510 4219
1511 4215
1512 4214
1513 4214
1514 4211
1515 4211
1516 4211
1517 4211
1518 4211
1519 4211
1520 4211
1521 4211
1522 4211
1523 4211
1524 4211
1525 4211
1526 4211
1527 4211
1528 4211
1529 4211
1530 4211
1531 4211
1532 4211
1533 4211
1534 4211
1535 4211
1536 4211
1537 4211
1538 4211
1539 4208
1540 4208
1541 4208
1542 4208
1543 4208
1544 4208
1545 4208
1546 4208
1547 4208
1548 4208
1549 4208
1550 4208
1551 4208
1552 4208
1553 4208
1554 4208
1555 4208
1556 4204
1557 4204
1558 4204
1559 4204
1560 4204
1561 4204
1562 4204
1563 4204
1564 4204
1565 4204
1566 4204
1567 4204
1568 4204
1569 4204
1570 4204
1571 4204
1572 4202
1573 4202
1574 4192
1575 4192
1576 4192
1577 4192
1578 4192
1579 4192
1580 4192
1581 4192
1582 4192
1583 4192
1584 4192
1585 4192
1586 4192
1587 4192
1588 4192
1589 4192
1590 4192
1591 4192
1592 4192
1593 4192
1594 4192
1595 4192
1596 4192
1597 4192
1598 4192
1599 4192
1600 4192
1601 4192
1602 4192
1603 4192
1604 4192
1605 4192
1606 4192
1607 4192
1608 4192
1609 4192
1610 4192
1611 4192
1612 4192
1613 4192
1614 4192
1615 4192
1616 4192
1617 4192
1618 4192
1619 4192
1620 4192
1621 4192
1622 4192
1623 4192
1624 4192
1625 4192
1626 4192
1627 4192
1628 4192
1629 4192
1630 4192
1631 4192
1632 4192
1633 4192
1634 4192
1635 4192
1636 4192
1637 4192
1638 4192
1639 4192
1640 4183
1641 4183
1642 4183
1643 4183
1644 4183
1645 4183
1646 4181
1647 4181
1648 4181
1649 4181
1650 4181
1651 4181
1652 4181
1653 4181
1654 4181
1655 4181
1656 4181
1657 4181
1658 4181
1659 4181
1660 4181
1661 4181
1662 4181
1663 4181
1664 4181
1665 4181
1666 4181
1667 4181
1668 4181
1669 4181
1670 4181
1671 4181
1672 4181
1673 4181
1674 4181
1675 4181
1676 4181
1677 4181
1678 4181
1679 4181
1680 4181
1681 4181
1682 4181
1683 4181
1684 4181
1685 4181
1686 4181
1687 4181
1688 4181
1689 4181
1690 4179
1691 4179
1692 4179
1693 4179
1694 4179
1695 4179
1696 4179
1697 4179
1698 4179
1699 4179
1700 4179
1701 4179
1702 4179
1703 4176
1704 4176
1705 4176
1706 4176
1707 4176
1708 4176
1709 4176
1710 4176
1711 4176
1712 4176
1713 4176
1714 4172
1715 4172
1716 4172
1717 4172
1718 4172
1719 4172
1720 4172
1721 4172
1722 4172
1723 4172
1724 4172
1725 4172
1726 4172
1727 4172
1728 4172
1729 4172
1730 4172
1731 4172
1732 4172
1733 4172
1734 4172
1735 4172
1736 4172
1737 4172
1738 4172
1739 4172
1740 4172
1741 4172
1742 4172
1743 4172
1744 4172
1745 4172
1746 4172
1747 4172
1748 4172
1749 4172
1750 4172
1751 4172
1752 4172
1753 4172
1754 4172
1755 4172
1756 4172
1757 4172
1758 4172
1759 4172
1760 4172
1761 4172
1762 4172
1763 4172
1764 4172
1765 4153
1766 4153
1767 4153
1768 4138
1769 4138
1770 4138
1771 4138
1772 4138
1773 4138
1774 4138
1775 4138
1776 4138
1777 4135
1778 4135
1779 4135
1780 4132
1781 4132
1782 4132
1783 4132
1784 4132
1785 4132
1786 4132
1787 4132
1788 4132
1789 4132
1790 4132
1791 4132
1792 4132
1793 4132
1794 4132
1795 4132
1796 4132
1797 4132
1798 4132
1799 4132
1800 4132
1801 4124
1802 4124
1803 4124
1804 4124
1805 4124
1806 4124
1807 4124
1808 4124
1809 4124
1810 4124
1811 4124
1812 4106
1813 4106
1814 4106
1815 4106
1816 4106
1817 4106
1818 4106
1819 4104
1820 4104
1821 4104
1822 4104
1823 4104
1824 4104
1825 4104
1826 4104
1827 4104
1828 4104
1829 4104
1830 4104
1831 4104
1832 4104
1833 4104
1834 4104
1835 4104
1836 4104
1837 4104
1838 4104
1839 4104
1840 4104
1841 4104
1842 4104
1843 4104
1844 4104
1845 4104
1846 4104
1847 4104
1848 4104
1849 4104
1850 4104
1851 4104
1852 4104
1853 4104
1854 4104
1855 4104
1856 4104
1857 4104
1858 4104
1859 4104
1860 4104
1861 4104
1862 4104
1863 4104
1864 4104
1865 4104
1866 4104
1867 4104
1868 4078
1869 4078
1870 4078
1871 4078
1872 4078
1873 4078
1874 4078
1875 4078
1876 4078
1877 4078
1878 4078
1879 4078
1880 4078
1881 4078
1882 4078
1883 4078
1884 4078
1885 4078
1886 4078
1887 4078
1888 4078
1889 4078
1890 4078
1891 4078
1892 4078
1893 4078
1894 4078
1895 4078
1896 4078
1897 4078
1898 4078
1899 4078
1900 4078
1901 4078
1902 4078
1903 4078
1904 4078
1905 4078
1906 4078
1907 4078
1908 4078
1909 4078
1910 4078
1911 4078
1912 4078
1913 4078
1914 4078
1915 4078
1916 4076
1917 4076
1918 4076
1919 4076
1920 4076
1921 4076
1922 4076
1923 4076
1924 4076
1925 4076
1926 4076
1927 4076
1928 4076
1929 4076
1930 4076
1931 4076
1932 4076
1933 4076
1934 4076
1935 4076
1936 4076
1937 4076
1938 4076
1939 4076
1940 4076
1941 4076
1942 4076
1943 4074
1944 4071
1945 4064
1946 4064
1947 4064
1948 4064
1949 4064
1950 4064
1951 4064
1952 4064
1953 4064
1954 4064
1955 4064
1956 4064
1957 4064
1958 4064
1959 4064
1960 4064
1961 4064
1962 4064
1963 4064
1964 4064
1965 4064
1966 4064
1967 4064
1968 4064
1969 4064
1970 4064
1971 4064
1972 4064
1973 4059
1974 4059
1975 4059
1976 4059
1977 4059
1978 4059
1979 4059
1980 4059
1981 4057
1982 4057
1983 4057
1984 4057
1985 4057
1986 4057
1987 4057
1988 4057
1989 4057
1990 4057
1991 4057
1992 4057
1993 4057
1994 4057
1995 4057
1996 4047
1997 4047
1998 4047
1999 4047
2000 4047
2001 4047
2002 4047
2003 4047
2004 4045
2005 4045
2006 4045
2007 4045
2008 4045
2009 4045
2010 4045
2011 4045
2012 4045
2013 4045
2014 4045
2015 4044
2016 4044
2017 4044
2018 4044
2019 4044
2020 4044
2021 4044
2022 4044
2023 4044
2024 4044
2025 4044
2026 4044
2027 4044
2028 4044
2029 4044
2030 4044
2031 4044
2032 4044
2033 4044
2034 4044
2035 4044
2036 4044
2037 4044
2038 4044
2039 4044
2040 4044
2041 4044
2042 4044
2043 4044
2044 4044
2045 4044
2046 4044
2047 4044
2048 4044
2049 4044
2050 4044
2051 4044
2052 4044
2053 4044
2054 4044
2055 4041
2056 4041
2057 4041
2058 4041
2059 4041
2060 4041
2061 4041
2062 4041
2063 4041
2064 4041
2065 4041
2066 4041
2067 4041
2068 4041
2069 4041
2070 4041
2071 4041
2072 4041
2073 4041
2074 4041
2075 4041
2076 4041
2077 4029
2078 4029
2079 4029
2080 4029
2081 4029
2082 4029
2083 4029
2084 4014
2085 4014
2086 4014
2087 4014
2088 4014
2089 4014
2090 4014
2091 4014
2092 4014
2093 4014
2094 4014
2095 4014
2096 4014
2097 4014
2098 4014
2099 4014
2100 4003
2101 4003
2102 4003
2103 4003
2104 4003
2105 4003
2106 4003
2107 4003
2108 4003
2109 4003
2110 4003
2111 4003
2112 4003
2113 4003
2114 4003
2115 4003
2116 4003
2117 4003
2118 4003
2119 4003
2120 4003
2121 4003
2122 4003
2123 4003
2124 4003
2125 4003
2126 4003
2127 4003
2128 4003
2129 4003
2130 4003
2131 4003
2132 4003
2133 4003
2134 4003
2135 4003
2136 3998
2137 3998
2138 3998
2139 3998
2140 3998
2141 3990
2142 3990
2143 3990
2144 3990
2145 3990
2146 3990
2147 3990
2148 3990
2149 3990
2150 3990
2151 3990
2152 3990
2153 3990
2154 3974
2155 3974
2156 3974
2157 3974
2158 3974
2159 3974
2160 3974
2161 3974
2162 3974
2163 3974
2164 3974
2165 3972
2166 3972
2167 3972
2168 3962
2169 3962
2170 3962
2171 3962
2172 3962
2173 3962
2174 3962
2175 3962
2176 3962
2177 3962
2178 3962
2179 3962
2180 3962
2181 3962
2182 3962
2183 3956
2184 3956
2185 3956
2186 3956
2187 3956
2188 3956
2189 3956
2190 3956
2191 3956
2192 3956
2193 3956
2194 3956
2195 3956
2196 3956
2197 3936
2198 3936
2199 3936
2200 3936
2201 3928
2202 3928
2203 3928
2204 3928
2205 3928
2206 3928
2207 3928
2208 3928
2209 3928
2210 3928
2211 3928
2212 3928
2213 3928
2214 3928
2215 3928
2216 3928
2217 3928
2218 3928
2219 3928
2220 3928
2221 3928
2222 3928
2223 3928
2224 3928
2225 3928
2226 3928
2227 3928
2228 3928
2229 3928
2230 3928
2231 3928
2232 3921
2233 3921
2234 3921
2235 3921
2236 3921
2237 3921
2238 3921
2239 3921
2240 3921
2241 3921
2242 3921
2243 3921
2244 3921
2245 3921
2246 3921
2247 3921
2248 3921
2249 3921
2250 3921
2251 3921
2252 3921
2253 3921
2254 3921
2255 3921
2256 3921
2257 3921
2258 3921
2259 3921
2260 3921
2261 3921
2262 3921
2263 3921
2264 3921
2265 3921
2266 3921
2267 3921
2268 3921
2269 3921
2270 3921
2271 3921
2272 3921
2273 3921
2274 3921
2275 3921
2276 3921
2277 3921
2278 3921
2279 3921
2280 3919
2281 3919
2282 3919
2283 3919
2284 3919
2285 3919
2286 3919
2287 3919
2288 3919
2289 3919
2290 3919
2291 3919
2292 3919
2293 3908
2294 3908
2295 3908
2296 3908
2297 3908
2298 3908
2299 3908
2300 3899
2301 3899
2302 3899
2303 3899
2304 3899
2305 3899
2306 3899
2307 3899
2308 3899
2309 3899
2310 3899
2311 3899
2312 3884
2313 3884
2314 3884
2315 3884
2316 3875
2317 3875
2318 3875
2319 3875
2320 3875
2321 3875
2322 3875
2323 3875
2324 3875
2325 3875
2326 3875
2327 3875
2328 3867
2329 3867
2330 3867
2331 3867
2332 3866
2333 3866
2334 3866
2335 3866
2336 3866
2337 3866
2338 3866
2339 3866
2340 3866
2341 3866
2342 3866
2343 3866
2344 3866
2345 3866
2346 3866
2347 3866
2348 3861
2349 3861
2350 3861
2351 3861
2352 3861
2353 3861
2354 3856
2355 3856
2356 3856
2357 3856
2358 3856
2359 3856
2360 3856
2361 3849
2362 3849
2363 3849
2364 3849
2365 3849
2366 3849
2367 3849
2368 3848
2369 3848
2370 3848
2371 3848
2372 3848
2373 3848
2374 3848
2375 3848
2376 3848
2377 3848
2378 3848
2379 3848
2380 3848
2381 3848
2382 3848
2383 3848
2384 3848
2385 3848
2386 3848
2387 3848
2388 3848
2389 3848
2390 3848
2391 3848
2392 3848
2393 3848
2394 3848
2395 3848
2396 3848
2397 3848
2398 3848
2399 3848
2400 3848
2401 3848
2402 3848
2403 3848
2404 3848
2405 3848
2406 3848
2407 3848
2408 3848
2409 3848
2410 3848
2411 3848
2412 3848
2413 3848
2414 3834
2415 3834
2416 3834
2417 3834
2418 3833
2419 3833
2420 3833
2421 3833
2422 3833
2423 3833
2424 3830
2425 3830
2426 3830
2427 3830
2428 3830
2429 3830
2430 3830
2431 3830
2432 3830
2433 3830
2434 3830
2435 3830
2436 3830
2437 3830
2438 3830
2439 3830
2440 3830
2441 3830
2442 3830
2443 3830
2444 3830
2445 3830
2446 3830
2447 3830
2448 3830
2449 3830
2450 3830
2451 3830
2452 3830
2453 3830
2454 3830
2455 3830
2456 3830
2457 3830
2458 3830
2459 3830
2460 3830
2461 3830
2462 3830
2463 3830
2464 3830
2465 3830
2466 3830
2467 3830
2468 3830
2469 3830
2470 3830
2471 3830
2472 3830
2473 3830
2474 3830
2475 3830
2476 3830
2477 3830
2478 3830
2479 3830
2480 3830
2481 3830
2482 3826
2483 3826
2484 3826
2485 3826
2486 3826
2487 3826
2488 3826
2489 3826
2490 3826
2491 3826
2492 3826
2493 3826
2494 3826
2495 3826
2496 3826
2497 3826
2498 3826
2499 3826
2500 3826
2501 3826
2502 3826
2503 3826
2504 3826
2505 3826
2506 3826
2507 3826
2508 3826
2509 3826
2510 3826
2511 3826
2512 3826
2513 3826
2514 3826
2515 3826
2516 3826
2517 3826
2518 3826
2519 3826
2520 3826
2521 3826
2522 3826
2523 3826
2524 3826
2525 3826
2526 3826
2527 3826
2528 3826
2529 3826
2530 3826
2531 3826
2532 3826
2533 3826
2534 3826
2535 3826
2536 3826
2537 3820
2538 3820
2539 3820
2540 3820
2541 3820
2542 3820
2543 3820
2544 3820
2545 3820
2546 3820
2547 3820
2548 3820
2549 3820
2550 3820
2551 3820
2552 3820
2553 3820
2554 3820
2555 3820
2556 3820
2557 3820
2558 3820
2559 3820
2560 3820
2561 3820
2562 3820
2563 3820
2564 3820
2565 3820
2566 3820
2567 3820
2568 3820
2569 3820
2570 3820
2571 3820
2572 3820
2573 3820
2574 3820
2575 3820
2576 3820
2577 3811
2578 3811
2579 3811
2580 3811
2581 3806
2582 3806
2583 3806
2584 3806
2585 3806
2586 3806
2587 3806
2588 3806
2589 3806
2590 3806
2591 3806
2592 3806
2593 3806
2594 3806
2595 3806
2596 3803
2597 3803
2598 3803
2599 3803
2600 3803
2601 3803
2602 3803
2603 3803
2604 3803
2605 3803
2606 3796
2607 3796
2608 3796
2609 3796
2610 3796
2611 3796
2612 3796
2613 3796
2614 3796
2615 3796
2616 3796
2617 3796
2618 3796
2619 3796
2620 3796
2621 3796
2622 3796
2623 3796
2624 3793
2625 3793
2626 3793
2627 3793
2628 3793
2629 3793
2630 3793
2631 3793
2632 3793
2633 3793
2634 3793
2635 3793
2636 3793
2637 3793
2638 3793
2639 3793
2640 3791
2641 3791
2642 3791
2643 3791
2644 3791
2645 3791
2646 3791
2647 3791
2648 3791
2649 3791
2650 3791
2651 3791
2652 3791
2653 3791
2654 3791
2655 3791
2656 3791
2657 3790
2658 3790
2659 3790
2660 3790
2661 3790
2662 3790
2663 3790
2664 3790
2665 3790
2666 3790
2667 3790
2668 3790
2669 3790
2670 3789
2671 3789
2672 3789
2673 3789
2674 3789
2675 3789
2676 3789
2677 3789
2678 3789
2679 3789
2680 3789
2681 3789
2682 3789
2683 3789
2684 3789
2685 3789
2686 3789
2687 3789
2688 3789
2689 3789
2690 3789
2691 3789
2692 3788
2693 3788
2694 3788
2695 3775
2696 3775
2697 3775
2698 3775
2699 3775
2700 3775
2701 3775
2702 3775
2703 3775
2704 3775
2705 3775
2706 3775
2707 3775
2708 3775
2709 3775
2710 3775
2711 3775
2712 3771
2713 3771
2714 3771
2715 3771
2716 3771
2717 3771
2718 3771
2719 3771
2720 3771
2721 3756
2722 3756
2723 3756
2724 3756
2725 3756
2726 3756
2727 3756
2728 3756
2729 3756
2730 3756
2731 3756
2732 3756
2733 3756
2734 3756
2735 3756
2736 3756
2737 3756
2738 3756
2739 3756
2740 3756
2741 3756
2742 3756
2743 3756
2744 3756
2745 3756
2746 3756
2747 3756
2748 3756
2749 3756
2750 3756
2751 3756
2752 3756
2753 3756
2754 3756
2755 3756
2756 3756
2757 3756
2758 3756
2759 3756
2760 3756
2761 3756
2762 3756
2763 3747
2764 3747
2765 3747
2766 3747
2767 3747
2768 3747
2769 3747
2770 3747
2771 3747
2772 3747
2773 3747
2774 3747
2775 3747
2776 3747
2777 3747
2778 3747
2779 3747
2780 3747
2781 3747
2782 3747
2783 3747
2784 3747
2785 3747
2786 3747
2787 3747
2788 3747
2789 3747
2790 3747
2791 3747
2792 3747
2793 3747
2794 3746
2795 3746
2796 3746
2797 3746
2798 3746
2799 3746
2800 3746
2801 3746
2802 3746
2803 3746
2804 3746
2805 3746
2806 3746
2807 3746
2808 3746
2809 3746
2810 3746
2811 3743
2812 3740
2813 3740
2814 3740
2815 3740
2816 3740
2817 3740
2818 3740
2819 3740
2820 3740
2821 3740
2822 3740
2823 3740
2824 3740
2825 3740
2826 3740
2827 3740
2828 3740
2829 3740
2830 3740
2831 3740
2832 3740
2833 3740
2834 3740
2835 3740
2836 3740
2837 3740
2838 3740
2839 3740
2840 3734
2841 3728
2842 3728
2843 3728
2844 3728
2845 3728
2846 3728
2847 3728
2848 3728
2849 3728
2850 3728
2851 3728
2852 3728
2853 3724
2854 3724
2855 3724
2856 3724
2857 3724
2858 3724
2859 3724
2860 3724
2861 3724
2862 3724
2863 3724
2864 3724
2865 3724
2866 3724
2867 3724
2868 3724
2869 3724
2870 3724
2871 3724
2872 3724
2873 3724
2874 3724
2875 3724
2876 3724
2877 3724
2878 3724
2879 3724
2880 3724
2881 3724
2882 3724
2883 3724
2884 3724
2885 3724
2886 3723
2887 3723
2888 3723
2889 3723
2890 3723
2891 3723
2892 3723
2893 3723
2894 3723
2895 3723
2896 3723
2897 3723
2898 3723
2899 3723
2900 3723
2901 3723
2902 3723
2903 3723
2904 3723
2905 3723
2906 3723
2907 3723
2908 3723
2909 3723
2910 3723
2911 3723
2912 3723
2913 3715
2914 3715
2915 3715
2916 3715
2917 3715
2918 3715
2919 3715
2920 3715
2921 3715
2922 3715
2923 3715
2924 3715
2925 3715
2926 3715
2927 3715
2928 3715
2929 3715
2930 3715
2931 3715
2932 3715
2933 3715
2934 3715
2935 3714
2936 3714
2937 3714
2938 3714
2939 3714
2940 3714
2941 3714
2942 3714
2943 3714
2944 3714
2945 3714
2946 3714
2947 3714
2948 3714
2949 3714
2950 3714
2951 3714
2952 3714
2953 3714
2954 3714
2955 3714
2956 3714
2957 3714
2958 3714
2959 3714
2960 3714
2961 3714
2962 3714
2963 3714
2964 3714
2965 3712
2966 3712
2967 3712
2968 3712
2969 3712
2970 3712
2971 3712
2972 3712
2973 3712
2974 3712
2975 3688
2976 3688
2977 3688
2978 3688
2979 3688
2980 3688
2981 3688
2982 3688
2983 3688
2984 3688
2985 3688
2986 3688
2987 3688
2988 3688
2989 3688
2990 3688
2991 3688
2992 3688
2993 3688
2994 3688
2995 3688
2996 3688
2997 3688
2998 3688
2999 3688
3000 3688
3001 3688
3002 3688
3003 3688
3004 3688
3005 3688
3006 3688
3007 3688
3008 3688
3009 3688
3010 3688
3011 3688
3012 3688
3013 3688
3014 3688
3015 3688
3016 3688
3017 3688
3018 3688
3019 3688
3020 3688
3021 3688
3022 3688
3023 3688
3024 3688
3025 3688
3026 3688
3027 3688
3028 3688
3029 3688
3030 3688
3031 3688
3032 3688
3033 3688
3034 3688
3035 3688
3036 3688
3037 3688
3038 3688
3039 3688
3040 3688
3041 3688
3042 3688
3043 3688
3044 3688
3045 3688
3046 3688
3047 3688
3048 3688
3049 3688
3050 3688
3051 3688
3052 3688
3053 3688
3054 3680
3055 3680
3056 3680
3057 3680
3058 3680
3059 3680
3060 3680
3061 3668
3062 3668
3063 3668
3064 3668
3065 3668
3066 3668
3067 3668
3068 3668
3069 3668
3070 3668
3071 3668
3072 3668
3073 3668
3074 3668
3075 3668
3076 3668
3077 3668
3078 3668
3079 3668
3080 3668
3081 3668
3082 3668
3083 3668
3084 3668
3085 3668
3086 3668
3087 3668
3088 3668
3089 3668
3090 3668
3091 3668
3092 3668
3093 3668
3094 3667
3095 3667
3096 3667
3097 3663
3098 3662
3099 3662
3100 3662
3101 3662
3102 3662
3103 3662
3104 3662
3105 3662
3106 3662
3107 3662
3108 3662
3109 3662
3110 3662
3111 3662
3112 3662
3113 3662
3114 3662
3115 3662
3116 3662
3117 3662
3118 3662
3119 3662
3120 3662
3121 3662
3122 3662
3123 3662
3124 3662
3125 3662
3126 3661
3127 3661
3128 3661
3129 3661
3130 3661
3131 3661
3132 3661
3133 3661
3134 3661
3135 3661
3136 3661
3137 3661
3138 3661
3139 3661
3140 3661
3141 3661
3142 3661
3143 3661
3144 3661
3145 3661
3146 3661
3147 3661
3148 3661
3149 3661
3150 3650
3151 3650
3152 3650
3153 3650
3154 3650
3155 3650
3156 3650
3157 3648
3158 3648
3159 3646
3160 3646
3161 3646
3162 3646
3163 3646
3164 3646
3165 3646
3166 3646
3167 3646
3168 3646
3169 3646
3170 3646
3171 3646
3172 3646
3173 3646
3174 3642
3175 3642
3176 3642
3177 3642
3178 3642
3179 3642
3180 3642
3181 3642
3182 3642
3183 3642
3184 3642
3185 3642
3186 3642
3187 3642
3188 3642
3189 3642
3190 3642
3191 3642
3192 3642
3193 3642
3194 3642
3195 3642
3196 3642
3197 3642
3198 3642
3199 3642
3200 3642
3201 3642
3202 3642
3203 3642
3204 3642
3205 3628
3206 3628
3207 3628
3208 3628
3209 3628
3210 3628
3211 3628
3212 3628
3213 3628
3214 3628
3215 3628
3216 3628
3217 3628
3218 3628
3219 3628
3220 3628
3221 3628
3222 3628
3223 3628
3224 3624
3225 3624
3226 3624
3227 3624
3228 3624
3229 3624
3230 3624
3231 3624
3232 3624
3233 3624
3234 3624
3235 3624
3236 3624
3237 3624
3238 3624
3239 3623
3240 3622
3241 3622
3242 3622
3243 3622
3244 3622
3245 3622
3246 3620
3247 3620
3248 3618
3249 3617
3250 3617
3251 3617
3252 3617
3253 3617
3254 3617
3255 3617
3256 3608
3257 3608
3258 3608
3259 3608
3260 3608
3261 3608
3262 3608
3263 3608
3264 3608
3265 3608
3266 3608
3267 3608
3268 3608
3269 3608
3270 3608
3271 3608
3272 3608
3273 3608
3274 3608
3275 3608
3276 3590
3277 3590
3278 3590
3279 3590
3280 3590
3281 3590
3282 3590
3283 3590
3284 3590
3285 3590
3286 3590
3287 3590
3288 3590
3289 3590
3290 3590
3291 3590
3292 3590
3293 3590
3294 3590
3295 3590
3296 3590
3297 3590
3298 3590
3299 3590
3300 3590
3301 3590
3302 3590
3303 3575
3304 3575
3305 3575
3306 3575
3307 3575
3308 3575
3309 3575
3310 3575
3311 3575
3312 3575
3313 3575
3314 3575
3315 3575
3316 3575
3317 3575
3318 3575
3319 3575
3320 3575
3321 3575
3322 3575
3323 3575
3324 3575
3325 3575
3326 3575
3327 3575
3328 3575
3329 3575
3330 3575
3331 3575
3332 3575
3333 3575
3334 3575
3335 3575
3336 3575
3337 3575
3338 3575
3339 3575
3340 3575
3341 3575
3342 3575
3343 3575
3344 3575
3345 3575
3346 3575
3347 3575
3348 3575
3349 3575
3350 3575
3351 3575
3352 3575
3353 3575
3354 3575
3355 3575
3356 3575
3357 3575
3358 3575
3359 3575
3360 3575
3361 3575
3362 3575
3363 3573
3364 3573
3365 3573
3366 3573
3367 3573
3368 3573
3369 3573
3370 3573
3371 3570
3372 3570
3373 3570
3374 3570
3375 3570
3376 3570
3377 3570
3378 3570
3379 3570
3380 3570
3381 3570
3382 3570
3383 3570
3384 3570
3385 3570
3386 3570
3387 3566
3388 3566
3389 3566
3390 3566
3391 3566
3392 3566
3393 3566
3394 3566
3395 3566
3396 3566
3397 3566
3398 3566
3399 3566
3400 3566
3401 3566
3402 3566
3403 3566
3404 3566
3405 3566
3406 3566
3407 3563
3408 3563
3409 3563
3410 3563
3411 3563
3412 3563
3413 3563
3414 3563
3415 3563
3416 3563
3417 3563
3418 3563
3419 3563
3420 3563
3421 3563
3422 3563
3423 3563
3424 3563
3425 3563
3426 3563
3427 3563
3428 3563
3429 3563
3430 3563
3431 3563
3432 3563
3433 3563
3434 3563
3435 3563
3436 3563
3437 3563
3438 3563
3439 3563
3440 3563
3441 3563
3442 3557
3443 3557
3444 3557
3445 3557
3446 3557
3447 3557
3448 3557
3449 3557
3450 3557
3451 3557
3452 3557
3453 3557
3454 3557
3455 3557
3456 3557
3457 3557
3458 3557
3459 3557
3460 3557
3461 3557
3462 3547
3463 3547
3464 3547
3465 3547
3466 3547
3467 3547
3468 3547
3469 3547
3470 3547
3471 3547
3472 3547
3473 3547
3474 3537
3475 3537
3476 3537
3477 3537
3478 3537
3479 3537
3480 3537
3481 3537
3482 3537
3483 3537
3484 3537
3485 3537
3486 3537
3487 3537
3488 3534
3489 3534
3490 3534
3491 3534
3492 3534
3493 3534
3494 3534
3495 3534
3496 3534
3497 3534
3498 3534
3499 3534
3500 3534
3501 3534
3502 3534
3503 3534
3504 3534
3505 3534
3506 3534
3507 3534
3508 3534
3509 3534
3510 3534
3511 3534
3512 3534
3513 3534
3514 3534
3515 3534
3516 3534
3517 3534
3518 3534
3519 3534
3520 3534
3521 3526
3522 3526
3523 3526
3524 3526
3525 3526
3526 3526
3527 3526
3528 3526
3529 3526
3530 3521
3531 3521
3532 3521
3533 3520
3534 3520
3535 3520
3536 3520
3537 3520
3538 3520
3539 3520
3540 3520
3541 3520
3542 3520
3543 3520
3544 3520
3545 3520
3546 3520
3547 3520
3548 3520
3549 3520
3550 3520
3551 3520
3552 3520
3553 3520
3554 3520
3555 3520
3556 3520
3557 3520
3558 3520
3559 3520
3560 3520
3561 3520
3562 3520
3563 3520
3564 3520
3565 3520
3566 3520
3567 3520
3568 3520
3569 3520
3570 3520
3571 3520
3572 3520
3573 3520
3574 3520
3575 3520
3576 3520
3577 3520
3578 3520
3579 3520
3580 3520
3581 3520
3582 3520
3583 3520
3584 3520
3585 3520
3586 3520
3587 3520
3588 3520
3589 3520
3590 3520
3591 3520
3592 3520
3593 3520
3594 3520
3595 3520
3596 3520
3597 3520
3598 3520
3599 3520
3600 3520
3601 3520
3602 3520
3603 3520
3604 3520
3605 3520
3606 3520
3607 3506
3608 3506
3609 3506
3610 3506
3611 3506
3612 3506
3613 3506
3614 3506
3615 3506
3616 3506
3617 3506
3618 3506
3619 3506
3620 3506
3621 3506
3622 3506
3623 3506
3624 3506
3625 3506
3626 3506
3627 3506
3628 3506
3629 3506
3630 3506
3631 3506
3632 3506
3633 3506
3634 3506
3635 3506
3636 3506
3637 3506
3638 3506
3639 3506
3640 3506
3641 3506
3642 3506
3643 3506
3644 3506
3645 3506
3646 3506
3647 3506
3648 3506
3649 3506
3650 3506
3651 3506
3652 3506
3653 3506
3654 3506
3655 3506
3656 3506
3657 3505
3658 3505
3659 3505
3660 3505
3661 3505
3662 3505
3663 3505
3664 3505
3665 3505
3666 3505
3667 3505
3668 3505
3669 3505
3670 3505
3671 3505
3672 3496
3673 3496
3674 3496
3675 3496
3676 3496
3677 3496
3678 3496
3679 3482
3680 3482
3681 3482
3682 3482
3683 3482
3684 3482
3685 3474
3686 3474
3687 3474
3688 3474
3689 3474
3690 3474
3691 3472
3692 3472
3693 3472
3694 3472
3695 3472
3696 3472
3697 3472
3698 3472
3699 3472
3700 3472
3701 3472
3702 3472
3703 3472
3704 3472
3705 3472
3706 3472
3707 3472
3708 3472
3709 3472
3710 3472
3711 3472
3712 3472
3713 3472
3714 3472
3715 3472
3716 3472
3717 3472
3718 3472
3719 3472
3720 3472
3721 3472
3722 3472
3723 3472
3724 3472
3725 3472
3726 3472
3727 3472
3728 3472
3729 3472
3730 3472
3731 3472
3732 3472
3733 3472
3734 3472
3735 3472
3736 3472
3737 3472
3738 3472
3739 3472
3740 3472
3741 3472
3742 3472
3743 3472
3744 3472
3745 3472
3746 3472
3747 3472
3748 3472
3749 3472
3750 3472
3751 3472
3752 3472
3753 3472
3754 3472
3755 3472
3756 3472
3757 3472
3758 3472
3759 3472
3760 3472
3761 3472
3762 3472
3763 3472
3764 3472
3765 3472
3766 3472
3767 3472
3768 3472
3769 3472
3770 3472
3771 3472
3772 3472
3773 3472
3774 3472
3775 3468
3776 3468
3777 3468
3778 3468
3779 3468
3780 3468
3781 3468
3782 3468
3783 3468
3784 3468
3785 3468
3786 3468
3787 3468
3788 3468
3789 3468
3790 3468
3791 3468
3792 3468
3793 3468
3794 3468
3795 3468
3796 3468
3797 3468
3798 3468
3799 3468
3800 3468
3801 3468
3802 3462
3803 3462
3804 3462
3805 3462
3806 3462
3807 3462
3808 3462
3809 3462
3810 3462
3811 3462
3812 3462
3813 3462
3814 3462
3815 3462
3816 3462
3817 3462
3818 3462
3819 3462
3820 3462
3821 3462
3822 3462
3823 3462
3824 3462
3825 3462
3826 3462
3827 3462
3828 3462
3829 3462
3830 3462
3831 3462
3832 3462
3833 3462
3834 3462
3835 3462
3836 3462
3837 3462
3838 3462
3839 3459
3840 3459
3841 3459
3842 3459
3843 3459
3844 3459
3845 3459
3846 3459
3847 3459
3848 3459
3849 3459
3850 3459
3851 3459
3852 3459
3853 3459
3854 3459
3855 3459
3856 3459
3857 3459
3858 3459
3859 3459
3860 3459
3861 3459
3862 3459
3863 3459
3864 3459
3865 3459
3866 3459
3867 3459
3868 3459
3869 3459
3870 3459
3871 3459
3872 3459
3873 3459
3874 3459
3875 3459
3876 3459
3877 3459
3878 3459
3879 3459
3880 3459
3881 3454
3882 3454
3883 3454
3884 3454
3885 3454
3886 3454
3887 3454
3888 3454
3889 3454
3890 3454
3891 3454
3892 3454
3893 3454
3894 3454
3895 3454
3896 3454
3897 3454
3898 3454
3899 3454
3900 3454
3901 3454
3902 3454
3903 3454
3904 3454
3905 3454
3906 3454
3907 3454
3908 3454
3909 3454
3910 3454
3911 3454
3912 3454
3913 3454
3914 3454
3915 3454
3916 3454
3917 3454
3918 3454
3919 3454
3920 3454
3921 3454
3922 3454
3923 3454
3924 3454
3925 3454
3926 3454
3927 3454
3928 3454
3929 3454
3930 3452
3931 3452
3932 3452
3933 3452
3934 3452
3935 3452
3936 3452
3937 3452
3938 3452
3939 3452
3940 3452
3941 3452
3942 3452
3943 3452
3944 3452
3945 3452
3946 3452
3947 3452
3948 3452
3949 3452
3950 3452
3951 3452
3952 3452
3953 3452
3954 3452
3955 3452
3956 3452
3957 3452
3958 3452
3959 3452
3960 3452
3961 3452
3962 3452
3963 3452
3964 3452
3965 3452
3966 3452
3967 3452
3968 3452
3969 3452
3970 3452
3971 3452
3972 3452
3973 3452
3974 3452
3975 3452
3976 3452
3977 3452
3978 3452
3979 3452
3980 3452
3981 3452
3982 3452
3983 3452
3984 3452
3985 3452
3986 3452
3987 3452
3988 3452
3989 3452
3990 3452
3991 3452
3992 3452
3993 3452
3994 3452
3995 3452
3996 3452
3997 3452
3998 3452
3999 3452
4000 3452
4001 3448
4002 3448
4003 3448
4004 3448
4005 3448
4006 3448
4007 3448
4008 3448
4009 3448
4010 3448
4011 3448
4012 3448
4013 3448
4014 3448
4015 3448
4016 3448
4017 3448
4018 3448
4019 3448
4020 3448
4021 3448
4022 3448
4023 3448
4024 3448
4025 3448
4026 3448
4027 3448
4028 3448
4029 3448
4030 3448
4031 3448
4032 3448
4033 3448
4034 3448
4035 3448
4036 3448
4037 3448
4038 3448
4039 3448
4040 3448
4041 3448
4042 3448
4043 3448
4044 3448
4045 3448
4046 3448
4047 3448
4048 3448
4049 3448
4050 3448
4051 3448
4052 3448
4053 3448
4054 3448
4055 3448
4056 3448
4057 3448
4058 3448
4059 3448
4060 3448
4061 3448
4062 3448
4063 3448
4064 3448
4065 3448
4066 3448
4067 3448
4068 3448
4069 3448
4070 3448
4071 3448
4072 3448
4073 3448
4074 3448
4075 3448
4076 3448
4077 3448
4078 3448
4079 3448
4080 3448
4081 3448
4082 3448
4083 3448
4084 3448
4085 3448
4086 3448
4087 3448
4088 3448
4089 3448
4090 3448
4091 3448
4092 3448
4093 3448
4094 3448
4095 3448
4096 3448
4097 3448
4098 3448
4099 3448
4100 3448
4101 3448
4102 3448
4103 3448
4104 3448
4105 3448
4106 3432
4107 3432
4108 3432
4109 3432
4110 3432
4111 3432
4112 3432
4113 3432
4114 3423
4115 3423
4116 3423
4117 3423
4118 3423
4119 3423
4120 3423
4121 3423
4122 3423
4123 3423
4124 3423
4125 3423
4126 3423
4127 3423
4128 3423
4129 3423
4130 3423
4131 3423
4132 3423
4133 3423
4134 3423
4135 3423
4136 3423
4137 3423
4138 3423
4139 3423
4140 3423
4141 3423
4142 3420
4143 3420
4144 3420
4145 3420
4146 3420
4147 3419
4148 3419
4149 3419
4150 3419
4151 3419
4152 3419
4153 3419
4154 3417
4155 3417
4156 3417
4157 3417
4158 3417
4159 3417
4160 3417
4161 3417
4162 3417
4163 3417
4164 3417
4165 3417
4166 3417
4167 3417
4168 3417
4169 3417
4170 3417
4171 3417
4172 3417
4173 3417
4174 3417
4175 3417
4176 3417
4177 3405
4178 3405
4179 3405
4180 3405
4181 3405
4182 3405
4183 3405
4184 3405
4185 3405
4186 3405
4187 3405
4188 3405
4189 3404
4190 3404
4191 3404
4192 3404
4193 3404
4194 3404
4195 3377
4196 3377
4197 3377
4198 3377
4199 3377
4200 3377
4201 3377
4202 3377
4203 3377
4204 3377
4205 3377
4206 3377
4207 3377
4208 3377
4209 3377
4210 3377
4211 3377
4212 3377
4213 3377
4214 3377
4215 3377
4216 3377
4217 3377
4218 3377
4219 3377
4220 3377
4221 3377
4222 3377
4223 3377
4224 3377
4225 3377
4226 3377
4227 3377
4228 3377
4229 3377
4230 3377
4231 3377
4232 3377
4233 3377
4234 3377
4235 3377
4236 3377
4237 3377
4238 3377
4239 3377
4240 3377
4241 3377
4242 3377
4243 3377
4244 3377
4245 3377
4246 3377
4247 3377
4248 3377
4249 3377
4250 3377
4251 3377
4252 3377
4253 3377
4254 3377
4255 3377
4256 3377
4257 3377
4258 3377
4259 3377
4260 3377
4261 3377
4262 3377
4263 3377
4264 3377
4265 3377
4266 3377
4267 3377
4268 3377
4269 3377
4270 3377
4271 3377
4272 3377
4273 3377
4274 3377
4275 3377
4276 3377
4277 3377
4278 3377
4279 3377
4280 3377
4281 3377
4282 3377
4283 3377
4284 3377
4285 3377
4286 3377
4287 3377
4288 3377
4289 3377
4290 3377
4291 3377
4292 3377
4293 3377
4294 3377
4295 3377
4296 3377
4297 3377
4298 3377
4299 3377
4300 3377
4301 3376
4302 3376
4303 3376
4304 3376
4305 3376
4306 3376
4307 3376
4308 3376
4309 3371
4310 3371
4311 3367
4312 3367
4313 3367
4314 3367
4315 3367
4316 3367
4317 3367
4318 3367
4319 3367
4320 3367
4321 3367
4322 3367
4323 3367
4324 3367
4325 3367
4326 3367
4327 3367
4328 3367
4329 3367
4330 3367
4331 3367
4332 3367
4333 3367
4334 3367
4335 3367
4336 3367
4337 3367
4338 3367
4339 3367
4340 3367
4341 3367
4342 3367
4343 3367
4344 3367
4345 3367
4346 3367
4347 3367
4348 3367
4349 3367
4350 3367
4351 3367
4352 3367
4353 3367
4354 3367
4355 3367
4356 3367
4357 3367
4358 3367
4359 3367
4360 3367
4361 3367
4362 3367
4363 3367
4364 3367
4365 3367
4366 3367
4367 3367
4368 3367
4369 3367
4370 3367
4371 3367
4372 3367
4373 3367
4374 3365
4375 3365
4376 3365
4377 3365
4378 3365
4379 3365
4380 3365
4381 3365
4382 3365
4383 3365
4384 3365
4385 3365
4386 3365
4387 3365
4388 3365
4389 3365
4390 3365
4391 3365
4392 3365
4393 3365
4394 3365
4395 3365
4396 3365
4397 3365
4398 3365
4399 3365
4400 3365
4401 3365
4402 3365
4403 3365
4404 3365
4405 3365
4406 3365
4407 3365
4408 3365
4409 3362
4410 3362
4411 3362
4412 3362
4413 3362
4414 3362
4415 3362
4416 3362
4417 3362
4418 3362
4419 3362
4420 3362
4421 3362
4422 3362
4423 3362
4424 3362
4425 3362
4426 3362
4427 3362
4428 3362
4429 3362
4430 3362
4431 3362
4432 3362
4433 3362
4434 3362
4435 3362
4436 3362
4437 3362
4438 3362
4439 3362
4440 3362
4441 3362
4442 3362
4443 3362
4444 3362
4445 3362
4446 3362
4447 3362
4448 3362
4449 3362
4450 3362
4451 3362
4452 3362
4453 3362
4454 3362
4455 3362
4456 3362
4457 3362
4458 3362
4459 3362
4460 3362
4461 3362
4462 3362
4463 3362
4464 3362
4465 3362
4466 3362
4467 3362
4468 3349
4469 3349
4470 3349
4471 3349
4472 3349
4473 3349
4474 3349
4475 3349
4476 3349
4477 3349
4478 3349
4479 3349
4480 3349
4481 3349
4482 3349
4483 3349
4484 3349
4485 3349
4486 3349
4487 3331
4488 3330
4489 3330
4490 3330
4491 3330
4492 3330
4493 3330
4494 3330
4495 3330
4496 3330
4497 3330
4498 3330
4499 3330
4500 3330
4501 3330
4502 3330
4503 3330
4504 3330
4505 3330
4506 3330
4507 3330
4508 3330
4509 3330
4510 3330
4511 3330
4512 3330
4513 3330
4514 3330
4515 3330
4516 3330
4517 3330
4518 3330
4519 3330
4520 3330
4521 3330
4522 3330
4523 3330
4524 3330
4525 3330
4526 3330
4527 3330
4528 3330
4529 3330
4530 3330
4531 3330
4532 3330
4533 3330
4534 3330
4535 3322
4536 3322
4537 3322
4538 3322
4539 3322
4540 3322
4541 3322
4542 3322
4543 3317
4544 3317
4545 3317
4546 3317
4547 3317
4548 3317
4549 3317
4550 3317
4551 3317
4552 3317
4553 3317
4554 3317
4555 3317
4556 3317
4557 3317
4558 3317
4559 3317
4560 3317
4561 3317
4562 3317
4563 3317
4564 3317
4565 3317
4566 3317
4567 3317
4568 3317
4569 3317
4570 3317
4571 3317
4572 3317
4573 3317
4574 3317
4575 3317
4576 3317
4577 3317
4578 3317
4579 3317
4580 3317
4581 3317
4582 3317
4583 3317
4584 3317
4585 3317
4586 3317
4587 3317
4588 3317
4589 3317
4590 3317
4591 3317
4592 3317
4593 3317
4594 3317
4595 3317
4596 3317
4597 3317
4598 3316
4599 3316
4600 3316
4601 3316
4602 3316
4603 3316
4604 3316
4605 3316
4606 3316
4607 3316
4608 3316
4609 3316
4610 3316
4611 3316
4612 3316
4613 3316
4614 3312
4615 3312
4616 3312
4617 3312
4618 3312
4619 3312
4620 3312
4621 3312
4622 3312
4623 3312
4624 3312
4625 3312
4626 3312
4627 3312
4628 3312
4629 3312
4630 3312
4631 3312
4632 3312
4633 3312
4634 3312
4635 3312
4636 3312
4637 3312
4638 3312
4639 3312
4640 3312
4641 3312
4642 3312
4643 3312
4644 3312
4645 3312
4646 3312
4647 3312
4648 3312
4649 3312
4650 3312
4651 3312
4652 3312
4653 3312
4654 3312
4655 3312
4656 3312
4657 3312
4658 3312
4659 3312
4660 3312
4661 3312
4662 3312
4663 3312
4664 3312
4665 3312
4666 3312
4667 3312
4668 3312
4669 3312
4670 3312
4671 3312
4672 3312
4673 3312
4674 3312
4675 3312
4676 3312
4677 3312
4678 3312
4679 3312
4680 3312
4681 3312
4682 3312
4683 3312
4684 3301
4685 3301
4686 3301
4687 3301
4688 3301
4689 3301
4690 3301
4691 3301
4692 3301
4693 3301
4694 3299
4695 3299
4696 3299
4697 3299
4698 3299
4699 3299
4700 3299
4701 3299
4702 3299
4703 3299
4704 3299
4705 3299
4706 3299
4707 3299
4708 3299
4709 3299
4710 3299
4711 3299
4712 3299
4713 3299
4714 3299
4715 3299
4716 3299
4717 3299
4718 3299
4719 3299
4720 3299
4721 3299
4722 3299
4723 3299
4724 3299
4725 3299
4726 3299
4727 3299
4728 3299
4729 3299
4730 3299
4731 3299
4732 3299
4733 3299
4734 3299
4735 3299
4736 3299
4737 3299
4738 3299
4739 3299
4740 3299
4741 3299
4742 3295
4743 3295
4744 3295
4745 3295
4746 3282
4747 3282
4748 3282
4749 3282
4750 3282
4751 3282
4752 3282
4753 3282
4754 3282
4755 3282
4756 3282
4757 3282
4758 3282
4759 3282
4760 3282
4761 3282
4762 3282
4763 3282
4764 3282
4765 3282
4766 3282
4767 3282
4768 3282
4769 3282
4770 3282
4771 3282
4772 3282
4773 3282
4774 3282
4775 3282
4776 3282
4777 3282
4778 3282
4779 3282
4780 3282
4781 3282
4782 3282
4783 3282
4784 3282
4785 3282
4786 3282
4787 3282
4788 3282
4789 3282
4790 3282
4791 3282
4792 3282
4793 3282
4794 3282
4795 3282
4796 3282
4797 3282
4798 3282
4799 3282
4800 3282
4801 3282
4802 3282
4803 3282
4804 3282
4805 3282
4806 3280
4807 3280
4808 3279
4809 3279
4810 3279
4811 3279
4812 3279
4813 3279
4814 3279
4815 3279
4816 3279
4817 3279
4818 3279
4819 3279
4820 3279
4821 3279
4822 3279
4823 3279
4824 3277
4825 3277
4826 3277
4827 3277
4828 3277
4829 3277
4830 3277
4831 3265
4832 3265
4833 3265
4834 3265
4835 3265
4836 3265
4837 3265
4838 3265
4839 3265
4840 3265
4841 3265
4842 3265
4843 3265
4844 3265
4845 3265
4846 3265
4847 3265
4848 3265
4849 3265
4850 3265
4851 3265
4852 3265
4853 3265
4854 3265
4855 3265
4856 3265
4857 3265
4858 3264
4859 3264
4860 3264
4861 3264
4862 3264
4863 3264
4864 3264
4865 3264
4866 3264
4867 3264
4868 3264
4869 3264
4870 3264
4871 3260
4872 3260
4873 3260
4874 3260
4875 3260
4876 3260
4877 3260
4878 3260
4879 3260
4880 3260
4881 3260
4882 3260
4883 3260
4884 3260
4885 3260
4886 3260
4887 3260
4888 3260
4889 3260
4890 3260
4891 3260
4892 3260
4893 3260
4894 3260
4895 3260
4896 3260
4897 3260
4898 3260
4899 3260
4900 3260
4901 3260
4902 3260
4903 3260
4904 3260
4905 3260
4906 3260
4907 3260
4908 3260
4909 3260
4910 3260
4911 3260
4912 3260
4913 3260
4914 3260
4915 3260
4916 3258
4917 3258
4918 3258
4919 3258
4920 3258
4921 3258
4922 3258
4923 3258
4924 3258
4925 3258
4926 3258
4927 3258
4928 3258
4929 3258
4930 3258
4931 3258
4932 3258
4933 3258
4934 3258
4935 3258
4936 3258
4937 3258
4938 3258
4939 3258
4940 3258
4941 3258
4942 3258
4943 3258
4944 3258
4945 3258
4946 3258
4947 3258
4948 3258
4949 3258
4950 3258
4951 3258
4952 3258
4953 3258
4954 3258
4955 3258
4956 3258
4957 3258
4958 3258
4959 3258
4960 3258
4961 3258
4962 3258
4963 3258
4964 3258
4965 3258
4966 3258
4967 3258
4968 3258
4969 3258
4970 3257
4971 3257
4972 3257
4973 3257
4974 3257
4975 3257
4976 3257
4977 3257
4978 3257
4979 3257
4980 3257
4981 3257
4982 3257
4983 3257
4984 3257
4985 3257
4986 3257
4987 3257
4988 3257
4989 3257
4990 3257
4991 3257
4992 3257
4993 3257
4994 3257
4995 3257
4996 3257
4997 3246
4998 3246
4999 3246
5000 3246
5001 3246
5002 3246
5003 3246
5004 3246
5005 3246
5006 3246
5007 3246
5008 3246
5009 3246
5010 3246
5011 3246
5012 3246
5013 3246
5014 3246
5015 3246
5016 3246
5017 3246
5018 3246
5019 3246
5020 3246
5021 3246
5022 3246
5023 3246
5024 3246
5025 3246
5026 3246
5027 3246
5028 3246
5029 3246
5030 3246
5031 3246
5032 3246
5033 3246
5034 3246
5035 3246
5036 3246
5037 3246
5038 3246
5039 3246
5040 3246
5041 3246
5042 3246
5043 3246
5044 3246
5045 3246
5046 3246
5047 3246
5048 3246
5049 3246
5050 3246
5051 3246
5052 3246
5053 3246
5054 3246
5055 3246
5056 3243
5057 3243
5058 3243
5059 3243
5060 3243
5061 3243
5062 3243
5063 3243
5064 3243
5065 3243
5066 3243
5067 3243
5068 3243
5069 3243
5070 3243
5071 3243
5072 3243
5073 3243
5074 3243
5075 3243
5076 3243
5077 3243
5078 3243
5079 3243
5080 3243
5081 3241
5082 3241
5083 3238
5084 3238
5085 3238
5086 3238
5087 3238
5088 3238
5089 3238
5090 3238
5091 3238
5092 3238
5093 3238
5094 3238
5095 3238
5096 3238
5097 3238
5098 3238
5099 3238
5100 3238
5101 3238
5102 3238
5103 3238
5104 3238
5105 3238
5106 3238
5107 3238
5108 3238
5109 3238
5110 3238
5111 3238
5112 3238
5113 3238
5114 3238
5115 3238
5116 3238
5117 3238
5118 3238
5119 3238
5120 3238
5121 3238
5122 3238
5123 3238
5124 3238
5125 3238
5126 3238
5127 3238
5128 3235
5129 3235
5130 3235
5131 3235
5132 3235
5133 3235
5134 3235
5135 3235
5136 3235
5137 3235
5138 3235
5139 3235
5140 3221
5141 3221
5142 3221
5143 3221
5144 3220
5145 3220
5146 3220
5147 3220
5148 3220
5149 3220
5150 3220
5151 3220
5152 3220
5153 3220
5154 3220
5155 3220
5156 3220
5157 3220
5158 3220
5159 3220
5160 3220
5161 3220
5162 3220
5163 3220
5164 3220
5165 3220
5166 3220
5167 3220
5168 3220
5169 3220
5170 3220
5171 3220
5172 3220
5173 3220
5174 3220
5175 3220
5176 3220
5177 3220
5178 3220
5179 3220
5180 3220
5181 3220
5182 3220
5183 3220
5184 3220
5185 3220
5186 3220
5187 3220
5188 3220
5189 3220
5190 3220
5191 3220
5192 3220
5193 3220
5194 3220
5195 3220
5196 3220
5197 3220
5198 3220
5199 3220
5200 3220
5201 3220
5202 3220
5203 3220
5204 3220
5205 3220
5206 3220
5207 3220
5208 3220
5209 3220
5210 3220
5211 3220
5212 3220
5213 3220
5214 3220
5215 3220
5216 3220
5217 3220
5218 3220
5219 3220
5220 3220
5221 3220
5222 3217
5223 3217
5224 3217
5225 3217
5226 3217
5227 3217
5228 3217
5229 3217
5230 3217
5231 3217
5232 3217
5233 3217
5234 3217
5235 3217
5236 3217
5237 3217
5238 3217
5239 3217
5240 3217
5241 3217
5242 3217
5243 3217
5244 3217
5245 3217
5246 3217
5247 3209
5248 3209
5249 3209
5250 3209
5251 3209
5252 3208
5253 3208
5254 3208
5255 3208
5256 3208
5257 3208
5258 3208
5259 3208
5260 3208
5261 3208
5262 3208
5263 3208
5264 3208
5265 3208
5266 3208
5267 3208
5268 3208
5269 3208
5270 3208
5271 3207
5272 3207
5273 3207
5274 3207
5275 3207
5276 3207
5277 3207
5278 3207
5279 3207
5280 3207
5281 3207
5282 3207
5283 3207
5284 3207
5285 3207
5286 3207
5287 3207
5288 3207
5289 3207
5290 3207
5291 3207
5292 3207
5293 3207
5294 3207
5295 3207
5296 3207
5297 3207
5298 3207
5299 3207
5300 3207
5301 3207
5302 3207
5303 3207
5304 3207
5305 3207
5306 3207
5307 3207
5308 3207
5309 3207
5310 3197
5311 3197
5312 3197
5313 3197
5314 3197
5315 3197
5316 3197
5317 3197
5318 3197
5319 3197
5320 3197
5321 3197
5322 3197
5323 3197
5324 3197
5325 3197
5326 3197
5327 3197
5328 3197
5329 3197
5330 3197
5331 3197
5332 3197
5333 3197
5334 3197
5335 3197
5336 3197
5337 3197
5338 3197
5339 3197
5340 3197
5341 3197
5342 3197
5343 3197
5344 3197
5345 3197
5346 3197
5347 3197
5348 3197
5349 3194
5350 3194
5351 3194
5352 3194
5353 3194
5354 3185
5355 3185
5356 3185
5357 3185
5358 3185
5359 3185
5360 3185
5361 3185
5362 3185
5363 3185
5364 3185
5365 3185
5366 3185
5367 3185
5368 3185
5369 3185
5370 3185
5371 3185
5372 3185
5373 3185
5374 3185
5375 3185
5376 3185
5377 3185
5378 3185
5379 3185
5380 3185
5381 3185
5382 3185
5383 3185
5384 3185
5385 3185
5386 3185
5387 3185
5388 3185
5389 3185
5390 3185
5391 3185
5392 3185
5393 3185
5394 3185
5395 3185
5396 3185
5397 3185
5398 3185
5399 3185
5400 3185
5401 3185
5402 3185
5403 3185
5404 3185
5405 3185
5406 3185
5407 3185
5408 3185
5409 3185
5410 3177
5411 3177
5412 3177
5413 3177
5414 3177
5415 3177
5416 3177
5417 3177
5418 3177
5419 3177
5420 3177
5421 3177
5422 3177
5423 3177
5424 3177
5425 3177
5426 3177
5427 3177
5428 3177
5429 3177
5430 3177
5431 3177
5432 3177
5433 3177
5434 3177
5435 3177
5436 3177
5437 3177
5438 3177
5439 3177
5440 3177
5441 3177
5442 3177
5443 3177
5444 3177
5445 3177
5446 3177
5447 3177
5448 3177
5449 3177
5450 3177
5451 3177
5452 3177
5453 3177
5454 3177
5455 3177
5456 3177
5457 3177
5458 3177
5459 3177
5460 3177
5461 3177
5462 3177
5463 3177
5464 3177
5465 3177
5466 3177
5467 3177
5468 3177
5469 3177
5470 3174
5471 3174
5472 3174
5473 3174
5474 3174
5475 3174
5476 3174
5477 3174
5478 3174
5479 3174
5480 3174
5481 3174
5482 3174
5483 3174
5484 3174
5485 3174
5486 3174
5487 3174
5488 3174
5489 3174
5490 3174
5491 3174
5492 3174
5493 3174
5494 3174
5495 3174
5496 3174
5497 3174
5498 3174
5499 3174
5500 3174
5501 3174
5502 3174
5503 3174
5504 3174
5505 3174
5506 3174
5507 3174
5508 3174
5509 3174
5510 3174
5511 3174
5512 3174
5513 3174
5514 3174
5515 3174
5516 3174
5517 3174
5518 3174
5519 3174
5520 3174
5521 3174
5522 3174
5523 3174
5524 3174
5525 3174
5526 3174
5527 3174
5528 3174
5529 3174
5530 3174
5531 3174
5532 3174
5533 3174
5534 3174
5535 3174
5536 3174
5537 3174
5538 3174
5539 3174
5540 3174
5541 3174
5542 3174
5543 3174
5544 3174
5545 3174
5546 3174
5547 3174
5548 3174
5549 3174
5550 3174
5551 3174
5552 3174
5553 3174
5554 3174
5555 3174
5556 3174
5557 3174
5558 3174
5559 3174
5560 3174
5561 3174
5562 3174
5563 3174
5564 3174
5565 3174
5566 3174
5567 3174
5568 3174
5569 3174
5570 3174
5571 3174
5572 3174
5573 3174
5574 3174
5575 3174
5576 3174
5577 3174
5578 3174
5579 3174
5580 3174
5581 3174
5582 3174
5583 3174
5584 3174
5585 3174
5586 3174
5587 3174
5588 3174
5589 3174
5590 3174
5591 3174
5592 3174
5593 3174
5594 3174
5595 3174
5596 3174
5597 3174
5598 3174
5599 3174
5600 3174
5601 3174
5602 3174
5603 3174
5604 3174
5605 3174
5606 3174
5607 3174
5608 3174
5609 3174
5610 3174
5611 3174
5612 3174
5613 3174
5614 3174
5615 3174
5616 3174
5617 3174
5618 3174
5619 3174
5620 3174
5621 3174
5622 3174
5623 3174
5624 3174
5625 3174
5626 3174
5627 3174
5628 3174
5629 3174
5630 3174
5631 3174
5632 3174
5633 3174
5634 3174
5635 3174
5636 3174
5637 3174
5638 3174
5639 3174
5640 3174
5641 3174
5642 3174
5643 3174
5644 3174
5645 3174
5646 3174
5647 3174
5648 3174
5649 3174
5650 3174
5651 3174
5652 3174
5653 3174
5654 3174
5655 3174
5656 3174
5657 3174
5658 3174
5659 3174
5660 3174
5661 3174
5662 3174
5663 3174
5664 3174
5665 3174
5666 3174
5667 3174
5668 3174
5669 3174
5670 3174
5671 3174
5672 3174
5673 3174
5674 3174
5675 3174
5676 3174
5677 3174
5678 3174
5679 3174
5680 3174
5681 3174
5682 3174
5683 3174
5684 3174
5685 3174
5686 3174
5687 3174
5688 3174
5689 3174
5690 3174
5691 3174
5692 3174
5693 3174
5694 3174
5695 3174
5696 3174
5697 3174
5698 3174
5699 3174
5700 3174
5701 3174
5702 3174
5703 3174
5704 3174
5705 3174
5706 3174
5707 3174
5708 3174
5709 3174
5710 3174
5711 3174
5712 3174
5713 3174
5714 3174
5715 3174
5716 3174
5717 3173
5718 3173
5719 3173
5720 3173
5721 3173
5722 3173
5723 3173
5724 3173
5725 3173
5726 3173
5727 3173
5728 3173
5729 3173
5730 3173
5731 3173
5732 3173
5733 3173
5734 3173
5735 3173
5736 3173
5737 3173
5738 3173
5739 3173
5740 3173
5741 3173
5742 3173
5743 3173
5744 3173
5745 3173
5746 3173
5747 3173
5748 3173
5749 3173
5750 3173
5751 3173
5752 3173
5753 3173
5754 3173
5755 3173
5756 3173
5757 3173
5758 3173
5759 3173
5760 3173
5761 3173
5762 3173
5763 3173
5764 3173
5765 3173
5766 3173
5767 3173
5768 3173
5769 3173
5770 3173
5771 3173
5772 3173
5773 3173
5774 3173
5775 3173
5776 3160
5777 3160
5778 3160
5779 3160
5780 3160
5781 3160
5782 3160
5783 3160
5784 3160
5785 3160
5786 3160
5787 3160
5788 3160
5789 3160
5790 3160
5791 3154
5792 3154
5793 3154
5794 3154
5795 3154
5796 3154
5797 3154
5798 3154
5799 3154
5800 3154
5801 3151
5802 3151
5803 3151
5804 3151
5805 3151
5806 3151
5807 3151
5808 3151
5809 3151
5810 3151
5811 3151
5812 3151
5813 3151
5814 3143
5815 3143
5816 3143
5817 3143
5818 3143
5819 3143
5820 3143
5821 3143
5822 3143
5823 3143
5824 3143
5825 3143
5826 3143
5827 3143
5828 3143
5829 3143
5830 3143
5831 3143
5832 3143
5833 3143
5834 3143
5835 3143
5836 3143
5837 3143
5838 3143
5839 3143
5840 3143
5841 3143
5842 3143
5843 3143
5844 3143
5845 3143
5846 3143
5847 3143
5848 3143
5849 3143
5850 3143
5851 3143
5852 3143
5853 3143
5854 3143
5855 3143
5856 3143
5857 3143
5858 3143
5859 3143
5860 3143
5861 3143
5862 3143
5863 3143
5864 3143
5865 3143
5866 3143
5867 3143
5868 3143
5869 3143
5870 3143
5871 3143
5872 3143
5873 3143
5874 3143
5875 3143
5876 3143
5877 3143
5878 3143
5879 3143
5880 3143
5881 3143
5882 3143
5883 3138
5884 3138
5885 3138
5886 3138
5887 3138
5888 3138
5889 3138
5890 3138
5891 3138
5892 3138
5893 3138
5894 3138
5895 3138
5896 3138
5897 3138
5898 3138
5899 3138
5900 3138
5901 3138
5902 3138
5903 3138
5904 3138
5905 3138
5906 3138
5907 3138
5908 3138
5909 3138
5910 3138
5911 3138
5912 3138
5913 3138
5914 3138
5915 3138
5916 3138
5917 3138
5918 3138
5919 3138
5920 3138
5921 3138
5922 3138
5923 3138
5924 3138
5925 3138
5926 3138
5927 3138
5928 3138
5929 3138
5930 3138
5931 3138
5932 3138
5933 3138
5934 3138
5935 3138
5936 3138
5937 3138
5938 3138
5939 3138
5940 3138
5941 3138
5942 3138
5943 3138
5944 3138
5945 3138
5946 3138
5947 3138
5948 3138
5949 3138
5950 3138
5951 3138
5952 3138
5953 3138
5954 3138
5955 3138
5956 3138
5957 3138
5958 3138
5959 3138
5960 3138
5961 3138
5962 3138
5963 3138
5964 3138
5965 3138
5966 3138
5967 3138
5968 3138
5969 3138
5970 3138
5971 3138
5972 3138
5973 3138
5974 3138
5975 3138
5976 3138
5977 3138
5978 3138
5979 3138
5980 3138
5981 3138
5982 3138
5983 3138
5984 3138
5985 3138
5986 3138
5987 3138
5988 3138
5989 3138
5990 3138
5991 3138
5992 3138
5993 3138
5994 3138
5995 3138
5996 3138
5997 3138
5998 3138
5999 3138
6000 3138
6001 3138
6002 3138
6003 3138
6004 3138
6005 3138
6006 3138
6007 3138
6008 3138
6009 3138
6010 3138
6011 3138
6012 3138
6013 3138
6014 3138
6015 3138
6016 3138
6017 3138
6018 3138
6019 3138
6020 3138
6021 3138
6022 3138
6023 3138
6024 3138
6025 3138
6026 3138
6027 3138
6028 3138
6029 3138
6030 3138
6031 3138
6032 3138
6033 3138
6034 3138
6035 3138
6036 3138
6037 3138
6038 3138
6039 3138
6040 3138
6041 3138
6042 3138
6043 3138
6044 3138
6045 3138
6046 3138
6047 3138
6048 3137
6049 3137
6050 3137
6051 3137
6052 3137
6053 3137
6054 3137
6055 3137
6056 3137
6057 3137
6058 3137
6059 3137
6060 3137
6061 3137
6062 3137
6063 3137
6064 3137
6065 3137
6066 3137
6067 3137
6068 3137
6069 3137
6070 3137
6071 3137
6072 3137
6073 3137
6074 3137
6075 3137
6076 3137
6077 3137
6078 3137
6079 3137
6080 3137
6081 3137
6082 3137
6083 3137
6084 3137
6085 3137
6086 3137
6087 3137
6088 3137
6089 3137
6090 3137
6091 3137
6092 3137
6093 3137
6094 3137
6095 3137
6096 3137
6097 3137
6098 3137
6099 3137
6100 3137
6101 3137
6102 3137
6103 3137
6104 3137
6105 3137
6106 3137
6107 3137
6108 3137
6109 3137
6110 3137
6111 3137
6112 3137
6113 3137
6114 3137
6115 3137
6116 3137
6117 3137
6118 3135
6119 3135
6120 3135
6121 3135
6122 3135
6123 3135
6124 3135
6125 3131
6126 3131
6127 3122
6128 3122
6129 3122
6130 3122
6131 3122
6132 3122
6133 3120
6134 3112
6135 3112
6136 3112
6137 3112
6138 3112
6139 3112
6140 3112
6141 3112
6142 3112
6143 3112
6144 3112
6145 3112
6146 3112
6147 3112
6148 3112
6149 3112
6150 3112
6151 3112
6152 3112
6153 3112
6154 3112
6155 3112
6156 3112
6157 3112
6158 3112
6159 3112
6160 3112
6161 3112
6162 3112
6163 3112
6164 3112
6165 3112
6166 3112
6167 3112
6168 3112
6169 3112
6170 3112
6171 3112
6172 3112
6173 3112
6174 3112
6175 3112
6176 3112
6177 3112
6178 3112
6179 3112
6180 3112
6181 3112
6182 3112
6183 3112
6184 3112
6185 3112
6186 3112
6187 3112
6188 3112
6189 3112
6190 3112
6191 3112
6192 3112
6193 3112
6194 3112
6195 3112
6196 3112
6197 3112
6198 3112
6199 3112
6200 3112
6201 3112
6202 3112
6203 3112
6204 3112
6205 3112
6206 3112
6207 3112
6208 3112
6209 3112
6210 3112
6211 3112
6212 3112
6213 3112
6214 3112
6215 3112
6216 3112
6217 3112
6218 3112
6219 3112
6220 3112
6221 3112
6222 3112
6223 3112
6224 3112
6225 3112
6226 3112
6227 3112
6228 3112
6229 3112
6230 3112
6231 3112
6232 3112
6233 3112
6234 3112
6235 3112
6236 3112
6237 3112
6238 3112
6239 3112
6240 3112
6241 3112
6242 3112
6243 3112
6244 3112
6245 3112
6246 3112
6247 3112
6248 3112
6249 3112
6250 3112
6251 3112
6252 3112
6253 3112
6254 3112
6255 3112
6256 3112
6257 3112
6258 3112
6259 3112
6260 3112
6261 3112
6262 3112
6263 3112
6264 3112
6265 3112
6266 3112
6267 3112
6268 3112
6269 3112
6270 3112
6271 3112
6272 3112
6273 3112
6274 3112
6275 3112
6276 3112
6277 3112
6278 3112
6279 3112
6280 3112
6281 3112
6282 3112
6283 3112
6284 3112
6285 3112
6286 3112
6287 3112
6288 3112
6289 3112
6290 3112
6291 3112
6292 3112
6293 3112
6294 3112
6295 3112
6296 3101
6297 3101
6298 3101
6299 3101
6300 3101
6301 3101
6302 3101
6303 3101
6304 3101
6305 3101
6306 3101
6307 3101
6308 3101
6309 3101
6310 3101
6311 3101
6312 3101
6313 3101
6314 3101
6315 3101
6316 3101
6317 3101
6318 3101
6319 3101
6320 3101
6321 3101
6322 3101
6323 3101
6324 3101
6325 3101
6326 3101
6327 3101
6328 3101
6329 3101
6330 3101
6331 3101
6332 3101
6333 3101
6334 3101
6335 3101
6336 3101
6337 3101
6338 3100
6339 3100
6340 3100
6341 3100
6342 3100
6343 3100
6344 3100
6345 3100
6346 3100
6347 3100
6348 3100
6349 3100
6350 3100
6351 3100
6352 3100
6353 3100
6354 3100
6355 3100
6356 3100
6357 3100
6358 3100
6359 3100
6360 3100
6361 3100
6362 3100
6363 3100
6364 3100
6365 3100
6366 3100
6367 3100
6368 3100
6369 3100
6370 3100
6371 3100
6372 3100
6373 3100
6374 3100
6375 3100
6376 3100
6377 3100
6378 3100
6379 3100
6380 3100
6381 3100
6382 3100
6383 3100
6384 3100
6385 3100
6386 3100
6387 3100
6388 3100
6389 3100
6390 3100
6391 3100
6392 3100
6393 3100
6394 3100
6395 3100
6396 3100
6397 3100
6398 3086
6399 3086
6400 3086
6401 3086
6402 3086
6403 3086
6404 3086
6405 3086
6406 3086
6407 3086
6408 3086
6409 3086
6410 3086
6411 3086
6412 3086
6413 3086
6414 3086
6415 3086
6416 3086
6417 3086
6418 3086
6419 3086
6420 3086
6421 3086
6422 3086
6423 3086
6424 3086
6425 3086
6426 3086
6427 3086
6428 3086
6429 3086
6430 3086
6431 3086
6432 3086
6433 3086
6434 3086
6435 3086
6436 3086
6437 3086
6438 3086
6439 3086
6440 3086
6441 3086
6442 3086
6443 3084
6444 3084
6445 3084
6446 3084
6447 3084
6448 3084
6449 3084
6450 3084
6451 3084
6452 3084
6453 3084
6454 3084
6455 3084
6456 3084
6457 3084
6458 3084
6459 3084
6460 3084
6461 3084
6462 3084
6463 3084
6464 3084
6465 3084
6466 3084
6467 3084
6468 3084
6469 3082
6470 3082
6471 3082
6472 3082
6473 3082
6474 3082
6475 3082
6476 3082
6477 3082
6478 3082
6479 3082
6480 3082
6481 3082
6482 3082
6483 3082
6484 3082
6485 3082
6486 3082
6487 3082
6488 3082
6489 3080
6490 3080
6491 3080
6492 3080
6493 3080
6494 3080
6495 3080
6496 3080
6497 3080
6498 3080
6499 3080
6500 3080
6501 3080
6502 3080
6503 3080
6504 3080
6505 3080
6506 3080
6507 3080
6508 3080
6509 3080
6510 3080
6511 3080
6512 3080
6513 3080
6514 3080
6515 3080
6516 3080
6517 3080
6518 3080
6519 3080
6520 3080
6521 3080
6522 3080
6523 3080
6524 3080
6525 3080
6526 3080
6527 3080
6528 3080
6529 3080
6530 3075
6531 3075
6532 3075
6533 3075
6534 3075
6535 3075
6536 3075
6537 3075
6538 3075
6539 3075
6540 3075
6541 3075
6542 3075
6543 3075
6544 3075
6545 3075
6546 3075
6547 3075
6548 3075
6549 3075
6550 3075
6551 3075
6552 3075
6553 3075
6554 3075
6555 3075
6556 3075
6557 3075
6558 3075
6559 3075
6560 3075
6561 3075
6562 3075
6563 3075
6564 3075
6565 3075
6566 3075
6567 3075
6568 3075
6569 3075
6570 3075
6571 3075
6572 3075
6573 3075
6574 3075
6575 3075
6576 3075
6577 3075
6578 3070
6579 3070
6580 3070
6581 3070
6582 3070
6583 3070
6584 3070
6585 3070
6586 3070
6587 3070
6588 3070
6589 3070
6590 3070
6591 3070
6592 3070
6593 3070
6594 3070
6595 3070
6596 3070
6597 3066
6598 3066
6599 3066
6600 3066
6601 3066
6602 3066
6603 3066
6604 3066
6605 3066
6606 3066
6607 3066
6608 3066
6609 3066
6610 3066
6611 3066
6612 3066
6613 3066
6614 3066
6615 3066
6616 3066
6617 3066
6618 3066
6619 3066
6620 3066
6621 3066
6622 3066
6623 3066
6624 3066
6625 3066
6626 3066
6627 3066
6628 3066
6629 3066
6630 3066
6631 3066
6632 3066
6633 3066
6634 3066
6635 3066
6636 3066
6637 3066
6638 3066
6639 3066
6640 3066
6641 3066
6642 3066
6643 3066
6644 3066
6645 3066
6646 3066
6647 3066
6648 3066
6649 3066
6650 3066
6651 3066
6652 3066
6653 3066
6654 3066
6655 3066
6656 3066
6657 3066
6658 3066
6659 3066
6660 3066
6661 3066
6662 3066
6663 3066
6664 3064
6665 3064
6666 3064
6667 3064
6668 3064
6669 3064
6670 3064
6671 3064
6672 3064
6673 3064
6674 3064
6675 3064
6676 3064
6677 3064
6678 3064
6679 3064
6680 3064
6681 3064
6682 3064
6683 3064
6684 3064
6685 3064
6686 3064
6687 3064
6688 3064
6689 3064
6690 3061
6691 3061
6692 3061
6693 3061
6694 3061
6695 3061
6696 3061
6697 3061
6698 3061
6699 3061
6700 3061
6701 3061
6702 3061
6703 3061
6704 3061
6705 3061
6706 3061
6707 3061
6708 3061
6709 3061
6710 3061
6711 3061
6712 3061
6713 3061
6714 3061
6715 3044
6716 3044
6717 3044
6718 3044
6719 3044
6720 3044
6721 3044
6722 3044
6723 3044
6724 3044
6725 3044
6726 3044
6727 3044
6728 3044
6729 3044
6730 3044
6731 3044
6732 3044
6733 3044
6734 3044
6735 3044
6736 3044
6737 3044
6738 3044
6739 3044
6740 3044
6741 3044
6742 3044
6743 3044
6744 3044
6745 3044
6746 3044
6747 3044
6748 3044
6749 3044
6750 3044
6751 3044
6752 3044
6753 3044
6754 3044
6755 3044
6756 3044
6757 3044
6758 3044
6759 3044
6760 3044
6761 3044
6762 3044
6763 3044
6764 3044
6765 3044
6766 3035
6767 3035
6768 3035
6769 3035
6770 3035
6771 3034
6772 3034
6773 3034
6774 3034
6775 3034
6776 3034
6777 3034
6778 3034
6779 3034
6780 3034
6781 3034
6782 3034
6783 3034
6784 3034
6785 3034
6786 3034
6787 3034
6788 3034
6789 3034
6790 3034
6791 3034
6792 3034
6793 3034
6794 3034
6795 3034
6796 3034
6797 3034
6798 3034
6799 3034
6800 3034
6801 3034
6802 3034
6803 3034
6804 3034
6805 3034
6806 3034
6807 3034
6808 3034
6809 3034
6810 3034
6811 3034
6812 3034
6813 3034
6814 3034
6815 3034
6816 3034
6817 3034
6818 3034
6819 3034
6820 3034
6821 3034
6822 3034
6823 3034
6824 3034
6825 3034
6826 3034
6827 3034
6828 3024
6829 3024
6830 3024
6831 3024
6832 3024
6833 3024
6834 3024
6835 3024
6836 3024
6837 3024
6838 3024
6839 3024
6840 3024
6841 3024
6842 3024
6843 3024
6844 3024
6845 3024
6846 3024
6847 3024
6848 3024
6849 3024
6850 3024
6851 3024
6852 3024
6853 3024
6854 3024
6855 3022
6856 3022
6857 3022
6858 3022
6859 3022
6860 3022
6861 3022
6862 3022
6863 3022
6864 3022
6865 3022
6866 3022
6867 3022
6868 3022
6869 3022
6870 3022
6871 3022
6872 3022
6873 3022
6874 3022
6875 3022
6876 3022
6877 3022
6878 3022
6879 3022
6880 3022
6881 3022
6882 3022
6883 3022
6884 3022
6885 3022
6886 3022
6887 3022
6888 3022
6889 3022
6890 3022
6891 3022
6892 3022
6893 3022
6894 3022
6895 3022
6896 3022
6897 3022
6898 3022
6899 3022
6900 3022
6901 3022
6902 3022
6903 3022
6904 3022
6905 3022
6906 3022
6907 3009
6908 3009
6909 3009
6910 3009
6911 3009
6912 3009
6913 3009
6914 3009
6915 3009
6916 3009
6917 3009
6918 3009
6919 3009
6920 3009
6921 3009
6922 3009
6923 3009
6924 3009
6925 3009
6926 3009
6927 3006
6928 3006
6929 3006
6930 3006
6931 3006
6932 3006
6933 3006
6934 3006
6935 3006
6936 3006
6937 3006
6938 3006
6939 3006
6940 3006
6941 3006
6942 3006
6943 3006
6944 3006
6945 3006
6946 3006
6947 3006
6948 3006
6949 3006
6950 3006
6951 3006
6952 3006
6953 3006
6954 3006
6955 3006
6956 3006
6957 3006
6958 3006
6959 3006
6960 3006
6961 3006
6962 3006
6963 3006
6964 3006
6965 3006
6966 3006
6967 3006
6968 3006
6969 3006
6970 3006
6971 3006
6972 3006
6973 3006
6974 3006
6975 3006
6976 3006
6977 3006
6978 3006
6979 3006
6980 3006
6981 3006
6982 3006
6983 3006
6984 3006
6985 3006
6986 3006
6987 3006
6988 3006
6989 3006
6990 3006
6991 3006
6992 3006
6993 3006
6994 3006
6995 3006
6996 3006
6997 3006
6998 3006
6999 3006
7000 3006
7001 3006
7002 3006
7003 3006
7004 3006
7005 3006
7006 3006
7007 3006
7008 3006
7009 3006
7010 3006
7011 3006
7012 3006
7013 3006
7014 3006
7015 3006
7016 3006
7017 3006
7018 3006
7019 3006
7020 3006
7021 3006
7022 3006
7023 3006
7024 3006
7025 3006
7026 3006
7027 3006
7028 3006
7029 3006
7030 3006
7031 3006
7032 3006
7033 3006
7034 3006
7035 3006
7036 3006
7037 3006
7038 3006
7039 3006
7040 3006
7041 3006
7042 3006
7043 3006
7044 3006
7045 3006
7046 3006
7047 3006
7048 3006
7049 3006
7050 3006
7051 3006
7052 3006
7053 3006
7054 2995
7055 2995
7056 2995
7057 2995
7058 2995
7059 2995
7060 2995
7061 2995
7062 2995
7063 2995
7064 2995
7065 2995
7066 2995
7067 2995
7068 2995
7069 2995
7070 2995
7071 2995
7072 2995
7073 2995
7074 2995
7075 2995
7076 2995
7077 2995
7078 2995
7079 2995
7080 2995
7081 2995
7082 2995
7083 2995
7084 2995
7085 2995
7086 2995
7087 2995
7088 2995
7089 2995
7090 2995
7091 2995
7092 2995
7093 2995
7094 2995
7095 2995
7096 2995
7097 2995
7098 2995
7099 2995
7100 2995
7101 2995
7102 2995
7103 2995
7104 2991
7105 2991
7106 2991
7107 2991
7108 2991
7109 2991
7110 2991
7111 2991
7112 2991
7113 2991
7114 2991
7115 2991
7116 2991
7117 2991
7118 2991
7119 2991
7120 2991
7121 2991
7122 2991
7123 2991
7124 2991
7125 2987
7126 2987
7127 2987
7128 2987
7129 2987
7130 2987
7131 2987
7132 2987
7133 2987
7134 2987
7135 2987
7136 2987
7137 2987
7138 2987
7139 2987
7140 2987
7141 2987
7142 2987
7143 2987
7144 2987
7145 2987
7146 2987
7147 2987
7148 2987
7149 2987
7150 2987
7151 2987
7152 2987
7153 2987
7154 2987
7155 2987
7156 2987
7157 2987
7158 2987
7159 2987
7160 2987
7161 2987
7162 2987
7163 2987
7164 2987
7165 2987
7166 2987
7167 2987
7168 2987
7169 2987
7170 2987
7171 2987
7172 2987
7173 2987
7174 2987
7175 2987
7176 2987
7177 2987
7178 2987
7179 2987
7180 2987
7181 2987
7182 2987
7183 2987
7184 2987
7185 2987
7186 2987
7187 2987
7188 2987
7189 2987
7190 2987
7191 2983
7192 2983
7193 2983
7194 2983
7195 2983
7196 2983
7197 2983
7198 2983
7199 2983
7200 2983
7201 2983
7202 2983
7203 2983
7204 2983
7205 2983
7206 2983
7207 2983
7208 2983
7209 2983
7210 2983
7211 2983
7212 2983
7213 2983
7214 2983
7215 2983
7216 2983
7217 2983
7218 2983
7219 2983
7220 2982
7221 2982
7222 2982
7223 2982
7224 2982
7225 2982
7226 2982
7227 2982
7228 2982
7229 2982
7230 2982
7231 2982
7232 2982
7233 2982
7234 2982
7235 2982
7236 2982
7237 2982
7238 2982
7239 2982
7240 2982
7241 2981
7242 2981
7243 2981
7244 2981
7245 2981
7246 2981
7247 2981
7248 2981
7249 2981
7250 2981
7251 2981
7252 2981
7253 2981
7254 2981
7255 2981
7256 2981
7257 2981
7258 2981
7259 2981
7260 2981
7261 2981
7262 2981
7263 2981
7264 2981
7265 2981
7266 2981
7267 2981
7268 2981
7269 2981
7270 2981
7271 2981
7272 2981
7273 2981
7274 2981
7275 2981
7276 2981
7277 2981
7278 2981
7279 2981
7280 2981
7281 2981
7282 2981
7283 2981
7284 2981
7285 2981
7286 2981
7287 2981
7288 2981
7289 2981
7290 2981
7291 2981
7292 2981
7293 2981
7294 2981
7295 2981
7296 2981
7297 2981
7298 2981
7299 2981
7300 2981
7301 2981
7302 2981
7303 2981
7304 2981
7305 2975
7306 2975
7307 2975
7308 2975
7309 2975
7310 2975
7311 2975
7312 2975
7313 2975
7314 2975
7315 2975
7316 2975
7317 2975
7318 2975
7319 2975
7320 2975
7321 2975
7322 2975
7323 2975
7324 2975
7325 2975
7326 2975
7327 2975
7328 2975
7329 2975
7330 2975
7331 2975
7332 2975
7333 2975
7334 2975
7335 2975
7336 2975
7337 2975
7338 2975
7339 2975
7340 2975
7341 2975
7342 2975
7343 2975
7344 2975
7345 2975
7346 2975
7347 2975
7348 2975
7349 2975
7350 2975
7351 2975
7352 2975
7353 2975
7354 2975
7355 2975
7356 2975
7357 2975
7358 2975
7359 2975
7360 2975
7361 2975
7362 2975
7363 2975
7364 2975
7365 2975
7366 2975
7367 2975
7368 2975
7369 2975
7370 2975
7371 2975
7372 2975
7373 2975
7374 2975
7375 2975
7376 2975
7377 2975
7378 2975
7379 2975
7380 2975
7381 2975
7382 2975
7383 2975
7384 2975
7385 2975
7386 2975
7387 2975
7388 2975
7389 2975
7390 2975
7391 2975
7392 2975
7393 2975
7394 2975
7395 2975
7396 2975
7397 2975
7398 2975
7399 2975
7400 2975
7401 2975
7402 2975
7403 2975
7404 2975
7405 2975
7406 2975
7407 2975
7408 2975
7409 2975
7410 2975
7411 2975
7412 2975
7413 2975
7414 2975
7415 2975
7416 2975
7417 2975
7418 2975
7419 2975
7420 2975
7421 2975
7422 2975
7423 2975
7424 2975
7425 2975
7426 2975
7427 2975
7428 2975
7429 2975
7430 2975
7431 2975
7432 2975
7433 2975
7434 2975
7435 2975
7436 2975
7437 2975
7438 2975
7439 2975
7440 2975
7441 2975
7442 2975
7443 2975
7444 2975
7445 2975
7446 2975
7447 2975
7448 2975
7449 2975
7450 2975
7451 2975
7452 2975
7453 2975
7454 2975
7455 2975
7456 2975
7457 2975
7458 2975
7459 2975
7460 2975
7461 2975
7462 2975
7463 2975
7464 2975
7465 2975
7466 2975
7467 2975
7468 2975
7469 2975
7470 2975
7471 2975
7472 2975
7473 2975
7474 2975
7475 2975
7476 2975
7477 2975
7478 2975
7479 2975
7480 2975
7481 2975
7482 2975
7483 2975
7484 2975
7485 2975
7486 2975
7487 2975
7488 2975
7489 2975
7490 2975
7491 2975
7492 2975
7493 2973
7494 2973
7495 2973
7496 2973
7497 2973
7498 2973
7499 2973
7500 2973
7501 2973
7502 2973
7503 2973
7504 2973
7505 2973
7506 2973
7507 2973
7508 2973
7509 2973
7510 2973
7511 2973
7512 2973
7513 2973
7514 2973
7515 2973
7516 2973
7517 2973
7518 2973
7519 2973
7520 2973
7521 2973
7522 2973
7523 2973
7524 2973
7525 2973
7526 2973
7527 2973
7528 2973
7529 2973
7530 2973
7531 2973
7532 2973
7533 2973
7534 2973
7535 2973
7536 2973
7537 2973
7538 2973
7539 2973
7540 2973
7541 2973
7542 2973
7543 2973
7544 2973
7545 2973
7546 2973
7547 2973
7548 2973
7549 2973
7550 2973
7551 2973
7552 2973
7553 2973
7554 2973
7555 2973
7556 2973
7557 2973
7558 2973
7559 2973
7560 2973
7561 2973
7562 2973
7563 2973
7564 2973
7565 2973
7566 2973
7567 2973
7568 2973
7569 2973
7570 2973
7571 2973
7572 2973
7573 2973
7574 2973
7575 2973
7576 2973
7577 2973
7578 2973
7579 2973
7580 2973
7581 2973
7582 2973
7583 2973
7584 2973
7585 2973
7586 2973
7587 2973
7588 2973
7589 2973
7590 2973
7591 2973
7592 2973
7593 2968
7594 2968
7595 2968
7596 2968
7597 2968
7598 2968
7599 2968
7600 2968
7601 2968
7602 2968
7603 2968
7604 2968
7605 2968
7606 2968
7607 2968
7608 2968
7609 2968
7610 2968
7611 2968
7612 2968
7613 2968
7614 2968
7615 2968
7616 2968
7617 2968
7618 2968
7619 2968
7620 2968
7621 2968
7622 2968
7623 2968
7624 2968
7625 2968
7626 2968
7627 2968
7628 2968
7629 2968
7630 2968
7631 2968
7632 2968
7633 2968
7634 2968
7635 2968
7636 2968
7637 2953
7638 2953
7639 2953
7640 2953
7641 2953
7642 2953
7643 2953
7644 2953
7645 2953
7646 2953
7647 2953
7648 2953
7649 2953
7650 2953
7651 2953
7652 2953
7653 2953
7654 2953
7655 2951
7656 2951
7657 2951
7658 2951
7659 2951
7660 2951
7661 2951
7662 2951
7663 2951
7664 2951
7665 2951
7666 2951
7667 2951
7668 2951
7669 2951
7670 2951
7671 2951
7672 2951
7673 2946
7674 2943
7675 2943
7676 2943
7677 2943
7678 2943
7679 2943
7680 2943
7681 2943
7682 2943
7683 2943
7684 2943
7685 2943
7686 2943
7687 2943
7688 2943
7689 2943
7690 2943
7691 2943
7692 2943
7693 2943
7694 2943
7695 2943
7696 2943
7697 2943
7698 2943
7699 2943
7700 2943
7701 2943
7702 2943
7703 2943
7704 2943
7705 2943
7706 2943
7707 2943
7708 2943
7709 2943
7710 2943
7711 2943
7712 2943
7713 2943
7714 2943
7715 2943
7716 2943
7717 2943
7718 2943
7719 2943
7720 2943
7721 2943
7722 2943
7723 2943
7724 2943
7725 2943
7726 2943
7727 2943
7728 2943
7729 2943
7730 2943
7731 2943
7732 2943
7733 2943
7734 2943
7735 2943
7736 2943
7737 2943
7738 2943
7739 2943
7740 2943
7741 2943
7742 2943
7743 2943
7744 2943
7745 2943
7746 2943
7747 2943
7748 2943
7749 2943
7750 2943
7751 2943
7752 2943
7753 2943
7754 2943
7755 2943
7756 2943
7757 2943
7758 2943
7759 2943
7760 2943
7761 2943
7762 2943
7763 2943
7764 2943
7765 2943
7766 2943
7767 2943
7768 2943
7769 2943
7770 2943
7771 2943
7772 2943
7773 2943
7774 2943
7775 2943
7776 2943
7777 2943
7778 2943
7779 2943
7780 2943
7781 2943
7782 2943
7783 2943
7784 2943
7785 2943
7786 2943
7787 2943
7788 2943
7789 2943
7790 2943
7791 2943
7792 2943
7793 2943
7794 2943
7795 2943
7796 2943
7797 2943
7798 2943
7799 2943
7800 2943
7801 2943
7802 2943
7803 2943
7804 2943
7805 2943
7806 2943
7807 2943
7808 2943
7809 2943
7810 2943
7811 2943
7812 2943
7813 2943
7814 2943
7815 2943
7816 2943
7817 2943
7818 2943
7819 2943
7820 2943
7821 2943
7822 2943
7823 2943
7824 2943
7825 2943
7826 2943
7827 2943
7828 2943
7829 2943
7830 2943
7831 2943
7832 2943
7833 2943
7834 2943
7835 2943
7836 2943
7837 2943
7838 2943
7839 2943
7840 2943
7841 2943
7842 2943
7843 2943
7844 2943
7845 2943
7846 2943
7847 2943
7848 2943
7849 2943
7850 2943
7851 2943
7852 2943
7853 2943
7854 2943
7855 2943
7856 2943
7857 2943
7858 2943
7859 2943
7860 2943
7861 2943
7862 2943
7863 2943
7864 2943
7865 2943
7866 2943
7867 2943
7868 2943
7869 2943
7870 2943
7871 2943
7872 2943
7873 2943
7874 2943
7875 2943
7876 2943
7877 2943
7878 2943
7879 2943
7880 2943
7881 2943
7882 2943
7883 2943
7884 2943
7885 2943
7886 2943
7887 2943
7888 2921
7889 2921
7890 2921
7891 2921
7892 2921
7893 2921
7894 2921
7895 2921
7896 2921
7897 2921
7898 2921
7899 2921
7900 2921
7901 2921
7902 2921
7903 2921
7904 2921
7905 2921
7906 2921
7907 2921
7908 2921
7909 2921
7910 2921
7911 2921
7912 2921
7913 2921
7914 2921
7915 2915
7916 2915
7917 2915
7918 2915
7919 2912
7920 2912
7921 2912
7922 2912
7923 2912
7924 2912
7925 2912
7926 2912
7927 2912
7928 2912
7929 2912
7930 2912
7931 2912
7932 2912
7933 2912
7934 2912
7935 2912
7936 2912
7937 2912
7938 2912
7939 2906
7940 2906
7941 2906
7942 2906
7943 2906
7944 2906
7945 2906
7946 2906
7947 2906
7948 2906
7949 2906
7950 2906
7951 2906
7952 2906
7953 2906
7954 2906
7955 2906
7956 2906
7957 2906
7958 2906
7959 2906
7960 2906
7961 2906
7962 2906
7963 2906
7964 2906
7965 2906
7966 2906
7967 2906
7968 2906
7969 2906
7970 2906
7971 2906
7972 2906
7973 2906
7974 2906
7975 2906
7976 2906
7977 2906
7978 2906
7979 2906
7980 2906
7981 2906
7982 2906
7983 2906
7984 2906
7985 2906
7986 2906
7987 2906
7988 2906
7989 2906
7990 2906
7991 2906
7992 2906
7993 2906
7994 2906
7995 2906
7996 2906
7997 2906
7998 2906
7999 2906
8000 2906
8001 2906
8002 2906
8003 2906
8004 2906
8005 2906
8006 2906
8007 2906
8008 2906
8009 2906
8010 2906
8011 2906
8012 2906
8013 2906
8014 2906
8015 2906
8016 2906
8017 2906
8018 2906
8019 2906
8020 2906
8021 2906
8022 2906
8023 2905
8024 2905
8025 2905
8026 2905
8027 2905
8028 2905
8029 2905
8030 2905
8031 2905
8032 2905
8033 2905
8034 2905
8035 2905
8036 2905
8037 2905
8038 2905
8039 2905
8040 2905
8041 2905
8042 2905
8043 2905
8044 2905
8045 2905
8046 2905
8047 2905
8048 2905
8049 2905
8050 2905
8051 2905
8052 2905
8053 2905
8054 2905
8055 2905
8056 2905
8057 2905
8058 2905
8059 2905
8060 2905
8061 2905
8062 2905
8063 2905
8064 2905
8065 2905
8066 2905
8067 2905
8068 2905
8069 2905
8070 2905
8071 2905
8072 2905
8073 2905
8074 2905
8075 2905
8076 2905
8077 2905
8078 2905
8079 2905
8080 2905
8081 2905
8082 2905
8083 2905
8084 2905
8085 2905
8086 2905
8087 2905
8088 2905
8089 2905
8090 2905
8091 2905
8092 2905
8093 2905
8094 2905
8095 2905
8096 2905
8097 2905
8098 2905
8099 2905
8100 2905
8101 2905
8102 2905
8103 2905
8104 2905
8105 2905
8106 2905
8107 2905
8108 2905
8109 2905
8110 2905
8111 2905
8112 2905
8113 2905
8114 2905
8115 2905
8116 2905
8117 2905
8118 2905
8119 2905
8120 2905
8121 2905
8122 2905
8123 2905
8124 2905
8125 2905
8126 2905
8127 2905
8128 2905
8129 2905
8130 2905
8131 2905
8132 2905
8133 2905
8134 2905
8135 2905
8136 2905
8137 2905
8138 2905
8139 2905
8140 2905
8141 2905
8142 2905
8143 2905
8144 2905
8145 2905
8146 2905
8147 2905
8148 2905
8149 2905
8150 2905
8151 2905
8152 2905
8153 2905
8154 2905
8155 2905
8156 2905
8157 2905
8158 2905
8159 2905
8160 2905
8161 2905
8162 2905
8163 2905
8164 2905
8165 2905
8166 2905
8167 2905
8168 2905
8169 2905
8170 2905
8171 2905
8172 2905
8173 2905
8174 2905
8175 2905
8176 2905
8177 2905
8178 2905
8179 2905
8180 2905
8181 2905
8182 2905
8183 2905
8184 2905
8185 2905
8186 2905
8187 2905
8188 2905
8189 2905
8190 2905
8191 2905
8192 2905
8193 2905
8194 2905
8195 2905
8196 2905
8197 2905
8198 2905
8199 2905
8200 2905
8201 2905
8202 2905
8203 2905
8204 2905
8205 2905
8206 2905
8207 2905
8208 2905
8209 2905
8210 2905
8211 2905
8212 2905
8213 2905
8214 2905
8215 2905
8216 2905
8217 2905
8218 2905
8219 2905
8220 2905
8221 2905
8222 2905
8223 2905
8224 2905
8225 2905
8226 2905
8227 2905
8228 2905
8229 2905
8230 2905
8231 2905
8232 2905
8233 2905
8234 2905
8235 2905
8236 2905
8237 2905
8238 2905
8239 2905
8240 2905
8241 2905
8242 2905
8243 2905
8244 2905
8245 2905
8246 2905
8247 2905
8248 2905
8249 2905
8250 2902
8251 2894
8252 2894
8253 2894
8254 2894
8255 2894
8256 2894
8257 2894
8258 2894
8259 2894
8260 2894
8261 2894
8262 2894
8263 2894
8264 2894
8265 2894
8266 2894
8267 2894
8268 2894
8269 2894
8270 2894
8271 2894
8272 2894
8273 2894
8274 2894
8275 2894
8276 2894
8277 2894
8278 2894
8279 2894
8280 2894
8281 2894
8282 2894
8283 2894
8284 2894
8285 2894
8286 2894
8287 2894
8288 2894
8289 2894
8290 2894
8291 2894
8292 2894
8293 2894
8294 2894
8295 2894
8296 2894
8297 2894
8298 2894
8299 2894
8300 2894
8301 2894
8302 2894
8303 2894
8304 2894
8305 2894
8306 2894
8307 2894
8308 2894
8309 2894
8310 2894
8311 2894
8312 2894
8313 2894
8314 2894
8315 2894
8316 2894
8317 2894
8318 2894
8319 2894
8320 2894
8321 2894
8322 2894
8323 2894
8324 2894
8325 2894
8326 2894
8327 2894
8328 2894
8329 2894
8330 2894
8331 2894
8332 2894
8333 2894
8334 2894
8335 2894
8336 2894
8337 2894
8338 2894
8339 2894
8340 2894
8341 2894
8342 2894
8343 2894
8344 2894
8345 2894
8346 2894
8347 2894
8348 2894
8349 2894
8350 2894
8351 2894
8352 2894
8353 2894
8354 2894
8355 2894
8356 2894
8357 2894
8358 2894
8359 2894
8360 2894
8361 2894
8362 2894
8363 2894
8364 2894
8365 2894
8366 2894
8367 2894
8368 2894
8369 2893
8370 2893
8371 2893
8372 2893
8373 2893
8374 2893
8375 2893
8376 2893
8377 2893
8378 2893
8379 2893
8380 2893
8381 2893
8382 2893
8383 2893
8384 2893
8385 2893
8386 2893
8387 2893
8388 2893
8389 2893
8390 2893
8391 2893
8392 2893
8393 2893
8394 2893
8395 2893
8396 2893
8397 2893
8398 2893
8399 2893
8400 2893
8401 2893
8402 2893
8403 2893
8404 2893
8405 2893
8406 2893
8407 2893
8408 2893
8409 2893
8410 2893
8411 2893
8412 2893
8413 2893
8414 2893
8415 2893
8416 2893
8417 2893
8418 2893
8419 2893
8420 2893
8421 2893
8422 2893
8423 2893
8424 2893
8425 2893
8426 2893
8427 2893
8428 2893
8429 2893
8430 2893
8431 2893
8432 2893
8433 2893
8434 2893
8435 2893
8436 2893
8437 2893
8438 2893
8439 2893
8440 2893
8441 2893
8442 2893
8443 2893
8444 2893
8445 2893
8446 2893
8447 2893
8448 2893
8449 2893
8450 2893
8451 2893
8452 2893
8453 2893
8454 2893
8455 2893
8456 2893
8457 2893
8458 2893
8459 2893
8460 2883
8461 2883
8462 2883
8463 2883
8464 2883
8465 2883
8466 2883
8467 2883
8468 2883
8469 2883
8470 2883
8471 2883
8472 2883
8473 2883
8474 2883
8475 2883
8476 2883
8477 2883
8478 2883
8479 2883
8480 2883
8481 2883
8482 2883
8483 2883
8484 2883
8485 2883
8486 2883
8487 2883
8488 2883
8489 2883
8490 2883
8491 2883
8492 2883
8493 2883
8494 2883
8495 2883
8496 2883
8497 2883
8498 2883
8499 2883
8500 2883
8501 2883
8502 2883
8503 2883
8504 2883
8505 2883
8506 2883
8507 2883
8508 2883
8509 2883
8510 2883
8511 2883
8512 2883
8513 2883
8514 2883
8515 2883
8516 2883
8517 2883
8518 2883
8519 2883
8520 2883
8521 2883
8522 2883
8523 2883
8524 2883
8525 2883
8526 2883
8527 2883
8528 2883
8529 2883
8530 2883
8531 2883
8532 2883
8533 2883
8534 2883
8535 2883
8536 2883
8537 2883
8538 2883
8539 2883
8540 2883
8541 2883
8542 2883
8543 2883
8544 2883
8545 2883
8546 2883
8547 2883
8548 2883
8549 2883
8550 2883
8551 2883
8552 2883
8553 2883
8554 2883
8555 2883
8556 2883
8557 2883
8558 2883
8559 2883
8560 2883
8561 2883
8562 2883
8563 2883
8564 2883
8565 2883
8566 2883
8567 2883
8568 2883
8569 2883
8570 2883
8571 2883
8572 2883
8573 2883
8574 2883
8575 2883
8576 2883
8577 2883
8578 2883
8579 2883
8580 2883
8581 2883
8582 2883
8583 2883
8584 2883
8585 2883
8586 2883
8587 2883
8588 2883
8589 2883
8590 2883
8591 2883
8592 2883
8593 2883
8594 2883
8595 2883
8596 2883
8597 2883
8598 2883
8599 2883
8600 2883
8601 2883
8602 2883
8603 2883
8604 2883
8605 2883
8606 2883
8607 2883
8608 2883
8609 2883
8610 2883
8611 2883
8612 2883
8613 2883
8614 2883
8615 2883
8616 2883
8617 2883
8618 2883
8619 2883
8620 2883
8621 2883
8622 2883
8623 2883
8624 2883
8625 2883
8626 2883
8627 2882
8628 2882
8629 2882
8630 2882
8631 2882
8632 2882
8633 2882
8634 2882
8635 2882
8636 2882
8637 2882
8638 2882
8639 2882
8640 2882
8641 2882
8642 2882
8643 2882
8644 2882
8645 2882
8646 2882
8647 2882
8648 2882
8649 2882
8650 2882
8651 2882
8652 2882
8653 2882
8654 2882
8655 2882
8656 2882
8657 2882
8658 2882
8659 2882
8660 2882
8661 2882
8662 2882
8663 2882
8664 2882
8665 2882
8666 2882
8667 2882
8668 2882
8669 2882
8670 2882
8671 2882
8672 2882
8673 2882
8674 2882
8675 2882
8676 2882
8677 2882
8678 2882
8679 2882
8680 2868
8681 2868
8682 2868
8683 2868
8684 2868
8685 2868
8686 2868
8687 2868
8688 2868
8689 2868
8690 2868
8691 2868
8692 2868
8693 2868
8694 2868
8695 2868
8696 2868
8697 2868
8698 2868
8699 2868
8700 2868
8701 2868
8702 2868
8703 2868
8704 2868
8705 2868
8706 2868
8707 2868
8708 2868
8709 2868
8710 2868
8711 2868
8712 2868
8713 2868
8714 2868
8715 2868
8716 2868
8717 2868
8718 2868
8719 2868
8720 2868
8721 2868
8722 2868
8723 2868
8724 2868
8725 2868
8726 2868
8727 2868
8728 2868
8729 2868
8730 2868
8731 2868
8732 2868
8733 2868
8734 2868
8735 2868
8736 2868
8737 2868
8738 2868
8739 2868
8740 2868
8741 2868
8742 2868
8743 2868
8744 2868
8745 2868
8746 2868
8747 2868
8748 2868
8749 2868
8750 2868
8751 2868
8752 2868
8753 2868
8754 2868
8755 2868
8756 2868
8757 2868
8758 2868
8759 2868
8760 2868
8761 2868
8762 2868
8763 2868
8764 2868
8765 2868
8766 2868
8767 2868
8768 2868
8769 2868
8770 2868
8771 2868
8772 2868
8773 2868
8774 2868
8775 2868
8776 2868
8777 2868
8778 2868
8779 2868
8780 2868
8781 2868
8782 2868
8783 2868
8784 2868
8785 2868
8786 2868
8787 2868
8788 2868
8789 2868
8790 2868
8791 2868
8792 2868
8793 2868
8794 2868
8795 2868
8796 2868
8797 2868
8798 2868
8799 2868
8800 2868
8801 2868
8802 2868
8803 2868
8804 2868
8805 2868
8806 2868
8807 2868
8808 2868
8809 2868
8810 2868
8811 2868
8812 2868
8813 2868
8814 2868
8815 2868
8816 2868
8817 2868
8818 2868
8819 2868
8820 2868
8821 2868
8822 2868
8823 2868
8824 2868
8825 2868
8826 2868
8827 2868
8828 2868
8829 2868
8830 2868
8831 2868
8832 2868
8833 2868
8834 2868
8835 2868
8836 2868
8837 2868
8838 2868
8839 2868
8840 2868
8841 2868
8842 2868
8843 2868
8844 2868
8845 2868
8846 2868
8847 2868
8848 2868
8849 2868
8850 2868
8851 2868
8852 2868
8853 2859
8854 2859
8855 2859
8856 2859
8857 2859
8858 2859
8859 2859
8860 2859
8861 2859
8862 2859
8863 2859
8864 2859
8865 2859
8866 2859
8867 2859
8868 2859
8869 2859
8870 2859
8871 2859
8872 2859
8873 2859
8874 2859
8875 2859
8876 2859
8877 2859
8878 2859
8879 2859
8880 2859
8881 2859
8882 2859
8883 2859
8884 2859
8885 2859
8886 2859
8887 2859
8888 2859
8889 2859
8890 2859
8891 2859
8892 2859
8893 2859
8894 2859
8895 2859
8896 2859
8897 2859
8898 2859
8899 2859
8900 2859
8901 2859
8902 2859
8903 2859
8904 2859
8905 2859
8906 2859
8907 2859
8908 2859
8909 2859
8910 2859
8911 2859
8912 2859
8913 2859
8914 2859
8915 2859
8916 2859
8917 2859
8918 2859
8919 2859
8920 2859
8921 2859
8922 2859
8923 2859
8924 2859
8925 2859
8926 2859
8927 2859
8928 2859
8929 2859
8930 2859
8931 2859
8932 2859
8933 2859
8934 2859
8935 2859
8936 2859
8937 2859
8938 2859
8939 2859
8940 2859
8941 2859
8942 2839
8943 2839
8944 2839
8945 2839
8946 2839
8947 2839
8948 2839
8949 2839
8950 2839
8951 2839
8952 2839
8953 2839
8954 2839
8955 2839
8956 2839
8957 2839
8958 2823
8959 2823
8960 2823
8961 2823
8962 2823
8963 2823
8964 2823
8965 2823
8966 2823
8967 2823
8968 2823
8969 2823
8970 2823
8971 2823
8972 2823
8973 2823
8974 2823
8975 2823
8976 2823
8977 2823
8978 2823
8979 2823
8980 2823
8981 2823
8982 2823
8983 2823
8984 2823
8985 2823
8986 2823
8987 2822
8988 2822
8989 2822
8990 2822
8991 2822
8992 2822
8993 2822
8994 2822
8995 2822
8996 2822
8997 2822
8998 2822
8999 2822
9000 2822
9001 2822
9002 2822
9003 2822
9004 2822
9005 2822
9006 2822
9007 2822
9008 2822
9009 2822
9010 2822
9011 2822
9012 2822
9013 2822
9014 2822
9015 2822
9016 2822
9017 2822
9018 2822
9019 2822
9020 2822
9021 2822
9022 2822
9023 2822
9024 2822
9025 2822
9026 2822
9027 2822
9028 2822
9029 2822
9030 2822
9031 2822
9032 2822
9033 2822
9034 2822
9035 2822
9036 2822
9037 2822
9038 2822
9039 2822
9040 2822
9041 2822
9042 2822
9043 2822
9044 2822
9045 2822
9046 2822
9047 2822
9048 2822
9049 2822
9050 2822
9051 2822
9052 2822
9053 2822
9054 2822
9055 2822
9056 2822
9057 2822
9058 2822
9059 2822
9060 2822
9061 2822
9062 2822
9063 2822
9064 2822
9065 2822
9066 2822
9067 2822
9068 2822
9069 2822
9070 2822
9071 2822
9072 2822
9073 2822
9074 2822
9075 2822
9076 2822
9077 2822
9078 2822
9079 2822
9080 2822
9081 2822
9082 2822
9083 2822
9084 2822
9085 2822
9086 2822
9087 2822
9088 2822
9089 2822
9090 2822
9091 2822
9092 2822
9093 2822
9094 2822
9095 2822
9096 2822
9097 2822
9098 2822
9099 2822
9100 2822
9101 2822
9102 2822
9103 2822
9104 2822
9105 2822
9106 2822
9107 2822
9108 2822
9109 2822
9110 2822
9111 2822
9112 2822
9113 2822
9114 2822
9115 2822
9116 2822
9117 2822
9118 2822
9119 2822
9120 2822
9121 2822
9122 2822
9123 2822
9124 2822
9125 2822
9126 2822
9127 2822
9128 2822
9129 2822
9130 2822
9131 2822
9132 2822
9133 2822
9134 2822
9135 2822
9136 2822
9137 2822
9138 2822
9139 2822
9140 2822
9141 2822
9142 2822
9143 2822
9144 2822
9145 2822
9146 2822
9147 2822
9148 2822
9149 2822
9150 2822
9151 2822
9152 2807
9153 2807
9154 2807
9155 2807
9156 2807
9157 2807
9158 2807
9159 2807
9160 2807
9161 2807
9162 2807
9163 2807
9164 2807
9165 2807
9166 2807
9167 2807
9168 2807
9169 2807
9170 2807
9171 2807
9172 2807
9173 2807
9174 2807
9175 2807
9176 2807
9177 2807
9178 2807
9179 2807
9180 2807
9181 2807
9182 2807
9183 2807
9184 2807
9185 2807
9186 2807
9187 2807
9188 2807
9189 2807
9190 2807
9191 2807
9192 2807
9193 2807
9194 2807
9195 2807
9196 2807
9197 2807
9198 2807
9199 2807
9200 2807
9201 2807
9202 2807
9203 2807
9204 2807
9205 2807
9206 2807
9207 2807
9208 2807
9209 2807
9210 2807
9211 2807
9212 2807
9213 2807
9214 2807
9215 2807
9216 2807
9217 2807
9218 2807
9219 2807
9220 2807
9221 2807
9222 2807
9223 2807
9224 2807
9225 2807
9226 2807
9227 2807
9228 2807
9229 2807
9230 2807
9231 2807
9232 2807
9233 2807
9234 2807
9235 2807
9236 2807
9237 2807
9238 2807
9239 2807
9240 2807
9241 2807
9242 2807
9243 2807
9244 2807
9245 2807
9246 2807
9247 2807
9248 2807
9249 2807
9250 2807
9251 2807
9252 2807
9253 2807
9254 2807
9255 2807
9256 2807
9257 2807
9258 2807
9259 2807
9260 2807
9261 2807
9262 2807
9263 2807
9264 2807
9265 2807
9266 2807
9267 2807
9268 2807
9269 2807
9270 2807
9271 2807
9272 2807
9273 2807
9274 2807
9275 2807
9276 2807
9277 2807
9278 2807
9279 2807
9280 2807
9281 2807
9282 2807
9283 2807
9284 2807
9285 2807
9286 2807
9287 2807
9288 2807
9289 2807
9290 2807
9291 2807
9292 2807
9293 2807
9294 2807
9295 2807
9296 2807
9297 2807
9298 2807
9299 2807
9300 2807
9301 2807
9302 2807
9303 2807
9304 2807
9305 2807
9306 2807
9307 2807
9308 2807
9309 2807
9310 2807
9311 2807
9312 2807
9313 2807
9314 2807
9315 2807
9316 2807
9317 2807
9318 2807
9319 2807
9320 2807
9321 2807
9322 2807
9323 2807
9324 2807
9325 2807
9326 2807
9327 2807
9328 2807
9329 2807
9330 2807
9331 2807
9332 2807
9333 2807
9334 2807
9335 2807
9336 2807
9337 2807
9338 2807
9339 2807
9340 2807
9341 2807
9342 2807
9343 2807
9344 2807
9345 2807
9346 2807
9347 2807
9348 2807
9349 2807
9350 2807
9351 2807
9352 2807
9353 2807
9354 2807
9355 2807
9356 2805
9357 2805
9358 2805
9359 2805
9360 2805
9361 2805
9362 2805
9363 2805
9364 2805
9365 2805
9366 2805
9367 2805
9368 2805
9369 2805
9370 2805
9371 2805
9372 2805
9373 2805
9374 2805
9375 2805
9376 2805
9377 2805
9378 2805
9379 2805
9380 2805
9381 2805
9382 2805
9383 2805
9384 2805
9385 2805
9386 2805
9387 2805
9388 2805
9389 2805
9390 2805
9391 2805
9392 2805
9393 2805
9394 2805
9395 2805
9396 2805
9397 2805
9398 2805
9399 2805
9400 2805
9401 2805
9402 2805
9403 2805
9404 2805
9405 2805
9406 2805
9407 2805
9408 2805
9409 2805
9410 2805
9411 2805
9412 2805
9413 2805
9414 2805
9415 2805
9416 2805
9417 2805
9418 2805
9419 2805
9420 2805
9421 2805
9422 2805
9423 2805
9424 2805
9425 2805
9426 2805
9427 2805
9428 2805
9429 2805
9430 2805
9431 2805
9432 2805
9433 2805
9434 2805
9435 2805
9436 2805
9437 2805
9438 2805
9439 2805
9440 2805
9441 2805
9442 2805
9443 2805
9444 2805
9445 2805
9446 2805
9447 2805
9448 2805
9449 2805
9450 2805
9451 2805
9452 2805
9453 2805
9454 2805
9455 2805
9456 2805
9457 2805
9458 2805
9459 2805
9460 2805
9461 2805
9462 2805
9463 2805
9464 2805
9465 2805
9466 2805
9467 2805
9468 2805
9469 2805
9470 2805
9471 2805
9472 2805
9473 2805
9474 2805
9475 2805
9476 2805
9477 2805
9478 2805
9479 2805
9480 2805
9481 2805
9482 2805
9483 2805
9484 2805
9485 2803
9486 2803
9487 2803
9488 2803
9489 2803
9490 2803
9491 2803
9492 2803
9493 2803
9494 2803
9495 2803
9496 2803
9497 2803
9498 2803
9499 2803
9500 2803
9501 2803
9502 2803
9503 2803
9504 2803
9505 2803
9506 2803
9507 2803
9508 2803
9509 2803
9510 2803
9511 2801
9512 2801
9513 2801
9514 2801
9515 2801
9516 2801
9517 2801
9518 2801
9519 2801
9520 2801
9521 2801
9522 2801
9523 2801
9524 2801
9525 2801
9526 2801
9527 2801
9528 2801
9529 2801
9530 2801
9531 2801
9532 2801
9533 2801
9534 2801
9535 2801
9536 2801
9537 2795
9538 2795
9539 2795
9540 2795
9541 2795
9542 2795
9543 2795
9544 2795
9545 2795
9546 2795
9547 2795
9548 2795
9549 2795
9550 2795
9551 2795
9552 2795
9553 2795
9554 2795
9555 2795
9556 2795
9557 2795
9558 2795
9559 2795
9560 2795
9561 2795
9562 2784
9563 2784
9564 2784
9565 2784
9566 2784
9567 2784
9568 2784
9569 2784
9570 2784
9571 2784
9572 2784
9573 2784
9574 2784
9575 2784
9576 2784
9577 2784
9578 2784
9579 2784
9580 2784
9581 2784
9582 2784
9583 2784
9584 2784
9585 2784
9586 2784
9587 2784
9588 2784
9589 2784
9590 2784
9591 2784
9592 2784
9593 2784
9594 2784
9595 2774
9596 2774
9597 2774
9598 2774
9599 2774
9600 2774
9601 2774
9602 2774
9603 2774
9604 2774
9605 2774
9606 2774
9607 2774
9608 2774
9609 2774
9610 2774
9611 2774
9612 2774
9613 2774
9614 2774
9615 2774
9616 2774
9617 2774
9618 2774
9619 2774
9620 2774
9621 2774
9622 2774
9623 2774
9624 2774
9625 2774
9626 2774
9627 2773
9628 2773
9629 2773
9630 2773
9631 2773
9632 2773
9633 2767
9634 2767
9635 2767
9636 2767
9637 2767
9638 2767
9639 2767
9640 2767
9641 2767
9642 2767
9643 2767
9644 2767
9645 2767
9646 2767
9647 2767
9648 2767
9649 2767
9650 2767
9651 2767
9652 2767
9653 2767
9654 2767
9655 2767
9656 2767
9657 2767
9658 2767
9659 2767
9660 2767
9661 2767
9662 2767
9663 2767
9664 2767
9665 2767
9666 2767
9667 2767
9668 2767
9669 2767
9670 2767
9671 2767
9672 2767
9673 2767
9674 2767
9675 2767
9676 2767
9677 2767
9678 2767
9679 2767
9680 2767
9681 2767
9682 2767
9683 2767
9684 2767
9685 2767
9686 2767
9687 2767
9688 2767
9689 2767
9690 2767
9691 2767
9692 2767
9693 2767
9694 2767
9695 2767
9696 2767
9697 2767
9698 2767
9699 2767
9700 2767
9701 2767
9702 2767
9703 2767
9704 2767
9705 2767
9706 2767
9707 2767
9708 2767
9709 2767
9710 2767
9711 2767
9712 2767
9713 2767
9714 2767
9715 2767
9716 2767
9717 2767
9718 2767
9719 2767
9720 2767
9721 2767
9722 2767
9723 2767
9724 2767
9725 2767
9726 2767
9727 2767
9728 2767
9729 2767
9730 2767
9731 2767
9732 2767
9733 2767
9734 2767
9735 2767
9736 2767
9737 2767
9738 2767
9739 2767
9740 2767
9741 2767
9742 2767
9743 2767
9744 2767
9745 2767
9746 2767
9747 2767
9748 2767
9749 2767
9750 2767
9751 2767
9752 2767
9753 2767
9754 2767
9755 2767
9756 2767
9757 2767
9758 2767
9759 2767
9760 2767
9761 2767
9762 2764
9763 2764
9764 2764
9765 2764
9766 2764
9767 2764
9768 2764
9769 2764
9770 2764
9771 2764
9772 2764
9773 2764
9774 2764
9775 2764
9776 2764
9777 2764
9778 2764
9779 2764
9780 2764
9781 2764
9782 2764
9783 2764
9784 2764
9785 2764
9786 2764
9787 2764
9788 2764
9789 2762
9790 2762
9791 2762
9792 2762
9793 2762
9794 2762
9795 2762
9796 2762
9797 2762
9798 2762
9799 2762
9800 2762
9801 2762
9802 2762
9803 2762
9804 2762
9805 2762
9806 2762
9807 2762
9808 2762
9809 2762
9810 2762
9811 2762
9812 2762
9813 2762
9814 2762
9815 2762
9816 2762
9817 2762
9818 2762
9819 2762
9820 2762
9821 2762
9822 2762
9823 2762
9824 2762
9825 2762
9826 2762
9827 2762
9828 2762
9829 2762
9830 2762
9831 2762
9832 2762
9833 2762
9834 2762
9835 2762
9836 2762
9837 2762
9838 2762
9839 2762
9840 2762
9841 2762
9842 2762
9843 2762
9844 2762
9845 2762
9846 2762
9847 2762
9848 2762
9849 2762
9850 2762
9851 2762
9852 2762
9853 2762
9854 2762
9855 2762
9856 2762
9857 2762
9858 2762
9859 2762
9860 2762
9861 2762
9862 2762
9863 2762
9864 2762
9865 2762
9866 2762
9867 2762
9868 2762
9869 2762
9870 2762
9871 2762
9872 2762
9873 2762
9874 2762
9875 2762
9876 2762
9877 2762
9878 2762
9879 2762
9880 2762
9881 2762
9882 2762
9883 2762
9884 2762
9885 2762
9886 2762
9887 2762
9888 2762
9889 2762
9890 2762
9891 2762
9892 2762
9893 2762
9894 2762
9895 2759
9896 2759
9897 2759
9898 2759
9899 2759
9900 2759
9901 2759
9902 2759
9903 2759
9904 2759
9905 2759
9906 2759
9907 2759
9908 2759
9909 2759
9910 2759
9911 2759
9912 2759
9913 2759
9914 2759
9915 2759
9916 2759
9917 2759
9918 2759
9919 2759
9920 2759
9921 2759
9922 2759
9923 2759
9924 2759
9925 2759
9926 2759
9927 2759
9928 2759
9929 2759
9930 2759
9931 2759
9932 2759
9933 2759
9934 2759
9935 2759
9936 2759
9937 2759
9938 2759
9939 2759
9940 2759
9941 2759
9942 2759
9943 2759
9944 2759
9945 2759
9946 2759
9947 2759
9948 2759
9949 2759
9950 2759
9951 2759
9952 2759
9953 2759
9954 2759
9955 2759
9956 2759
9957 2759
9958 2759
9959 2759
9960 2759
9961 2759
9962 2759
9963 2759
9964 2759
9965 2759
9966 2759
9967 2759
9968 2759
9969 2759
9970 2759
9971 2759
9972 2759
9973 2759
9974 2759
9975 2759
9976 2759
9977 2759
9978 2759
9979 2759
9980 2759
9981 2759
9982 2759
9983 2759
9984 2759
9985 2759
9986 2759
9987 2759
9988 2759
9989 2759
9990 2759
9991 2759
9992 2759
9993 2759
9994 2759
9995 2759
9996 2759
9997 2754
9998 2754
9999 2754
10000 2754
10001 2754
10002 2754
10003 2754
10004 2754
10005 2739
10006 2739
10007 2739
10008 2739
10009 2739
10010 2739
10011 2739
10012 2739
10013 2739
10014 2736
10015 2736
10016 2736
10017 2736
10018 2736
10019 2736
10020 2736
10021 2736
10022 2736
10023 2736
10024 2736
10025 2736
10026 2736
10027 2736
10028 2736
10029 2736
10030 2736
10031 2736
10032 2736
10033 2736
10034 2736
10035 2736
10036 2736
10037 2736
10038 2736
10039 2736
10040 2736
10041 2736
10042 2736
10043 2736
10044 2736
10045 2736
10046 2736
10047 2736
10048 2736
10049 2736
10050 2736
10051 2736
10052 2736
10053 2736
10054 2736
10055 2725
10056 2725
10057 2725
10058 2725
10059 2725
10060 2725
10061 2725
10062 2725
10063 2725
10064 2725
10065 2725
10066 2725
10067 2725
10068 2725
10069 2725
10070 2725
10071 2725
10072 2725
10073 2725
10074 2725
10075 2725
10076 2725
10077 2725
10078 2725
10079 2725
10080 2725
10081 2725
10082 2725
10083 2725
10084 2725
10085 2725
10086 2725
10087 2725
10088 2725
10089 2725
10090 2725
10091 2725
10092 2725
10093 2725
10094 2725
10095 2725
10096 2725
10097 2725
10098 2725
10099 2725
10100 2725
10101 2725
10102 2725
10103 2725
10104 2725
10105 2725
10106 2725
10107 2725
10108 2725
10109 2725
10110 2725
10111 2725
10112 2725
10113 2725
10114 2725
10115 2725
10116 2725
10117 2725
10118 2725
10119 2725
10120 2725
10121 2725
10122 2725
10123 2725
10124 2725
10125 2725
10126 2725
10127 2725
10128 2725
10129 2725
10130 2725
10131 2725
10132 2723
10133 2723
10134 2723
10135 2723
10136 2723
10137 2723
10138 2723
10139 2723
10140 2723
10141 2723
10142 2723
10143 2723
10144 2723
10145 2723
10146 2723
10147 2723
10148 2723
10149 2723
10150 2723
10151 2723
10152 2723
10153 2723
10154 2723
10155 2723
10156 2723
10157 2723
10158 2723
10159 2723
10160 2723
10161 2723
10162 2723
10163 2723
10164 2723
10165 2723
10166 2723
10167 2723
10168 2723
10169 2723
10170 2723
10171 2723
10172 2723
10173 2723
10174 2723
10175 2723
10176 2723
10177 2723
10178 2723
10179 2723
10180 2723
10181 2723
10182 2723
10183 2723
10184 2723
10185 2723
10186 2723
10187 2723
10188 2723
10189 2723
10190 2723
10191 2723
10192 2723
10193 2723
10194 2723
10195 2723
10196 2723
10197 2723
10198 2723
10199 2723
10200 2723
10201 2723
10202 2723
10203 2723
10204 2723
10205 2723
10206 2723
10207 2723
10208 2723
10209 2723
10210 2723
10211 2723
10212 2723
10213 2723
10214 2723
10215 2723
10216 2723
10217 2723
10218 2723
10219 2723
10220 2723
10221 2723
10222 2723
10223 2723
10224 2723
10225 2723
10226 2723
10227 2723
10228 2723
10229 2723
10230 2723
10231 2723
10232 2723
10233 2723
10234 2723
10235 2723
10236 2723
10237 2723
10238 2723
10239 2723
10240 2723
10241 2723
10242 2723
10243 2723
10244 2723
10245 2723
10246 2723
10247 2723
10248 2723
10249 2723
10250 2723
10251 2723
10252 2698
10253 2698
10254 2698
10255 2698
10256 2698
10257 2698
10258 2698
10259 2698
10260 2698
10261 2698
10262 2698
10263 2698
10264 2698
10265 2698
10266 2698
10267 2698
10268 2698
10269 2698
10270 2698
10271 2698
10272 2698
10273 2698
10274 2698
10275 2698
10276 2698
10277 2698
10278 2698
10279 2698
10280 2698
10281 2698
10282 2698
10283 2698
10284 2698
10285 2698
10286 2698
10287 2698
10288 2698
10289 2698
10290 2698
10291 2698
10292 2698
10293 2698
10294 2698
10295 2698
10296 2698
10297 2698
10298 2698
10299 2698
10300 2698
10301 2698
10302 2698
10303 2698
10304 2698
10305 2698
10306 2698
10307 2698
10308 2698
10309 2698
10310 2698
10311 2698
10312 2698
10313 2698
10314 2698
10315 2698
10316 2698
10317 2698
10318 2698
10319 2698
10320 2698
10321 2698
10322 2698
10323 2698
10324 2698
10325 2698
10326 2698
10327 2698
10328 2698
10329 2698
10330 2698
10331 2698
10332 2698
10333 2698
10334 2698
10335 2698
10336 2698
10337 2698
10338 2698
10339 2698
10340 2698
10341 2698
10342 2698
10343 2698
10344 2698
10345 2698
10346 2698
10347 2698
10348 2698
10349 2698
10350 2698
10351 2698
10352 2698
10353 2698
10354 2698
10355 2698
10356 2698
10357 2698
10358 2698
10359 2698
10360 2698
10361 2698
10362 2698
10363 2698
10364 2698
10365 2698
10366 2698
10367 2698
10368 2698
10369 2698
10370 2698
10371 2698
10372 2698
10373 2698
10374 2698
10375 2698
10376 2698
10377 2698
10378 2698
10379 2698
10380 2698
10381 2698
10382 2698
10383 2698
10384 2698
10385 2698
10386 2698
10387 2698
10388 2698
10389 2698
10390 2698
10391 2698
10392 2698
10393 2698
10394 2698
10395 2698
10396 2698
10397 2698
10398 2698
10399 2698
10400 2698
10401 2698
10402 2698
10403 2698
10404 2698
10405 2698
10406 2698
10407 2698
10408 2698
10409 2698
10410 2698
10411 2698
10412 2698
10413 2698
10414 2698
10415 2698
10416 2698
10417 2698
10418 2698
10419 2698
10420 2698
10421 2698
10422 2698
10423 2698
10424 2698
10425 2698
10426 2698
10427 2698
10428 2698
10429 2698
10430 2698
10431 2698
10432 2698
10433 2698
10434 2698
10435 2698
10436 2698
10437 2698
10438 2698
10439 2698
10440 2698
10441 2698
10442 2698
10443 2698
10444 2698
10445 2698
10446 2698
10447 2698
10448 2698
10449 2692
10450 2692
10451 2692
10452 2690
10453 2690
10454 2690
10455 2690
10456 2690
10457 2690
10458 2690
10459 2690
10460 2690
10461 2690
10462 2690
10463 2690
10464 2690
10465 2690
10466 2690
10467 2690
10468 2690
10469 2690
10470 2690
10471 2690
10472 2690
10473 2690
10474 2690
10475 2690
10476 2690
10477 2690
10478 2690
10479 2690
10480 2690
10481 2690
10482 2690
10483 2690
10484 2690
10485 2690
10486 2690
10487 2690
10488 2690
10489 2690
10490 2690
10491 2690
10492 2690
10493 2690
10494 2690
10495 2690
10496 2690
10497 2690
10498 2690
10499 2690
10500 2690
10501 2690
10502 2690
10503 2690
10504 2690
10505 2690
10506 2690
10507 2690
10508 2690
10509 2690
10510 2690
10511 2690
10512 2690
10513 2690
10514 2690
10515 2690
10516 2690
10517 2690
10518 2690
10519 2690
10520 2690
10521 2690
10522 2690
10523 2690
10524 2686
10525 2686
10526 2686
10527 2686
10528 2686
10529 2686
10530 2686
10531 2686
10532 2686
10533 2686
10534 2686
10535 2686
10536 2686
10537 2686
10538 2686
10539 2686
10540 2686
10541 2677
10542 2677
10543 2677
10544 2671
10545 2671
10546 2671
10547 2671
10548 2671
10549 2671
10550 2671
10551 2671
10552 2671
10553 2671
10554 2671
10555 2671
10556 2671
10557 2671
10558 2671
10559 2671
10560 2671
10561 2671
10562 2671
10563 2671
10564 2671
10565 2671
10566 2671
10567 2671
10568 2671
10569 2671
10570 2671
10571 2671
10572 2671
10573 2671
10574 2671
10575 2671
10576 2671
10577 2671
10578 2671
10579 2671
10580 2671
10581 2671
10582 2671
10583 2671
10584 2671
10585 2671
10586 2671
10587 2671
10588 2671
10589 2671
10590 2671
10591 2671
10592 2671
10593 2671
10594 2671
10595 2671
10596 2671
10597 2671
10598 2671
10599 2671
10600 2671
10601 2671
10602 2671
10603 2671
10604 2671
10605 2671
10606 2671
10607 2671
10608 2671
10609 2671
10610 2671
10611 2671
10612 2671
10613 2671
10614 2671
10615 2671
10616 2671
10617 2671
10618 2671
10619 2671
10620 2671
10621 2671
10622 2671
10623 2671
10624 2671
10625 2671
10626 2671
10627 2671
10628 2671
10629 2671
10630 2671
10631 2671
10632 2671
10633 2671
10634 2671
10635 2671
10636 2671
10637 2671
10638 2671
10639 2671
10640 2671
10641 2671
10642 2671
10643 2671
10644 2671
10645 2671
10646 2671
10647 2671
10648 2671
10649 2671
10650 2671
10651 2671
10652 2671
10653 2671
10654 2671
10655 2669
10656 2669
10657 2669
10658 2669
10659 2669
10660 2669
10661 2669
10662 2669
10663 2669
10664 2669
10665 2669
10666 2669
10667 2669
10668 2669
10669 2669
10670 2669
10671 2669
10672 2669
10673 2669
10674 2669
10675 2669
10676 2669
10677 2669
10678 2669
10679 2669
10680 2669
10681 2669
10682 2669
10683 2669
10684 2669
10685 2669
10686 2669
10687 2669
10688 2669
10689 2669
10690 2669
10691 2669
10692 2669
10693 2669
10694 2669
10695 2669
10696 2669
10697 2669
10698 2669
10699 2669
10700 2669
10701 2669
10702 2669
10703 2669
10704 2669
10705 2669
10706 2669
10707 2669
10708 2669
10709 2669
10710 2669
10711 2669
10712 2669
10713 2669
10714 2669
10715 2669
10716 2669
10717 2669
10718 2669
10719 2669
10720 2669
10721 2669
10722 2669
10723 2669
10724 2669
10725 2669
10726 2669
10727 2669
10728 2669
10729 2669
10730 2669
10731 2669
10732 2669
10733 2669
10734 2669
10735 2669
10736 2669
10737 2669
10738 2669
10739 2669
10740 2669
10741 2669
10742 2669
10743 2669
10744 2669
10745 2669
10746 2669
10747 2669
10748 2669
10749 2669
10750 2669
10751 2669
10752 2669
10753 2669
10754 2669
10755 2669
10756 2669
10757 2669
10758 2669
10759 2669
10760 2669
10761 2669
10762 2669
10763 2669
10764 2659
10765 2659
10766 2659
10767 2659
10768 2659
10769 2659
10770 2659
10771 2659
10772 2659
10773 2659
10774 2659
10775 2659
10776 2659
10777 2659
10778 2659
10779 2659
10780 2659
10781 2659
10782 2659
10783 2659
10784 2659
10785 2659
10786 2659
10787 2659
10788 2659
10789 2659
10790 2659
10791 2659
10792 2659
10793 2659
10794 2659
10795 2659
10796 2659
10797 2659
10798 2659
10799 2659
10800 2659
10801 2659
10802 2659
10803 2659
10804 2659
10805 2659
10806 2659
10807 2659
10808 2659
10809 2659
10810 2659
10811 2659
10812 2659
10813 2659
10814 2659
10815 2659
10816 2659
10817 2659
10818 2659
10819 2659
10820 2659
10821 2659
10822 2659
10823 2659
10824 2659
10825 2657
10826 2657
10827 2657
10828 2657
10829 2657
10830 2657
10831 2657
10832 2657
10833 2657
10834 2657
10835 2657
10836 2657
10837 2657
10838 2657
10839 2657
10840 2657
10841 2657
10842 2657
10843 2657
10844 2657
10845 2657
10846 2657
10847 2657
10848 2657
10849 2657
10850 2657
10851 2657
10852 2657
10853 2657
10854 2657
10855 2657
10856 2657
10857 2657
10858 2657
10859 2657
10860 2657
10861 2657
10862 2657
10863 2657
10864 2657
10865 2657
10866 2657
10867 2657
10868 2648
10869 2648
10870 2648
10871 2648
10872 2648
10873 2648
10874 2648
10875 2648
10876 2648
10877 2648
10878 2648
10879 2648
10880 2648
10881 2648
10882 2648
10883 2648
10884 2648
10885 2648
10886 2648
10887 2648
10888 2648
10889 2648
10890 2648
10891 2648
10892 2648
10893 2648
10894 2648
10895 2648
10896 2648
10897 2648
10898 2648
10899 2648
10900 2648
10901 2648
10902 2648
10903 2648
10904 2648
10905 2648
10906 2648
10907 2648
10908 2648
10909 2648
10910 2648
10911 2648
10912 2648
10913 2648
10914 2648
10915 2648
10916 2648
10917 2648
10918 2648
10919 2648
10920 2648
10921 2648
10922 2648
10923 2648
10924 2648
10925 2648
10926 2648
10927 2648
10928 2648
10929 2648
10930 2648
10931 2648
10932 2648
10933 2648
10934 2648
10935 2648
10936 2648
10937 2648
10938 2648
10939 2648
10940 2648
10941 2648
10942 2648
10943 2648
10944 2648
10945 2648
10946 2648
10947 2648
10948 2648
10949 2648
10950 2648
10951 2648
10952 2648
10953 2648
10954 2648
10955 2648
10956 2648
10957 2648
10958 2648
10959 2648
10960 2648
10961 2648
10962 2648
10963 2648
10964 2648
10965 2648
10966 2648
10967 2648
10968 2648
10969 2648
10970 2648
10971 2648
10972 2648
10973 2648
10974 2648
10975 2648
10976 2648
10977 2648
10978 2648
10979 2648
10980 2648
10981 2648
10982 2648
10983 2648
10984 2648
10985 2648
10986 2648
10987 2648
10988 2648
10989 2648
10990 2648
10991 2648
10992 2648
10993 2648
10994 2648
10995 2648
10996 2648
10997 2648
10998 2648
10999 2648
11000 2648
11001 2648
11002 2648
11003 2648
11004 2648
11005 2648
11006 2648
11007 2648
11008 2648
11009 2648
11010 2648
11011 2648
11012 2648
11013 2648
11014 2648
11015 2648
11016 2648
11017 2648
11018 2648
11019 2648
11020 2648
11021 2648
11022 2648
11023 2648
11024 2648
11025 2648
11026 2648
11027 2648
11028 2648
11029 2648
11030 2648
11031 2648
11032 2648
11033 2648
11034 2648
11035 2648
11036 2648
11037 2648
11038 2648
11039 2648
11040 2648
11041 2648
11042 2648
11043 2648
11044 2648
11045 2648
11046 2648
11047 2648
11048 2648
11049 2648
11050 2648
11051 2648
11052 2648
11053 2648
11054 2648
11055 2648
11056 2648
11057 2648
11058 2648
11059 2648
11060 2648
11061 2648
11062 2648
11063 2648
11064 2648
11065 2648
11066 2648
11067 2648
11068 2648
11069 2648
11070 2648
11071 2648
11072 2648
11073 2648
11074 2647
11075 2647
11076 2647
11077 2647
11078 2647
11079 2647
11080 2647
11081 2647
11082 2647
11083 2647
11084 2646
11085 2646
11086 2646
11087 2646
11088 2646
11089 2646
11090 2646
11091 2646
11092 2646
11093 2646
11094 2646
11095 2646
11096 2646
11097 2646
11098 2646
11099 2646
11100 2646
11101 2646
11102 2646
11103 2646
11104 2646
11105 2646
11106 2646
11107 2646
11108 2646
11109 2646
11110 2646
11111 2646
11112 2646
11113 2646
11114 2646
11115 2646
11116 2646
11117 2646
11118 2646
11119 2646
11120 2646
11121 2646
11122 2646
11123 2646
11124 2626
11125 2626
11126 2626
11127 2626
11128 2626
11129 2626
11130 2626
11131 2626
11132 2626
11133 2626
11134 2626
11135 2626
11136 2626
11137 2626
11138 2626
11139 2626
11140 2626
11141 2626
11142 2626
11143 2626
11144 2626
11145 2626
11146 2626
11147 2626
11148 2626
11149 2626
11150 2626
11151 2626
11152 2626
11153 2626
11154 2626
11155 2626
11156 2626
11157 2626
11158 2626
11159 2626
11160 2626
11161 2626
11162 2626
11163 2626
11164 2626
11165 2626
11166 2626
11167 2626
11168 2626
11169 2626
11170 2626
11171 2626
11172 2626
11173 2626
11174 2626
11175 2626
11176 2626
11177 2626
11178 2626
11179 2626
11180 2626
11181 2626
11182 2626
11183 2626
11184 2626
11185 2626
11186 2626
11187 2626
11188 2626
11189 2626
11190 2626
11191 2626
11192 2626
11193 2626
11194 2626
11195 2626
11196 2626
11197 2626
11198 2626
11199 2626
11200 2626
11201 2626
11202 2626
11203 2626
11204 2626
11205 2626
11206 2626
11207 2626
11208 2626
11209 2626
11210 2626
11211 2626
11212 2626
11213 2626
11214 2626
11215 2626
11216 2626
11217 2626
11218 2626
11219 2626
11220 2626
11221 2626
11222 2626
11223 2625
11224 2625
11225 2625
11226 2625
11227 2625
11228 2625
11229 2625
11230 2625
11231 2625
11232 2625
11233 2625
11234 2625
11235 2625
11236 2625
11237 2625
11238 2625
11239 2625
11240 2625
11241 2625
11242 2625
11243 2625
11244 2625
11245 2625
11246 2625
11247 2625
11248 2625
11249 2625
11250 2625
11251 2625
11252 2625
11253 2625
11254 2623
11255 2623
11256 2623
11257 2623
11258 2623
11259 2623
11260 2623
11261 2623
11262 2623
11263 2623
11264 2623
11265 2623
11266 2623
11267 2623
11268 2623
11269 2623
11270 2623
11271 2623
11272 2623
11273 2623
11274 2623
11275 2623
11276 2623
11277 2623
11278 2623
11279 2623
11280 2623
11281 2623
11282 2623
11283 2623
11284 2623
11285 2623
11286 2623
11287 2623
11288 2623
11289 2623
11290 2623
11291 2623
11292 2623
11293 2623
11294 2623
11295 2623
11296 2623
11297 2623
11298 2623
11299 2623
11300 2623
11301 2623
11302 2623
11303 2623
11304 2623
11305 2623
11306 2623
11307 2623
11308 2623
11309 2623
11310 2623
11311 2623
11312 2623
11313 2623
11314 2623
11315 2623
11316 2623
11317 2623
11318 2623
11319 2623
11320 2623
11321 2623
11322 2623
11323 2623
11324 2623
11325 2623
11326 2620
11327 2620
11328 2620
11329 2620
11330 2620
11331 2620
11332 2620
11333 2620
11334 2620
11335 2620
11336 2620
11337 2620
11338 2620
11339 2620
11340 2620
11341 2620
11342 2620
11343 2620
11344 2620
11345 2620
11346 2620
11347 2620
11348 2620
11349 2620
11350 2620
11351 2620
11352 2620
11353 2620
11354 2620
11355 2620
11356 2620
11357 2620
11358 2620
11359 2620
11360 2620
11361 2620
11362 2620
11363 2620
11364 2620
11365 2620
11366 2620
11367 2620
11368 2620
11369 2620
11370 2620
11371 2620
11372 2620
11373 2620
11374 2618
11375 2618
11376 2618
11377 2618
11378 2618
11379 2618
11380 2618
11381 2618
11382 2618
11383 2618
11384 2618
11385 2618
11386 2618
11387 2618
11388 2618
11389 2618
11390 2618
11391 2618
11392 2618
11393 2618
11394 2618
11395 2618
11396 2618
11397 2618
11398 2618
11399 2618
11400 2618
11401 2618
11402 2618
11403 2618
11404 2618
11405 2618
11406 2618
11407 2618
11408 2618
11409 2618
11410 2618
11411 2618
11412 2618
11413 2618
11414 2618
11415 2618
11416 2618
11417 2618
11418 2618
11419 2618
11420 2618
11421 2618
11422 2618
11423 2618
11424 2618
11425 2618
11426 2618
11427 2618
11428 2618
11429 2618
11430 2618
11431 2618
11432 2618
11433 2618
11434 2618
11435 2618
11436 2618
11437 2618
11438 2618
11439 2618
11440 2618
11441 2618
11442 2618
11443 2618
11444 2618
11445 2618
11446 2618
11447 2618
11448 2618
11449 2618
11450 2618
11451 2618
11452 2618
11453 2618
11454 2618
11455 2618
11456 2618
11457 2618
11458 2618
11459 2618
11460 2618
11461 2618
11462 2618
11463 2618
11464 2618
11465 2618
11466 2618
11467 2618
11468 2618
11469 2618
11470 2618
11471 2618
11472 2618
11473 2618
11474 2618
11475 2618
11476 2618
11477 2618
11478 2618
11479 2618
11480 2618
11481 2618
11482 2618
11483 2618
11484 2618
11485 2618
11486 2618
11487 2618
11488 2618
11489 2618
11490 2618
11491 2618
11492 2618
11493 2618
11494 2618
11495 2618
11496 2618
11497 2618
11498 2618
11499 2618
11500 2618
11501 2618
11502 2618
11503 2618
11504 2618
11505 2618
11506 2618
11507 2618
11508 2618
11509 2618
11510 2618
11511 2618
11512 2618
11513 2618
11514 2618
11515 2618
11516 2618
11517 2618
11518 2618
11519 2618
11520 2618
11521 2618
11522 2618
11523 2618
11524 2618
11525 2618
11526 2618
11527 2618
11528 2618
11529 2618
11530 2618
11531 2618
11532 2618
11533 2618
11534 2618
11535 2618
11536 2618
11537 2618
11538 2618
11539 2618
11540 2618
11541 2618
11542 2618
11543 2618
11544 2618
11545 2618
11546 2618
11547 2618
11548 2618
11549 2618
11550 2618
11551 2618
11552 2618
11553 2618
11554 2618
11555 2618
11556 2618
11557 2618
11558 2618
11559 2618
11560 2618
11561 2618
11562 2618
11563 2618
11564 2618
11565 2618
11566 2618
11567 2618
11568 2618
11569 2618
11570 2618
11571 2618
11572 2618
11573 2618
11574 2618
11575 2618
11576 2618
11577 2618
11578 2618
11579 2618
11580 2618
11581 2618
11582 2618
11583 2618
11584 2618
11585 2618
11586 2618
11587 2618
11588 2618
11589 2618
11590 2618
11591 2618
11592 2618
11593 2618
11594 2618
11595 2618
11596 2618
11597 2618
11598 2618
11599 2618
11600 2618
11601 2618
11602 2618
11603 2618
11604 2618
11605 2618
11606 2618
11607 2618
11608 2618
11609 2618
11610 2618
11611 2618
11612 2618
11613 2618
11614 2618
11615 2618
11616 2618
11617 2618
11618 2618
11619 2618
11620 2618
11621 2618
11622 2618
11623 2618
11624 2618
11625 2618
11626 2618
11627 2618
11628 2618
11629 2618
11630 2618
11631 2618
11632 2618
11633 2618
11634 2618
11635 2618
11636 2618
11637 2618
11638 2618
11639 2618
11640 2618
11641 2618
11642 2618
11643 2618
11644 2618
11645 2618
11646 2618
11647 2618
11648 2618
11649 2618
11650 2618
11651 2618
11652 2618
11653 2618
11654 2618
11655 2618
11656 2618
11657 2618
11658 2618
11659 2618
11660 2618
11661 2618
11662 2618
11663 2618
11664 2618
11665 2618
11666 2618
11667 2618
11668 2618
11669 2618
11670 2618
11671 2618
11672 2618
11673 2618
11674 2618
11675 2618
11676 2618
11677 2618
11678 2618
11679 2618
11680 2618
11681 2618
11682 2618
11683 2618
11684 2618
11685 2618
11686 2618
11687 2618
11688 2618
11689 2618
11690 2618
11691 2618
11692 2618
11693 2618
11694 2618
11695 2618
11696 2618
11697 2618
11698 2618
11699 2618
11700 2618
11701 2618
11702 2618
11703 2618
11704 2618
11705 2618
11706 2618
11707 2618
11708 2618
11709 2618
11710 2618
11711 2618
11712 2618
11713 2618
11714 2618
11715 2618
11716 2618
11717 2618
11718 2618
11719 2618
11720 2618
11721 2618
11722 2618
11723 2618
11724 2618
11725 2618
11726 2618
11727 2618
11728 2618
11729 2618
11730 2618
11731 2618
11732 2618
11733 2618
11734 2618
11735 2618
11736 2618
11737 2618
11738 2618
11739 2618
11740 2618
11741 2618
11742 2618
11743 2618
11744 2618
11745 2618
11746 2618
11747 2618
11748 2618
11749 2618
11750 2618
11751 2618
11752 2618
11753 2618
11754 2618
11755 2618
11756 2618
11757 2618
11758 2618
11759 2618
11760 2618
11761 2618
11762 2618
11763 2618
11764 2618
11765 2618
11766 2618
11767 2618
11768 2618
11769 2618
11770 2618
11771 2618
11772 2618
11773 2618
11774 2618
11775 2618
11776 2618
11777 2618
11778 2618
11779 2618
11780 2618
11781 2618
11782 2618
11783 2618
11784 2618
11785 2618
11786 2618
11787 2618
11788 2618
11789 2618
11790 2618
11791 2618
11792 2618
11793 2618
11794 2618
11795 2618
11796 2618
11797 2618
11798 2618
11799 2618
11800 2618
11801 2618
11802 2618
11803 2618
11804 2618
11805 2618
11806 2618
11807 2618
11808 2618
11809 2618
11810 2618
11811 2618
11812 2618
11813 2618
11814 2618
11815 2618
11816 2618
11817 2618
11818 2618
11819 2618
11820 2618
11821 2618
11822 2618
11823 2618
11824 2618
11825 2618
11826 2618
11827 2618
11828 2618
11829 2618
11830 2618
11831 2618
11832 2618
11833 2618
11834 2618
11835 2618
11836 2618
11837 2618
11838 2618
11839 2618
11840 2618
11841 2618
11842 2614
11843 2614
11844 2614
11845 2614
11846 2614
11847 2614
11848 2614
11849 2614
11850 2614
11851 2614
11852 2614
11853 2614
11854 2614
11855 2614
11856 2614
11857 2614
11858 2614
11859 2614
11860 2614
11861 2614
11862 2614
11863 2614
11864 2614
11865 2614
11866 2614
11867 2614
11868 2614
11869 2614
11870 2614
11871 2614
11872 2614
11873 2614
11874 2614
11875 2614
11876 2614
11877 2614
11878 2614
11879 2614
11880 2614
11881 2614
11882 2614
11883 2614
11884 2614
11885 2614
11886 2614
11887 2614
11888 2614
11889 2614
11890 2614
11891 2614
11892 2614
11893 2614
11894 2614
11895 2614
11896 2614
11897 2614
11898 2614
11899 2614
11900 2614
11901 2614
11902 2614
11903 2614
11904 2614
11905 2614
11906 2614
11907 2614
11908 2614
11909 2614
11910 2614
11911 2614
11912 2614
11913 2614
11914 2614
11915 2614
11916 2614
11917 2614
11918 2614
11919 2614
11920 2614
11921 2614
11922 2614
11923 2614
11924 2614
11925 2614
11926 2614
11927 2613
11928 2613
11929 2613
11930 2613
11931 2613
11932 2613
11933 2613
11934 2613
11935 2613
11936 2613
11937 2613
11938 2613
11939 2613
11940 2613
11941 2613
11942 2613
11943 2613
11944 2613
11945 2613
11946 2613
11947 2613
11948 2613
11949 2613
11950 2613
11951 2613
11952 2613
11953 2613
11954 2613
11955 2613
11956 2613
11957 2613
11958 2613
11959 2613
11960 2613
11961 2613
11962 2613
11963 2613
11964 2613
11965 2613
11966 2613
11967 2613
11968 2613
11969 2611
11970 2611
11971 2611
11972 2611
11973 2611
11974 2611
11975 2611
11976 2611
11977 2611
11978 2611
11979 2611
11980 2611
11981 2611
11982 2611
11983 2611
11984 2611
11985 2611
11986 2611
11987 2611
11988 2611
11989 2611
11990 2611
11991 2611
11992 2611
11993 2611
11994 2611
11995 2611
11996 2611
11997 2611
11998 2611
11999 2611
12000 2611
12001 2611
12002 2611
12003 2611
12004 2611
12005 2611
12006 2611
12007 2611
12008 2611
12009 2611
12010 2611
12011 2611
12012 2611
12013 2611
12014 2611
12015 2611
12016 2611
12017 2611
12018 2611
12019 2611
12020 2611
12021 2611
12022 2611
12023 2611
12024 2611
12025 2611
12026 2611
12027 2611
12028 2611
12029 2611
12030 2611
12031 2611
12032 2611
12033 2611
12034 2611
12035 2611
12036 2611
12037 2611
12038 2611
12039 2611
12040 2611
12041 2611
12042 2611
12043 2611
12044 2611
12045 2611
12046 2611
12047 2611
12048 2611
12049 2611
12050 2611
12051 2611
12052 2611
12053 2611
12054 2611
12055 2611
12056 2611
12057 2611
12058 2611
12059 2611
12060 2611
12061 2611
12062 2611
12063 2611
12064 2611
12065 2611
12066 2611
12067 2611
12068 2611
12069 2611
12070 2611
12071 2611
12072 2611
12073 2611
12074 2611
12075 2611
12076 2611
12077 2611
12078 2611
12079 2611
12080 2611
12081 2611
12082 2611
12083 2611
12084 2611
12085 2611
12086 2611
12087 2611
12088 2611
12089 2611
12090 2611
12091 2611
12092 2611
12093 2611
12094 2611
12095 2611
12096 2611
12097 2611
12098 2611
12099 2611
12100 2611
12101 2611
12102 2611
12103 2611
12104 2611
12105 2611
12106 2611
12107 2611
12108 2611
12109 2611
12110 2611
12111 2611
12112 2611
12113 2611
12114 2611
12115 2611
12116 2611
12117 2611
12118 2611
12119 2611
12120 2611
12121 2611
12122 2611
12123 2611
12124 2611
12125 2611
12126 2611
12127 2611
12128 2611
12129 2611
12130 2611
12131 2611
12132 2611
12133 2611
12134 2611
12135 2611
12136 2611
12137 2611
12138 2611
12139 2611
12140 2611
12141 2611
12142 2611
12143 2611
12144 2611
12145 2611
12146 2611
12147 2611
12148 2611
12149 2611
12150 2611
12151 2611
12152 2611
12153 2611
12154 2611
12155 2611
12156 2611
12157 2611
12158 2611
12159 2611
12160 2611
12161 2611
12162 2611
12163 2611
12164 2611
12165 2611
12166 2611
12167 2611
12168 2611
12169 2611
12170 2611
12171 2611
12172 2611
12173 2611
12174 2611
12175 2611
12176 2611
12177 2611
12178 2611
12179 2611
12180 2611
12181 2611
12182 2611
12183 2611
12184 2611
12185 2611
12186 2611
12187 2611
12188 2611
12189 2611
12190 2605
12191 2605
12192 2605
12193 2605
12194 2605
12195 2605
12196 2605
12197 2605
12198 2605
12199 2605
12200 2605
12201 2605
12202 2605
12203 2605
12204 2605
12205 2605
12206 2605
12207 2602
12208 2602
12209 2602
12210 2602
12211 2602
12212 2602
12213 2602
12214 2602
12215 2602
12216 2602
12217 2602
12218 2602
12219 2602
12220 2602
12221 2602
12222 2602
12223 2602
12224 2602
12225 2602
12226 2602
12227 2602
12228 2602
12229 2602
12230 2602
12231 2602
12232 2602
12233 2602
12234 2602
12235 2602
12236 2602
12237 2602
12238 2602
12239 2602
12240 2602
12241 2602
12242 2602
12243 2602
12244 2602
12245 2602
12246 2602
12247 2602
12248 2602
12249 2602
12250 2602
12251 2602
12252 2602
12253 2602
12254 2602
12255 2602
12256 2602
12257 2602
12258 2602
12259 2602
12260 2602
12261 2602
12262 2602
12263 2602
12264 2602
12265 2602
12266 2602
12267 2602
12268 2602
12269 2602
12270 2602
12271 2602
12272 2602
12273 2602
12274 2602
12275 2602
12276 2602
12277 2602
12278 2602
12279 2602
12280 2602
12281 2602
12282 2602
12283 2602
12284 2602
12285 2602
12286 2602
12287 2602
12288 2602
12289 2602
12290 2602
12291 2602
12292 2602
12293 2602
12294 2602
12295 2602
12296 2602
12297 2602
12298 2602
12299 2602
12300 2602
12301 2602
12302 2602
12303 2602
12304 2602
12305 2602
12306 2602
12307 2602
12308 2602
12309 2602
12310 2602
12311 2602
12312 2602
12313 2602
12314 2602
12315 2602
12316 2602
12317 2602
12318 2602
12319 2602
12320 2602
12321 2602
12322 2602
12323 2602
12324 2602
12325 2602
12326 2602
12327 2602
12328 2602
12329 2602
12330 2602
12331 2602
12332 2602
12333 2602
12334 2602
12335 2602
12336 2602
12337 2591
12338 2591
12339 2591
12340 2591
12341 2591
12342 2591
12343 2591
12344 2591
12345 2591
12346 2591
12347 2591
12348 2591
12349 2591
12350 2591
12351 2591
12352 2591
12353 2591
12354 2591
12355 2591
12356 2591
12357 2591
12358 2591
12359 2591
12360 2591
12361 2588
12362 2588
12363 2588
12364 2588
12365 2588
12366 2588
12367 2588
12368 2588
12369 2588
12370 2588
12371 2588
12372 2588
12373 2588
12374 2588
12375 2588
12376 2588
12377 2588
12378 2588
12379 2588
12380 2588
12381 2588
12382 2588
12383 2588
12384 2588
12385 2588
12386 2588
12387 2588
12388 2588
12389 2588
12390 2588
12391 2588
12392 2588
12393 2588
12394 2588
12395 2588
12396 2588
12397 2588
12398 2588
12399 2588
12400 2588
12401 2588
12402 2588
12403 2588
12404 2588
12405 2588
12406 2588
12407 2588
12408 2588
12409 2588
12410 2588
12411 2588
12412 2588
12413 2588
12414 2588
12415 2588
12416 2588
12417 2588
12418 2588
12419 2588
12420 2588
12421 2588
12422 2588
12423 2588
12424 2588
12425 2588
12426 2588
12427 2588
12428 2588
12429 2588
12430 2588
12431 2588
12432 2588
12433 2588
12434 2588
12435 2588
12436 2588
12437 2588
12438 2588
12439 2588
12440 2588
12441 2588
12442 2588
12443 2588
12444 2588
12445 2588
12446 2588
12447 2588
12448 2588
12449 2588
12450 2585
12451 2585
12452 2585
12453 2585
12454 2585
12455 2585
12456 2585
12457 2585
12458 2585
12459 2585
12460 2585
12461 2585
12462 2585
12463 2585
12464 2585
12465 2585
12466 2585
12467 2585
12468 2585
12469 2585
12470 2585
12471 2585
12472 2585
12473 2585
12474 2585
12475 2585
12476 2585
12477 2585
12478 2585
12479 2585
12480 2585
12481 2585
12482 2585
12483 2585
12484 2585
12485 2585
12486 2585
12487 2585
12488 2585
12489 2585
12490 2585
12491 2585
12492 2585
12493 2585
12494 2585
12495 2585
12496 2584
12497 2582
12498 2582
12499 2582
12500 2582
12501 2582
12502 2582
12503 2582
12504 2582
12505 2582
12506 2582
12507 2582
12508 2582
12509 2582
12510 2582
12511 2582
12512 2582
12513 2582
12514 2579
12515 2579
12516 2579
12517 2579
12518 2579
12519 2579
12520 2567
12521 2567
12522 2567
12523 2567
12524 2567
12525 2567
12526 2567
12527 2567
12528 2567
12529 2567
12530 2567
12531 2567
12532 2567
12533 2567
12534 2567
12535 2567
12536 2567
12537 2567
12538 2567
12539 2567
12540 2567
12541 2567
12542 2567
12543 2567
12544 2567
12545 2567
12546 2567
12547 2567
12548 2567
12549 2567
12550 2567
12551 2567
12552 2567
12553 2567
12554 2567
12555 2567
12556 2567
12557 2567
12558 2567
12559 2567
12560 2567
12561 2567
12562 2567
12563 2567
12564 2567
12565 2567
12566 2567
12567 2567
12568 2567
12569 2567
12570 2567
12571 2567
12572 2567
12573 2567
12574 2567
12575 2567
12576 2567
12577 2567
12578 2567
12579 2567
12580 2567
12581 2567
12582 2567
12583 2567
12584 2567
12585 2567
12586 2567
12587 2567
12588 2567
12589 2567
12590 2567
12591 2567
12592 2567
12593 2567
12594 2567
12595 2567
12596 2567
12597 2567
12598 2567
12599 2567
12600 2567
12601 2567
12602 2567
12603 2567
12604 2567
12605 2567
12606 2567
12607 2567
12608 2567
12609 2567
12610 2567
12611 2567
12612 2567
12613 2567
12614 2567
12615 2567
12616 2567
12617 2567
12618 2567
12619 2567
12620 2567
12621 2567
12622 2567
12623 2567
12624 2567
12625 2567
12626 2567
12627 2567
12628 2567
12629 2567
12630 2567
12631 2567
12632 2567
12633 2567
12634 2567
12635 2567
12636 2567
12637 2567
12638 2567
12639 2567
12640 2567
12641 2567
12642 2567
12643 2567
12644 2567
12645 2567
12646 2567
12647 2567
12648 2567
12649 2567
12650 2567
12651 2567
12652 2567
12653 2567
12654 2567
12655 2567
12656 2567
12657 2567
12658 2567
12659 2567
12660 2567
12661 2567
12662 2567
12663 2567
12664 2567
12665 2567
12666 2567
12667 2567
12668 2567
12669 2567
12670 2567
12671 2567
12672 2567
12673 2567
12674 2567
12675 2567
12676 2567
12677 2567
12678 2567
12679 2567
12680 2567
12681 2567
12682 2567
12683 2567
12684 2567
12685 2567
12686 2567
12687 2567
12688 2567
12689 2567
12690 2567
12691 2567
12692 2567
12693 2567
12694 2567
12695 2567
12696 2567
12697 2567
12698 2567
12699 2567
12700 2567
12701 2567
12702 2567
12703 2567
12704 2567
12705 2567
12706 2567
12707 2567
12708 2567
12709 2567
12710 2567
12711 2567
12712 2567
12713 2567
12714 2567
12715 2567
12716 2567
12717 2567
12718 2567
12719 2567
12720 2567
12721 2567
12722 2567
12723 2567
12724 2567
12725 2567
12726 2567
12727 2567
12728 2567
12729 2567
12730 2567
12731 2567
12732 2567
12733 2567
12734 2567
12735 2567
12736 2567
12737 2567
12738 2567
12739 2567
12740 2567
12741 2567
12742 2567
12743 2567
12744 2567
12745 2567
12746 2567
12747 2567
12748 2567
12749 2567
12750 2567
12751 2567
12752 2567
12753 2567
12754 2567
12755 2567
12756 2567
12757 2567
12758 2567
12759 2567
12760 2567
12761 2567
12762 2567
12763 2567
12764 2567
12765 2567
12766 2567
12767 2567
12768 2567
12769 2567
12770 2567
12771 2567
12772 2567
12773 2567
12774 2567
12775 2567
12776 2567
12777 2567
12778 2567
12779 2567
12780 2567
12781 2567
12782 2567
12783 2567
12784 2567
12785 2567
12786 2567
12787 2567
12788 2567
12789 2567
12790 2567
12791 2567
12792 2567
12793 2567
12794 2567
12795 2567
12796 2567
12797 2567
12798 2567
12799 2567
12800 2567
12801 2567
12802 2567
12803 2567
12804 2567
12805 2567
12806 2567
12807 2567
12808 2567
12809 2567
12810 2567
12811 2567
12812 2567
12813 2567
12814 2567
12815 2567
12816 2567
12817 2567
12818 2556
12819 2556
12820 2556
12821 2556
12822 2556
12823 2556
12824 2556
12825 2556
12826 2556
12827 2556
12828 2556
12829 2556
12830 2556
12831 2556
12832 2556
12833 2556
12834 2556
12835 2556
12836 2556
12837 2556
12838 2556
12839 2556
12840 2556
12841 2556
12842 2556
12843 2556
12844 2556
12845 2556
12846 2556
12847 2556
12848 2556
12849 2556
12850 2556
12851 2556
12852 2552
12853 2552
12854 2552
12855 2552
12856 2552
12857 2552
12858 2552
12859 2552
12860 2552
12861 2552
12862 2552
12863 2552
12864 2552
12865 2552
12866 2552
12867 2552
12868 2552
12869 2552
12870 2552
12871 2552
12872 2552
12873 2552
12874 2552
12875 2552
12876 2552
12877 2552
12878 2552
12879 2552
12880 2552
12881 2552
12882 2552
12883 2552
12884 2552
12885 2552
12886 2552
12887 2552
12888 2552
12889 2552
12890 2552
12891 2552
12892 2552
12893 2552
12894 2552
12895 2552
12896 2552
12897 2552
12898 2552
12899 2552
12900 2552
12901 2552
12902 2552
12903 2552
12904 2552
12905 2552
12906 2552
12907 2552
12908 2552
12909 2552
12910 2552
12911 2552
12912 2552
12913 2552
12914 2552
12915 2552
12916 2552
12917 2552
12918 2552
12919 2552
12920 2552
12921 2552
12922 2552
12923 2552
12924 2552
12925 2552
12926 2552
12927 2552
12928 2552
12929 2552
12930 2552
12931 2552
12932 2552
12933 2552
12934 2552
12935 2552
12936 2552
12937 2552
12938 2552
12939 2552
12940 2552
12941 2552
12942 2552
12943 2552
12944 2552
12945 2552
12946 2552
12947 2552
12948 2552
12949 2552
12950 2552
12951 2552
12952 2552
12953 2552
12954 2552
12955 2552
12956 2552
12957 2552
12958 2551
12959 2551
12960 2551
12961 2551
12962 2551
12963 2551
12964 2551
12965 2551
12966 2551
12967 2551
12968 2551
12969 2551
12970 2551
12971 2551
12972 2551
12973 2551
12974 2551
12975 2551
12976 2551
12977 2551
12978 2551
12979 2551
12980 2551
12981 2551
12982 2551
12983 2551
12984 2551
12985 2551
12986 2551
12987 2551
12988 2551
12989 2551
12990 2543
12991 2543
12992 2543
12993 2543
12994 2543
12995 2543
12996 2543
12997 2543
12998 2543
12999 2543
13000 2543
13001 2543
13002 2543
13003 2543
13004 2543
13005 2543
13006 2543
13007 2543
13008 2543
13009 2543
13010 2543
13011 2543
13012 2543
13013 2543
13014 2543
13015 2543
13016 2543
13017 2543
13018 2543
13019 2543
13020 2543
13021 2543
13022 2543
13023 2543
13024 2543
13025 2543
13026 2543
13027 2543
13028 2543
13029 2543
13030 2543
13031 2543
13032 2543
13033 2543
13034 2543
13035 2543
13036 2543
13037 2543
13038 2543
13039 2543
13040 2543
13041 2543
13042 2543
13043 2543
13044 2543
13045 2543
13046 2543
13047 2543
13048 2543
13049 2543
13050 2543
13051 2543
13052 2543
13053 2543
13054 2543
13055 2543
13056 2543
13057 2543
13058 2543
13059 2543
13060 2543
13061 2543
13062 2543
13063 2543
13064 2543
13065 2543
13066 2543
13067 2543
13068 2543
13069 2543
13070 2543
13071 2543
13072 2543
13073 2543
13074 2543
13075 2543
13076 2543
13077 2543
13078 2543
13079 2543
13080 2543
13081 2543
13082 2543
13083 2543
13084 2543
13085 2543
13086 2543
13087 2543
13088 2543
13089 2543
13090 2543
13091 2543
13092 2543
13093 2543
13094 2543
13095 2543
13096 2543
13097 2543
13098 2543
13099 2543
13100 2543
13101 2543
13102 2543
13103 2543
13104 2543
13105 2543
13106 2543
13107 2543
13108 2543
13109 2543
13110 2543
13111 2543
13112 2543
13113 2543
13114 2543
13115 2543
13116 2543
13117 2543
13118 2543
13119 2543
13120 2543
13121 2543
13122 2543
13123 2543
13124 2543
13125 2543
13126 2543
13127 2543
13128 2543
13129 2542
13130 2542
13131 2542
13132 2542
13133 2542
13134 2542
13135 2542
13136 2542
13137 2542
13138 2542
13139 2542
13140 2542
13141 2542
13142 2542
13143 2542
13144 2542
13145 2542
13146 2542
13147 2542
13148 2542
13149 2542
13150 2542
13151 2542
13152 2542
13153 2542
13154 2542
13155 2542
13156 2542
13157 2542
13158 2542
13159 2542
13160 2542
13161 2542
13162 2542
13163 2542
13164 2542
13165 2542
13166 2542
13167 2542
13168 2542
13169 2542
13170 2542
13171 2542
13172 2542
13173 2542
13174 2542
13175 2542
13176 2542
13177 2542
13178 2542
13179 2542
13180 2542
13181 2542
13182 2542
13183 2542
13184 2542
13185 2542
13186 2542
13187 2542
13188 2542
13189 2542
13190 2542
13191 2542
13192 2541
13193 2541
13194 2541
13195 2541
13196 2541
13197 2541
13198 2541
13199 2541
13200 2541
13201 2541
13202 2541
13203 2541
13204 2541
13205 2541
13206 2541
13207 2541
13208 2541
13209 2541
13210 2541
13211 2541
13212 2541
13213 2541
13214 2541
13215 2541
13216 2541
13217 2541
13218 2541
13219 2541
13220 2541
13221 2541
13222 2541
13223 2541
13224 2541
13225 2541
13226 2541
13227 2541
13228 2541
13229 2541
13230 2541
13231 2541
13232 2541
13233 2541
13234 2541
13235 2541
13236 2541
13237 2541
13238 2541
13239 2541
13240 2541
13241 2541
13242 2541
13243 2541
13244 2541
13245 2541
13246 2541
13247 2541
13248 2541
13249 2541
13250 2541
13251 2541
13252 2541
13253 2541
13254 2541
13255 2541
13256 2541
13257 2541
13258 2541
13259 2541
13260 2541
13261 2541
13262 2541
13263 2541
13264 2541
13265 2541
13266 2541
13267 2541
13268 2541
13269 2541
13270 2541
13271 2541
13272 2541
13273 2541
13274 2541
13275 2541
13276 2541
13277 2541
13278 2541
13279 2541
13280 2541
13281 2541
13282 2541
13283 2541
13284 2541
13285 2541
13286 2541
13287 2541
13288 2541
13289 2541
13290 2541
13291 2541
13292 2541
13293 2541
13294 2541
13295 2541
13296 2541
13297 2541
13298 2541
13299 2541
13300 2541
13301 2531
13302 2531
13303 2531
13304 2531
13305 2531
13306 2531
13307 2531
13308 2531
13309 2531
13310 2531
13311 2531
13312 2531
13313 2531
13314 2531
13315 2531
13316 2531
13317 2531
13318 2531
13319 2531
13320 2531
13321 2531
13322 2531
13323 2531
13324 2531
13325 2531
13326 2531
13327 2531
13328 2531
13329 2531
13330 2531
13331 2531
13332 2531
13333 2531
13334 2531
13335 2531
13336 2531
13337 2531
13338 2531
13339 2531
13340 2531
13341 2531
13342 2531
13343 2531
13344 2531
13345 2531
13346 2531
13347 2531
13348 2531
13349 2531
13350 2531
13351 2531
13352 2531
13353 2531
13354 2531
13355 2531
13356 2531
13357 2531
13358 2531
13359 2531
13360 2531
13361 2531
13362 2531
13363 2531
13364 2531
13365 2531
13366 2531
13367 2531
13368 2531
13369 2531
13370 2531
13371 2531
13372 2531
13373 2531
13374 2531
13375 2531
13376 2531
13377 2531
13378 2531
13379 2531
13380 2531
13381 2531
13382 2531
13383 2531
13384 2531
13385 2531
13386 2531
13387 2531
13388 2531
13389 2531
13390 2531
13391 2531
13392 2531
13393 2531
13394 2531
13395 2531
13396 2531
13397 2531
13398 2531
13399 2531
13400 2531
13401 2531
13402 2531
13403 2531
13404 2531
13405 2531
13406 2531
13407 2531
13408 2531
13409 2531
13410 2531
13411 2531
13412 2531
13413 2531
13414 2531
13415 2531
13416 2531
13417 2531
13418 2531
13419 2531
13420 2531
13421 2531
13422 2531
13423 2531
13424 2531
13425 2531
13426 2531
13427 2531
13428 2531
13429 2531
13430 2531
13431 2531
13432 2531
13433 2531
13434 2531
13435 2523
13436 2523
13437 2523
13438 2523
13439 2523
13440 2523
13441 2523
13442 2523
13443 2523
13444 2523
13445 2523
13446 2523
13447 2523
13448 2523
13449 2523
13450 2523
13451 2523
13452 2523
13453 2523
13454 2523
13455 2523
13456 2523
13457 2523
13458 2523
13459 2523
13460 2523
13461 2523
13462 2523
13463 2523
13464 2523
13465 2523
13466 2523
13467 2523
13468 2523
13469 2523
13470 2523
13471 2523
13472 2523
13473 2523
13474 2523
13475 2523
13476 2523
13477 2523
13478 2523
13479 2523
13480 2523
13481 2523
13482 2523
13483 2523
13484 2523
13485 2523
13486 2523
13487 2523
13488 2523
13489 2523
13490 2523
13491 2523
13492 2523
13493 2523
13494 2523
13495 2523
13496 2523
13497 2523
13498 2523
13499 2523
13500 2523
13501 2523
13502 2523
13503 2523
13504 2523
13505 2523
13506 2523
13507 2523
13508 2523
13509 2523
13510 2523
13511 2523
13512 2523
13513 2523
13514 2523
13515 2523
13516 2523
13517 2523
13518 2523
13519 2523
13520 2523
13521 2523
13522 2523
13523 2523
13524 2523
13525 2523
13526 2523
13527 2523
13528 2523
13529 2523
13530 2523
13531 2523
13532 2523
13533 2523
13534 2523
13535 2523
13536 2523
13537 2523
13538 2523
13539 2523
13540 2523
13541 2523
13542 2523
13543 2523
13544 2523
13545 2523
13546 2523
13547 2523
13548 2523
13549 2523
13550 2523
13551 2523
13552 2523
13553 2523
13554 2523
13555 2523
13556 2523
13557 2523
13558 2523
13559 2523
13560 2523
13561 2523
13562 2523
13563 2523
13564 2523
13565 2523
13566 2523
13567 2523
13568 2523
13569 2523
13570 2523
13571 2523
13572 2523
13573 2523
13574 2523
13575 2523
13576 2523
13577 2523
13578 2523
13579 2523
13580 2523
13581 2523
13582 2523
13583 2523
13584 2523
13585 2523
13586 2523
13587 2523
13588 2523
13589 2523
13590 2523
13591 2523
13592 2523
13593 2523
13594 2523
13595 2523
13596 2523
13597 2523
13598 2523
13599 2523
13600 2523
13601 2523
13602 2523
13603 2523
13604 2523
13605 2523
13606 2523
13607 2523
13608 2523
13609 2523
13610 2521
13611 2521
13612 2521
13613 2521
13614 2521
13615 2521
13616 2521
13617 2521
13618 2521
13619 2521
13620 2521
13621 2521
13622 2521
13623 2521
13624 2521
13625 2521
13626 2521
13627 2521
13628 2521
13629 2521
13630 2521
13631 2521
13632 2521
13633 2521
13634 2521
13635 2521
13636 2521
13637 2521
13638 2521
13639 2521
13640 2521
13641 2521
13642 2521
13643 2521
13644 2521
13645 2521
13646 2521
13647 2521
13648 2521
13649 2521
13650 2521
13651 2521
13652 2521
13653 2521
13654 2521
13655 2521
13656 2521
13657 2521
13658 2521
13659 2521
13660 2521
13661 2521
13662 2521
13663 2521
13664 2521
13665 2521
13666 2521
13667 2521
13668 2521
13669 2521
13670 2521
13671 2521
13672 2521
13673 2521
13674 2521
13675 2521
13676 2521
13677 2521
13678 2521
13679 2521
13680 2521
13681 2521
13682 2521
13683 2521
13684 2521
13685 2521
13686 2521
13687 2521
13688 2521
13689 2521
13690 2521
13691 2521
13692 2521
13693 2521
13694 2521
13695 2521
13696 2521
13697 2521
13698 2521
13699 2521
13700 2521
13701 2521
13702 2521
13703 2521
13704 2521
13705 2521
13706 2521
13707 2513
13708 2513
13709 2513
13710 2513
13711 2513
13712 2513
13713 2513
13714 2513
13715 2513
13716 2513
13717 2513
13718 2509
13719 2509
13720 2509
13721 2509
13722 2509
13723 2509
13724 2509
13725 2509
13726 2509
13727 2509
13728 2509
13729 2509
13730 2509
13731 2509
13732 2509
13733 2509
13734 2509
13735 2509
13736 2509
13737 2509
13738 2509
13739 2509
13740 2509
13741 2509
13742 2509
13743 2509
13744 2509
13745 2509
13746 2509
13747 2509
13748 2509
13749 2509
13750 2509
13751 2509
13752 2509
13753 2509
13754 2509
13755 2509
13756 2509
13757 2509
13758 2509
13759 2509
13760 2509
13761 2509
13762 2509
13763 2501
13764 2501
13765 2501
13766 2501
13767 2501
13768 2501
13769 2501
13770 2501
13771 2501
13772 2501
13773 2501
13774 2501
13775 2501
13776 2501
13777 2501
13778 2501
13779 2501
13780 2501
13781 2501
13782 2501
13783 2501
13784 2501
13785 2501
13786 2501
13787 2501
13788 2501
13789 2501
13790 2501
13791 2501
13792 2501
13793 2501
13794 2501
13795 2501
13796 2501
13797 2501
13798 2501
13799 2501
13800 2501
13801 2501
13802 2501
13803 2501
13804 2501
13805 2501
13806 2501
13807 2501
13808 2501
13809 2501
13810 2501
13811 2501
13812 2496
13813 2496
13814 2496
13815 2496
13816 2496
13817 2496
13818 2496
13819 2496
13820 2496
13821 2496
13822 2496
13823 2496
13824 2496
13825 2496
13826 2496
13827 2496
13828 2496
13829 2496
13830 2496
13831 2496
13832 2496
13833 2496
13834 2496
13835 2496
13836 2496
13837 2496
13838 2496
13839 2496
13840 2496
13841 2496
13842 2496
13843 2496
13844 2496
13845 2496
13846 2496
13847 2496
13848 2496
13849 2496
13850 2496
13851 2496
13852 2496
13853 2496
13854 2496
13855 2496
13856 2496
13857 2496
13858 2496
13859 2496
13860 2496
13861 2496
13862 2496
13863 2496
13864 2496
13865 2496
13866 2496
13867 2496
13868 2496
13869 2496
13870 2496
13871 2496
13872 2496
13873 2496
13874 2496
13875 2496
13876 2496
13877 2496
13878 2496
13879 2496
13880 2496
13881 2496
13882 2496
13883 2496
13884 2496
13885 2496
13886 2496
13887 2496
13888 2496
13889 2496
13890 2496
13891 2496
13892 2496
13893 2496
13894 2496
13895 2496
13896 2496
13897 2496
13898 2496
13899 2496
13900 2496
13901 2496
13902 2496
13903 2496
13904 2496
13905 2496
13906 2496
13907 2496
13908 2496
13909 2496
13910 2496
13911 2496
13912 2496
13913 2496
13914 2496
13915 2496
13916 2496
13917 2496
13918 2496
13919 2496
13920 2496
13921 2496
13922 2496
13923 2496
13924 2496
13925 2496
13926 2496
13927 2496
13928 2496
13929 2496
13930 2496
13931 2496
13932 2496
13933 2496
13934 2496
13935 2496
13936 2496
13937 2496
13938 2496
13939 2496
13940 2496
13941 2496
13942 2496
13943 2496
13944 2496
13945 2496
13946 2496
13947 2496
13948 2496
13949 2496
13950 2496
13951 2496
13952 2496
13953 2496
13954 2496
13955 2496
13956 2496
13957 2496
13958 2496
13959 2496
13960 2496
13961 2496
13962 2496
13963 2496
13964 2496
13965 2496
13966 2496
13967 2496
13968 2496
13969 2496
13970 2496
13971 2496
13972 2496
13973 2496
13974 2496
13975 2496
13976 2496
13977 2496
13978 2496
13979 2496
13980 2496
13981 2496
13982 2496
13983 2496
13984 2496
13985 2496
13986 2496
13987 2496
13988 2496
13989 2496
13990 2496
13991 2496
13992 2496
13993 2496
13994 2496
13995 2496
13996 2496
13997 2496
13998 2496
13999 2496
14000 2496
14001 2496
14002 2496
14003 2496
14004 2496
14005 2496
14006 2496
14007 2496
14008 2496
14009 2496
14010 2496
14011 2496
14012 2496
14013 2496
14014 2496
14015 2496
14016 2496
14017 2496
14018 2496
14019 2496
14020 2496
14021 2496
14022 2496
14023 2496
14024 2496
14025 2496
14026 2496
14027 2496
14028 2496
14029 2496
14030 2496
14031 2496
14032 2496
14033 2496
14034 2496
14035 2496
14036 2496
14037 2496
14038 2496
14039 2496
14040 2496
14041 2496
14042 2496
14043 2496
14044 2496
14045 2496
14046 2496
14047 2496
14048 2496
14049 2496
14050 2496
14051 2496
14052 2496
14053 2496
14054 2496
14055 2496
14056 2496
14057 2491
14058 2491
14059 2491
14060 2491
14061 2491
14062 2491
14063 2491
14064 2491
14065 2491
14066 2491
14067 2491
14068 2491
14069 2491
14070 2491
14071 2491
14072 2491
14073 2491
14074 2491
14075 2491
14076 2491
14077 2491
14078 2491
14079 2491
14080 2491
14081 2491
14082 2491
14083 2491
14084 2491
14085 2491
14086 2491
14087 2491
14088 2491
14089 2491
14090 2491
14091 2491
14092 2491
14093 2491
14094 2491
14095 2491
14096 2491
14097 2491
14098 2491
14099 2491
14100 2491
14101 2491
14102 2491
14103 2491
14104 2491
14105 2491
14106 2491
14107 2491
14108 2491
14109 2491
14110 2491
14111 2491
14112 2491
14113 2491
14114 2491
14115 2491
14116 2491
14117 2491
14118 2491
14119 2491
14120 2491
14121 2491
14122 2491
14123 2491
14124 2491
14125 2491
14126 2491
14127 2491
14128 2491
14129 2491
14130 2491
14131 2491
14132 2491
14133 2491
14134 2491
14135 2491
14136 2491
14137 2491
14138 2491
14139 2491
14140 2491
14141 2491
14142 2491
14143 2491
14144 2491
14145 2491
14146 2491
14147 2491
14148 2491
14149 2491
14150 2491
14151 2491
14152 2491
14153 2491
14154 2491
14155 2491
14156 2491
14157 2491
14158 2491
14159 2491
14160 2491
14161 2491
14162 2491
14163 2491
14164 2491
14165 2491
14166 2491
14167 2491
14168 2491
14169 2491
14170 2491
14171 2491
14172 2491
14173 2491
14174 2491
14175 2491
14176 2491
14177 2491
14178 2491
14179 2491
14180 2491
14181 2491
14182 2491
14183 2491
14184 2491
14185 2489
14186 2489
14187 2489
14188 2489
14189 2489
14190 2489
14191 2489
14192 2489
14193 2489
14194 2489
14195 2489
14196 2489
14197 2489
14198 2489
14199 2489
14200 2489
14201 2489
14202 2489
14203 2489
14204 2489
14205 2489
14206 2489
14207 2489
14208 2489
14209 2489
14210 2489
14211 2489
14212 2489
14213 2489
14214 2489
14215 2489
14216 2489
14217 2489
14218 2489
14219 2489
14220 2489
14221 2489
14222 2489
14223 2489
14224 2489
14225 2489
14226 2489
14227 2489
14228 2489
14229 2489
14230 2489
14231 2489
14232 2489
14233 2489
14234 2489
14235 2489
14236 2489
14237 2489
14238 2489
14239 2489
14240 2489
14241 2489
14242 2489
14243 2489
14244 2489
14245 2489
14246 2489
14247 2489
14248 2489
14249 2489
14250 2489
14251 2489
14252 2489
14253 2489
14254 2489
14255 2489
14256 2489
14257 2489
14258 2489
14259 2489
14260 2489
14261 2489
14262 2489
14263 2489
14264 2489
14265 2489
14266 2489
14267 2489
14268 2489
14269 2489
14270 2489
14271 2489
14272 2489
14273 2489
14274 2489
14275 2489
14276 2489
14277 2489
14278 2489
14279 2489
14280 2489
14281 2489
14282 2489
14283 2489
14284 2489
14285 2489
14286 2489
14287 2489
14288 2489
14289 2489
14290 2489
14291 2489
14292 2489
14293 2489
14294 2489
14295 2489
14296 2489
14297 2489
14298 2489
14299 2489
14300 2489
14301 2489
14302 2489
14303 2489
14304 2489
14305 2489
14306 2489
14307 2489
14308 2489
14309 2489
14310 2489
14311 2489
14312 2489
14313 2489
14314 2489
14315 2489
14316 2489
14317 2489
14318 2489
14319 2489
14320 2489
14321 2489
14322 2489
14323 2489
14324 2489
14325 2489
14326 2489
14327 2489
14328 2489
14329 2489
14330 2489
14331 2489
14332 2489
14333 2489
14334 2489
14335 2489
14336 2489
14337 2489
14338 2489
14339 2489
14340 2489
14341 2489
14342 2489
14343 2489
14344 2489
14345 2489
14346 2489
14347 2489
14348 2489
14349 2489
14350 2489
14351 2489
14352 2489
14353 2489
14354 2489
14355 2489
14356 2489
14357 2489
14358 2489
14359 2489
14360 2489
14361 2489
14362 2489
14363 2489
14364 2489
14365 2489
14366 2489
14367 2489
14368 2489
14369 2489
14370 2489
14371 2489
14372 2489
14373 2489
14374 2489
14375 2489
14376 2489
14377 2489
14378 2489
14379 2489
14380 2489
14381 2489
14382 2489
14383 2489
14384 2489
14385 2489
14386 2488
14387 2488
14388 2488
14389 2488
14390 2488
14391 2488
14392 2488
14393 2488
14394 2488
14395 2488
14396 2488
14397 2488
14398 2488
14399 2488
14400 2488
14401 2488
14402 2488
14403 2488
14404 2488
14405 2488
14406 2488
14407 2488
14408 2488
14409 2488
14410 2488
14411 2488
14412 2488
14413 2488
14414 2488
14415 2488
14416 2488
14417 2488
14418 2488
14419 2488
14420 2488
14421 2488
14422 2488
14423 2488
14424 2488
14425 2488
14426 2488
14427 2488
14428 2488
14429 2488
14430 2488
14431 2488
14432 2488
14433 2488
14434 2488
14435 2488
14436 2488
14437 2488
14438 2488
14439 2488
14440 2488
14441 2488
14442 2488
14443 2488
14444 2488
14445 2488
14446 2488
14447 2488
14448 2488
14449 2488
14450 2488
14451 2488
14452 2488
14453 2488
14454 2488
14455 2488
14456 2488
14457 2488
14458 2488
14459 2488
14460 2485
14461 2485
14462 2485
14463 2485
14464 2485
14465 2485
14466 2485
14467 2485
14468 2485
14469 2485
14470 2485
14471 2485
14472 2485
14473 2485
14474 2485
14475 2485
14476 2485
14477 2485
14478 2485
14479 2485
14480 2485
14481 2485
14482 2485
14483 2485
14484 2485
14485 2485
14486 2485
14487 2485
14488 2485
14489 2485
14490 2485
14491 2485
14492 2485
14493 2485
14494 2485
14495 2485
14496 2485
14497 2485
14498 2485
14499 2485
14500 2485
14501 2485
14502 2485
14503 2485
14504 2485
14505 2485
14506 2485
14507 2485
14508 2485
14509 2485
14510 2485
14511 2485
14512 2485
14513 2485
14514 2485
14515 2485
14516 2485
14517 2485
14518 2485
14519 2485
14520 2485
14521 2485
14522 2485
14523 2485
14524 2485
14525 2485
14526 2485
14527 2485
14528 2485
14529 2485
14530 2485
14531 2485
14532 2485
14533 2485
14534 2485
14535 2485
14536 2485
14537 2485
14538 2485
14539 2485
14540 2485
14541 2485
14542 2485
14543 2485
14544 2485
14545 2485
14546 2485
14547 2485
14548 2485
14549 2485
14550 2485
14551 2485
14552 2485
14553 2485
14554 2485
14555 2485
14556 2485
14557 2485
14558 2485
14559 2485
14560 2485
14561 2485
14562 2485
14563 2485
14564 2485
14565 2485
14566 2485
14567 2485
14568 2485
14569 2485
14570 2485
14571 2485
14572 2485
14573 2485
14574 2485
14575 2485
14576 2485
14577 2485
14578 2485
14579 2485
14580 2485
14581 2485
14582 2485
14583 2485
14584 2485
14585 2485
14586 2485
14587 2485
14588 2485
14589 2485
14590 2485
14591 2485
14592 2485
14593 2485
14594 2485
14595 2485
14596 2485
14597 2485
14598 2485
14599 2485
14600 2485
14601 2485
14602 2485
14603 2485
14604 2485
14605 2485
14606 2485
14607 2485
14608 2485
14609 2473
14610 2473
14611 2473
14612 2473
14613 2473
14614 2473
14615 2473
14616 2473
14617 2473
14618 2473
14619 2473
14620 2473
14621 2473
14622 2473
14623 2473
14624 2473
14625 2473
14626 2473
14627 2473
14628 2473
14629 2473
14630 2473
14631 2473
14632 2473
14633 2473
14634 2473
14635 2473
14636 2473
14637 2473
14638 2473
14639 2473
14640 2473
14641 2473
14642 2473
14643 2473
14644 2473
14645 2473
14646 2473
14647 2473
14648 2473
14649 2473
14650 2473
14651 2473
14652 2473
14653 2473
14654 2473
14655 2473
14656 2473
14657 2473
14658 2473
14659 2473
14660 2473
14661 2473
14662 2473
14663 2473
14664 2473
14665 2473
14666 2473
14667 2473
14668 2473
14669 2473
14670 2473
14671 2473
14672 2473
14673 2471
14674 2471
14675 2471
14676 2471
14677 2471
14678 2471
14679 2471
14680 2471
14681 2471
14682 2471
14683 2471
14684 2471
14685 2471
14686 2471
14687 2471
14688 2471
14689 2471
14690 2471
14691 2471
14692 2471
14693 2471
14694 2471
14695 2471
14696 2471
14697 2471
14698 2471
14699 2471
14700 2471
14701 2471
14702 2471
14703 2471
14704 2471
14705 2471
14706 2471
14707 2471
14708 2471
14709 2471
14710 2471
14711 2471
14712 2471
14713 2471
14714 2471
14715 2471
14716 2471
14717 2471
14718 2471
14719 2471
14720 2471
14721 2471
14722 2471
14723 2471
14724 2471
14725 2471
14726 2471
14727 2471
14728 2471
14729 2471
14730 2471
14731 2471
14732 2471
14733 2471
14734 2471
14735 2471
14736 2471
14737 2471
14738 2471
14739 2471
14740 2471
14741 2471
14742 2471
14743 2471
14744 2471
14745 2471
14746 2471
14747 2471
14748 2471
14749 2471
14750 2471
14751 2471
14752 2471
14753 2471
14754 2471
14755 2471
14756 2471
14757 2471
14758 2471
14759 2471
14760 2471
14761 2471
14762 2471
14763 2471
14764 2471
14765 2471
14766 2471
14767 2471
14768 2471
14769 2471
14770 2471
14771 2471
14772 2471
14773 2471
14774 2471
14775 2471
14776 2471
14777 2471
14778 2471
14779 2471
14780 2471
14781 2471
14782 2471
14783 2471
14784 2471
14785 2471
14786 2471
14787 2471
14788 2471
14789 2471
14790 2471
14791 2471
14792 2471
14793 2471
14794 2471
14795 2471
14796 2471
14797 2471
14798 2471
14799 2471
14800 2471
14801 2471
14802 2471
14803 2471
14804 2471
14805 2471
14806 2471
14807 2471
14808 2471
14809 2471
14810 2471
14811 2471
14812 2471
14813 2471
14814 2471
14815 2471
14816 2471
14817 2471
14818 2471
14819 2471
14820 2469
14821 2469
14822 2469
14823 2469
14824 2469
14825 2469
14826 2469
14827 2469
14828 2469
14829 2469
14830 2469
14831 2469
14832 2469
14833 2469
14834 2469
14835 2469
14836 2469
14837 2469
14838 2469
14839 2469
14840 2469
14841 2469
14842 2469
14843 2469
14844 2469
14845 2469
14846 2469
14847 2469
14848 2469
14849 2469
14850 2469
14851 2469
14852 2469
14853 2469
14854 2469
14855 2469
14856 2469
14857 2469
14858 2469
14859 2469
14860 2469
14861 2469
14862 2469
14863 2469
14864 2469
14865 2469
14866 2469
14867 2469
14868 2469
14869 2469
14870 2469
14871 2469
14872 2469
14873 2469
14874 2469
14875 2469
14876 2469
14877 2469
14878 2469
14879 2469
14880 2469
14881 2469
14882 2469
14883 2469
14884 2469
14885 2469
14886 2469
14887 2469
14888 2469
14889 2469
14890 2469
14891 2469
14892 2469
14893 2469
14894 2469
14895 2469
14896 2469
14897 2469
14898 2469
14899 2469
14900 2469
14901 2469
14902 2469
14903 2469
14904 2469
14905 2469
14906 2469
14907 2469
14908 2469
14909 2469
14910 2469
14911 2469
14912 2469
14913 2469
14914 2469
14915 2469
14916 2469
14917 2469
14918 2469
14919 2469
14920 2469
14921 2469
14922 2469
14923 2469
14924 2469
14925 2469
14926 2469
14927 2469
14928 2469
14929 2469
14930 2469
14931 2469
14932 2469
14933 2469
14934 2469
14935 2469
14936 2469
14937 2469
14938 2469
14939 2469
14940 2469
14941 2469
14942 2469
14943 2469
14944 2469
14945 2469
14946 2469
14947 2469
14948 2469
14949 2469
14950 2469
14951 2469
14952 2469
14953 2469
14954 2469
14955 2469
14956 2469
14957 2469
14958 2469
14959 2469
14960 2469
14961 2469
14962 2469
14963 2469
14964 2469
14965 2469
14966 2469
14967 2469
14968 2469
14969 2469
14970 2469
14971 2469
14972 2469
14973 2469
14974 2469
14975 2469
14976 2469
14977 2469
14978 2469
14979 2469
14980 2469
14981 2469
14982 2469
14983 2469
14984 2469
14985 2469
14986 2469
14987 2469
14988 2469
14989 2469
14990 2469
14991 2469
14992 2469
14993 2469
14994 2469
14995 2469
14996 2469
14997 2469
14998 2469
14999 2469
15000 2469
15001 2469
15002 2469
15003 2469
15004 2469
15005 2469
15006 2469
15007 2469
15008 2469
15009 2469
15010 2469
15011 2469
15012 2469
15013 2469
15014 2469
15015 2469
15016 2469
15017 2469
15018 2469
15019 2469
15020 2469
15021 2469
15022 2469
15023 2469
15024 2469
15025 2469
15026 2469
15027 2469
15028 2469
15029 2469
15030 2469
15031 2469
15032 2469
15033 2469
15034 2469
15035 2469
15036 2469
15037 2469
15038 2469
15039 2469
15040 2469
15041 2469
15042 2469
15043 2469
15044 2469
15045 2469
15046 2469
15047 2469
15048 2469
15049 2469
15050 2469
15051 2469
15052 2469
15053 2469
15054 2469
15055 2469
15056 2469
15057 2469
15058 2469
15059 2469
15060 2469
15061 2469
15062 2469
15063 2469
15064 2469
15065 2469
15066 2469
15067 2469
15068 2469
15069 2469
15070 2469
15071 2469
15072 2469
15073 2469
15074 2469
15075 2469
15076 2469
15077 2469
15078 2469
15079 2469
15080 2469
15081 2469
15082 2469
15083 2469
15084 2469
15085 2469
15086 2469
15087 2469
15088 2469
15089 2469
15090 2469
15091 2469
15092 2469
15093 2469
15094 2469
15095 2469
15096 2469
15097 2469
15098 2469
15099 2469
15100 2469
15101 2469
15102 2469
15103 2469
15104 2469
15105 2469
15106 2469
15107 2469
15108 2469
15109 2469
15110 2469
15111 2469
15112 2469
15113 2469
15114 2469
15115 2469
15116 2469
15117 2469
15118 2469
15119 2469
15120 2469
15121 2469
15122 2469
15123 2469
15124 2469
15125 2469
15126 2469
15127 2469
15128 2469
15129 2469
15130 2469
15131 2469
15132 2469
15133 2469
15134 2469
15135 2469
15136 2469
15137 2469
15138 2469
15139 2469
15140 2469
15141 2469
15142 2469
15143 2462
15144 2462
15145 2462
15146 2462
15147 2462
15148 2462
15149 2462
15150 2462
15151 2462
15152 2462
15153 2462
15154 2462
15155 2462
15156 2462
15157 2462
15158 2462
15159 2462
15160 2462
15161 2462
15162 2462
15163 2462
15164 2462
15165 2462
15166 2462
15167 2462
15168 2462
15169 2462
15170 2462
15171 2462
15172 2462
15173 2462
15174 2462
15175 2462
15176 2462
15177 2462
15178 2462
15179 2462
15180 2462
15181 2462
15182 2462
15183 2462
15184 2462
15185 2462
15186 2462
15187 2462
15188 2462
15189 2462
15190 2462
15191 2462
15192 2462
15193 2462
15194 2462
15195 2462
15196 2462
15197 2462
15198 2462
15199 2462
15200 2462
15201 2462
15202 2462
15203 2462
15204 2462
15205 2462
15206 2462
15207 2462
15208 2462
15209 2462
15210 2462
15211 2462
15212 2462
15213 2462
15214 2462
15215 2462
15216 2462
15217 2462
15218 2462
15219 2462
15220 2462
15221 2462
15222 2462
15223 2462
15224 2462
15225 2462
15226 2462
15227 2462
15228 2462
15229 2462
15230 2462
15231 2462
15232 2462
15233 2462
15234 2462
15235 2462
15236 2462
15237 2462
15238 2462
15239 2462
15240 2462
15241 2462
15242 2462
15243 2462
15244 2462
15245 2462
15246 2462
15247 2462
15248 2462
15249 2462
15250 2462
15251 2462
15252 2462
15253 2462
15254 2462
15255 2462
15256 2462
15257 2462
15258 2462
15259 2462
15260 2462
15261 2462
15262 2462
15263 2462
15264 2462
15265 2462
15266 2462
15267 2462
15268 2462
15269 2462
15270 2462
15271 2462
15272 2462
15273 2462
15274 2462
15275 2462
15276 2462
15277 2462
15278 2462
15279 2462
15280 2462
15281 2462
15282 2462
15283 2462
15284 2462
15285 2462
15286 2462
15287 2462
15288 2462
15289 2462
15290 2462
15291 2462
15292 2462
15293 2462
15294 2462
15295 2462
15296 2462
15297 2462
15298 2462
15299 2462
15300 2462
15301 2462
15302 2462
15303 2462
15304 2462
15305 2462
15306 2462
15307 2462
15308 2462
15309 2462
15310 2462
15311 2462
15312 2462
15313 2462
15314 2462
15315 2462
15316 2462
15317 2462
15318 2462
15319 2462
15320 2462
15321 2462
15322 2462
15323 2462
15324 2462
15325 2462
15326 2462
15327 2462
15328 2462
15329 2462
15330 2462
15331 2462
15332 2462
15333 2462
15334 2462
15335 2462
15336 2462
15337 2462
15338 2462
15339 2462
15340 2462
15341 2462
15342 2462
15343 2462
15344 2462
15345 2462
15346 2462
15347 2462
15348 2462
15349 2462
15350 2462
15351 2462
15352 2462
15353 2462
15354 2462
15355 2462
15356 2462
15357 2462
15358 2462
15359 2462
15360 2462
15361 2462
15362 2462
15363 2462
15364 2462
15365 2462
15366 2462
15367 2462
15368 2462
15369 2462
15370 2462
15371 2462
15372 2462
15373 2462
15374 2462
15375 2462
15376 2462
15377 2462
15378 2462
15379 2462
15380 2462
15381 2462
15382 2462
15383 2462
15384 2462
15385 2462
15386 2462
15387 2462
15388 2462
15389 2462
15390 2462
15391 2462
15392 2462
15393 2462
15394 2462
15395 2462
15396 2462
15397 2462
15398 2462
15399 2462
15400 2462
15401 2462
15402 2462
15403 2462
15404 2462
15405 2462
15406 2462
15407 2462
15408 2462
15409 2462
15410 2462
15411 2462
15412 2462
15413 2462
15414 2462
15415 2462
15416 2462
15417 2462
15418 2462
15419 2462
15420 2462
15421 2462
15422 2462
15423 2462
15424 2462
15425 2462
15426 2462
15427 2462
15428 2462
15429 2462
15430 2462
15431 2462
15432 2462
15433 2462
15434 2462
15435 2462
15436 2462
15437 2462
15438 2462
15439 2462
15440 2462
15441 2462
15442 2462
15443 2462
15444 2462
15445 2462
15446 2462
15447 2462
15448 2462
15449 2462
15450 2462
15451 2462
15452 2462
15453 2462
15454 2462
15455 2462
15456 2462
15457 2462
15458 2462
15459 2462
15460 2462
15461 2462
15462 2462
15463 2462
15464 2462
15465 2462
15466 2462
15467 2462
15468 2462
15469 2462
15470 2462
15471 2462
15472 2462
15473 2462
15474 2462
15475 2462
15476 2462
15477 2462
15478 2462
15479 2462
15480 2462
15481 2462
15482 2462
15483 2462
15484 2462
15485 2462
15486 2462
15487 2462
15488 2462
15489 2462
15490 2462
15491 2462
15492 2462
15493 2462
15494 2462
15495 2462
15496 2462
15497 2462
15498 2462
15499 2462
15500 2462
15501 2462
15502 2462
15503 2462
15504 2462
15505 2462
15506 2462
15507 2462
15508 2462
15509 2462
15510 2462
15511 2462
15512 2462
15513 2462
15514 2462
15515 2462
15516 2462
15517 2462
15518 2462
15519 2462
15520 2462
15521 2462
15522 2462
15523 2462
15524 2462
15525 2462
15526 2462
15527 2462
15528 2462
15529 2462
15530 2462
15531 2462
15532 2462
15533 2462
15534 2462
15535 2462
15536 2462
15537 2462
15538 2462
15539 2462
15540 2462
15541 2462
15542 2462
15543 2462
15544 2462
15545 2462
15546 2462
15547 2462
15548 2462
15549 2462
15550 2462
15551 2462
15552 2462
15553 2462
15554 2462
15555 2462
15556 2462
15557 2462
15558 2462
15559 2462
15560 2462
15561 2462
15562 2462
15563 2462
15564 2462
15565 2462
15566 2462
15567 2462
15568 2462
15569 2462
15570 2462
15571 2462
15572 2462
15573 2462
15574 2462
15575 2462
15576 2462
15577 2462
15578 2462
15579 2462
15580 2462
15581 2462
15582 2462
15583 2462
15584 2462
15585 2462
15586 2462
15587 2462
15588 2462
15589 2462
15590 2462
15591 2462
15592 2462
15593 2462
15594 2462
15595 2462
15596 2462
15597 2462
15598 2462
15599 2462
15600 2462
15601 2462
15602 2462
15603 2462
15604 2462
15605 2462
15606 2462
15607 2462
15608 2462
15609 2462
15610 2462
15611 2462
15612 2462
15613 2462
15614 2462
15615 2462
15616 2462
15617 2462
15618 2462
15619 2462
15620 2462
15621 2462
15622 2462
15623 2462
15624 2462
15625 2462
15626 2462
15627 2455
15628 2455
15629 2455
15630 2455
15631 2455
15632 2455
15633 2455
15634 2455
15635 2455
15636 2455
15637 2455
15638 2455
15639 2455
15640 2455
15641 2455
15642 2455
15643 2455
15644 2455
15645 2455
15646 2455
15647 2455
15648 2455
15649 2455
15650 2455
15651 2455
15652 2455
15653 2455
15654 2455
15655 2455
15656 2455
15657 2455
15658 2455
15659 2455
15660 2455
15661 2455
15662 2455
15663 2455
15664 2455
15665 2455
15666 2455
15667 2455
15668 2455
15669 2455
15670 2455
15671 2455
15672 2455
15673 2455
15674 2455
15675 2455
15676 2455
15677 2455
15678 2455
15679 2455
15680 2455
15681 2455
15682 2455
15683 2455
15684 2455
15685 2455
15686 2455
15687 2455
15688 2455
15689 2455
15690 2455
15691 2455
15692 2455
15693 2455
15694 2455
15695 2455
15696 2455
15697 2455
15698 2455
15699 2455
15700 2455
15701 2455
15702 2455
15703 2455
15704 2455
15705 2455
15706 2455
15707 2455
15708 2455
15709 2455
15710 2455
15711 2455
15712 2455
15713 2455
15714 2455
15715 2455
15716 2455
15717 2455
15718 2455
15719 2455
15720 2455
15721 2455
15722 2455
15723 2455
15724 2455
15725 2455
15726 2455
15727 2455
15728 2455
15729 2455
15730 2455
15731 2455
15732 2455
15733 2455
15734 2455
15735 2455
15736 2455
15737 2455
15738 2455
15739 2455
15740 2455
15741 2455
15742 2455
15743 2455
15744 2455
15745 2455
15746 2455
15747 2455
15748 2455
15749 2455
15750 2455
15751 2455
15752 2455
15753 2455
15754 2455
15755 2455
15756 2455
15757 2455
15758 2455
15759 2455
15760 2455
15761 2455
15762 2455
15763 2455
15764 2455
15765 2455
15766 2455
15767 2455
15768 2455
15769 2455
15770 2455
15771 2455
15772 2455
15773 2455
15774 2455
15775 2455
15776 2455
15777 2455
15778 2455
15779 2455
15780 2455
15781 2455
15782 2452
15783 2452
15784 2452
15785 2452
15786 2452
15787 2452
15788 2452
15789 2452
15790 2452
15791 2452
15792 2452
15793 2452
15794 2452
15795 2452
15796 2452
15797 2452
15798 2452
15799 2452
15800 2452
15801 2452
15802 2452
15803 2452
15804 2452
15805 2452
15806 2452
15807 2452
15808 2452
15809 2452
15810 2452
15811 2452
15812 2452
15813 2452
15814 2452
15815 2452
15816 2452
15817 2452
15818 2452
15819 2452
15820 2452
15821 2452
15822 2452
15823 2452
15824 2452
15825 2452
15826 2452
15827 2452
15828 2452
15829 2452
15830 2452
15831 2452
15832 2452
15833 2452
15834 2452
15835 2452
15836 2452
15837 2448
15838 2448
15839 2448
15840 2448
15841 2448
15842 2448
15843 2448
15844 2448
15845 2448
15846 2448
15847 2448
15848 2448
15849 2448
15850 2448
15851 2448
15852 2448
15853 2448
15854 2448
15855 2448
15856 2448
15857 2448
15858 2448
15859 2448
15860 2448
15861 2448
15862 2448
15863 2448
15864 2448
15865 2448
15866 2448
15867 2448
15868 2448
15869 2448
15870 2448
15871 2448
15872 2448
15873 2448
15874 2448
15875 2448
15876 2448
15877 2448
15878 2448
15879 2448
15880 2448
15881 2448
15882 2448
15883 2448
15884 2448
15885 2448
15886 2448
15887 2448
15888 2448
15889 2448
15890 2448
15891 2448
15892 2448
15893 2448
15894 2448
15895 2448
15896 2448
15897 2448
15898 2448
15899 2448
15900 2448
15901 2448
15902 2448
15903 2448
15904 2448
15905 2448
15906 2448
15907 2448
15908 2448
15909 2448
15910 2448
15911 2448
15912 2448
15913 2448
15914 2448
15915 2448
15916 2448
15917 2448
15918 2448
15919 2448
15920 2448
15921 2448
15922 2448
15923 2448
15924 2448
15925 2448
15926 2448
15927 2448
15928 2448
15929 2448
15930 2448
15931 2448
15932 2448
15933 2448
15934 2448
15935 2448
15936 2448
15937 2448
15938 2448
15939 2448
15940 2448
15941 2448
15942 2448
15943 2448
15944 2448
15945 2448
15946 2448
15947 2448
15948 2448
15949 2448
15950 2448
15951 2448
15952 2448
15953 2448
15954 2448
15955 2448
15956 2448
15957 2448
15958 2448
15959 2448
15960 2448
15961 2448
15962 2448
15963 2448
15964 2448
15965 2448
15966 2448
15967 2448
15968 2448
15969 2448
15970 2448
15971 2448
15972 2448
15973 2448
15974 2448
15975 2448
15976 2448
15977 2448
15978 2448
15979 2448
15980 2448
15981 2448
15982 2448
15983 2448
15984 2448
15985 2448
15986 2448
15987 2448
15988 2448
15989 2448
15990 2448
15991 2448
15992 2448
15993 2448
15994 2448
15995 2448
15996 2448
15997 2448
15998 2448
15999 2448
16000 2448
16001 2448
16002 2448
16003 2448
16004 2448
16005 2448
16006 2448
16007 2448
16008 2448
16009 2448
16010 2448
16011 2448
16012 2448
16013 2448
16014 2448
16015 2448
16016 2448
16017 2448
16018 2448
16019 2448
16020 2448
16021 2448
16022 2448
16023 2448
16024 2448
16025 2448
16026 2448
16027 2448
16028 2448
16029 2448
16030 2448
16031 2448
16032 2448
16033 2448
16034 2448
16035 2448
16036 2448
16037 2448
16038 2448
16039 2448
16040 2448
16041 2448
16042 2448
16043 2448
16044 2448
16045 2448
16046 2448
16047 2448
16048 2448
16049 2448
16050 2448
16051 2448
16052 2448
16053 2448
16054 2448
16055 2448
16056 2448
16057 2448
16058 2448
16059 2448
16060 2448
16061 2448
16062 2448
16063 2448
16064 2448
16065 2448
16066 2448
16067 2448
16068 2448
16069 2448
16070 2448
16071 2448
16072 2448
16073 2448
16074 2448
16075 2448
16076 2448
16077 2448
16078 2448
16079 2448
16080 2448
16081 2448
16082 2448
16083 2448
16084 2448
16085 2448
16086 2448
16087 2448
16088 2448
16089 2448
16090 2448
16091 2448
16092 2448
16093 2448
16094 2448
16095 2448
16096 2448
16097 2448
16098 2448
16099 2448
16100 2448
16101 2448
16102 2448
16103 2448
16104 2448
16105 2448
16106 2448
16107 2448
16108 2448
16109 2448
16110 2448
16111 2448
16112 2448
16113 2448
16114 2448
16115 2448
16116 2448
16117 2448
16118 2448
16119 2448
16120 2448
16121 2448
16122 2448
16123 2448
16124 2448
16125 2448
16126 2448
16127 2448
16128 2448
16129 2448
16130 2448
16131 2448
16132 2448
16133 2448
16134 2448
16135 2448
16136 2448
16137 2448
16138 2448
16139 2448
16140 2448
16141 2448
16142 2448
16143 2448
16144 2448
16145 2448
16146 2448
16147 2448
16148 2448
16149 2448
16150 2448
16151 2448
16152 2448
16153 2448
16154 2448
16155 2448
16156 2448
16157 2448
16158 2448
16159 2448
16160 2448
16161 2448
16162 2448
16163 2448
16164 2448
16165 2448
16166 2448
16167 2448
16168 2448
16169 2448
16170 2448
16171 2448
16172 2448
16173 2448
16174 2448
16175 2448
16176 2448
16177 2448
16178 2448
16179 2448
16180 2448
16181 2448
16182 2448
16183 2448
16184 2448
16185 2448
16186 2448
16187 2448
16188 2448
16189 2448
16190 2448
16191 2448
16192 2448
16193 2448
16194 2448
16195 2448
16196 2448
16197 2448
16198 2448
16199 2448
16200 2448
16201 2448
16202 2448
16203 2448
16204 2448
16205 2448
16206 2448
16207 2448
16208 2448
16209 2448
16210 2448
16211 2448
16212 2448
16213 2448
16214 2448
16215 2448
16216 2448
16217 2448
16218 2448
16219 2448
16220 2448
16221 2448
16222 2448
16223 2448
16224 2448
16225 2448
16226 2448
16227 2448
16228 2448
16229 2448
16230 2448
16231 2448
16232 2448
16233 2448
16234 2448
16235 2448
16236 2448
16237 2448
16238 2448
16239 2448
16240 2448
16241 2448
16242 2448
16243 2448
16244 2448
16245 2448
16246 2448
16247 2448
16248 2448
16249 2448
16250 2448
16251 2448
16252 2448
16253 2448
16254 2448
16255 2448
16256 2448
16257 2448
16258 2448
16259 2448
16260 2448
16261 2448
16262 2448
16263 2448
16264 2448
16265 2448
16266 2448
16267 2448
16268 2448
16269 2448
16270 2448
16271 2448
16272 2448
16273 2448
16274 2448
16275 2448
16276 2448
16277 2448
16278 2448
16279 2448
16280 2448
16281 2448
16282 2448
16283 2448
16284 2448
16285 2448
16286 2448
16287 2448
16288 2448
16289 2448
16290 2448
16291 2448
16292 2448
16293 2448
16294 2448
16295 2448
16296 2448
16297 2448
16298 2448
16299 2448
16300 2448
16301 2448
16302 2448
16303 2448
16304 2448
16305 2448
16306 2448
16307 2448
16308 2448
16309 2448
16310 2448
16311 2448
16312 2448
16313 2448
16314 2448
16315 2448
16316 2448
16317 2448
16318 2448
16319 2448
16320 2448
16321 2448
16322 2448
16323 2448
16324 2448
16325 2448
16326 2448
16327 2448
16328 2448
16329 2448
16330 2448
16331 2448
16332 2448
16333 2448
16334 2448
16335 2448
16336 2448
16337 2448
16338 2448
16339 2448
16340 2448
16341 2448
16342 2448
16343 2448
16344 2448
16345 2448
16346 2448
16347 2448
16348 2448
16349 2448
16350 2448
16351 2448
16352 2439
16353 2439
16354 2439
16355 2439
16356 2439
16357 2439
16358 2439
16359 2439
16360 2439
16361 2439
16362 2439
16363 2439
16364 2439
16365 2439
16366 2439
16367 2439
16368 2439
16369 2439
16370 2439
16371 2439
16372 2439
16373 2439
16374 2439
16375 2439
16376 2439
16377 2439
16378 2439
16379 2439
16380 2439
16381 2439
16382 2439
16383 2439
16384 2439
16385 2439
16386 2439
16387 2439
16388 2439
16389 2439
16390 2439
16391 2439
16392 2439
16393 2439
16394 2439
16395 2439
16396 2439
16397 2439
16398 2439
16399 2439
16400 2439
16401 2439
16402 2439
16403 2439
16404 2439
16405 2439
16406 2439
16407 2439
16408 2439
16409 2439
16410 2439
16411 2439
16412 2439
16413 2439
16414 2439
16415 2439
16416 2439
16417 2439
16418 2439
16419 2439
16420 2439
16421 2439
16422 2439
16423 2439
16424 2439
16425 2439
16426 2439
16427 2439
16428 2439
16429 2439
16430 2439
16431 2439
16432 2439
16433 2439
16434 2439
16435 2439
16436 2439
16437 2439
16438 2439
16439 2439
16440 2439
16441 2439
16442 2439
16443 2439
16444 2439
16445 2439
16446 2439
16447 2439
16448 2439
16449 2439
16450 2439
16451 2439
16452 2439
16453 2439
16454 2439
16455 2439
16456 2439
16457 2439
16458 2439
16459 2439
16460 2439
16461 2439
16462 2439
16463 2439
16464 2439
16465 2439
16466 2439
16467 2439
16468 2439
16469 2439
16470 2439
16471 2439
16472 2439
16473 2439
16474 2439
16475 2439
16476 2439
16477 2439
16478 2439
16479 2439
16480 2439
16481 2439
16482 2439
16483 2439
16484 2439
16485 2439
16486 2439
16487 2439
16488 2439
16489 2439
16490 2439
16491 2439
16492 2439
16493 2439
16494 2439
16495 2439
16496 2439
16497 2439
16498 2439
16499 2439
16500 2439
16501 2439
16502 2439
16503 2439
16504 2439
16505 2439
16506 2439
16507 2439
16508 2439
16509 2439
16510 2439
16511 2439
16512 2439
16513 2439
16514 2429
16515 2429
16516 2429
16517 2429
16518 2429
16519 2429
16520 2429
16521 2429
16522 2429
16523 2429
16524 2429
16525 2429
16526 2429
16527 2429
16528 2429
16529 2429
16530 2429
16531 2429
16532 2429
16533 2429
16534 2429
16535 2429
16536 2429
16537 2429
16538 2429
16539 2429
16540 2429
16541 2429
16542 2429
16543 2429
16544 2429
16545 2429
16546 2429
16547 2429
16548 2429
16549 2429
16550 2429
16551 2429
16552 2429
16553 2429
16554 2429
16555 2429
16556 2429
16557 2429
16558 2429
16559 2429
16560 2429
16561 2429
16562 2429
16563 2429
16564 2429
16565 2429
16566 2429
16567 2429
16568 2429
16569 2429
16570 2429
16571 2429
16572 2429
16573 2429
16574 2429
16575 2429
16576 2429
16577 2429
16578 2429
16579 2429
16580 2429
16581 2429
16582 2429
16583 2429
16584 2429
16585 2429
16586 2429
16587 2429
16588 2429
16589 2429
16590 2429
16591 2429
16592 2429
16593 2429
16594 2429
16595 2429
16596 2429
16597 2429
16598 2429
16599 2429
16600 2429
16601 2429
16602 2429
16603 2429
16604 2429
16605 2429
16606 2429
16607 2426
16608 2426
16609 2426
16610 2426
16611 2426
16612 2426
16613 2426
16614 2426
16615 2426
16616 2426
16617 2426
16618 2426
16619 2426
16620 2426
16621 2426
16622 2426
16623 2426
16624 2426
16625 2426
16626 2426
16627 2426
16628 2426
16629 2426
16630 2426
16631 2426
16632 2426
16633 2426
16634 2426
16635 2426
16636 2426
16637 2426
16638 2426
16639 2426
16640 2426
16641 2426
16642 2426
16643 2426
16644 2426
16645 2426
16646 2426
16647 2426
16648 2426
16649 2426
16650 2426
16651 2426
16652 2426
16653 2426
16654 2426
16655 2426
16656 2426
16657 2426
16658 2426
16659 2426
16660 2426
16661 2426
16662 2426
16663 2426
16664 2426
16665 2426
16666 2426
16667 2426
16668 2426
16669 2426
16670 2426
16671 2426
16672 2426
16673 2426
16674 2426
16675 2426
16676 2426
16677 2426
16678 2426
16679 2426
16680 2426
16681 2426
16682 2426
16683 2426
16684 2426
16685 2426
16686 2426
16687 2426
16688 2426
16689 2426
16690 2426
16691 2426
16692 2426
16693 2426
16694 2426
16695 2426
16696 2426
16697 2426
16698 2426
16699 2426
16700 2426
16701 2426
16702 2426
16703 2426
16704 2426
16705 2426
16706 2426
16707 2426
16708 2426
16709 2426
16710 2426
16711 2426
16712 2426
16713 2426
16714 2426
16715 2426
16716 2426
16717 2426
16718 2426
16719 2426
16720 2426
16721 2426
16722 2426
16723 2426
16724 2426
16725 2426
16726 2426
16727 2426
16728 2426
16729 2426
16730 2426
16731 2426
16732 2426
16733 2426
16734 2426
16735 2426
16736 2426
16737 2426
16738 2426
16739 2426
16740 2426
16741 2426
16742 2426
16743 2426
16744 2426
16745 2417
16746 2417
16747 2417
16748 2417
16749 2417
16750 2417
16751 2417
16752 2417
16753 2417
16754 2417
16755 2417
16756 2417
16757 2417
16758 2417
16759 2417
16760 2417
16761 2417
16762 2417
16763 2417
16764 2417
16765 2417
16766 2417
16767 2417
16768 2417
16769 2417
16770 2417
16771 2417
16772 2417
16773 2417
16774 2417
16775 2417
16776 2417
16777 2417
16778 2417
16779 2417
16780 2417
16781 2417
16782 2417
16783 2417
16784 2417
16785 2417
16786 2417
16787 2417
16788 2417
16789 2417
16790 2417
16791 2417
16792 2417
16793 2417
16794 2417
16795 2417
16796 2417
16797 2417
16798 2417
16799 2417
16800 2417
16801 2417
16802 2417
16803 2417
16804 2417
16805 2417
16806 2417
16807 2417
16808 2417
16809 2417
16810 2417
16811 2417
16812 2417
16813 2417
16814 2417
16815 2417
16816 2417
16817 2417
16818 2417
16819 2417
16820 2417
16821 2417
16822 2417
16823 2417
16824 2417
16825 2417
16826 2417
16827 2417
16828 2417
16829 2417
16830 2417
16831 2417
16832 2417
16833 2417
16834 2417
16835 2417
16836 2417
16837 2417
16838 2417
16839 2417
16840 2417
16841 2417
16842 2417
16843 2417
16844 2417
16845 2417
16846 2417
16847 2417
16848 2417
16849 2417
16850 2416
16851 2416
16852 2416
16853 2416
16854 2416
16855 2416
16856 2416
16857 2416
16858 2416
16859 2416
16860 2416
16861 2416
16862 2416
16863 2416
16864 2416
16865 2416
16866 2416
16867 2416
16868 2416
16869 2416
16870 2416
16871 2416
16872 2416
16873 2416
16874 2416
16875 2416
16876 2416
16877 2416
16878 2416
16879 2416
16880 2416
16881 2416
16882 2416
16883 2416
16884 2416
16885 2416
16886 2416
16887 2416
16888 2416
16889 2416
16890 2416
16891 2416
16892 2416
16893 2416
16894 2416
16895 2416
16896 2416
16897 2416
16898 2416
16899 2416
16900 2416
16901 2416
16902 2416
16903 2416
16904 2416
16905 2416
16906 2416
16907 2416
16908 2416
16909 2416
16910 2416
16911 2416
16912 2416
16913 2416
16914 2416
16915 2416
16916 2416
16917 2416
16918 2416
16919 2416
16920 2416
16921 2416
16922 2416
16923 2416
16924 2416
16925 2416
16926 2416
16927 2416
16928 2416
16929 2416
16930 2416
16931 2416
16932 2416
16933 2416
16934 2416
16935 2416
16936 2416
16937 2416
16938 2416
16939 2416
16940 2416
16941 2416
16942 2416
16943 2416
16944 2416
16945 2416
16946 2416
16947 2416
16948 2416
16949 2416
16950 2416
16951 2416
16952 2416
16953 2416
16954 2416
16955 2416
16956 2416
16957 2416
16958 2416
16959 2416
16960 2416
16961 2416
16962 2416
16963 2416
16964 2416
16965 2416
16966 2415
16967 2415
16968 2415
16969 2415
16970 2415
16971 2415
16972 2415
16973 2415
16974 2415
16975 2415
16976 2415
16977 2415
16978 2415
16979 2415
16980 2415
16981 2415
16982 2415
16983 2415
16984 2415
16985 2415
16986 2415
16987 2415
16988 2415
16989 2415
16990 2415
16991 2415
16992 2415
16993 2415
16994 2415
16995 2415
16996 2415
16997 2415
16998 2415
16999 2415
17000 2415
17001 2415
17002 2415
17003 2415
17004 2415
17005 2415
17006 2415
17007 2415
17008 2415
17009 2415
17010 2415
17011 2415
17012 2415
17013 2415
17014 2415
17015 2415
17016 2415
17017 2415
17018 2415
17019 2415
17020 2415
17021 2415
17022 2415
17023 2415
17024 2415
17025 2415
17026 2415
17027 2415
17028 2415
17029 2415
17030 2415
17031 2415
17032 2415
17033 2415
17034 2415
17035 2415
17036 2415
17037 2415
17038 2415
17039 2415
17040 2415
17041 2415
17042 2415
17043 2415
17044 2415
17045 2415
17046 2415
17047 2415
17048 2415
17049 2415
17050 2415
17051 2415
17052 2415
17053 2415
17054 2415
17055 2415
17056 2415
17057 2415
17058 2415
17059 2415
17060 2415
17061 2415
17062 2415
17063 2415
17064 2415
17065 2415
17066 2415
17067 2415
17068 2415
17069 2415
17070 2415
17071 2415
17072 2415
17073 2415
17074 2415
17075 2415
17076 2415
17077 2415
17078 2415
17079 2415
17080 2415
17081 2415
17082 2415
17083 2415
17084 2415
17085 2415
17086 2415
17087 2415
17088 2415
17089 2415
17090 2415
17091 2415
17092 2415
17093 2415
17094 2415
17095 2415
17096 2415
17097 2415
17098 2415
17099 2415
17100 2415
17101 2415
17102 2415
17103 2415
17104 2415
17105 2415
17106 2415
17107 2415
17108 2415
17109 2415
17110 2415
17111 2415
17112 2415
17113 2415
17114 2415
17115 2415
17116 2415
17117 2415
17118 2415
17119 2415
17120 2415
17121 2415
17122 2415
17123 2415
17124 2415
17125 2415
17126 2415
17127 2415
17128 2415
17129 2415
17130 2415
17131 2415
17132 2415
17133 2415
17134 2415
17135 2415
17136 2415
17137 2415
17138 2415
17139 2415
17140 2415
17141 2415
17142 2415
17143 2415
17144 2415
17145 2415
17146 2415
17147 2415
17148 2415
17149 2415
17150 2415
17151 2415
17152 2415
17153 2415
17154 2415
17155 2415
17156 2415
17157 2415
17158 2415
17159 2415
17160 2415
17161 2415
17162 2406
17163 2406
17164 2406
17165 2406
17166 2406
17167 2406
17168 2406
17169 2406
17170 2406
17171 2406
17172 2406
17173 2406
17174 2406
17175 2406
17176 2406
17177 2406
17178 2406
17179 2406
17180 2406
17181 2406
17182 2406
17183 2406
17184 2406
17185 2406
17186 2406
17187 2406
17188 2406
17189 2406
17190 2406
17191 2406
17192 2406
17193 2406
17194 2406
17195 2406
17196 2406
17197 2406
17198 2406
17199 2406
17200 2406
17201 2406
17202 2406
17203 2406
17204 2406
17205 2406
17206 2406
17207 2406
17208 2406
17209 2406
17210 2406
17211 2406
17212 2406
17213 2406
17214 2406
17215 2406
17216 2406
17217 2406
17218 2406
17219 2406
17220 2406
17221 2406
17222 2406
17223 2406
17224 2406
17225 2406
17226 2406
17227 2406
17228 2406
17229 2406
17230 2406
17231 2406
17232 2406
17233 2406
17234 2406
17235 2406
17236 2406
17237 2406
17238 2406
17239 2406
17240 2406
17241 2406
17242 2406
17243 2406
17244 2406
17245 2406
17246 2406
17247 2406
17248 2406
17249 2406
17250 2406
17251 2406
17252 2406
17253 2406
17254 2406
17255 2406
17256 2406
17257 2406
17258 2406
17259 2406
17260 2406
17261 2406
17262 2406
17263 2406
17264 2406
17265 2406
17266 2406
17267 2406
17268 2406
17269 2406
17270 2406
17271 2406
17272 2406
17273 2406
17274 2406
17275 2406
17276 2406
17277 2406
17278 2406
17279 2406
17280 2406
17281 2406
17282 2406
17283 2406
17284 2406
17285 2406
17286 2406
17287 2406
17288 2406
17289 2406
17290 2406
17291 2406
17292 2406
17293 2406
17294 2406
17295 2406
17296 2406
17297 2406
17298 2406
17299 2406
17300 2406
17301 2406
17302 2406
17303 2406
17304 2406
17305 2406
17306 2406
17307 2406
17308 2406
17309 2406
17310 2406
17311 2406
17312 2406
17313 2406
17314 2406
17315 2406
17316 2406
17317 2406
17318 2406
17319 2406
17320 2406
17321 2406
17322 2406
17323 2406
17324 2406
17325 2406
17326 2406
17327 2406
17328 2406
17329 2406
17330 2406
17331 2406
17332 2406
17333 2406
17334 2406
17335 2406
17336 2406
17337 2406
17338 2406
17339 2406
17340 2406
17341 2406
17342 2406
17343 2406
17344 2406
17345 2406
17346 2406
17347 2406
17348 2406
17349 2406
17350 2406
17351 2406
17352 2406
17353 2406
17354 2406
17355 2406
17356 2406
17357 2406
17358 2406
17359 2406
17360 2406
17361 2406
17362 2406
17363 2406
17364 2406
17365 2406
17366 2406
17367 2406
17368 2406
17369 2406
17370 2406
17371 2406
17372 2406
17373 2406
17374 2406
17375 2406
17376 2406
17377 2406
17378 2406
17379 2406
17380 2406
17381 2406
17382 2406
17383 2406
17384 2406
17385 2406
17386 2406
17387 2406
17388 2406
17389 2406
17390 2406
17391 2406
17392 2406
17393 2406
17394 2406
17395 2406
17396 2406
17397 2406
17398 2406
17399 2406
17400 2406
17401 2406
17402 2406
17403 2406
17404 2406
17405 2406
17406 2406
17407 2406
17408 2406
17409 2406
17410 2406
17411 2406
17412 2406
17413 2406
17414 2406
17415 2406
17416 2406
17417 2406
17418 2406
17419 2406
17420 2406
17421 2406
17422 2406
17423 2402
17424 2402
17425 2402
17426 2402
17427 2402
17428 2402
17429 2402
17430 2402
17431 2402
17432 2402
17433 2402
17434 2402
17435 2402
17436 2402
17437 2402
17438 2402
17439 2402
17440 2402
17441 2402
17442 2402
17443 2402
17444 2402
17445 2402
17446 2402
17447 2402
17448 2402
17449 2402
17450 2402
17451 2402
17452 2402
17453 2402
17454 2402
17455 2402
17456 2402
17457 2402
17458 2402
17459 2402
17460 2402
17461 2402
17462 2402
17463 2402
17464 2391
17465 2391
17466 2391
17467 2391
17468 2391
17469 2391
17470 2391
17471 2391
17472 2391
17473 2391
17474 2391
17475 2391
17476 2391
17477 2391
17478 2391
17479 2391
17480 2391
17481 2391
17482 2391
17483 2391
17484 2391
17485 2391
17486 2391
17487 2391
17488 2391
17489 2391
17490 2391
17491 2391
17492 2391
17493 2391
17494 2391
17495 2391
17496 2391
17497 2391
17498 2391
17499 2391
17500 2391
17501 2391
17502 2391
17503 2391
17504 2391
17505 2391
17506 2391
17507 2391
17508 2391
17509 2391
17510 2391
17511 2391
17512 2391
17513 2391
17514 2391
17515 2391
17516 2391
17517 2391
17518 2391
17519 2391
17520 2391
17521 2391
17522 2391
17523 2391
17524 2391
17525 2391
17526 2391
17527 2391
17528 2391
17529 2391
17530 2391
17531 2391
17532 2391
17533 2391
17534 2391
17535 2391
17536 2391
17537 2391
17538 2391
17539 2391
17540 2391
17541 2391
17542 2391
17543 2391
17544 2391
17545 2391
17546 2391
17547 2391
17548 2391
17549 2391
17550 2391
17551 2391
17552 2391
17553 2391
17554 2391
17555 2391
17556 2391
17557 2391
17558 2391
17559 2391
17560 2391
17561 2391
17562 2391
17563 2391
17564 2391
17565 2391
17566 2391
17567 2391
17568 2391
17569 2391
17570 2391
17571 2391
17572 2391
17573 2391
17574 2391
17575 2391
17576 2391
17577 2391
17578 2391
17579 2391
17580 2391
17581 2391
17582 2391
17583 2391
17584 2391
17585 2391
17586 2391
17587 2391
17588 2391
17589 2391
17590 2391
17591 2391
17592 2391
17593 2391
17594 2391
17595 2391
17596 2391
17597 2391
17598 2391
17599 2391
17600 2391
17601 2391
17602 2391
17603 2391
17604 2385
17605 2385
17606 2385
17607 2385
17608 2385
17609 2385
17610 2385
17611 2385
17612 2385
17613 2385
17614 2385
17615 2385
17616 2385
17617 2385
17618 2385
17619 2385
17620 2385
17621 2385
17622 2385
17623 2385
17624 2385
17625 2385
17626 2385
17627 2385
17628 2385
17629 2385
17630 2385
17631 2385
17632 2385
17633 2385
17634 2385
17635 2385
17636 2385
17637 2385
17638 2385
17639 2385
17640 2385
17641 2385
17642 2385
17643 2385
17644 2385
17645 2385
17646 2385
17647 2385
17648 2385
17649 2385
17650 2385
17651 2385
17652 2385
17653 2385
17654 2385
17655 2385
17656 2385
17657 2385
17658 2385
17659 2385
17660 2385
17661 2385
17662 2385
17663 2385
17664 2385
17665 2385
17666 2385
17667 2385
17668 2385
17669 2385
17670 2385
17671 2385
17672 2385
17673 2385
17674 2385
17675 2385
17676 2385
17677 2385
17678 2385
17679 2385
17680 2385
17681 2385
17682 2385
17683 2385
17684 2385
17685 2385
17686 2385
17687 2385
17688 2385
17689 2385
17690 2385
17691 2385
17692 2385
17693 2385
17694 2385
17695 2385
17696 2385
17697 2385
17698 2385
17699 2385
17700 2385
17701 2385
17702 2385
17703 2385
17704 2385
17705 2385
17706 2385
17707 2385
17708 2385
17709 2385
17710 2385
17711 2385
17712 2377
17713 2377
17714 2377
17715 2377
17716 2377
17717 2377
17718 2377
17719 2377
17720 2377
17721 2377
17722 2377
17723 2377
17724 2377
17725 2377
17726 2377
17727 2377
17728 2377
17729 2377
17730 2377
17731 2377
17732 2377
17733 2377
17734 2377
17735 2377
17736 2377
17737 2377
17738 2377
17739 2377
17740 2377
17741 2377
17742 2377
17743 2377
17744 2377
17745 2377
17746 2377
17747 2377
17748 2377
17749 2377
17750 2377
17751 2377
17752 2377
17753 2377
17754 2377
17755 2377
17756 2377
17757 2377
17758 2377
17759 2377
17760 2377
17761 2377
17762 2377
17763 2377
17764 2377
17765 2377
17766 2377
17767 2377
17768 2377
17769 2377
17770 2377
17771 2377
17772 2377
17773 2377
17774 2377
17775 2377
17776 2377
17777 2377
17778 2377
17779 2377
17780 2377
17781 2377
17782 2377
17783 2377
17784 2377
17785 2377
17786 2377
17787 2377
17788 2377
17789 2377
17790 2377
17791 2377
17792 2377
17793 2377
17794 2377
17795 2377
17796 2377
17797 2377
17798 2377
17799 2377
17800 2377
17801 2377
17802 2377
17803 2377
17804 2377
17805 2377
17806 2377
17807 2377
17808 2377
17809 2377
17810 2377
17811 2377
17812 2377
17813 2377
17814 2377
17815 2377
17816 2377
17817 2377
17818 2377
17819 2377
17820 2377
17821 2377
17822 2377
17823 2377
17824 2377
17825 2377
17826 2377
17827 2377
17828 2377
17829 2377
17830 2377
17831 2377
17832 2377
17833 2377
17834 2377
17835 2377
17836 2377
17837 2377
17838 2377
17839 2377
17840 2377
17841 2377
17842 2377
17843 2377
17844 2377
17845 2377
17846 2377
17847 2377
17848 2377
17849 2377
17850 2377
17851 2377
17852 2377
17853 2377
17854 2377
17855 2377
17856 2377
17857 2377
17858 2377
17859 2377
17860 2377
17861 2377
17862 2377
17863 2377
17864 2377
17865 2377
17866 2377
17867 2377
17868 2377
17869 2377
17870 2377
17871 2377
17872 2377
17873 2377
17874 2377
17875 2377
17876 2377
17877 2377
17878 2377
17879 2377
17880 2377
17881 2377
17882 2377
17883 2377
17884 2377
17885 2377
17886 2377
17887 2377
17888 2377
17889 2377
17890 2377
17891 2377
17892 2377
17893 2377
17894 2377
17895 2377
17896 2377
17897 2377
17898 2377
17899 2377
17900 2377
17901 2377
17902 2377
17903 2377
17904 2377
17905 2377
17906 2377
17907 2377
17908 2377
17909 2377
17910 2377
17911 2377
17912 2377
17913 2377
17914 2377
17915 2377
17916 2377
17917 2377
17918 2377
17919 2377
17920 2377
17921 2377
17922 2377
17923 2377
17924 2377
17925 2377
17926 2377
17927 2377
17928 2377
17929 2377
17930 2377
17931 2377
17932 2377
17933 2377
17934 2377
17935 2377
17936 2377
17937 2377
17938 2377
17939 2377
17940 2377
17941 2377
17942 2377
17943 2377
17944 2377
17945 2377
17946 2377
17947 2377
17948 2377
17949 2377
17950 2377
17951 2377
17952 2377
17953 2377
17954 2377
17955 2377
17956 2377
17957 2377
17958 2377
17959 2377
17960 2377
17961 2377
17962 2377
17963 2377
17964 2377
17965 2377
17966 2377
17967 2377
17968 2377
17969 2377
17970 2377
17971 2377
17972 2377
17973 2377
17974 2377
17975 2377
17976 2377
17977 2377
17978 2377
17979 2377
17980 2377
17981 2377
17982 2377
17983 2377
17984 2377
17985 2377
17986 2377
17987 2377
17988 2377
17989 2377
17990 2377
17991 2377
17992 2377
17993 2377
17994 2377
17995 2377
17996 2377
17997 2377
17998 2377
17999 2377
18000 2377
18001 2377
18002 2377
18003 2377
18004 2377
18005 2377
18006 2377
18007 2377
18008 2377
18009 2377
18010 2377
18011 2377
18012 2377
18013 2377
18014 2377
18015 2377
18016 2377
18017 2377
18018 2377
18019 2377
18020 2377
18021 2377
18022 2377
18023 2377
18024 2377
18025 2377
18026 2377
18027 2377
18028 2377
18029 2377
18030 2377
18031 2377
18032 2377
18033 2377
18034 2377
18035 2377
18036 2377
18037 2377
18038 2377
18039 2377
18040 2377
18041 2377
18042 2377
18043 2377
18044 2377
18045 2377
18046 2377
18047 2377
18048 2377
18049 2377
18050 2377
18051 2377
18052 2377
18053 2377
18054 2377
18055 2377
18056 2377
18057 2377
18058 2377
18059 2377
18060 2377
18061 2377
18062 2377
18063 2377
18064 2377
18065 2377
18066 2377
18067 2377
18068 2377
18069 2377
18070 2377
18071 2377
18072 2377
18073 2377
18074 2377
18075 2377
18076 2377
18077 2377
18078 2377
18079 2377
18080 2377
18081 2377
18082 2377
18083 2377
18084 2377
18085 2377
18086 2377
18087 2377
18088 2377
18089 2377
18090 2377
18091 2377
18092 2377
18093 2377
18094 2377
18095 2377
18096 2377
18097 2365
18098 2365
18099 2365
18100 2365
18101 2365
18102 2365
18103 2365
18104 2365
18105 2365
18106 2365
18107 2365
18108 2365
18109 2365
18110 2365
18111 2365
18112 2365
18113 2365
18114 2365
18115 2365
18116 2365
18117 2365
18118 2365
18119 2365
18120 2365
18121 2365
18122 2365
18123 2365
18124 2365
18125 2365
18126 2365
18127 2365
18128 2365
18129 2365
18130 2361
18131 2361
18132 2361
18133 2361
18134 2361
18135 2361
18136 2361
18137 2361
18138 2361
18139 2361
18140 2361
18141 2361
18142 2361
18143 2361
18144 2361
18145 2361
18146 2361
18147 2361
18148 2361
18149 2361
18150 2361
18151 2361
18152 2361
18153 2361
18154 2355
18155 2355
18156 2355
18157 2355
18158 2355
18159 2355
18160 2355
18161 2355
18162 2355
18163 2355
18164 2355
18165 2355
18166 2355
18167 2355
18168 2355
18169 2355
18170 2355
18171 2355
18172 2355
18173 2355
18174 2355
18175 2355
18176 2355
18177 2355
18178 2355
18179 2355
18180 2355
18181 2355
18182 2355
18183 2355
18184 2355
18185 2355
18186 2355
18187 2355
18188 2355
18189 2355
18190 2355
18191 2355
18192 2355
18193 2355
18194 2355
18195 2355
18196 2355
18197 2355
18198 2355
18199 2355
18200 2355
18201 2355
18202 2355
18203 2355
18204 2355
18205 2355
18206 2355
18207 2355
18208 2355
18209 2355
18210 2355
18211 2355
18212 2355
18213 2355
18214 2355
18215 2355
18216 2355
18217 2355
18218 2355
18219 2355
18220 2355
18221 2355
18222 2355
18223 2355
18224 2355
18225 2355
18226 2355
18227 2355
18228 2355
18229 2355
18230 2355
18231 2355
18232 2355
18233 2355
18234 2355
18235 2355
18236 2355
18237 2355
18238 2355
18239 2355
18240 2355
18241 2355
18242 2355
18243 2355
18244 2355
18245 2355
18246 2355
18247 2355
18248 2355
18249 2355
18250 2355
18251 2355
18252 2355
18253 2355
18254 2355
18255 2355
18256 2355
18257 2355
18258 2355
18259 2355
18260 2355
18261 2355
18262 2355
18263 2355
18264 2355
18265 2355
18266 2355
18267 2355
18268 2355
18269 2355
18270 2355
18271 2355
18272 2355
18273 2355
18274 2355
18275 2355
18276 2355
18277 2355
18278 2355
18279 2355
18280 2355
18281 2355
18282 2355
18283 2355
18284 2355
18285 2355
18286 2355
18287 2355
18288 2355
18289 2355
18290 2355
18291 2355
18292 2355
18293 2355
18294 2355
18295 2355
18296 2355
18297 2355
18298 2355
18299 2355
18300 2355
18301 2355
18302 2355
18303 2355
18304 2355
18305 2355
18306 2355
18307 2355
18308 2355
18309 2355
18310 2355
18311 2355
18312 2355
18313 2355
18314 2355
18315 2355
18316 2355
18317 2355
18318 2355
18319 2355
18320 2355
18321 2355
18322 2355
18323 2355
18324 2355
18325 2355
18326 2355
18327 2355
18328 2355
18329 2355
18330 2355
18331 2355
18332 2355
18333 2355
18334 2355
18335 2355
18336 2355
18337 2355
18338 2355
18339 2355
18340 2355
18341 2355
18342 2355
18343 2355
18344 2355
18345 2355
18346 2355
18347 2355
18348 2355
18349 2355
18350 2355
18351 2355
18352 2355
18353 2355
18354 2355
18355 2355
18356 2355
18357 2355
18358 2355
18359 2355
18360 2355
18361 2355
18362 2355
18363 2355
18364 2355
18365 2355
18366 2355
18367 2355
18368 2355
18369 2355
18370 2355
18371 2355
18372 2355
18373 2355
18374 2355
18375 2355
18376 2355
18377 2355
18378 2355
18379 2355
18380 2355
18381 2355
18382 2355
18383 2355
18384 2355
18385 2355
18386 2355
18387 2355
18388 2355
18389 2355
18390 2355
18391 2355
18392 2355
18393 2355
18394 2355
18395 2355
18396 2355
18397 2355
18398 2355
18399 2355
18400 2355
18401 2355
18402 2355
18403 2355
18404 2355
18405 2355
18406 2355
18407 2355
18408 2355
18409 2355
18410 2355
18411 2355
18412 2355
18413 2355
18414 2355
18415 2355
18416 2355
18417 2355
18418 2355
18419 2355
18420 2355
18421 2355
18422 2355
18423 2355
18424 2355
18425 2355
18426 2355
18427 2355
18428 2355
18429 2355
18430 2355
18431 2355
18432 2355
18433 2355
18434 2355
18435 2355
18436 2355
18437 2355
18438 2355
18439 2355
18440 2355
18441 2355
18442 2355
18443 2355
18444 2355
18445 2355
18446 2355
18447 2355
18448 2355
18449 2355
18450 2355
18451 2355
18452 2355
18453 2355
18454 2351
18455 2351
18456 2351
18457 2351
18458 2351
18459 2351
18460 2351
18461 2351
18462 2351
18463 2351
18464 2351
18465 2351
18466 2351
18467 2351
18468 2351
18469 2351
18470 2351
18471 2351
18472 2351
18473 2351
18474 2351
18475 2351
18476 2351
18477 2351
18478 2351
18479 2351
18480 2351
18481 2351
18482 2351
18483 2351
18484 2351
18485 2351
18486 2351
18487 2351
18488 2351
18489 2351
18490 2351
18491 2351
18492 2351
18493 2351
18494 2351
18495 2351
18496 2351
18497 2351
18498 2351
18499 2351
18500 2351
18501 2351
18502 2351
18503 2351
18504 2351
18505 2351
18506 2351
18507 2351
18508 2351
18509 2351
18510 2351
18511 2351
18512 2351
18513 2351
18514 2351
18515 2351
18516 2351
18517 2351
18518 2351
18519 2351
18520 2351
18521 2351
18522 2351
18523 2351
18524 2351
18525 2351
18526 2351
18527 2351
18528 2351
18529 2351
18530 2351
18531 2351
18532 2351
18533 2351
18534 2351
18535 2351
18536 2351
18537 2351
18538 2351
18539 2351
18540 2351
18541 2351
18542 2351
18543 2351
18544 2351
18545 2351
18546 2351
18547 2351
18548 2351
18549 2351
18550 2351
18551 2351
18552 2351
18553 2351
18554 2351
18555 2351
18556 2351
18557 2351
18558 2351
18559 2351
18560 2351
18561 2351
18562 2351
18563 2351
18564 2351
18565 2351
18566 2351
18567 2351
18568 2351
18569 2351
18570 2351
18571 2351
18572 2351
18573 2351
18574 2351
18575 2351
18576 2351
18577 2351
18578 2351
18579 2351
18580 2351
18581 2351
18582 2351
18583 2351
18584 2351
18585 2351
18586 2351
18587 2351
18588 2351
18589 2351
18590 2351
18591 2351
18592 2351
18593 2351
18594 2351
18595 2351
18596 2351
18597 2351
18598 2351
18599 2351
18600 2351
18601 2351
18602 2351
18603 2351
18604 2351
18605 2351
18606 2351
18607 2351
18608 2351
18609 2351
18610 2351
18611 2351
18612 2351
18613 2351
18614 2351
18615 2351
18616 2351
18617 2351
18618 2351
18619 2351
18620 2351
18621 2351
18622 2351
18623 2351
18624 2351
18625 2351
18626 2351
18627 2351
18628 2351
18629 2351
18630 2351
18631 2351
18632 2351
18633 2351
18634 2351
18635 2351
18636 2351
18637 2351
18638 2351
18639 2351
18640 2351
18641 2351
18642 2351
18643 2351
18644 2351
18645 2351
18646 2351
18647 2351
18648 2351
18649 2351
18650 2351
18651 2351
18652 2351
18653 2351
18654 2351
18655 2351
18656 2351
18657 2351
18658 2351
18659 2351
18660 2351
18661 2351
18662 2351
18663 2351
18664 2351
18665 2351
18666 2351
18667 2351
18668 2351
18669 2351
18670 2351
18671 2351
18672 2351
18673 2351
18674 2351
18675 2351
18676 2351
18677 2351
18678 2351
18679 2351
18680 2351
18681 2351
18682 2351
18683 2351
18684 2351
18685 2351
18686 2351
18687 2351
18688 2351
18689 2351
18690 2351
18691 2351
18692 2351
18693 2351
18694 2351
18695 2351
18696 2351
18697 2351
18698 2351
18699 2351
18700 2351
18701 2351
18702 2351
18703 2351
18704 2351
18705 2351
18706 2351
18707 2351
18708 2351
18709 2351
18710 2351
18711 2351
18712 2351
18713 2351
18714 2351
18715 2351
18716 2351
18717 2351
18718 2351
18719 2351
18720 2351
18721 2351
18722 2351
18723 2351
18724 2351
18725 2351
18726 2351
18727 2346
18728 2346
18729 2346
18730 2346
18731 2346
18732 2346
18733 2346
18734 2346
18735 2346
18736 2346
18737 2346
18738 2346
18739 2346
18740 2346
18741 2346
18742 2346
18743 2346
18744 2346
18745 2346
18746 2346
18747 2346
18748 2346
18749 2346
18750 2346
18751 2346
18752 2346
18753 2346
18754 2346
18755 2346
18756 2346
18757 2346
18758 2346
18759 2346
18760 2346
18761 2346
18762 2346
18763 2346
18764 2346
18765 2346
18766 2346
18767 2346
18768 2343
18769 2343
18770 2343
18771 2343
18772 2343
18773 2343
18774 2343
18775 2343
18776 2343
18777 2343
18778 2343
18779 2343
18780 2343
18781 2343
18782 2343
18783 2343
18784 2343
18785 2343
18786 2343
18787 2343
18788 2343
18789 2343
18790 2343
18791 2343
18792 2343
18793 2343
18794 2343
18795 2343
18796 2343
18797 2343
18798 2343
18799 2343
18800 2343
18801 2343
18802 2343
18803 2343
18804 2343
18805 2343
18806 2343
18807 2343
18808 2343
18809 2343
18810 2343
18811 2343
18812 2343
18813 2343
18814 2343
18815 2343
18816 2343
18817 2343
18818 2343
18819 2343
18820 2343
18821 2343
18822 2343
18823 2343
18824 2343
18825 2343
18826 2343
18827 2343
18828 2343
18829 2343
18830 2343
18831 2343
18832 2343
18833 2343
18834 2343
18835 2343
18836 2343
18837 2343
18838 2343
18839 2343
18840 2343
18841 2343
18842 2343
18843 2343
18844 2343
18845 2343
18846 2343
18847 2343
18848 2343
18849 2343
18850 2343
18851 2343
18852 2343
18853 2343
18854 2343
18855 2343
18856 2343
18857 2343
18858 2343
18859 2343
18860 2343
18861 2343
18862 2343
18863 2343
18864 2343
18865 2343
18866 2343
18867 2343
18868 2343
18869 2343
18870 2343
18871 2343
18872 2343
18873 2343
18874 2343
18875 2343
18876 2343
18877 2343
18878 2343
18879 2343
18880 2343
18881 2343
18882 2343
18883 2343
18884 2343
18885 2343
18886 2343
18887 2343
18888 2343
18889 2343
18890 2343
18891 2343
18892 2343
18893 2343
18894 2343
18895 2343
18896 2343
18897 2343
18898 2343
18899 2343
18900 2343
18901 2343
18902 2343
18903 2343
18904 2343
18905 2343
18906 2343
18907 2343
18908 2343
18909 2343
18910 2343
18911 2343
18912 2343
18913 2343
18914 2343
18915 2343
18916 2343
18917 2343
18918 2343
18919 2343
18920 2343
18921 2343
18922 2343
18923 2343
18924 2343
18925 2343
18926 2343
18927 2343
18928 2343
18929 2343
18930 2343
18931 2343
18932 2343
18933 2343
18934 2343
18935 2343
18936 2343
18937 2343
18938 2343
18939 2343
18940 2343
18941 2343
18942 2343
18943 2343
18944 2343
18945 2343
18946 2343
18947 2343
18948 2343
18949 2343
18950 2343
18951 2343
18952 2343
18953 2343
18954 2343
18955 2343
18956 2343
18957 2343
18958 2343
18959 2343
18960 2343
18961 2343
18962 2343
18963 2343
18964 2343
18965 2343
18966 2343
18967 2343
18968 2343
18969 2343
18970 2343
18971 2343
18972 2343
18973 2343
18974 2343
18975 2343
18976 2343
18977 2343
18978 2343
18979 2343
18980 2343
18981 2343
18982 2343
18983 2343
18984 2343
18985 2343
18986 2343
18987 2343
18988 2343
18989 2343
18990 2343
18991 2343
18992 2343
18993 2343
18994 2343
18995 2343
18996 2343
18997 2343
18998 2343
18999 2343
19000 2343
19001 2343
19002 2343
19003 2343
19004 2343
19005 2343
19006 2343
19007 2343
19008 2343
19009 2343
19010 2343
19011 2343
19012 2343
19013 2343
19014 2343
19015 2343
19016 2343
19017 2343
19018 2343
19019 2343
19020 2343
19021 2343
19022 2343
19023 2343
19024 2343
19025 2343
19026 2343
19027 2343
19028 2343
19029 2343
19030 2343
19031 2343
19032 2343
19033 2343
19034 2343
19035 2343
19036 2343
19037 2343
19038 2343
19039 2343
19040 2343
19041 2343
19042 2343
19043 2343
19044 2343
19045 2343
19046 2343
19047 2343
19048 2343
19049 2343
19050 2343
19051 2343
19052 2343
19053 2343
19054 2343
19055 2343
19056 2343
19057 2343
19058 2343
19059 2343
19060 2343
19061 2343
19062 2343
19063 2343
19064 2343
19065 2343
19066 2343
19067 2343
19068 2343
19069 2343
19070 2343
19071 2343
19072 2343
19073 2343
19074 2343
19075 2343
19076 2343
19077 2343
19078 2343
19079 2343
19080 2343
19081 2343
19082 2343
19083 2343
19084 2343
19085 2343
19086 2343
19087 2343
19088 2343
19089 2343
19090 2343
19091 2343
19092 2343
19093 2343
19094 2343
19095 2343
19096 2343
19097 2343
19098 2343
19099 2343
19100 2343
19101 2343
19102 2338
19103 2338
19104 2338
19105 2338
19106 2338
19107 2338
19108 2338
19109 2338
19110 2338
19111 2338
19112 2338
19113 2338
19114 2338
19115 2338
19116 2338
19117 2338
19118 2338
19119 2338
19120 2338
19121 2338
19122 2338
19123 2338
19124 2338
19125 2338
19126 2338
19127 2338
19128 2338
19129 2338
19130 2338
19131 2338
19132 2338
19133 2338
19134 2338
19135 2338
19136 2338
19137 2338
19138 2338
19139 2338
19140 2338
19141 2338
19142 2338
19143 2338
19144 2338
19145 2338
19146 2338
19147 2338
19148 2338
19149 2338
19150 2338
19151 2338
19152 2338
19153 2338
19154 2338
19155 2338
19156 2338
19157 2338
19158 2338
19159 2338
19160 2338
19161 2338
19162 2338
19163 2338
19164 2338
19165 2338
19166 2338
19167 2338
19168 2338
19169 2338
19170 2338
19171 2338
19172 2338
19173 2338
19174 2338
19175 2338
19176 2338
19177 2338
19178 2338
19179 2338
19180 2338
19181 2338
19182 2338
19183 2338
19184 2338
19185 2338
19186 2338
19187 2338
19188 2338
19189 2338
19190 2338
19191 2338
19192 2338
19193 2338
19194 2338
19195 2338
19196 2338
19197 2338
19198 2338
19199 2338
19200 2338
19201 2338
19202 2338
19203 2338
19204 2338
19205 2338
19206 2338
19207 2338
19208 2338
19209 2338
19210 2338
19211 2338
19212 2338
19213 2338
19214 2338
19215 2338
19216 2338
19217 2338
19218 2338
19219 2338
19220 2338
19221 2338
19222 2338
19223 2338
19224 2338
19225 2338
19226 2338
19227 2338
19228 2338
19229 2338
19230 2338
19231 2338
19232 2338
19233 2338
19234 2338
19235 2338
19236 2338
19237 2338
19238 2338
19239 2338
19240 2338
19241 2338
19242 2338
19243 2338
19244 2338
19245 2338
19246 2338
19247 2338
19248 2338
19249 2338
19250 2338
19251 2338
19252 2338
19253 2338
19254 2338
19255 2338
19256 2338
19257 2338
19258 2338
19259 2338
19260 2338
19261 2338
19262 2338
19263 2338
19264 2338
19265 2338
19266 2338
19267 2338
19268 2338
19269 2338
19270 2338
19271 2338
19272 2338
19273 2338
19274 2338
19275 2338
19276 2338
19277 2338
19278 2338
19279 2338
19280 2338
19281 2338
19282 2338
19283 2338
19284 2338
19285 2338
19286 2338
19287 2338
19288 2338
19289 2338
19290 2338
19291 2338
19292 2338
19293 2338
19294 2338
19295 2338
19296 2338
19297 2338
19298 2338
19299 2338
19300 2338
19301 2338
19302 2338
19303 2338
19304 2338
19305 2338
19306 2338
19307 2338
19308 2338
19309 2338
19310 2338
19311 2338
19312 2338
19313 2338
19314 2338
19315 2338
19316 2338
19317 2338
19318 2338
19319 2338
19320 2338
19321 2338
19322 2338
19323 2338
19324 2338
19325 2338
19326 2338
19327 2338
19328 2338
19329 2338
19330 2338
19331 2338
19332 2338
19333 2338
19334 2338
19335 2338
19336 2338
19337 2338
19338 2338
19339 2338
19340 2338
19341 2338
19342 2338
19343 2338
19344 2338
19345 2338
19346 2338
19347 2338
19348 2338
19349 2338
19350 2338
19351 2338
19352 2338
19353 2338
19354 2338
19355 2338
19356 2338
19357 2338
19358 2338
19359 2338
19360 2338
19361 2338
19362 2338
19363 2338
19364 2338
19365 2338
19366 2338
19367 2338
19368 2338
19369 2338
19370 2338
19371 2338
19372 2338
19373 2338
19374 2338
19375 2338
19376 2338
19377 2338
19378 2338
19379 2338
19380 2338
19381 2338
19382 2338
19383 2338
19384 2338
19385 2338
19386 2338
19387 2338
19388 2338
19389 2338
19390 2338
19391 2338
19392 2338
19393 2338
19394 2338
19395 2338
19396 2338
19397 2338
19398 2338
19399 2338
19400 2338
19401 2338
19402 2338
19403 2338
19404 2338
19405 2338
19406 2338
19407 2338
19408 2338
19409 2338
19410 2338
19411 2338
19412 2338
19413 2338
19414 2338
19415 2338
19416 2338
19417 2338
19418 2338
19419 2338
19420 2338
19421 2338
19422 2338
19423 2338
19424 2338
19425 2338
19426 2338
19427 2338
19428 2338
19429 2338
19430 2338
19431 2338
19432 2338
19433 2338
19434 2338
19435 2338
19436 2338
19437 2338
19438 2338
19439 2338
19440 2338
19441 2338
19442 2338
19443 2338
19444 2338
19445 2338
19446 2338
19447 2338
19448 2338
19449 2338
19450 2338
19451 2338
19452 2338
19453 2338
19454 2338
19455 2338
19456 2338
19457 2338
19458 2338
19459 2338
19460 2338
19461 2338
19462 2338
19463 2338
19464 2338
19465 2338
19466 2338
19467 2338
19468 2338
19469 2338
19470 2338
19471 2338
19472 2338
19473 2338
19474 2338
19475 2338
19476 2338
19477 2338
19478 2338
19479 2338
19480 2338
19481 2338
19482 2338
19483 2338
19484 2338
19485 2338
19486 2338
19487 2338
19488 2338
19489 2338
19490 2338
19491 2338
19492 2338
19493 2338
19494 2338
19495 2338
19496 2338
19497 2338
19498 2338
19499 2338
19500 2338
19501 2338
19502 2338
19503 2338
19504 2338
19505 2338
19506 2338
19507 2338
19508 2338
19509 2338
19510 2338
19511 2338
19512 2338
19513 2338
19514 2338
19515 2338
19516 2338
19517 2338
19518 2338
19519 2338
19520 2338
19521 2338
19522 2338
19523 2338
19524 2338
19525 2338
19526 2338
19527 2338
19528 2338
19529 2338
19530 2338
19531 2338
19532 2338
19533 2338
19534 2338
19535 2338
19536 2338
19537 2338
19538 2338
19539 2338
19540 2338
19541 2338
19542 2338
19543 2338
19544 2338
19545 2338
19546 2338
19547 2338
19548 2338
19549 2338
19550 2338
19551 2338
19552 2338
19553 2338
19554 2338
19555 2338
19556 2338
19557 2338
19558 2338
19559 2338
19560 2338
19561 2338
19562 2338
19563 2338
19564 2338
19565 2338
19566 2338
19567 2338
19568 2338
19569 2338
19570 2338
19571 2338
19572 2338
19573 2338
19574 2338
19575 2338
19576 2338
19577 2338
19578 2338
19579 2338
19580 2338
19581 2338
19582 2338
19583 2338
19584 2338
19585 2338
19586 2338
19587 2338
19588 2338
19589 2338
19590 2338
19591 2338
19592 2338
19593 2338
19594 2338
19595 2338
19596 2338
19597 2338
19598 2338
19599 2338
19600 2338
19601 2338
19602 2338
19603 2338
19604 2338
19605 2338
19606 2338
19607 2338
19608 2338
19609 2338
19610 2338
19611 2338
19612 2338
19613 2338
19614 2338
19615 2338
19616 2338
19617 2338
19618 2338
19619 2336
19620 2336
19621 2336
19622 2336
19623 2336
19624 2336
19625 2336
19626 2336
19627 2336
19628 2336
19629 2336
19630 2323
19631 2323
19632 2323
19633 2323
19634 2323
19635 2323
19636 2323
19637 2323
19638 2323
19639 2323
19640 2323
19641 2323
19642 2323
19643 2323
19644 2323
19645 2323
19646 2323
19647 2323
19648 2323
19649 2323
19650 2323
19651 2323
19652 2323
19653 2323
19654 2323
19655 2323
19656 2323
19657 2323
19658 2323
19659 2323
19660 2323
19661 2323
19662 2323
19663 2323
19664 2323
19665 2323
19666 2323
19667 2323
19668 2323
19669 2323
19670 2323
19671 2323
19672 2323
19673 2323
19674 2323
19675 2323
19676 2323
19677 2323
19678 2323
19679 2323
19680 2323
19681 2323
19682 2323
19683 2323
19684 2323
19685 2323
19686 2323
19687 2323
19688 2323
19689 2323
19690 2323
19691 2323
19692 2323
19693 2323
19694 2323
19695 2323
19696 2323
19697 2323
19698 2323
19699 2323
19700 2323
19701 2323
19702 2323
19703 2323
19704 2323
19705 2323
19706 2323
19707 2323
19708 2323
19709 2323
19710 2323
19711 2323
19712 2323
19713 2323
19714 2323
19715 2323
19716 2323
19717 2323
19718 2323
19719 2323
19720 2323
19721 2323
19722 2323
19723 2323
19724 2323
19725 2323
19726 2323
19727 2323
19728 2323
19729 2323
19730 2323
19731 2323
19732 2323
19733 2323
19734 2323
19735 2323
19736 2323
19737 2323
19738 2323
19739 2323
19740 2323
19741 2323
19742 2323
19743 2323
19744 2323
19745 2323
19746 2323
19747 2323
19748 2323
19749 2323
19750 2323
19751 2323
19752 2323
19753 2323
19754 2323
19755 2323
19756 2323
19757 2323
19758 2323
19759 2323
19760 2323
19761 2323
19762 2323
19763 2323
19764 2323
19765 2323
19766 2323
19767 2323
19768 2323
19769 2323
19770 2323
19771 2323
19772 2323
19773 2323
19774 2323
19775 2323
19776 2323
19777 2323
19778 2323
19779 2323
19780 2323
19781 2323
19782 2323
19783 2323
19784 2323
19785 2323
19786 2323
19787 2323
19788 2323
19789 2323
19790 2323
19791 2323
19792 2323
19793 2323
19794 2323
19795 2323
19796 2323
19797 2323
19798 2323
19799 2323
19800 2323
19801 2323
19802 2323
19803 2323
19804 2323
19805 2323
19806 2323
19807 2323
19808 2323
19809 2323
19810 2323
19811 2323
19812 2323
19813 2323
19814 2323
19815 2323
19816 2323
19817 2323
19818 2323
19819 2323
19820 2323
19821 2323
19822 2323
19823 2323
19824 2323
19825 2323
19826 2323
19827 2323
19828 2323
19829 2323
19830 2323
19831 2323
19832 2323
19833 2323
19834 2323
19835 2323
19836 2323
19837 2323
19838 2323
19839 2323
19840 2323
19841 2323
19842 2323
19843 2323
19844 2323
19845 2323
19846 2323
19847 2323
19848 2323
19849 2323
19850 2323
19851 2323
19852 2323
19853 2323
19854 2323
19855 2323
19856 2323
19857 2323
19858 2323
19859 2321
19860 2321
19861 2321
19862 2321
19863 2321
19864 2321
19865 2321
19866 2321
19867 2321
19868 2321
19869 2321
19870 2321
19871 2321
19872 2321
19873 2321
19874 2321
19875 2321
19876 2321
19877 2321
19878 2321
19879 2321
19880 2321
19881 2321
19882 2321
19883 2321
19884 2321
19885 2321
19886 2321
19887 2321
19888 2321
19889 2321
19890 2321
19891 2321
19892 2321
19893 2321
19894 2321
19895 2321
19896 2321
19897 2321
19898 2321
19899 2321
19900 2321
19901 2321
19902 2321
19903 2321
19904 2321
19905 2321
19906 2321
19907 2321
19908 2321
19909 2321
19910 2321
19911 2321
19912 2321
19913 2321
19914 2321
19915 2321
19916 2321
19917 2321
19918 2321
19919 2321
19920 2321
19921 2321
19922 2321
19923 2321
19924 2321
19925 2321
19926 2321
19927 2321
19928 2321
19929 2321
19930 2321
19931 2321
19932 2321
19933 2321
19934 2321
19935 2321
19936 2321
19937 2321
19938 2321
19939 2321
19940 2321
19941 2321
19942 2321
19943 2321
19944 2321
19945 2321
19946 2321
19947 2321
19948 2321
19949 2321
19950 2321
19951 2321
19952 2321
19953 2321
19954 2321
19955 2321
19956 2321
19957 2321
19958 2321
19959 2321
19960 2321
19961 2321
19962 2321
19963 2321
19964 2321
19965 2321
19966 2321
19967 2321
19968 2321
19969 2321
19970 2321
19971 2321
19972 2321
19973 2321
19974 2321
19975 2321
19976 2321
19977 2321
19978 2321
19979 2321
19980 2321
19981 2321
19982 2321
19983 2321
19984 2321
19985 2321
19986 2321
19987 2321
19988 2321
19989 2321
19990 2321
19991 2321
19992 2321
19993 2321
19994 2321
19995 2321
19996 2321
19997 2321
19998 2321
19999 2321
20000 2321
20001 2321
20002 2321
20003 2321
20004 2321
20005 2321
20006 2321
20007 2321
20008 2321
20009 2321
20010 2321
20011 2321
20012 2321
20013 2321
20014 2321
20015 2321
20016 2321
20017 2321
20018 2321
20019 2321
20020 2321
20021 2321
20022 2321
20023 2321
20024 2321
20025 2321
20026 2321
20027 2321
20028 2321
20029 2321
20030 2321
20031 2321
20032 2321
20033 2321
20034 2321
20035 2321
20036 2321
20037 2321
20038 2321
20039 2321
20040 2321
20041 2321
20042 2321
20043 2321
20044 2321
20045 2321
20046 2321
20047 2321
20048 2321
20049 2321
20050 2321
20051 2321
20052 2321
20053 2321
20054 2321
20055 2321
20056 2321
20057 2321
20058 2321
20059 2321
20060 2321
20061 2321
20062 2321
20063 2321
20064 2321
20065 2321
20066 2321
20067 2321
20068 2321
20069 2321
20070 2321
20071 2321
20072 2321
20073 2321
20074 2321
20075 2321
20076 2321
20077 2321
20078 2321
20079 2321
20080 2321
20081 2321
20082 2321
20083 2321
20084 2321
20085 2321
20086 2321
20087 2321
20088 2321
20089 2321
20090 2321
20091 2321
20092 2321
20093 2321
20094 2321
20095 2321
20096 2321
20097 2321
20098 2321
20099 2321
20100 2321
20101 2321
20102 2321
20103 2321
20104 2321
20105 2321
20106 2321
20107 2321
20108 2321
20109 2321
20110 2321
20111 2321
20112 2321
20113 2321
20114 2321
20115 2321
20116 2321
20117 2321
20118 2321
20119 2321
20120 2321
20121 2321
20122 2321
20123 2321
20124 2321
20125 2321
20126 2321
20127 2321
20128 2321
20129 2321
20130 2321
20131 2321
20132 2321
20133 2321
20134 2321
20135 2321
20136 2321
20137 2321
20138 2321
20139 2321
20140 2321
20141 2321
20142 2321
20143 2321
20144 2321
20145 2321
20146 2321
20147 2321
20148 2321
20149 2321
20150 2321
20151 2321
20152 2321
20153 2321
20154 2321
20155 2321
20156 2321
20157 2321
20158 2321
20159 2321
20160 2321
20161 2321
20162 2321
20163 2321
20164 2321
20165 2321
20166 2321
20167 2321
20168 2321
20169 2321
20170 2321
20171 2321
20172 2321
20173 2321
20174 2321
20175 2321
20176 2321
20177 2321
20178 2321
20179 2321
20180 2321
20181 2321
20182 2321
20183 2321
20184 2321
20185 2321
20186 2321
20187 2321
20188 2321
20189 2321
20190 2321
20191 2321
20192 2321
20193 2321
20194 2321
20195 2321
20196 2321
20197 2321
20198 2321
20199 2321
20200 2321
20201 2321
20202 2321
20203 2321
20204 2321
20205 2321
20206 2321
20207 2321
20208 2321
20209 2321
20210 2321
20211 2321
20212 2321
20213 2321
20214 2321
20215 2321
20216 2321
20217 2321
20218 2321
20219 2321
20220 2321
20221 2321
20222 2321
20223 2321
20224 2321
20225 2321
20226 2321
20227 2321
20228 2321
20229 2321
20230 2321
20231 2321
20232 2321
20233 2321
20234 2321
20235 2321
20236 2321
20237 2321
20238 2321
20239 2321
20240 2321
20241 2321
20242 2321
20243 2321
20244 2321
20245 2321
20246 2321
20247 2321
20248 2321
20249 2321
20250 2321
20251 2321
20252 2321
20253 2321
20254 2321
20255 2321
20256 2321
20257 2321
20258 2321
20259 2321
20260 2321
20261 2321
20262 2321
20263 2321
20264 2321
20265 2321
20266 2321
20267 2321
20268 2321
20269 2321
20270 2313
20271 2313
20272 2313
20273 2313
20274 2313
20275 2313
20276 2313
20277 2313
20278 2313
20279 2313
20280 2313
20281 2313
20282 2313
20283 2313
20284 2313
20285 2313
20286 2313
20287 2313
20288 2313
20289 2313
20290 2313
20291 2313
20292 2313
20293 2313
20294 2313
20295 2313
20296 2313
20297 2313
20298 2313
20299 2313
20300 2313
20301 2313
20302 2313
20303 2313
20304 2313
20305 2313
20306 2313
20307 2313
20308 2313
20309 2313
20310 2313
20311 2313
20312 2313
20313 2313
20314 2313
20315 2313
20316 2313
20317 2313
20318 2313
20319 2313
20320 2313
20321 2313
20322 2313
20323 2313
20324 2313
20325 2313
20326 2313
20327 2313
20328 2313
20329 2313
20330 2313
20331 2313
20332 2313
20333 2313
20334 2313
20335 2313
20336 2313
20337 2313
20338 2313
20339 2313
20340 2313
20341 2313
20342 2313
20343 2313
20344 2313
20345 2313
20346 2313
20347 2313
20348 2313
20349 2313
20350 2313
20351 2313
20352 2313
20353 2313
20354 2313
20355 2313
20356 2313
20357 2313
20358 2313
20359 2313
20360 2313
20361 2313
20362 2313
20363 2313
20364 2313
20365 2313
20366 2313
20367 2313
20368 2313
20369 2313
20370 2313
20371 2313
20372 2313
20373 2313
20374 2313
20375 2313
20376 2313
20377 2313
20378 2313
20379 2313
20380 2313
20381 2313
20382 2313
20383 2313
20384 2313
20385 2313
20386 2313
20387 2313
20388 2313
20389 2313
20390 2313
20391 2313
20392 2313
20393 2313
20394 2313
20395 2313
20396 2313
20397 2313
20398 2313
20399 2313
20400 2313
20401 2313
20402 2313
20403 2313
20404 2313
20405 2313
20406 2313
20407 2313
20408 2313
20409 2313
20410 2313
20411 2313
20412 2313
20413 2313
20414 2313
20415 2313
20416 2313
20417 2313
20418 2313
20419 2313
20420 2313
20421 2313
20422 2313
20423 2313
20424 2313
20425 2313
20426 2313
20427 2313
20428 2313
20429 2313
20430 2313
20431 2313
20432 2313
20433 2313
20434 2313
20435 2313
20436 2313
20437 2313
20438 2313
20439 2313
20440 2313
20441 2313
20442 2313
20443 2313
20444 2313
20445 2313
20446 2313
20447 2313
20448 2313
20449 2313
20450 2313
20451 2313
20452 2313
20453 2313
20454 2313
20455 2313
20456 2313
20457 2313
20458 2313
20459 2313
20460 2313
20461 2313
20462 2313
20463 2313
20464 2313
20465 2313
20466 2313
20467 2313
20468 2313
20469 2313
20470 2313
20471 2313
20472 2313
20473 2313
20474 2313
20475 2313
20476 2313
20477 2313
20478 2313
20479 2313
20480 2313
20481 2313
20482 2313
20483 2313
20484 2313
20485 2313
20486 2313
20487 2313
20488 2313
20489 2313
20490 2313
20491 2313
20492 2313
20493 2313
20494 2313
20495 2313
20496 2313
20497 2313
20498 2313
20499 2313
20500 2313
20501 2313
20502 2313
20503 2313
20504 2313
20505 2313
20506 2313
20507 2313
20508 2313
20509 2313
20510 2313
20511 2313
20512 2313
20513 2313
20514 2313
20515 2313
20516 2313
20517 2313
20518 2313
20519 2313
20520 2313
20521 2313
20522 2313
20523 2313
20524 2313
20525 2313
20526 2313
20527 2313
20528 2313
20529 2313
20530 2313
20531 2313
20532 2313
20533 2313
20534 2313
20535 2313
20536 2313
20537 2313
20538 2313
20539 2313
20540 2313
20541 2313
20542 2313
20543 2313
20544 2313
20545 2313
20546 2313
20547 2313
20548 2313
20549 2313
20550 2313
20551 2313
20552 2313
20553 2313
20554 2313
20555 2313
20556 2313
20557 2313
20558 2313
20559 2313
20560 2313
20561 2313
20562 2313
20563 2313
20564 2313
20565 2313
20566 2313
20567 2313
20568 2313
20569 2313
20570 2313
20571 2313
20572 2313
20573 2313
20574 2313
20575 2313
20576 2313
20577 2313
20578 2313
20579 2313
20580 2313
20581 2313
20582 2313
20583 2313
20584 2313
20585 2313
20586 2313
20587 2313
20588 2313
20589 2313
20590 2313
20591 2313
20592 2313
20593 2313
20594 2313
20595 2313
20596 2313
20597 2313
20598 2313
20599 2313
20600 2313
20601 2313
20602 2313
20603 2313
20604 2313
20605 2313
20606 2313
20607 2313
20608 2313
20609 2313
20610 2313
20611 2313
20612 2313
20613 2313
20614 2313
20615 2313
20616 2313
20617 2313
20618 2313
20619 2313
20620 2313
20621 2313
20622 2313
20623 2313
20624 2313
20625 2313
20626 2313
20627 2313
20628 2313
20629 2313
20630 2313
20631 2313
20632 2313
20633 2313
20634 2313
20635 2313
20636 2313
20637 2313
20638 2313
20639 2313
20640 2313
20641 2313
20642 2313
20643 2313
20644 2313
20645 2313
20646 2313
20647 2313
20648 2313
20649 2313
20650 2313
20651 2313
20652 2313
20653 2313
20654 2313
20655 2313
20656 2313
20657 2313
20658 2313
20659 2313
20660 2313
20661 2313
20662 2313
20663 2313
20664 2313
20665 2313
20666 2313
20667 2313
20668 2313
20669 2313
20670 2313
20671 2313
20672 2313
20673 2313
20674 2313
20675 2313
20676 2313
20677 2313
20678 2313
20679 2313
20680 2313
20681 2313
20682 2313
20683 2313
20684 2313
20685 2313
20686 2313
20687 2313
20688 2313
20689 2313
20690 2313
20691 2313
20692 2313
20693 2313
20694 2313
20695 2313
20696 2313
20697 2313
20698 2313
20699 2313
20700 2313
20701 2313
20702 2313
20703 2313
20704 2313
20705 2313
20706 2313
20707 2313
20708 2313
20709 2313
20710 2313
20711 2313
20712 2313
20713 2313
20714 2313
20715 2313
20716 2313
20717 2313
20718 2313
20719 2313
20720 2313
20721 2313
20722 2313
20723 2313
20724 2313
20725 2313
20726 2313
20727 2313
20728 2313
20729 2313
20730 2313
20731 2313
20732 2313
20733 2313
20734 2313
20735 2313
20736 2313
20737 2313
20738 2313
20739 2313
20740 2313
20741 2313
20742 2313
20743 2313
20744 2313
20745 2313
20746 2313
20747 2313
20748 2313
20749 2313
20750 2313
20751 2313
20752 2313
20753 2313
20754 2313
20755 2313
20756 2313
20757 2313
20758 2313
20759 2313
20760 2313
20761 2313
20762 2313
20763 2313
20764 2313
20765 2313
20766 2313
20767 2313
20768 2313
20769 2313
20770 2313
20771 2313
20772 2313
20773 2313
20774 2313
20775 2313
20776 2313
20777 2313
20778 2313
20779 2313
20780 2313
20781 2313
20782 2313
20783 2313
20784 2313
20785 2313
20786 2313
20787 2313
20788 2313
20789 2313
20790 2313
20791 2313
20792 2313
20793 2313
20794 2313
20795 2313
20796 2313
20797 2313
20798 2313
20799 2313
20800 2313
20801 2313
20802 2313
20803 2313
20804 2313
20805 2313
20806 2313
20807 2313
20808 2313
20809 2313
20810 2313
20811 2313
20812 2313
20813 2313
20814 2313
20815 2313
20816 2313
20817 2313
20818 2313
20819 2313
20820 2313
20821 2313
20822 2313
20823 2313
20824 2313
20825 2313
20826 2313
20827 2313
20828 2313
20829 2313
20830 2313
20831 2308
20832 2308
20833 2308
20834 2308
20835 2308
20836 2308
20837 2308
20838 2308
20839 2308
20840 2308
20841 2308
20842 2308
20843 2308
20844 2308
20845 2308
20846 2308
20847 2308
20848 2308
20849 2308
20850 2308
20851 2308
20852 2308
20853 2308
20854 2308
20855 2308
20856 2308
20857 2308
20858 2308
20859 2308
20860 2308
20861 2308
20862 2308
20863 2308
20864 2308
20865 2308
20866 2308
20867 2308
20868 2308
20869 2308
20870 2308
20871 2308
20872 2308
20873 2308
20874 2308
20875 2308
20876 2308
20877 2308
20878 2308
20879 2308
20880 2308
20881 2308
20882 2308
20883 2308
20884 2308
20885 2308
20886 2308
20887 2308
20888 2308
20889 2308
20890 2308
20891 2308
20892 2308
20893 2308
20894 2308
20895 2308
20896 2308
20897 2308
20898 2308
20899 2308
20900 2308
20901 2308
20902 2308
20903 2308
20904 2308
20905 2308
20906 2308
20907 2308
20908 2308
20909 2308
20910 2308
20911 2308
20912 2308
20913 2308
20914 2308
20915 2308
20916 2308
20917 2308
20918 2308
20919 2308
20920 2308
20921 2308
20922 2308
20923 2308
20924 2308
20925 2308
20926 2308
20927 2308
20928 2308
20929 2308
20930 2308
20931 2308
20932 2308
20933 2308
20934 2308
20935 2308
20936 2308
20937 2308
20938 2308
20939 2308
20940 2308
20941 2308
20942 2308
20943 2308
20944 2308
20945 2308
20946 2308
20947 2308
20948 2308
20949 2308
20950 2308
20951 2308
20952 2308
20953 2308
20954 2308
20955 2308
20956 2308
20957 2308
20958 2308
20959 2308
20960 2308
20961 2308
20962 2308
20963 2308
20964 2308
20965 2308
20966 2308
20967 2308
20968 2308
20969 2308
20970 2308
20971 2308
20972 2308
20973 2308
20974 2308
20975 2308
20976 2308
20977 2308
20978 2308
20979 2308
20980 2304
20981 2304
20982 2304
20983 2304
20984 2304
20985 2304
20986 2304
20987 2304
20988 2304
20989 2304
20990 2304
20991 2304
20992 2304
20993 2304
20994 2304
20995 2304
20996 2304
20997 2304
20998 2304
20999 2304
21000 2304
21001 2304
21002 2304
21003 2304
21004 2304
21005 2304
21006 2304
21007 2304
21008 2304
21009 2304
21010 2304
21011 2304
21012 2304
21013 2304
21014 2304
21015 2304
21016 2304
21017 2304
21018 2304
21019 2304
21020 2304
21021 2304
21022 2304
21023 2304
21024 2304
21025 2304
21026 2304
21027 2304
21028 2304
21029 2304
21030 2304
21031 2304
21032 2304
21033 2304
21034 2304
21035 2304
21036 2304
21037 2304
21038 2304
21039 2304
21040 2304
21041 2304
21042 2304
21043 2304
21044 2304
21045 2304
21046 2304
21047 2304
21048 2304
21049 2304
21050 2304
21051 2304
21052 2304
21053 2304
21054 2304
21055 2304
21056 2304
21057 2304
21058 2304
21059 2304
21060 2304
21061 2304
21062 2304
21063 2304
21064 2304
21065 2304
21066 2304
21067 2304
21068 2304
21069 2304
21070 2304
21071 2304
21072 2304
21073 2304
21074 2304
21075 2304
21076 2304
21077 2304
21078 2304
21079 2304
21080 2304
21081 2304
21082 2304
21083 2304
21084 2304
21085 2304
21086 2304
21087 2304
21088 2304
21089 2304
21090 2304
21091 2304
21092 2304
21093 2304
21094 2304
21095 2304
21096 2304
21097 2304
21098 2304
21099 2304
21100 2304
21101 2304
21102 2304
21103 2304
21104 2304
21105 2304
21106 2304
21107 2304
21108 2304
21109 2304
21110 2304
21111 2304
21112 2304
21113 2304
21114 2304
21115 2304
21116 2304
21117 2304
21118 2304
21119 2304
21120 2304
21121 2304
21122 2304
21123 2304
21124 2304
21125 2304
21126 2304
21127 2304
21128 2304
21129 2304
21130 2304
21131 2304
21132 2304
21133 2304
21134 2304
21135 2304
21136 2304
21137 2304
21138 2304
21139 2304
21140 2304
21141 2304
21142 2304
21143 2304
21144 2304
21145 2304
21146 2304
21147 2304
21148 2304
21149 2304
21150 2304
21151 2304
21152 2304
21153 2304
21154 2304
21155 2304
21156 2304
21157 2304
21158 2304
21159 2304
21160 2304
21161 2304
21162 2304
21163 2304
21164 2304
21165 2304
21166 2304
21167 2304
21168 2304
21169 2304
21170 2304
21171 2304
21172 2304
21173 2304
21174 2304
21175 2304
21176 2304
21177 2304
21178 2304
21179 2304
21180 2304
21181 2304
21182 2304
21183 2304
21184 2304
21185 2304
21186 2304
21187 2304
21188 2304
21189 2304
21190 2304
21191 2304
21192 2304
21193 2304
21194 2304
21195 2304
21196 2304
21197 2304
21198 2304
21199 2304
21200 2304
21201 2304
21202 2304
21203 2304
21204 2304
21205 2304
21206 2304
21207 2304
21208 2304
21209 2304
21210 2304
21211 2304
21212 2304
21213 2304
21214 2304
21215 2304
21216 2304
21217 2304
21218 2304
21219 2304
21220 2304
21221 2304
21222 2304
21223 2304
21224 2304
21225 2304
21226 2304
21227 2304
21228 2304
21229 2304
21230 2304
21231 2304
21232 2304
21233 2304
21234 2304
21235 2304
21236 2304
21237 2304
21238 2304
21239 2304
21240 2304
21241 2304
21242 2304
21243 2304
21244 2304
21245 2304
21246 2304
21247 2304
21248 2304
21249 2304
21250 2304
21251 2304
21252 2304
21253 2304
21254 2304
21255 2304
21256 2304
21257 2304
21258 2304
21259 2304
21260 2304
21261 2304
21262 2304
21263 2304
21264 2304
21265 2304
21266 2304
21267 2304
21268 2304
21269 2304
21270 2304
21271 2304
21272 2304
21273 2304
21274 2304
21275 2304
21276 2304
21277 2304
21278 2304
21279 2304
21280 2304
21281 2304
21282 2304
21283 2304
21284 2304
21285 2304
21286 2304
21287 2304
21288 2304
21289 2304
21290 2304
21291 2304
21292 2304
21293 2304
21294 2304
21295 2304
21296 2304
21297 2304
21298 2304
21299 2304
21300 2304
21301 2304
21302 2304
21303 2304
21304 2304
21305 2304
21306 2304
21307 2304
21308 2304
21309 2304
21310 2304
21311 2304
21312 2304
21313 2304
21314 2304
21315 2304
21316 2304
21317 2304
21318 2304
21319 2304
21320 2304
21321 2304
21322 2304
21323 2304
21324 2304
21325 2304
21326 2304
21327 2304
21328 2304
21329 2304
21330 2304
21331 2304
21332 2304
21333 2304
21334 2304
21335 2304
21336 2304
21337 2304
21338 2304
21339 2304
21340 2304
21341 2304
21342 2304
21343 2304
21344 2304
21345 2304
21346 2304
21347 2304
21348 2304
21349 2304
21350 2304
21351 2304
21352 2304
21353 2304
21354 2304
21355 2304
21356 2304
21357 2304
21358 2304
21359 2304
21360 2304
21361 2304
21362 2304
21363 2304
21364 2304
21365 2304
21366 2304
21367 2304
21368 2304
21369 2304
21370 2304
21371 2304
21372 2304
21373 2304
21374 2304
21375 2304
21376 2304
21377 2304
21378 2304
21379 2304
21380 2304
21381 2304
21382 2304
21383 2304
21384 2304
21385 2304
21386 2304
21387 2304
21388 2304
21389 2304
21390 2304
21391 2304
21392 2304
21393 2304
21394 2304
21395 2304
21396 2304
21397 2304
21398 2304
21399 2304
21400 2304
21401 2304
21402 2304
21403 2304
21404 2304
21405 2304
21406 2304
21407 2304
21408 2304
21409 2304
21410 2304
21411 2304
21412 2304
21413 2304
21414 2304
21415 2304
21416 2304
21417 2304
21418 2304
21419 2304
21420 2304
21421 2304
21422 2304
21423 2304
21424 2304
21425 2304
21426 2304
21427 2304
21428 2304
21429 2304
21430 2304
21431 2304
21432 2304
21433 2304
21434 2304
21435 2304
21436 2304
21437 2304
21438 2304
21439 2304
21440 2304
21441 2304
21442 2304
21443 2304
21444 2304
21445 2304
21446 2304
21447 2304
21448 2304
21449 2304
21450 2304
21451 2304
21452 2304
21453 2304
21454 2304
21455 2304
21456 2304
21457 2304
21458 2304
21459 2304
21460 2304
21461 2304
21462 2304
21463 2304
21464 2304
21465 2304
21466 2304
21467 2304
21468 2304
21469 2304
21470 2304
21471 2304
21472 2304
21473 2304
21474 2304
21475 2304
21476 2304
21477 2304
21478 2304
21479 2304
21480 2304
21481 2304
21482 2304
21483 2304
21484 2304
21485 2304
21486 2304
21487 2304
21488 2304
21489 2304
21490 2304
21491 2304
21492 2304
21493 2304
21494 2304
21495 2304
21496 2304
21497 2304
21498 2304
21499 2304
21500 2304
21501 2304
21502 2304
21503 2304
21504 2304
21505 2304
21506 2304
21507 2304
21508 2304
21509 2304
21510 2304
21511 2304
21512 2304
21513 2304
21514 2304
21515 2304
21516 2304
21517 2304
21518 2304
21519 2304
21520 2304
21521 2304
21522 2304
21523 2304
21524 2304
21525 2304
21526 2304
21527 2304
21528 2304
21529 2304
21530 2304
21531 2304
21532 2304
21533 2304
21534 2304
21535 2304
21536 2304
21537 2304
21538 2304
21539 2304
21540 2304
21541 2304
21542 2304
21543 2304
21544 2304
21545 2304
21546 2304
21547 2304
21548 2304
21549 2304
21550 2304
21551 2304
21552 2304
21553 2304
21554 2304
21555 2304
21556 2304
21557 2300
21558 2300
21559 2300
21560 2300
21561 2300
21562 2300
21563 2300
21564 2300
21565 2300
21566 2300
21567 2300
21568 2300
21569 2300
21570 2300
21571 2300
21572 2300
21573 2300
21574 2300
21575 2300
21576 2300
21577 2300
21578 2300
21579 2300
21580 2300
21581 2300
21582 2300
21583 2300
21584 2300
21585 2300
21586 2300
21587 2300
21588 2300
21589 2300
21590 2300
21591 2300
21592 2300
21593 2300
21594 2300
21595 2300
21596 2300
21597 2300
21598 2300
21599 2300
21600 2300
21601 2300
21602 2300
21603 2300
21604 2300
21605 2300
21606 2300
21607 2300
21608 2300
21609 2291
21610 2291
21611 2291
21612 2291
21613 2291
21614 2291
21615 2291
21616 2291
21617 2291
21618 2291
21619 2291
21620 2291
21621 2291
21622 2291
21623 2291
21624 2291
21625 2291
21626 2291
21627 2291
21628 2291
21629 2291
21630 2291
21631 2291
21632 2291
21633 2291
21634 2291
21635 2291
21636 2291
21637 2291
21638 2291
21639 2291
21640 2291
21641 2291
21642 2291
21643 2291
21644 2291
21645 2291
21646 2291
21647 2291
21648 2291
21649 2291
21650 2291
21651 2291
21652 2291
21653 2291
21654 2291
21655 2291
21656 2291
21657 2291
21658 2291
21659 2291
21660 2291
21661 2291
21662 2291
21663 2291
21664 2291
21665 2291
21666 2291
21667 2291
21668 2291
21669 2291
21670 2291
21671 2291
21672 2291
21673 2291
21674 2291
21675 2291
21676 2291
21677 2291
21678 2291
21679 2291
21680 2291
21681 2291
21682 2291
21683 2291
21684 2291
21685 2291
21686 2291
21687 2291
21688 2291
21689 2291
21690 2291
21691 2291
21692 2291
21693 2291
21694 2291
21695 2291
21696 2291
21697 2291
21698 2291
21699 2291
21700 2291
21701 2291
21702 2291
21703 2291
21704 2291
21705 2291
21706 2291
21707 2291
21708 2291
21709 2291
21710 2291
21711 2291
21712 2291
21713 2291
21714 2291
21715 2291
21716 2291
21717 2291
21718 2291
21719 2291
21720 2291
21721 2291
21722 2291
21723 2291
21724 2291
21725 2291
21726 2291
21727 2291
21728 2291
21729 2291
21730 2291
21731 2291
21732 2291
21733 2291
21734 2291
21735 2291
21736 2291
21737 2291
21738 2291
21739 2291
21740 2291
21741 2291
21742 2291
21743 2291
21744 2291
21745 2291
21746 2291
21747 2291
21748 2291
21749 2291
21750 2291
21751 2291
21752 2291
21753 2291
21754 2291
21755 2291
21756 2291
21757 2291
21758 2291
21759 2291
21760 2291
21761 2291
21762 2291
21763 2291
21764 2291
21765 2291
21766 2291
21767 2291
21768 2291
21769 2291
21770 2291
21771 2291
21772 2291
21773 2291
21774 2291
21775 2291
21776 2291
21777 2291
21778 2291
21779 2291
21780 2291
21781 2291
21782 2291
21783 2291
21784 2291
21785 2291
21786 2291
21787 2291
21788 2291
21789 2291
21790 2291
21791 2291
21792 2291
21793 2291
21794 2291
21795 2291
21796 2291
21797 2290
21798 2290
21799 2290
21800 2290
21801 2290
21802 2290
21803 2290
21804 2290
21805 2289
21806 2289
21807 2289
21808 2289
21809 2289
21810 2289
21811 2289
21812 2289
21813 2289
21814 2289
21815 2289
21816 2289
21817 2289
21818 2289
21819 2289
21820 2289
21821 2289
21822 2289
21823 2289
21824 2289
21825 2289
21826 2289
21827 2289
21828 2289
21829 2289
21830 2289
21831 2289
21832 2289
21833 2289
21834 2289
21835 2289
21836 2289
21837 2289
21838 2289
21839 2289
21840 2289
21841 2289
21842 2289
21843 2289
21844 2289
21845 2289
21846 2289
21847 2289
21848 2289
21849 2289
21850 2289
21851 2289
21852 2289
21853 2289
21854 2289
21855 2289
21856 2289
21857 2289
21858 2289
21859 2289
21860 2289
21861 2289
21862 2289
21863 2289
21864 2289
21865 2289
21866 2289
21867 2289
21868 2289
21869 2289
21870 2289
21871 2289
21872 2289
21873 2289
21874 2289
21875 2289
21876 2289
21877 2289
21878 2289
21879 2289
21880 2289
21881 2289
21882 2289
21883 2289
21884 2289
21885 2289
21886 2289
21887 2289
21888 2289
21889 2289
21890 2289
21891 2289
21892 2289
21893 2289
21894 2289
21895 2289
21896 2289
21897 2289
21898 2289
21899 2289
21900 2289
21901 2289
21902 2289
21903 2289
21904 2289
21905 2289
21906 2289
21907 2289
21908 2289
21909 2289
21910 2289
21911 2289
21912 2289
21913 2289
21914 2289
21915 2289
21916 2289
21917 2289
21918 2289
21919 2289
21920 2289
21921 2289
21922 2289
21923 2289
21924 2289
21925 2289
21926 2289
21927 2289
21928 2289
21929 2289
21930 2289
21931 2289
21932 2289
21933 2289
21934 2289
21935 2289
21936 2289
21937 2289
21938 2289
21939 2289
21940 2289
21941 2289
21942 2289
21943 2289
21944 2289
21945 2289
21946 2289
21947 2289
21948 2289
21949 2289
21950 2289
21951 2289
21952 2289
21953 2289
21954 2289
21955 2289
21956 2289
21957 2289
21958 2289
21959 2289
21960 2289
21961 2289
21962 2289
21963 2289
21964 2289
21965 2289
21966 2289
21967 2289
21968 2289
21969 2289
21970 2289
21971 2289
21972 2289
21973 2289
21974 2289
21975 2289
21976 2289
21977 2289
21978 2289
21979 2289
21980 2289
21981 2289
21982 2289
21983 2289
21984 2289
21985 2289
21986 2289
21987 2289
21988 2289
21989 2289
21990 2289
21991 2289
21992 2289
21993 2289
21994 2289
21995 2289
21996 2289
21997 2289
21998 2289
21999 2289
22000 2289
22001 2289
22002 2289
22003 2289
22004 2289
22005 2289
22006 2289
22007 2289
22008 2289
22009 2289
22010 2289
22011 2289
22012 2289
22013 2289
22014 2289
22015 2289
22016 2289
22017 2289
22018 2289
22019 2289
22020 2289
22021 2289
22022 2289
22023 2289
22024 2289
22025 2289
22026 2289
22027 2289
22028 2289
22029 2289
22030 2289
22031 2289
22032 2289
22033 2289
22034 2289
22035 2289
22036 2289
22037 2289
22038 2289
22039 2289
22040 2289
22041 2289
22042 2289
22043 2289
22044 2289
22045 2289
22046 2289
22047 2289
22048 2289
22049 2289
22050 2289
22051 2289
22052 2289
22053 2289
22054 2289
22055 2289
22056 2289
22057 2289
22058 2289
22059 2289
22060 2289
22061 2289
22062 2289
22063 2289
22064 2289
22065 2289
22066 2289
22067 2289
22068 2289
22069 2289
22070 2289
22071 2289
22072 2289
22073 2289
22074 2289
22075 2289
22076 2289
22077 2289
22078 2289
22079 2289
22080 2289
22081 2289
22082 2289
22083 2289
22084 2289
22085 2289
22086 2289
22087 2289
22088 2289
22089 2289
22090 2289
22091 2289
22092 2289
22093 2289
22094 2289
22095 2289
22096 2289
22097 2289
22098 2289
22099 2289
22100 2289
22101 2289
22102 2289
22103 2289
22104 2289
22105 2289
22106 2289
22107 2289
22108 2289
22109 2289
22110 2289
22111 2289
22112 2289
22113 2289
22114 2289
22115 2289
22116 2289
22117 2289
22118 2289
22119 2289
22120 2289
22121 2289
22122 2289
22123 2289
22124 2289
22125 2289
22126 2289
22127 2289
22128 2289
22129 2289
22130 2289
22131 2289
22132 2289
22133 2289
22134 2289
22135 2289
22136 2289
22137 2289
22138 2289
22139 2289
22140 2289
22141 2289
22142 2289
22143 2289
22144 2289
22145 2289
22146 2289
22147 2289
22148 2289
22149 2289
22150 2289
22151 2289
22152 2289
22153 2289
22154 2289
22155 2289
22156 2289
22157 2289
22158 2289
22159 2289
22160 2289
22161 2289
22162 2289
22163 2288
22164 2288
22165 2288
22166 2288
22167 2288
22168 2288
22169 2288
22170 2288
22171 2288
22172 2288
22173 2288
22174 2288
22175 2288
22176 2288
22177 2288
22178 2288
22179 2288
22180 2288
22181 2288
22182 2288
22183 2288
22184 2288
22185 2288
22186 2288
22187 2288
22188 2288
22189 2288
22190 2288
22191 2288
22192 2288
22193 2288
22194 2288
22195 2288
22196 2288
22197 2288
22198 2288
22199 2288
22200 2288
22201 2288
22202 2288
22203 2288
22204 2288
22205 2288
22206 2288
22207 2288
22208 2288
22209 2288
22210 2288
22211 2288
22212 2288
22213 2288
22214 2288
22215 2288
22216 2288
22217 2288
22218 2288
22219 2288
22220 2288
22221 2288
22222 2288
22223 2288
22224 2288
22225 2288
22226 2288
22227 2288
22228 2288
22229 2288
22230 2288
22231 2288
22232 2288
22233 2288
22234 2288
22235 2288
22236 2288
22237 2288
22238 2288
22239 2288
22240 2288
22241 2288
22242 2288
22243 2288
22244 2288
22245 2288
22246 2288
22247 2288
22248 2288
22249 2288
22250 2288
22251 2288
22252 2288
22253 2288
22254 2288
22255 2288
22256 2288
22257 2288
22258 2288
22259 2288
22260 2288
22261 2288
22262 2288
22263 2288
22264 2288
22265 2288
22266 2288
22267 2288
22268 2288
22269 2288
22270 2288
22271 2288
22272 2288
22273 2288
22274 2288
22275 2288
22276 2288
22277 2288
22278 2288
22279 2288
22280 2288
22281 2288
22282 2288
22283 2288
22284 2288
22285 2288
22286 2288
22287 2288
22288 2288
22289 2288
22290 2288
22291 2288
22292 2288
22293 2288
22294 2288
22295 2288
22296 2288
22297 2288
22298 2288
22299 2288
22300 2288
22301 2288
22302 2288
22303 2288
22304 2288
22305 2288
22306 2288
22307 2288
22308 2288
22309 2288
22310 2288
22311 2288
22312 2288
22313 2288
22314 2288
22315 2288
22316 2288
22317 2288
22318 2288
22319 2288
22320 2288
22321 2288
22322 2288
22323 2288
22324 2288
22325 2288
22326 2288
22327 2288
22328 2288
22329 2288
22330 2288
22331 2288
22332 2288
22333 2288
22334 2288
22335 2288
22336 2288
22337 2288
22338 2288
22339 2288
22340 2288
22341 2288
22342 2288
22343 2288
22344 2288
22345 2288
22346 2288
22347 2288
22348 2288
22349 2288
22350 2288
22351 2288
22352 2288
22353 2288
22354 2288
22355 2288
22356 2288
22357 2288
22358 2288
22359 2288
22360 2288
22361 2288
22362 2288
22363 2288
22364 2288
22365 2288
22366 2288
22367 2288
22368 2288
22369 2288
22370 2288
22371 2288
22372 2288
22373 2288
22374 2288
22375 2288
22376 2288
22377 2288
22378 2288
22379 2288
22380 2288
22381 2288
22382 2288
22383 2288
22384 2288
22385 2288
22386 2288
22387 2288
22388 2288
22389 2288
22390 2288
22391 2288
22392 2288
22393 2288
22394 2288
22395 2288
22396 2288
22397 2288
22398 2288
22399 2288
22400 2288
22401 2288
22402 2288
22403 2288
22404 2288
22405 2288
22406 2288
22407 2288
22408 2288
22409 2288
22410 2288
22411 2288
22412 2288
22413 2288
22414 2288
22415 2288
22416 2288
22417 2288
22418 2288
22419 2288
22420 2288
22421 2288
22422 2288
22423 2288
22424 2288
22425 2288
22426 2288
22427 2288
22428 2288
22429 2288
22430 2288
22431 2288
22432 2288
22433 2288
22434 2288
22435 2288
22436 2288
22437 2288
22438 2288
22439 2288
22440 2288
22441 2288
22442 2288
22443 2288
22444 2288
22445 2288
22446 2288
22447 2288
22448 2288
22449 2288
22450 2288
22451 2288
22452 2288
22453 2288
22454 2288
22455 2288
22456 2288
22457 2288
22458 2288
22459 2288
22460 2288
22461 2288
22462 2288
22463 2288
22464 2288
22465 2288
22466 2288
22467 2288
22468 2288
22469 2288
22470 2288
22471 2288
22472 2288
22473 2288
22474 2288
22475 2288
22476 2288
22477 2288
22478 2288
22479 2288
22480 2288
22481 2288
22482 2288
22483 2288
22484 2288
22485 2288
22486 2288
22487 2288
22488 2288
22489 2288
22490 2288
22491 2288
22492 2288
22493 2288
22494 2288
22495 2288
22496 2288
22497 2288
22498 2288
22499 2288
22500 2288
22501 2288
22502 2288
22503 2288
22504 2288
22505 2288
22506 2288
22507 2288
22508 2288
22509 2288
22510 2288
22511 2288
22512 2288
22513 2288
22514 2288
22515 2288
22516 2288
22517 2288
22518 2288
22519 2288
22520 2288
22521 2287
22522 2287
22523 2287
22524 2287
22525 2287
22526 2287
22527 2287
22528 2287
22529 2287
22530 2287
22531 2287
22532 2287
22533 2287
22534 2287
22535 2287
22536 2287
22537 2287
22538 2287
22539 2287
22540 2287
22541 2287
22542 2287
22543 2287
22544 2287
22545 2287
22546 2287
22547 2287
22548 2287
22549 2287
22550 2287
22551 2287
22552 2287
22553 2287
22554 2287
22555 2287
22556 2287
22557 2287
22558 2287
22559 2287
22560 2287
22561 2287
22562 2287
22563 2287
22564 2287
22565 2287
22566 2287
22567 2287
22568 2287
22569 2287
22570 2287
22571 2287
22572 2287
22573 2287
22574 2287
22575 2287
22576 2287
22577 2287
22578 2287
22579 2287
22580 2287
22581 2287
22582 2287
22583 2287
22584 2287
22585 2287
22586 2287
22587 2287
22588 2287
22589 2287
22590 2287
22591 2287
22592 2287
22593 2287
22594 2287
22595 2287
22596 2287
22597 2287
22598 2287
22599 2287
22600 2287
22601 2287
22602 2287
22603 2287
22604 2287
22605 2287
22606 2287
22607 2287
22608 2287
22609 2287
22610 2287
22611 2287
22612 2287
22613 2287
22614 2287
22615 2287
22616 2287
22617 2287
22618 2287
22619 2287
22620 2287
22621 2287
22622 2287
22623 2287
22624 2287
22625 2287
22626 2287
22627 2287
22628 2287
22629 2287
22630 2287
22631 2287
22632 2287
22633 2287
22634 2287
22635 2287
22636 2287
22637 2287
22638 2283
22639 2283
22640 2283
22641 2283
22642 2283
22643 2283
22644 2283
22645 2283
22646 2283
22647 2283
22648 2283
22649 2283
22650 2283
22651 2283
22652 2283
22653 2283
22654 2283
22655 2283
22656 2283
22657 2283
22658 2283
22659 2283
22660 2283
22661 2283
22662 2283
22663 2283
22664 2283
22665 2283
22666 2283
22667 2283
22668 2283
22669 2283
22670 2283
22671 2283
22672 2283
22673 2283
22674 2283
22675 2283
22676 2283
22677 2283
22678 2283
22679 2283
22680 2283
22681 2283
22682 2283
22683 2283
22684 2283
22685 2283
22686 2283
22687 2283
22688 2283
22689 2283
22690 2283
22691 2283
22692 2283
22693 2283
22694 2283
22695 2283
22696 2283
22697 2283
22698 2283
22699 2283
22700 2283
22701 2283
22702 2283
22703 2283
22704 2283
22705 2283
22706 2283
22707 2283
22708 2283
22709 2283
22710 2283
22711 2283
22712 2283
22713 2283
22714 2283
22715 2283
22716 2283
22717 2283
22718 2283
22719 2283
22720 2283
22721 2283
22722 2283
22723 2283
22724 2283
22725 2283
22726 2283
22727 2283
22728 2283
22729 2283
22730 2283
22731 2283
22732 2283
22733 2283
22734 2283
22735 2283
22736 2283
22737 2283
22738 2283
22739 2283
22740 2283
22741 2283
22742 2283
22743 2283
22744 2283
22745 2283
22746 2283
22747 2282
22748 2282
22749 2282
22750 2282
22751 2282
22752 2282
22753 2282
22754 2282
22755 2282
22756 2282
22757 2282
22758 2282
22759 2282
22760 2282
22761 2282
22762 2282
22763 2282
22764 2282
22765 2282
22766 2282
22767 2282
22768 2282
22769 2282
22770 2282
22771 2282
22772 2282
22773 2282
22774 2282
22775 2282
22776 2282
22777 2282
22778 2282
22779 2282
22780 2282
22781 2282
22782 2282
22783 2282
22784 2282
22785 2282
22786 2282
22787 2282
22788 2282
22789 2282
22790 2282
22791 2282
22792 2282
22793 2282
22794 2282
22795 2282
22796 2282
22797 2282
22798 2282
22799 2282
22800 2282
22801 2282
22802 2282
22803 2282
22804 2282
22805 2282
22806 2282
22807 2282
22808 2282
22809 2282
22810 2282
22811 2282
22812 2282
22813 2282
22814 2282
22815 2282
22816 2282
22817 2282
22818 2282
22819 2282
22820 2282
22821 2282
22822 2282
22823 2282
22824 2282
22825 2282
22826 2282
22827 2282
22828 2282
22829 2282
22830 2282
22831 2282
22832 2282
22833 2282
22834 2282
22835 2282
22836 2282
22837 2282
22838 2282
22839 2282
22840 2282
22841 2282
22842 2282
22843 2282
22844 2282
22845 2282
22846 2282
22847 2282
22848 2282
22849 2282
22850 2282
22851 2282
22852 2282
22853 2282
22854 2282
22855 2282
22856 2282
22857 2282
22858 2282
22859 2282
22860 2282
22861 2282
22862 2282
22863 2282
22864 2282
22865 2282
22866 2282
22867 2282
22868 2282
22869 2282
22870 2282
22871 2282
22872 2282
22873 2282
22874 2282
22875 2278
22876 2278
22877 2278
22878 2278
22879 2278
22880 2278
22881 2278
22882 2278
22883 2278
22884 2278
22885 2278
22886 2278
22887 2278
22888 2278
22889 2278
22890 2278
22891 2278
22892 2278
22893 2278
22894 2278
22895 2278
22896 2278
22897 2278
22898 2278
22899 2278
22900 2278
22901 2278
22902 2278
22903 2278
22904 2278
22905 2278
22906 2278
22907 2278
22908 2278
22909 2278
22910 2278
22911 2278
22912 2278
22913 2278
22914 2278
22915 2278
22916 2277
22917 2277
22918 2277
22919 2277
22920 2277
22921 2277
22922 2277
22923 2277
22924 2277
22925 2277
22926 2277
22927 2277
22928 2277
22929 2277
22930 2277
22931 2277
22932 2277
22933 2277
22934 2277
22935 2277
22936 2277
22937 2277
22938 2277
22939 2277
22940 2277
22941 2277
22942 2277
22943 2277
22944 2277
22945 2277
22946 2277
22947 2277
22948 2277
22949 2277
22950 2277
22951 2277
22952 2277
22953 2277
22954 2277
22955 2277
22956 2277
22957 2277
22958 2277
22959 2277
22960 2277
22961 2277
22962 2277
22963 2277
22964 2277
22965 2277
22966 2277
22967 2277
22968 2277
22969 2277
22970 2277
22971 2277
22972 2277
22973 2277
22974 2277
22975 2277
22976 2277
22977 2277
22978 2277
22979 2277
22980 2277
22981 2277
22982 2277
22983 2277
22984 2277
22985 2277
22986 2277
22987 2277
22988 2277
22989 2277
22990 2277
22991 2277
22992 2277
22993 2277
22994 2277
22995 2277
22996 2277
22997 2277
22998 2277
22999 2277
23000 2277
23001 2277
23002 2277
23003 2277
23004 2277
23005 2277
23006 2277
23007 2277
23008 2277
23009 2277
23010 2277
23011 2277
23012 2277
23013 2277
23014 2277
23015 2277
23016 2277
23017 2277
23018 2277
23019 2277
23020 2277
23021 2277
23022 2277
23023 2277
23024 2277
23025 2277
23026 2277
23027 2277
23028 2277
23029 2277
23030 2277
23031 2277
23032 2277
23033 2277
23034 2277
23035 2277
23036 2277
23037 2277
23038 2277
23039 2277
23040 2277
23041 2277
23042 2277
23043 2277
23044 2277
23045 2277
23046 2277
23047 2277
23048 2277
23049 2277
23050 2277
23051 2277
23052 2277
23053 2277
23054 2277
23055 2277
23056 2277
23057 2277
23058 2277
23059 2277
23060 2277
23061 2277
23062 2277
23063 2277
23064 2277
23065 2277
23066 2277
23067 2277
23068 2277
23069 2277
23070 2277
23071 2277
23072 2277
23073 2277
23074 2277
23075 2277
23076 2277
23077 2277
23078 2277
23079 2277
23080 2277
23081 2277
23082 2277
23083 2277
23084 2277
23085 2277
23086 2277
23087 2277
23088 2277
23089 2277
23090 2277
23091 2277
23092 2277
23093 2277
23094 2277
23095 2277
23096 2277
23097 2277
23098 2277
23099 2261
23100 2261
23101 2261
23102 2261
23103 2261
23104 2261
23105 2261
23106 2261
23107 2261
23108 2261
23109 2261
23110 2261
23111 2261
23112 2261
23113 2261
23114 2261
23115 2261
23116 2261
23117 2261
23118 2261
23119 2261
23120 2261
23121 2261
23122 2261
23123 2261
23124 2261
23125 2261
23126 2261
23127 2261
23128 2261
23129 2261
23130 2261
23131 2261
23132 2261
23133 2261
23134 2261
23135 2261
23136 2261
23137 2261
23138 2261
23139 2261
23140 2261
23141 2261
23142 2261
23143 2261
23144 2261
23145 2261
23146 2261
23147 2261
23148 2261
23149 2261
23150 2261
23151 2261
23152 2261
23153 2261
23154 2261
23155 2261
23156 2261
23157 2261
23158 2261
23159 2261
23160 2261
23161 2261
23162 2261
23163 2261
23164 2261
23165 2261
23166 2261
23167 2261
23168 2261
23169 2261
23170 2261
23171 2261
23172 2261
23173 2261
23174 2261
23175 2261
23176 2261
23177 2261
23178 2261
23179 2261
23180 2261
23181 2261
23182 2261
23183 2261
23184 2261
23185 2261
23186 2261
23187 2261
23188 2261
23189 2261
23190 2261
23191 2261
23192 2261
23193 2261
23194 2261
23195 2261
23196 2261
23197 2261
23198 2261
23199 2261
23200 2261
23201 2261
23202 2261
23203 2261
23204 2261
23205 2261
23206 2261
23207 2261
23208 2261
23209 2261
23210 2261
23211 2261
23212 2261
23213 2258
23214 2258
23215 2258
23216 2258
23217 2258
23218 2258
23219 2258
23220 2258
23221 2258
23222 2258
23223 2258
23224 2258
23225 2258
23226 2258
23227 2258
23228 2258
23229 2258
23230 2258
23231 2258
23232 2258
23233 2258
23234 2258
23235 2258
23236 2258
23237 2258
23238 2258
23239 2258
23240 2258
23241 2258
23242 2258
23243 2258
23244 2258
23245 2258
23246 2258
23247 2258
23248 2258
23249 2258
23250 2258
23251 2258
23252 2258
23253 2258
23254 2258
23255 2258
23256 2258
23257 2258
23258 2258
23259 2258
23260 2258
23261 2258
23262 2258
23263 2258
23264 2258
23265 2258
23266 2258
23267 2258
23268 2258
23269 2258
23270 2258
23271 2258
23272 2258
23273 2258
23274 2258
23275 2258
23276 2258
23277 2258
23278 2258
23279 2258
23280 2258
23281 2258
23282 2258
23283 2258
23284 2258
23285 2258
23286 2258
23287 2258
23288 2258
23289 2258
23290 2258
23291 2258
23292 2258
23293 2258
23294 2258
23295 2258
23296 2258
23297 2258
23298 2258
23299 2258
23300 2258
23301 2258
23302 2258
23303 2258
23304 2258
23305 2258
23306 2258
23307 2258
23308 2258
23309 2258
23310 2258
23311 2258
23312 2258
23313 2258
23314 2258
23315 2258
23316 2258
23317 2258
23318 2258
23319 2258
23320 2258
23321 2258
23322 2258
23323 2258
23324 2258
23325 2258
23326 2258
23327 2258
23328 2258
23329 2258
23330 2258
23331 2258
23332 2258
23333 2258
23334 2258
23335 2258
23336 2258
23337 2258
23338 2258
23339 2258
23340 2258
23341 2258
23342 2258
23343 2258
23344 2258
23345 2258
23346 2258
23347 2258
23348 2258
23349 2258
23350 2258
23351 2258
23352 2258
23353 2258
23354 2258
23355 2258
23356 2258
23357 2258
23358 2258
23359 2258
23360 2258
23361 2258
23362 2258
23363 2258
23364 2258
23365 2258
23366 2258
23367 2258
23368 2258
23369 2258
23370 2258
23371 2258
23372 2258
23373 2258
23374 2258
23375 2258
23376 2258
23377 2258
23378 2258
23379 2258
23380 2258
23381 2258
23382 2258
23383 2258
23384 2258
23385 2258
23386 2258
23387 2258
23388 2258
23389 2258
23390 2258
23391 2258
23392 2258
23393 2258
23394 2258
23395 2258
23396 2258
23397 2258
23398 2258
23399 2258
23400 2258
23401 2258
23402 2258
23403 2258
23404 2258
23405 2258
23406 2258
23407 2258
23408 2258
23409 2258
23410 2258
23411 2258
23412 2258
23413 2258
23414 2258
23415 2258
23416 2258
23417 2258
23418 2258
23419 2258
23420 2258
23421 2258
23422 2258
23423 2258
23424 2258
23425 2258
23426 2258
23427 2258
23428 2258
23429 2258
23430 2258
23431 2258
23432 2258
23433 2258
23434 2258
23435 2258
23436 2258
23437 2258
23438 2258
23439 2258
23440 2258
23441 2258
23442 2258
23443 2258
23444 2258
23445 2258
23446 2258
23447 2258
23448 2258
23449 2258
23450 2258
23451 2258
23452 2258
23453 2258
23454 2258
23455 2258
23456 2258
23457 2258
23458 2258
23459 2258
23460 2258
23461 2258
23462 2258
23463 2258
23464 2258
23465 2258
23466 2258
23467 2258
23468 2258
23469 2258
23470 2258
23471 2258
23472 2258
23473 2258
23474 2258
23475 2258
23476 2258
23477 2258
23478 2258
23479 2258
23480 2258
23481 2258
23482 2258
23483 2258
23484 2258
23485 2258
23486 2258
23487 2258
23488 2258
23489 2258
23490 2258
23491 2258
23492 2258
23493 2258
23494 2258
23495 2258
23496 2258
23497 2258
23498 2258
23499 2258
23500 2258
23501 2258
23502 2258
23503 2258
23504 2258
23505 2258
23506 2258
23507 2258
23508 2258
23509 2258
23510 2258
23511 2258
23512 2258
23513 2258
23514 2258
23515 2258
23516 2258
23517 2258
23518 2258
23519 2258
23520 2258
23521 2258
23522 2258
23523 2258
23524 2258
23525 2258
23526 2258
23527 2258
23528 2258
23529 2258
23530 2258
23531 2258
23532 2258
23533 2258
23534 2258
23535 2258
23536 2258
23537 2258
23538 2258
23539 2258
23540 2258
23541 2258
23542 2258
23543 2258
23544 2258
23545 2258
23546 2258
23547 2258
23548 2258
23549 2258
23550 2258
23551 2258
23552 2258
23553 2258
23554 2258
23555 2258
23556 2258
23557 2258
23558 2258
23559 2258
23560 2258
23561 2258
23562 2258
23563 2258
23564 2258
23565 2258
23566 2258
23567 2258
23568 2258
23569 2258
23570 2258
23571 2258
23572 2258
23573 2258
23574 2258
23575 2258
23576 2258
23577 2258
23578 2258
23579 2258
23580 2258
23581 2258
23582 2258
23583 2258
23584 2258
23585 2258
23586 2258
23587 2258
23588 2258
23589 2258
23590 2258
23591 2258
23592 2258
23593 2258
23594 2258
23595 2258
23596 2258
23597 2258
23598 2258
23599 2258
23600 2258
23601 2258
23602 2258
23603 2258
23604 2258
23605 2258
23606 2258
23607 2258
23608 2258
23609 2258
23610 2258
23611 2258
23612 2258
23613 2258
23614 2258
23615 2258
23616 2258
23617 2258
23618 2258
23619 2258
23620 2258
23621 2258
23622 2258
23623 2258
23624 2258
23625 2258
23626 2258
23627 2258
23628 2258
23629 2258
23630 2258
23631 2258
23632 2258
23633 2258
23634 2258
23635 2258
23636 2258
23637 2258
23638 2258
23639 2258
23640 2258
23641 2258
23642 2258
23643 2258
23644 2258
23645 2258
23646 2258
23647 2258
23648 2258
23649 2258
23650 2258
23651 2258
23652 2258
23653 2258
23654 2258
23655 2258
23656 2258
23657 2258
23658 2258
23659 2258
23660 2258
23661 2258
23662 2258
23663 2258
23664 2258
23665 2258
23666 2258
23667 2258
23668 2258
23669 2258
23670 2258
23671 2258
23672 2258
23673 2258
23674 2258
23675 2258
23676 2258
23677 2258
23678 2258
23679 2258
23680 2258
23681 2258
23682 2258
23683 2258
23684 2258
23685 2258
23686 2258
23687 2258
23688 2258
23689 2258
23690 2258
23691 2258
23692 2258
23693 2258
23694 2258
23695 2258
23696 2258
23697 2258
23698 2258
23699 2258
23700 2258
23701 2258
23702 2258
23703 2258
23704 2258
23705 2258
23706 2258
23707 2258
23708 2258
23709 2258
23710 2258
23711 2258
23712 2258
23713 2258
23714 2258
23715 2258
23716 2258
23717 2258
23718 2258
23719 2258
23720 2258
23721 2258
23722 2258
23723 2258
23724 2258
23725 2258
23726 2258
23727 2258
23728 2258
23729 2258
23730 2258
23731 2258
23732 2258
23733 2258
23734 2258
23735 2258
23736 2258
23737 2258
23738 2258
23739 2258
23740 2258
23741 2258
23742 2258
23743 2258
23744 2258
23745 2258
23746 2258
23747 2258
23748 2258
23749 2258
23750 2258
23751 2258
23752 2258
23753 2258
23754 2258
23755 2258
23756 2258
23757 2258
23758 2258
23759 2258
23760 2258
23761 2258
23762 2258
23763 2258
23764 2258
23765 2258
23766 2258
23767 2258
23768 2258
23769 2258
23770 2258
23771 2258
23772 2258
23773 2258
23774 2258
23775 2258
23776 2258
23777 2258
23778 2258
23779 2258
23780 2258
23781 2258
23782 2258
23783 2258
23784 2258
23785 2258
23786 2258
23787 2258
23788 2258
23789 2258
23790 2258
23791 2258
23792 2258
23793 2258
23794 2258
23795 2258
23796 2258
23797 2258
23798 2258
23799 2258
23800 2258
23801 2258
23802 2258
23803 2258
23804 2258
23805 2258
23806 2258
23807 2258
23808 2258
23809 2258
23810 2258
23811 2258
23812 2258
23813 2258
23814 2258
23815 2258
23816 2258
23817 2258
23818 2258
23819 2258
23820 2258
23821 2258
23822 2258
23823 2258
23824 2258
23825 2258
23826 2258
23827 2258
23828 2258
23829 2258
23830 2258
23831 2258
23832 2258
23833 2258
23834 2258
23835 2258
23836 2258
23837 2258
23838 2258
23839 2258
23840 2258
23841 2258
23842 2258
23843 2258
23844 2258
23845 2258
23846 2258
23847 2258
23848 2258
23849 2258
23850 2258
23851 2258
23852 2258
23853 2258
23854 2258
23855 2258
23856 2258
23857 2258
23858 2258
23859 2258
23860 2258
23861 2258
23862 2258
23863 2258
23864 2258
23865 2258
23866 2258
23867 2258
23868 2258
23869 2258
23870 2258
23871 2258
23872 2258
23873 2258
23874 2258
23875 2258
23876 2258
23877 2258
23878 2258
23879 2258
23880 2258
23881 2258
23882 2258
23883 2258
23884 2258
23885 2258
23886 2258
23887 2258
23888 2258
23889 2258
23890 2258
23891 2258
23892 2258
23893 2258
23894 2258
23895 2258
23896 2258
23897 2258
23898 2258
23899 2258
23900 2258
23901 2258
23902 2258
23903 2258
23904 2258
23905 2258
23906 2258
23907 2258
23908 2258
23909 2258
23910 2258
23911 2258
23912 2258
23913 2258
23914 2258
23915 2258
23916 2258
23917 2258
23918 2257
23919 2257
23920 2257
23921 2257
23922 2257
23923 2257
23924 2257
23925 2257
23926 2257
23927 2257
23928 2257
23929 2257
23930 2257
23931 2257
23932 2257
23933 2257
23934 2257
23935 2257
23936 2257
23937 2257
23938 2257
23939 2257
23940 2257
23941 2257
23942 2257
23943 2257
23944 2257
23945 2257
23946 2257
23947 2257
23948 2257
23949 2257
23950 2257
23951 2257
23952 2257
23953 2257
23954 2257
23955 2257
23956 2257
23957 2257
23958 2257
23959 2257
23960 2257
23961 2257
23962 2257
23963 2257
23964 2257
23965 2257
23966 2257
23967 2257
23968 2257
23969 2257
23970 2257
23971 2257
23972 2257
23973 2257
23974 2257
23975 2257
23976 2257
23977 2257
23978 2257
23979 2257
23980 2257
23981 2257
23982 2257
23983 2257
23984 2257
23985 2257
23986 2257
23987 2257
23988 2257
23989 2257
23990 2257
23991 2257
23992 2257
23993 2257
23994 2257
23995 2257
23996 2257
23997 2257
23998 2257
23999 2257
24000 2257
24001 2257
24002 2257
24003 2257
24004 2257
24005 2257
24006 2257
24007 2257
24008 2257
24009 2257
24010 2257
24011 2257
24012 2257
24013 2257
24014 2257
24015 2257
24016 2257
24017 2257
24018 2257
24019 2257
24020 2257
24021 2257
24022 2257
24023 2257
24024 2257
24025 2257
24026 2257
24027 2257
24028 2257
24029 2257
24030 2257
24031 2257
24032 2257
24033 2257
24034 2257
24035 2257
24036 2257
24037 2257
24038 2257
24039 2257
24040 2257
24041 2257
24042 2257
24043 2257
24044 2257
24045 2257
24046 2257
24047 2257
24048 2257
24049 2257
24050 2257
24051 2257
24052 2257
24053 2257
24054 2257
24055 2257
24056 2257
24057 2257
24058 2257
24059 2257
24060 2257
24061 2257
24062 2257
24063 2254
24064 2254
24065 2254
24066 2254
24067 2254
24068 2254
24069 2254
24070 2254
24071 2254
24072 2254
24073 2254
24074 2254
24075 2254
24076 2254
24077 2254
24078 2254
24079 2254
24080 2254
24081 2254
24082 2254
24083 2254
24084 2254
24085 2254
24086 2254
24087 2254
24088 2254
24089 2254
24090 2254
24091 2254
24092 2254
24093 2254
24094 2254
24095 2254
24096 2254
24097 2254
24098 2254
24099 2254
24100 2254
24101 2254
24102 2254
24103 2254
24104 2254
24105 2254
24106 2254
24107 2254
24108 2254
24109 2254
24110 2254
24111 2254
24112 2254
24113 2254
24114 2254
24115 2254
24116 2254
24117 2254
24118 2254
24119 2254
24120 2254
24121 2254
24122 2254
24123 2254
24124 2254
24125 2254
24126 2254
24127 2254
24128 2254
24129 2254
24130 2254
24131 2254
24132 2254
24133 2254
24134 2254
24135 2254
24136 2254
24137 2254
24138 2254
24139 2254
24140 2254
24141 2254
24142 2254
24143 2254
24144 2254
24145 2254
24146 2254
24147 2254
24148 2254
24149 2254
24150 2254
24151 2254
24152 2254
24153 2254
24154 2254
24155 2254
24156 2254
24157 2254
24158 2254
24159 2254
24160 2254
24161 2254
24162 2254
24163 2254
24164 2254
24165 2254
24166 2254
24167 2254
24168 2254
24169 2254
24170 2254
24171 2254
24172 2254
24173 2254
24174 2254
24175 2254
24176 2254
24177 2254
24178 2254
24179 2254
24180 2254
24181 2254
24182 2254
24183 2254
24184 2254
24185 2254
24186 2254
24187 2254
24188 2254
24189 2254
24190 2254
24191 2254
24192 2254
24193 2254
24194 2254
24195 2254
24196 2254
24197 2254
24198 2254
24199 2254
24200 2254
24201 2254
24202 2254
24203 2254
24204 2254
24205 2254
24206 2254
24207 2254
24208 2254
24209 2254
24210 2254
24211 2254
24212 2254
24213 2254
24214 2254
24215 2254
24216 2254
24217 2254
24218 2254
24219 2254
24220 2254
24221 2254
24222 2254
24223 2254
24224 2254
24225 2254
24226 2254
24227 2254
24228 2254
24229 2254
24230 2254
24231 2254
24232 2254
24233 2254
24234 2254
24235 2254
24236 2254
24237 2254
24238 2254
24239 2254
24240 2254
24241 2254
24242 2254
24243 2254
24244 2254
24245 2254
24246 2254
24247 2254
24248 2254
24249 2254
24250 2254
24251 2254
24252 2254
24253 2254
24254 2254
24255 2254
24256 2254
24257 2254
24258 2254
24259 2254
24260 2254
24261 2254
24262 2254
24263 2254
24264 2254
24265 2254
24266 2254
24267 2254
24268 2254
24269 2254
24270 2254
24271 2254
24272 2254
24273 2254
24274 2254
24275 2254
24276 2254
24277 2254
24278 2254
24279 2254
24280 2254
24281 2254
24282 2254
24283 2254
24284 2254
24285 2254
24286 2254
24287 2254
24288 2254
24289 2254
24290 2254
24291 2254
24292 2254
24293 2254
24294 2254
24295 2254
24296 2254
24297 2254
24298 2254
24299 2254
24300 2254
24301 2254
24302 2254
24303 2254
24304 2254
24305 2254
24306 2254
24307 2254
24308 2254
24309 2254
24310 2254
24311 2254
24312 2254
24313 2254
24314 2254
24315 2254
24316 2254
24317 2254
24318 2254
24319 2254
24320 2254
24321 2254
24322 2254
24323 2254
24324 2254
24325 2254
24326 2254
24327 2254
24328 2254
24329 2254
24330 2254
24331 2254
24332 2254
24333 2254
24334 2254
24335 2254
24336 2254
24337 2254
24338 2254
24339 2254
24340 2254
24341 2254
24342 2254
24343 2254
24344 2254
24345 2254
24346 2254
24347 2254
24348 2254
24349 2254
24350 2254
24351 2254
24352 2254
24353 2254
24354 2254
24355 2254
24356 2254
24357 2254
24358 2254
24359 2254
24360 2254
24361 2254
24362 2254
24363 2254
24364 2254
24365 2254
24366 2254
24367 2254
24368 2254
24369 2254
24370 2254
24371 2254
24372 2254
24373 2254
24374 2254
24375 2254
24376 2254
24377 2254
24378 2254
24379 2254
24380 2254
24381 2254
24382 2254
24383 2254
24384 2254
24385 2254
24386 2254
24387 2254
24388 2254
24389 2254
24390 2254
24391 2254
24392 2254
24393 2254
24394 2254
24395 2254
24396 2254
24397 2254
24398 2254
24399 2254
24400 2254
24401 2254
24402 2254
24403 2254
24404 2254
24405 2254
24406 2254
24407 2254
24408 2254
24409 2254
24410 2254
24411 2254
24412 2254
24413 2254
24414 2254
24415 2254
24416 2254
24417 2254
24418 2254
24419 2254
24420 2254
24421 2254
24422 2254
24423 2254
24424 2254
24425 2254
24426 2254
24427 2254
24428 2254
24429 2254
24430 2254
24431 2254
24432 2254
24433 2254
24434 2254
24435 2254
24436 2254
24437 2254
24438 2254
24439 2254
24440 2254
24441 2254
24442 2254
24443 2254
24444 2254
24445 2254
24446 2254
24447 2254
24448 2254
24449 2254
24450 2254
24451 2254
24452 2254
24453 2254
24454 2254
24455 2254
24456 2254
24457 2254
24458 2254
24459 2254
24460 2254
24461 2254
24462 2254
24463 2254
24464 2254
24465 2254
24466 2254
24467 2254
24468 2254
24469 2254
24470 2254
24471 2254
24472 2254
24473 2254
24474 2254
24475 2254
24476 2254
24477 2254
24478 2254
24479 2253
24480 2253
24481 2253
24482 2253
24483 2253
24484 2253
24485 2253
24486 2253
24487 2253
24488 2253
24489 2253
24490 2253
24491 2253
24492 2253
24493 2253
24494 2253
24495 2253
24496 2253
24497 2253
24498 2253
24499 2253
24500 2253
24501 2253
24502 2253
24503 2253
24504 2253
24505 2253
24506 2253
24507 2253
24508 2253
24509 2253
24510 2253
24511 2253
24512 2253
24513 2253
24514 2253
24515 2253
24516 2253
24517 2253
24518 2253
24519 2253
24520 2253
24521 2253
24522 2253
24523 2253
24524 2253
24525 2253
24526 2253
24527 2253
24528 2253
24529 2253
24530 2253
24531 2253
24532 2253
24533 2253
24534 2253
24535 2253
24536 2253
24537 2253
24538 2253
24539 2253
24540 2253
24541 2253
24542 2253
24543 2253
24544 2253
24545 2253
24546 2253
24547 2253
24548 2253
24549 2253
24550 2253
24551 2253
24552 2253
24553 2253
24554 2253
24555 2253
24556 2253
24557 2253
24558 2253
24559 2253
24560 2253
24561 2253
24562 2253
24563 2253
24564 2253
24565 2253
24566 2253
24567 2253
24568 2253
24569 2253
24570 2253
24571 2253
24572 2253
24573 2253
24574 2253
24575 2253
24576 2253
24577 2253
24578 2253
24579 2253
24580 2253
24581 2253
24582 2253
24583 2253
24584 2253
24585 2253
24586 2253
24587 2253
24588 2253
24589 2253
24590 2253
24591 2253
24592 2253
24593 2253
24594 2253
24595 2253
24596 2253
24597 2253
24598 2253
24599 2253
24600 2253
24601 2253
24602 2253
24603 2253
24604 2253
24605 2253
24606 2253
24607 2253
24608 2253
24609 2253
24610 2253
24611 2253
24612 2253
24613 2253
24614 2253
24615 2253
24616 2253
24617 2253
24618 2253
24619 2253
24620 2253
24621 2253
24622 2253
24623 2253
24624 2253
24625 2253
24626 2253
24627 2253
24628 2253
24629 2253
24630 2253
24631 2253
24632 2253
24633 2253
24634 2253
24635 2253
24636 2253
24637 2253
24638 2253
24639 2253
24640 2253
24641 2253
24642 2253
24643 2253
24644 2253
24645 2253
24646 2253
24647 2253
24648 2253
24649 2253
24650 2253
24651 2253
24652 2253
24653 2253
24654 2253
24655 2253
24656 2253
24657 2253
24658 2253
24659 2253
24660 2253
24661 2253
24662 2253
24663 2253
24664 2253
24665 2253
24666 2253
24667 2253
24668 2253
24669 2253
24670 2253
24671 2253
24672 2253
24673 2253
24674 2253
24675 2253
24676 2253
24677 2253
24678 2253
24679 2253
24680 2253
24681 2253
24682 2253
24683 2253
24684 2253
24685 2253
24686 2253
24687 2253
24688 2253
24689 2253
24690 2253
24691 2253
24692 2253
24693 2253
24694 2253
24695 2253
24696 2253
24697 2253
24698 2253
24699 2253
24700 2253
24701 2253
24702 2253
24703 2253
24704 2253
24705 2253
24706 2253
24707 2253
24708 2253
24709 2253
24710 2253
24711 2253
24712 2253
24713 2253
24714 2253
24715 2253
24716 2253
24717 2253
24718 2253
24719 2253
24720 2253
24721 2253
24722 2253
24723 2253
24724 2253
24725 2253
24726 2253
24727 2253
24728 2253
24729 2253
24730 2253
24731 2253
24732 2253
24733 2253
24734 2253
24735 2253
24736 2253
24737 2253
24738 2253
24739 2253
24740 2253
24741 2253
24742 2253
24743 2253
24744 2253
24745 2253
24746 2253
24747 2253
24748 2253
24749 2253
24750 2253
24751 2253
24752 2253
24753 2253
24754 2253
24755 2253
24756 2253
24757 2253
24758 2253
24759 2253
24760 2253
24761 2253
24762 2253
24763 2253
24764 2253
24765 2253
24766 2253
24767 2253
24768 2253
24769 2253
24770 2253
24771 2253
24772 2253
24773 2253
24774 2253
24775 2253
24776 2253
24777 2253
24778 2253
24779 2253
24780 2253
24781 2253
24782 2253
24783 2253
24784 2253
24785 2253
24786 2253
24787 2253
24788 2253
24789 2253
24790 2253
24791 2253
24792 2253
24793 2253
24794 2253
24795 2253
24796 2253
24797 2253
24798 2253
24799 2253
24800 2253
24801 2253
24802 2253
24803 2253
24804 2253
24805 2253
24806 2253
24807 2253
24808 2253
24809 2253
24810 2253
24811 2253
24812 2253
24813 2253
24814 2253
24815 2253
24816 2253
24817 2253
24818 2253
24819 2253
24820 2253
24821 2253
24822 2253
24823 2253
24824 2253
24825 2253
24826 2253
24827 2253
24828 2253
24829 2253
24830 2253
24831 2253
24832 2253
24833 2253
24834 2253
24835 2253
24836 2253
24837 2253
24838 2253
24839 2253
24840 2253
24841 2253
24842 2253
24843 2253
24844 2253
24845 2253
24846 2253
24847 2253
24848 2253
24849 2253
24850 2253
24851 2253
24852 2253
24853 2253
24854 2253
24855 2253
24856 2253
24857 2253
24858 2253
24859 2253
24860 2253
24861 2253
24862 2253
24863 2253
24864 2253
24865 2253
24866 2253
24867 2253
24868 2253
24869 2253
24870 2253
24871 2253
24872 2253
24873 2253
24874 2253
24875 2253
24876 2253
24877 2253
24878 2253
24879 2253
24880 2253
24881 2253
24882 2253
24883 2253
24884 2253
24885 2253
24886 2253
24887 2253
24888 2253
24889 2253
24890 2253
24891 2253
24892 2253
24893 2253
24894 2253
24895 2253
24896 2253
24897 2253
24898 2253
24899 2253
24900 2253
24901 2253
24902 2253
24903 2253
24904 2253
24905 2253
24906 2253
24907 2253
24908 2253
24909 2253
24910 2253
24911 2253
24912 2253
24913 2253
24914 2253
24915 2253
24916 2253
24917 2253
24918 2253
24919 2253
24920 2253
24921 2253
24922 2253
24923 2253
24924 2253
24925 2253
24926 2253
24927 2253
24928 2253
24929 2253
24930 2253
24931 2253
24932 2253
24933 2253
24934 2253
24935 2253
24936 2253
24937 2253
24938 2253
24939 2253
24940 2253
24941 2253
24942 2253
24943 2253
24944 2253
24945 2253
24946 2253
24947 2253
24948 2253
24949 2253
24950 2253
24951 2253
24952 2253
24953 2253
24954 2253
24955 2253
24956 2253
24957 2253
24958 2253
24959 2253
24960 2253
24961 2253
24962 2253
24963 2253
24964 2253
24965 2253
24966 2253
24967 2253
24968 2253
24969 2253
24970 2253
24971 2253
24972 2253
24973 2253
24974 2253
24975 2253
24976 2253
24977 2253
24978 2253
24979 2253
24980 2253
24981 2253
24982 2253
24983 2253
24984 2253
24985 2253
24986 2253
24987 2253
24988 2253
24989 2253
24990 2253
24991 2253
24992 2253
24993 2253
24994 2253
24995 2253
24996 2253
24997 2253
24998 2253
24999 2253
25000 2253
25001 2253
25002 2253
25003 2253
25004 2253
25005 2253
25006 2253
25007 2253
25008 2253
25009 2253
25010 2253
25011 2253
25012 2253
25013 2253
25014 2253
25015 2253
25016 2253
25017 2253
25018 2253
25019 2253
25020 2253
25021 2253
25022 2253
25023 2253
25024 2253
25025 2253
25026 2253
25027 2253
25028 2253
25029 2253
25030 2253
25031 2253
25032 2253
25033 2253
25034 2253
25035 2253
25036 2253
25037 2253
25038 2253
25039 2253
25040 2253
25041 2253
25042 2253
25043 2253
25044 2253
25045 2253
25046 2253
25047 2253
25048 2253
25049 2253
25050 2253
25051 2253
25052 2253
25053 2253
25054 2253
25055 2249
25056 2249
25057 2249
25058 2249
25059 2249
25060 2249
25061 2249
25062 2249
25063 2249
25064 2249
25065 2249
25066 2249
25067 2249
25068 2249
25069 2249
25070 2249
25071 2249
25072 2249
25073 2249
25074 2249
25075 2249
25076 2249
25077 2249
25078 2249
25079 2249
25080 2249
25081 2249
25082 2249
25083 2249
25084 2249
25085 2249
25086 2249
25087 2249
25088 2249
25089 2249
25090 2249
25091 2249
25092 2249
25093 2249
25094 2249
25095 2249
25096 2249
25097 2249
25098 2249
25099 2249
25100 2249
25101 2249
25102 2249
25103 2249
25104 2249
25105 2249
25106 2249
25107 2249
25108 2249
25109 2249
25110 2249
25111 2249
25112 2249
25113 2249
25114 2249
25115 2249
25116 2249
25117 2249
25118 2249
25119 2249
25120 2249
25121 2249
25122 2249
25123 2249
25124 2249
25125 2249
25126 2249
25127 2249
25128 2249
25129 2249
25130 2249
25131 2249
25132 2249
25133 2249
25134 2249
25135 2249
25136 2249
25137 2249
25138 2249
25139 2249
25140 2249
25141 2249
25142 2249
25143 2249
25144 2249
25145 2249
25146 2249
25147 2249
25148 2249
25149 2249
25150 2249
25151 2249
25152 2249
25153 2249
25154 2249
25155 2249
25156 2249
25157 2249
25158 2249
25159 2249
25160 2249
25161 2249
25162 2249
25163 2249
25164 2249
25165 2249
25166 2249
25167 2249
25168 2249
25169 2249
25170 2249
25171 2249
25172 2249
25173 2249
25174 2249
25175 2249
25176 2249
25177 2249
25178 2249
25179 2249
25180 2249
25181 2249
25182 2249
25183 2249
25184 2249
25185 2249
25186 2249
25187 2249
25188 2249
25189 2249
25190 2249
25191 2249
25192 2249
25193 2249
25194 2249
25195 2249
25196 2249
25197 2249
25198 2249
25199 2249
25200 2249
25201 2249
25202 2249
25203 2249
25204 2249
25205 2249
25206 2249
25207 2249
25208 2249
25209 2249
25210 2249
25211 2249
25212 2249
25213 2249
25214 2249
25215 2249
25216 2249
25217 2249
25218 2249
25219 2249
25220 2249
25221 2249
25222 2249
25223 2249
25224 2249
25225 2249
25226 2249
25227 2249
25228 2249
25229 2249
25230 2249
25231 2249
25232 2249
25233 2249
25234 2249
25235 2249
25236 2249
25237 2249
25238 2249
25239 2249
25240 2249
25241 2249
25242 2249
25243 2249
25244 2249
25245 2249
25246 2249
25247 2249
25248 2249
25249 2249
25250 2249
25251 2249
25252 2249
25253 2249
25254 2249
25255 2249
25256 2249
25257 2249
25258 2249
25259 2249
25260 2249
25261 2249
25262 2249
25263 2249
25264 2249
25265 2249
25266 2249
25267 2249
25268 2249
25269 2249
25270 2249
25271 2249
25272 2249
25273 2249
25274 2249
25275 2249
25276 2249
25277 2249
25278 2249
25279 2249
25280 2249
25281 2249
25282 2249
25283 2249
25284 2249
25285 2249
25286 2249
25287 2249
25288 2249
25289 2249
25290 2249
25291 2249
25292 2249
25293 2249
25294 2249
25295 2249
25296 2249
25297 2249
25298 2249
25299 2249
25300 2249
25301 2249
25302 2249
25303 2249
25304 2249
25305 2249
25306 2249
25307 2249
25308 2249
25309 2249
25310 2249
25311 2249
25312 2249
25313 2249
25314 2249
25315 2249
25316 2249
25317 2249
25318 2249
25319 2249
25320 2249
25321 2249
25322 2249
25323 2249
25324 2249
25325 2249
25326 2249
25327 2249
25328 2249
25329 2249
25330 2249
25331 2249
25332 2249
25333 2249
25334 2249
25335 2249
25336 2249
25337 2249
25338 2249
25339 2249
25340 2249
25341 2249
25342 2245
25343 2245
25344 2245
25345 2245
25346 2245
25347 2245
25348 2245
25349 2245
25350 2245
25351 2245
25352 2245
25353 2245
25354 2245
25355 2245
25356 2245
25357 2245
25358 2245
25359 2245
25360 2245
25361 2245
25362 2245
25363 2245
25364 2245
25365 2245
25366 2245
25367 2245
25368 2245
25369 2245
25370 2245
25371 2245
25372 2245
25373 2240
25374 2240
25375 2240
25376 2240
25377 2240
25378 2240
25379 2240
25380 2240
25381 2240
25382 2240
25383 2240
25384 2240
25385 2240
25386 2240
25387 2240
25388 2240
25389 2240
25390 2240
25391 2240
25392 2240
25393 2240
25394 2240
25395 2240
25396 2240
25397 2240
25398 2240
25399 2240
25400 2240
25401 2240
25402 2240
25403 2240
25404 2240
25405 2240
25406 2240
25407 2240
25408 2240
25409 2240
25410 2240
25411 2240
25412 2240
25413 2240
25414 2240
25415 2240
25416 2240
25417 2240
25418 2240
25419 2240
25420 2240
25421 2240
25422 2240
25423 2240
25424 2240
25425 2240
25426 2240
25427 2240
25428 2240
25429 2240
25430 2240
25431 2240
25432 2240
25433 2240
25434 2240
25435 2240
25436 2240
25437 2240
25438 2240
25439 2240
25440 2240
25441 2240
25442 2240
25443 2240
25444 2240
25445 2240
25446 2240
25447 2240
25448 2240
25449 2240
25450 2240
25451 2240
25452 2240
25453 2240
25454 2240
25455 2240
25456 2240
25457 2240
25458 2240
25459 2240
25460 2240
25461 2240
25462 2240
25463 2240
25464 2240
25465 2240
25466 2240
25467 2240
25468 2240
25469 2240
25470 2240
25471 2240
25472 2240
25473 2240
25474 2240
25475 2240
25476 2240
25477 2240
25478 2240
25479 2240
25480 2240
25481 2240
25482 2240
25483 2240
25484 2240
25485 2240
25486 2240
25487 2240
25488 2240
25489 2240
25490 2240
25491 2240
25492 2240
25493 2240
25494 2240
25495 2240
25496 2240
25497 2240
25498 2240
25499 2240
25500 2240
25501 2240
25502 2240
25503 2240
25504 2240
25505 2240
25506 2240
25507 2240
25508 2240
25509 2240
25510 2240
25511 2240
25512 2240
25513 2240
25514 2240
25515 2240
25516 2240
25517 2240
25518 2240
25519 2240
25520 2240
25521 2240
25522 2240
25523 2240
25524 2240
25525 2240
25526 2240
25527 2240
25528 2240
25529 2240
25530 2240
25531 2240
25532 2240
25533 2240
25534 2240
25535 2240
25536 2240
25537 2240
25538 2240
25539 2240
25540 2240
25541 2240
25542 2240
25543 2240
25544 2240
25545 2240
25546 2240
25547 2240
25548 2240
25549 2240
25550 2240
25551 2240
25552 2240
25553 2240
25554 2240
25555 2240
25556 2240
25557 2240
25558 2240
25559 2240
25560 2240
25561 2240
25562 2240
25563 2240
25564 2240
25565 2240
25566 2240
25567 2240
25568 2240
25569 2240
25570 2240
25571 2240
25572 2240
25573 2240
25574 2240
25575 2240
25576 2240
25577 2240
25578 2240
25579 2240
25580 2240
25581 2240
25582 2240
25583 2240
25584 2240
25585 2240
25586 2240
25587 2240
25588 2240
25589 2240
25590 2240
25591 2240
25592 2240
25593 2240
25594 2240
25595 2240
25596 2240
25597 2240
25598 2240
25599 2240
25600 2240
25601 2240
25602 2240
25603 2240
25604 2240
25605 2240
25606 2240
25607 2240
25608 2240
25609 2240
25610 2240
25611 2240
25612 2240
25613 2240
25614 2240
25615 2240
25616 2240
25617 2240
25618 2240
25619 2240
25620 2229
25621 2229
25622 2229
25623 2229
25624 2229
25625 2229
25626 2229
25627 2229
25628 2229
25629 2229
25630 2229
25631 2229
25632 2229
25633 2229
25634 2229
25635 2229
25636 2229
25637 2229
25638 2229
25639 2229
25640 2229
25641 2229
25642 2229
25643 2229
25644 2229
25645 2229
25646 2229
25647 2229
25648 2229
25649 2229
25650 2229
25651 2229
25652 2229
25653 2229
25654 2229
25655 2229
25656 2229
25657 2229
25658 2229
25659 2229
25660 2229
25661 2229
25662 2229
25663 2229
25664 2229
25665 2229
25666 2229
25667 2229
25668 2229
25669 2229
25670 2229
25671 2229
25672 2229
25673 2229
25674 2229
25675 2229
25676 2229
25677 2229
25678 2229
25679 2229
25680 2229
25681 2229
25682 2229
25683 2229
25684 2229
25685 2229
25686 2229
25687 2229
25688 2229
25689 2229
25690 2229
25691 2229
25692 2229
25693 2229
25694 2229
25695 2229
25696 2229
25697 2229
25698 2229
25699 2229
25700 2229
25701 2229
25702 2229
25703 2229
25704 2229
25705 2229
25706 2229
25707 2229
25708 2229
25709 2229
25710 2229
25711 2229
25712 2229
25713 2229
25714 2229
25715 2229
25716 2229
25717 2229
25718 2229
25719 2229
25720 2229
25721 2229
25722 2229
25723 2229
25724 2229
25725 2229
25726 2229
25727 2229
25728 2229
25729 2229
25730 2229
25731 2229
25732 2229
25733 2229
25734 2229
25735 2229
25736 2229
25737 2229
25738 2229
25739 2229
25740 2229
25741 2229
25742 2229
25743 2229
25744 2229
25745 2229
25746 2229
25747 2229
25748 2229
25749 2229
25750 2229
25751 2229
25752 2229
25753 2229
25754 2229
25755 2229
25756 2229
25757 2229
25758 2229
25759 2229
25760 2229
25761 2229
25762 2229
25763 2229
25764 2229
25765 2229
25766 2229
25767 2229
25768 2229
25769 2229
25770 2229
25771 2229
25772 2229
25773 2229
25774 2229
25775 2229
25776 2229
25777 2229
25778 2229
25779 2229
25780 2229
25781 2229
25782 2229
25783 2229
25784 2229
25785 2229
25786 2229
25787 2229
25788 2229
25789 2229
25790 2229
25791 2229
25792 2229
25793 2229
25794 2229
25795 2229
25796 2229
25797 2229
25798 2229
25799 2229
25800 2229
25801 2229
25802 2229
25803 2229
25804 2229
25805 2229
25806 2229
25807 2229
25808 2229
25809 2229
25810 2229
25811 2229
25812 2229
25813 2229
25814 2229
25815 2229
25816 2229
25817 2229
25818 2229
25819 2229
25820 2229
25821 2229
25822 2229
25823 2229
25824 2229
25825 2229
25826 2229
25827 2229
25828 2229
25829 2229
25830 2229
25831 2229
25832 2229
25833 2229
25834 2229
25835 2229
25836 2229
25837 2229
25838 2229
25839 2229
25840 2229
25841 2229
25842 2229
25843 2229
25844 2229
25845 2229
25846 2229
25847 2229
25848 2229
25849 2229
25850 2229
25851 2229
25852 2229
25853 2229
25854 2229
25855 2229
25856 2229
25857 2229
25858 2229
25859 2229
25860 2229
25861 2229
25862 2229
25863 2229
25864 2229
25865 2229
25866 2229
25867 2229
25868 2229
25869 2229
25870 2229
25871 2229
25872 2229
25873 2229
25874 2229
25875 2229
25876 2229
25877 2229
25878 2229
25879 2229
25880 2229
25881 2229
25882 2229
25883 2229
25884 2229
25885 2229
25886 2229
25887 2229
25888 2229
25889 2229
25890 2229
25891 2229
25892 2229
25893 2229
25894 2229
25895 2229
25896 2229
25897 2229
25898 2228
25899 2228
25900 2228
25901 2228
25902 2228
25903 2228
25904 2228
25905 2228
25906 2228
25907 2228
25908 2228
25909 2228
25910 2228
25911 2228
25912 2228
25913 2228
25914 2228
25915 2228
25916 2228
25917 2228
25918 2228
25919 2228
25920 2228
25921 2228
25922 2228
25923 2228
25924 2228
25925 2228
25926 2228
25927 2228
25928 2228
25929 2228
25930 2228
25931 2228
25932 2228
25933 2228
25934 2228
25935 2228
25936 2228
25937 2228
25938 2228
25939 2228
25940 2228
25941 2228
25942 2228
25943 2228
25944 2228
25945 2228
25946 2228
25947 2228
25948 2228
25949 2228
25950 2228
25951 2228
25952 2228
25953 2228
25954 2228
25955 2228
25956 2228
25957 2228
25958 2228
25959 2228
25960 2228
25961 2228
25962 2228
25963 2228
25964 2228
25965 2228
25966 2228
25967 2228
25968 2228
25969 2228
25970 2228
25971 2228
25972 2228
25973 2228
25974 2228
25975 2228
25976 2228
25977 2228
25978 2228
25979 2228
25980 2228
25981 2228
25982 2228
25983 2228
25984 2228
25985 2228
25986 2228
25987 2228
25988 2228
25989 2228
25990 2228
25991 2228
25992 2228
25993 2228
25994 2228
25995 2228
25996 2228
25997 2228
25998 2228
25999 2228
26000 2228
26001 2228
26002 2228
26003 2228
26004 2228
26005 2228
26006 2228
26007 2228
26008 2228
26009 2228
26010 2228
26011 2228
26012 2228
26013 2228
26014 2228
26015 2228
26016 2228
26017 2228
26018 2228
26019 2228
26020 2228
26021 2228
26022 2228
26023 2228
26024 2228
26025 2228
26026 2228
26027 2228
26028 2228
26029 2228
26030 2228
26031 2228
26032 2228
26033 2228
26034 2228
26035 2228
26036 2228
26037 2228
26038 2228
26039 2228
26040 2228
26041 2228
26042 2228
26043 2228
26044 2228
26045 2228
26046 2228
26047 2228
26048 2228
26049 2228
26050 2228
26051 2228
26052 2228
26053 2228
26054 2228
26055 2228
26056 2228
26057 2228
26058 2228
26059 2228
26060 2228
26061 2226
26062 2226
26063 2226
26064 2226
26065 2226
26066 2226
26067 2226
26068 2226
26069 2226
26070 2226
26071 2226
26072 2226
26073 2226
26074 2226
26075 2226
26076 2226
26077 2226
26078 2226
26079 2226
26080 2226
26081 2226
26082 2226
26083 2226
26084 2226
26085 2226
26086 2226
26087 2226
26088 2226
26089 2226
26090 2226
26091 2226
26092 2226
26093 2226
26094 2226
26095 2226
26096 2226
26097 2226
26098 2226
26099 2226
26100 2226
26101 2226
26102 2226
26103 2226
26104 2226
26105 2226
26106 2226
26107 2226
26108 2226
26109 2226
26110 2226
26111 2226
26112 2226
26113 2226
26114 2226
26115 2226
26116 2226
26117 2226
26118 2226
26119 2226
26120 2226
26121 2226
26122 2226
26123 2226
26124 2226
26125 2226
26126 2226
26127 2226
26128 2226
26129 2226
26130 2226
26131 2226
26132 2226
26133 2226
26134 2226
26135 2226
26136 2226
26137 2226
26138 2226
26139 2226
26140 2226
26141 2226
26142 2226
26143 2226
26144 2226
26145 2226
26146 2226
26147 2226
26148 2226
26149 2226
26150 2226
26151 2226
26152 2226
26153 2226
26154 2226
26155 2226
26156 2226
26157 2226
26158 2226
26159 2226
26160 2226
26161 2226
26162 2226
26163 2226
26164 2226
26165 2226
26166 2226
26167 2226
26168 2226
26169 2226
26170 2226
26171 2226
26172 2226
26173 2226
26174 2226
26175 2226
26176 2226
26177 2226
26178 2226
26179 2226
26180 2226
26181 2226
26182 2226
26183 2226
26184 2226
26185 2226
26186 2226
26187 2226
26188 2226
26189 2226
26190 2226
26191 2226
26192 2226
26193 2226
26194 2226
26195 2226
26196 2226
26197 2226
26198 2226
26199 2226
26200 2226
26201 2226
26202 2226
26203 2226
26204 2226
26205 2226
26206 2226
26207 2226
26208 2226
26209 2226
26210 2226
26211 2226
26212 2226
26213 2226
26214 2226
26215 2226
26216 2226
26217 2226
26218 2226
26219 2226
26220 2226
26221 2226
26222 2226
26223 2226
26224 2226
26225 2226
26226 2226
26227 2226
26228 2226
26229 2226
26230 2226
26231 2226
26232 2226
26233 2226
26234 2226
26235 2226
26236 2226
26237 2226
26238 2226
26239 2226
26240 2226
26241 2226
26242 2226
26243 2226
26244 2226
26245 2226
26246 2226
26247 2226
26248 2226
26249 2226
26250 2226
26251 2226
26252 2226
26253 2226
26254 2226
26255 2226
26256 2226
26257 2226
26258 2226
26259 2226
26260 2226
26261 2226
26262 2226
26263 2226
26264 2226
26265 2226
26266 2226
26267 2226
26268 2226
26269 2226
26270 2226
26271 2226
26272 2226
26273 2226
26274 2226
26275 2226
26276 2226
26277 2226
26278 2226
26279 2226
26280 2226
26281 2226
26282 2226
26283 2226
26284 2226
26285 2226
26286 2226
26287 2226
26288 2226
26289 2226
26290 2226
26291 2226
26292 2226
26293 2226
26294 2226
26295 2226
26296 2226
26297 2226
26298 2226
26299 2226
26300 2226
26301 2226
26302 2226
26303 2226
26304 2226
26305 2226
26306 2226
26307 2226
26308 2226
26309 2226
26310 2226
26311 2226
26312 2226
26313 2226
26314 2226
26315 2226
26316 2226
26317 2226
26318 2226
26319 2226
26320 2226
26321 2226
26322 2226
26323 2226
26324 2226
26325 2226
26326 2226
26327 2226
26328 2226
26329 2226
26330 2226
26331 2226
26332 2226
26333 2226
26334 2226
26335 2226
26336 2226
26337 2226
26338 2226
26339 2226
26340 2226
26341 2226
26342 2226
26343 2226
26344 2226
26345 2226
26346 2226
26347 2226
26348 2226
26349 2226
26350 2226
26351 2226
26352 2226
26353 2226
26354 2226
26355 2226
26356 2226
26357 2226
26358 2226
26359 2226
26360 2226
26361 2226
26362 2226
26363 2226
26364 2226
26365 2226
26366 2226
26367 2226
26368 2226
26369 2226
26370 2226
26371 2226
26372 2226
26373 2226
26374 2226
26375 2226
26376 2226
26377 2226
26378 2226
26379 2226
26380 2226
26381 2226
26382 2226
26383 2226
26384 2226
26385 2226
26386 2226
26387 2226
26388 2226
26389 2226
26390 2226
26391 2226
26392 2226
26393 2226
26394 2226
26395 2226
26396 2226
26397 2226
26398 2226
26399 2226
26400 2226
26401 2226
26402 2226
26403 2226
26404 2226
26405 2226
26406 2226
26407 2226
26408 2226
26409 2226
26410 2226
26411 2226
26412 2226
26413 2226
26414 2226
26415 2226
26416 2226
26417 2226
26418 2226
26419 2226
26420 2226
26421 2226
26422 2226
26423 2226
26424 2226
26425 2226
26426 2226
26427 2226
26428 2226
26429 2226
26430 2226
26431 2226
26432 2226
26433 2226
26434 2226
26435 2226
26436 2226
26437 2226
26438 2226
26439 2226
26440 2226
26441 2226
26442 2226
26443 2226
26444 2226
26445 2226
26446 2226
26447 2226
26448 2226
26449 2226
26450 2226
26451 2226
26452 2226
26453 2226
26454 2226
26455 2226
26456 2226
26457 2226
26458 2226
26459 2226
26460 2226
26461 2226
26462 2226
26463 2226
26464 2226
26465 2226
26466 2226
26467 2226
26468 2226
26469 2226
26470 2226
26471 2226
26472 2226
26473 2226
26474 2226
26475 2226
26476 2226
26477 2226
26478 2226
26479 2226
26480 2226
26481 2226
26482 2226
26483 2226
26484 2226
26485 2226
26486 2226
26487 2226
26488 2226
26489 2226
26490 2226
26491 2226
26492 2226
26493 2226
26494 2226
26495 2226
26496 2226
26497 2226
26498 2226
26499 2226
26500 2226
26501 2226
26502 2226
26503 2226
26504 2226
26505 2226
26506 2226
26507 2226
26508 2226
26509 2226
26510 2226
26511 2226
26512 2226
26513 2226
26514 2226
26515 2226
26516 2226
26517 2226
26518 2226
26519 2226
26520 2226
26521 2226
26522 2226
26523 2226
26524 2226
26525 2226
26526 2226
26527 2226
26528 2226
26529 2226
26530 2226
26531 2226
26532 2226
26533 2226
26534 2226
26535 2226
26536 2226
26537 2226
26538 2226
26539 2226
26540 2226
26541 2226
26542 2226
26543 2226
26544 2226
26545 2226
26546 2226
26547 2226
26548 2226
26549 2226
26550 2226
26551 2226
26552 2226
26553 2226
26554 2226
26555 2226
26556 2226
26557 2226
26558 2226
26559 2226
26560 2226
26561 2226
26562 2226
26563 2226
26564 2226
26565 2226
26566 2226
26567 2226
26568 2226
26569 2226
26570 2226
26571 2226
26572 2226
26573 2226
26574 2226
26575 2226
26576 2226
26577 2226
26578 2226
26579 2226
26580 2226
26581 2226
26582 2226
26583 2226
26584 2226
26585 2226
26586 2226
26587 2226
26588 2226
26589 2226
26590 2226
26591 2226
26592 2226
26593 2226
26594 2226
26595 2226
26596 2226
26597 2226
26598 2226
26599 2226
26600 2226
26601 2226
26602 2226
26603 2226
26604 2226
26605 2226
26606 2226
26607 2226
26608 2226
26609 2226
26610 2226
26611 2226
26612 2226
26613 2226
26614 2226
26615 2226
26616 2226
26617 2226
26618 2226
26619 2226
26620 2226
26621 2226
26622 2226
26623 2226
26624 2226
26625 2226
26626 2226
26627 2226
26628 2226
26629 2226
26630 2226
26631 2226
26632 2226
26633 2226
26634 2226
26635 2226
26636 2226
26637 2226
26638 2226
26639 2226
26640 2226
26641 2226
26642 2226
26643 2226
26644 2226
26645 2226
26646 2226
26647 2226
26648 2226
26649 2226
26650 2226
26651 2226
26652 2226
26653 2226
26654 2226
26655 2226
26656 2226
26657 2226
26658 2226
26659 2226
26660 2226
26661 2226
26662 2226
26663 2226
26664 2226
26665 2226
26666 2226
26667 2226
26668 2226
26669 2226
26670 2226
26671 2226
26672 2226
26673 2226
26674 2226
26675 2226
26676 2226
26677 2226
26678 2226
26679 2226
26680 2226
26681 2226
26682 2226
26683 2226
26684 2226
26685 2226
26686 2226
26687 2226
26688 2226
26689 2226
26690 2226
26691 2226
26692 2226
26693 2226
26694 2226
26695 2226
26696 2226
26697 2226
26698 2226
26699 2226
26700 2226
26701 2226
26702 2226
26703 2226
26704 2226
26705 2226
26706 2226
26707 2226
26708 2226
26709 2226
26710 2226
26711 2226
26712 2226
26713 2226
26714 2226
26715 2226
26716 2226
26717 2226
26718 2226
26719 2226
26720 2226
26721 2226
26722 2226
26723 2226
26724 2226
26725 2226
26726 2226
26727 2226
26728 2226
26729 2226
26730 2226
26731 2226
26732 2226
26733 2226
26734 2226
26735 2226
26736 2226
26737 2226
26738 2226
26739 2226
26740 2226
26741 2226
26742 2226
26743 2226
26744 2226
26745 2226
26746 2224
26747 2224
26748 2224
26749 2224
26750 2224
26751 2224
26752 2224
26753 2224
26754 2224
26755 2224
26756 2224
26757 2224
26758 2224
26759 2224
26760 2224
26761 2224
26762 2224
26763 2224
26764 2224
26765 2224
26766 2224
26767 2224
26768 2224
26769 2224
26770 2224
26771 2224
26772 2224
26773 2224
26774 2224
26775 2224
26776 2224
26777 2224
26778 2224
26779 2224
26780 2224
26781 2224
26782 2224
26783 2224
26784 2220
26785 2220
26786 2220
26787 2220
26788 2220
26789 2220
26790 2220
26791 2220
26792 2220
26793 2220
26794 2220
26795 2220
26796 2220
26797 2220
26798 2220
26799 2220
26800 2220
26801 2220
26802 2220
26803 2220
26804 2220
26805 2220
26806 2220
26807 2220
26808 2220
26809 2220
26810 2220
26811 2220
26812 2220
26813 2220
26814 2220
26815 2220
26816 2220
26817 2220
26818 2220
26819 2220
26820 2220
26821 2220
26822 2220
26823 2220
26824 2220
26825 2220
26826 2220
26827 2220
26828 2220
26829 2220
26830 2220
26831 2220
26832 2220
26833 2220
26834 2220
26835 2220
26836 2220
26837 2220
26838 2220
26839 2220
26840 2220
26841 2220
26842 2220
26843 2220
26844 2220
26845 2220
26846 2220
26847 2220
26848 2220
26849 2220
26850 2220
26851 2220
26852 2220
26853 2220
26854 2220
26855 2220
26856 2220
26857 2220
26858 2220
26859 2220
26860 2220
26861 2220
26862 2220
26863 2220
26864 2220
26865 2220
26866 2220
26867 2220
26868 2220
26869 2220
26870 2220
26871 2220
26872 2220
26873 2220
26874 2220
26875 2220
26876 2220
26877 2220
26878 2220
26879 2220
26880 2220
26881 2220
26882 2220
26883 2220
26884 2220
26885 2220
26886 2220
26887 2220
26888 2220
26889 2220
26890 2220
26891 2220
26892 2220
26893 2220
26894 2220
26895 2220
26896 2220
26897 2220
26898 2220
26899 2220
26900 2220
26901 2220
26902 2220
26903 2220
26904 2220
26905 2220
26906 2220
26907 2220
26908 2220
26909 2220
26910 2220
26911 2220
26912 2220
26913 2220
26914 2220
26915 2220
26916 2220
26917 2220
26918 2220
26919 2220
26920 2220
26921 2220
26922 2220
26923 2220
26924 2220
26925 2220
26926 2220
26927 2220
26928 2220
26929 2220
26930 2220
26931 2220
26932 2220
26933 2220
26934 2220
26935 2220
26936 2220
26937 2220
26938 2220
26939 2220
26940 2220
26941 2220
26942 2220
26943 2220
26944 2220
26945 2220
26946 2220
26947 2220
26948 2220
26949 2220
26950 2220
26951 2220
26952 2220
26953 2220
26954 2220
26955 2220
26956 2211
26957 2211
26958 2211
26959 2211
26960 2211
26961 2211
26962 2211
26963 2211
26964 2211
26965 2211
26966 2211
26967 2211
26968 2211
26969 2211
26970 2211
26971 2211
26972 2211
26973 2211
26974 2211
26975 2211
26976 2211
26977 2211
26978 2211
26979 2211
26980 2211
26981 2211
26982 2211
26983 2211
26984 2211
26985 2211
26986 2211
26987 2211
26988 2211
26989 2211
26990 2211
26991 2211
26992 2211
26993 2211
26994 2211
26995 2211
26996 2211
26997 2211
26998 2211
26999 2211
27000 2211
27001 2211
27002 2211
27003 2211
27004 2211
27005 2211
27006 2211
27007 2211
27008 2211
27009 2211
27010 2211
27011 2211
27012 2211
27013 2211
27014 2211
27015 2211
27016 2211
27017 2211
27018 2211
27019 2211
27020 2211
27021 2211
27022 2211
27023 2211
27024 2211
27025 2211
27026 2211
27027 2211
27028 2211
27029 2211
27030 2211
27031 2211
27032 2211
27033 2211
27034 2211
27035 2211
27036 2211
27037 2211
27038 2211
27039 2211
27040 2211
27041 2211
27042 2211
27043 2211
27044 2211
27045 2211
27046 2211
27047 2211
27048 2211
27049 2211
27050 2211
27051 2211
27052 2211
27053 2211
27054 2211
27055 2211
27056 2211
27057 2211
27058 2211
27059 2211
27060 2211
27061 2211
27062 2211
27063 2211
27064 2211
27065 2211
27066 2211
27067 2211
27068 2211
27069 2211
27070 2211
27071 2211
27072 2211
27073 2211
27074 2211
27075 2211
27076 2211
27077 2211
27078 2211
27079 2211
27080 2211
27081 2211
27082 2211
27083 2211
27084 2211
27085 2211
27086 2211
27087 2211
27088 2211
27089 2211
27090 2211
27091 2211
27092 2211
27093 2211
27094 2211
27095 2211
27096 2211
27097 2211
27098 2211
27099 2211
27100 2211
27101 2211
27102 2211
27103 2211
27104 2211
27105 2211
27106 2211
27107 2211
27108 2211
27109 2211
27110 2211
27111 2211
27112 2211
27113 2211
27114 2211
27115 2211
27116 2211
27117 2211
27118 2211
27119 2211
27120 2211
27121 2211
27122 2211
27123 2211
27124 2211
27125 2211
27126 2211
27127 2211
27128 2211
27129 2211
27130 2211
27131 2211
27132 2211
27133 2211
27134 2211
27135 2211
27136 2211
27137 2211
27138 2211
27139 2211
27140 2211
27141 2211
27142 2211
27143 2211
27144 2211
27145 2211
27146 2211
27147 2211
27148 2211
27149 2211
27150 2211
27151 2211
27152 2211
27153 2211
27154 2211
27155 2211
27156 2211
27157 2211
27158 2211
27159 2211
27160 2211
27161 2211
27162 2211
27163 2211
27164 2211
27165 2211
27166 2211
27167 2211
27168 2211
27169 2211
27170 2211
27171 2211
27172 2211
27173 2211
27174 2211
27175 2211
27176 2211
27177 2211
27178 2211
27179 2211
27180 2211
27181 2211
27182 2211
27183 2211
27184 2211
27185 2211
27186 2211
27187 2211
27188 2211
27189 2211
27190 2211
27191 2211
27192 2211
27193 2211
27194 2211
27195 2211
27196 2211
27197 2211
27198 2211
27199 2211
27200 2211
27201 2211
27202 2211
27203 2211
27204 2211
27205 2211
27206 2211
27207 2211
27208 2211
27209 2211
27210 2211
27211 2203
27212 2203
27213 2203
27214 2203
27215 2203
27216 2203
27217 2203
27218 2203
27219 2203
27220 2203
27221 2203
27222 2203
27223 2203
27224 2203
27225 2203
27226 2203
27227 2203
27228 2203
27229 2203
27230 2203
27231 2203
27232 2203
27233 2203
27234 2203
27235 2203
27236 2203
27237 2203
27238 2203
27239 2203
27240 2203
27241 2203
27242 2203
27243 2203
27244 2203
27245 2203
27246 2203
27247 2203
27248 2203
27249 2203
27250 2203
27251 2203
27252 2203
27253 2203
27254 2203
27255 2203
27256 2203
27257 2203
27258 2203
27259 2203
27260 2203
27261 2203
27262 2203
27263 2203
27264 2203
27265 2203
27266 2203
27267 2203
27268 2203
27269 2203
27270 2203
27271 2203
27272 2203
27273 2203
27274 2203
27275 2203
27276 2203
27277 2203
27278 2203
27279 2203
27280 2203
27281 2203
27282 2203
27283 2203
27284 2203
27285 2203
27286 2203
27287 2203
27288 2203
27289 2203
27290 2203
27291 2203
27292 2203
27293 2203
27294 2203
27295 2203
27296 2203
27297 2203
27298 2203
27299 2203
27300 2203
27301 2203
27302 2203
27303 2203
27304 2203
27305 2203
27306 2203
27307 2203
27308 2203
27309 2203
27310 2203
27311 2203
27312 2203
27313 2203
27314 2203
27315 2203
27316 2203
27317 2203
27318 2203
27319 2203
27320 2203
27321 2203
27322 2203
27323 2203
27324 2203
27325 2203
27326 2203
27327 2203
27328 2203
27329 2203
27330 2203
27331 2203
27332 2203
27333 2203
27334 2203
27335 2203
27336 2203
27337 2203
27338 2203
27339 2203
27340 2203
27341 2203
27342 2203
27343 2203
27344 2203
27345 2203
27346 2203
27347 2203
27348 2203
27349 2203
27350 2203
27351 2203
27352 2203
27353 2203
27354 2203
27355 2203
27356 2203
27357 2203
27358 2203
27359 2203
27360 2203
27361 2203
27362 2203
27363 2203
27364 2203
27365 2203
27366 2203
27367 2203
27368 2203
27369 2203
27370 2203
27371 2203
27372 2203
27373 2203
27374 2203
27375 2203
27376 2203
27377 2203
27378 2203
27379 2203
27380 2203
27381 2203
27382 2203
27383 2203
27384 2203
27385 2203
27386 2203
27387 2203
27388 2203
27389 2203
27390 2203
27391 2203
27392 2203
27393 2203
27394 2203
27395 2203
27396 2203
27397 2203
27398 2203
27399 2203
27400 2203
27401 2203
27402 2203
27403 2203
27404 2203
27405 2203
27406 2203
27407 2203
27408 2203
27409 2203
27410 2203
27411 2203
27412 2203
27413 2203
27414 2203
27415 2203
27416 2203
27417 2203
27418 2203
27419 2203
27420 2203
27421 2203
27422 2203
27423 2203
27424 2203
27425 2203
27426 2203
27427 2203
27428 2203
27429 2203
27430 2203
27431 2203
27432 2203
27433 2203
27434 2203
27435 2203
27436 2203
27437 2203
27438 2203
27439 2203
27440 2203
27441 2203
27442 2203
27443 2203
27444 2203
27445 2203
27446 2203
27447 2203
27448 2203
27449 2203
27450 2203
27451 2203
27452 2203
27453 2203
27454 2203
27455 2203
27456 2203
27457 2203
27458 2203
27459 2203
27460 2203
27461 2203
27462 2203
27463 2203
27464 2203
27465 2203
27466 2203
27467 2203
27468 2203
27469 2203
27470 2203
27471 2203
27472 2203
27473 2203
27474 2203
27475 2203
27476 2203
27477 2203
27478 2203
27479 2203
27480 2203
27481 2203
27482 2203
27483 2203
27484 2203
27485 2203
27486 2203
27487 2203
27488 2203
27489 2203
27490 2203
27491 2203
27492 2203
27493 2203
27494 2203
27495 2203
27496 2203
27497 2203
27498 2203
27499 2203
27500 2203
27501 2203
27502 2203
27503 2203
27504 2203
27505 2203
27506 2203
27507 2203
27508 2203
27509 2203
27510 2203
27511 2203
27512 2203
27513 2203
27514 2203
27515 2203
27516 2203
27517 2203
27518 2203
27519 2203
27520 2203
27521 2203
27522 2203
27523 2203
27524 2203
27525 2203
27526 2203
27527 2203
27528 2203
27529 2203
27530 2203
27531 2203
27532 2203
27533 2203
27534 2203
27535 2203
27536 2203
27537 2203
27538 2203
27539 2203
27540 2203
27541 2203
27542 2203
27543 2203
27544 2203
27545 2203
27546 2203
27547 2203
27548 2203
27549 2203
27550 2203
27551 2203
27552 2203
27553 2203
27554 2203
27555 2203
27556 2203
27557 2203
27558 2203
27559 2203
27560 2203
27561 2203
27562 2203
27563 2203
27564 2203
27565 2203
27566 2203
27567 2203
27568 2203
27569 2203
27570 2203
27571 2203
27572 2203
27573 2203
27574 2203
27575 2203
27576 2203
27577 2203
27578 2203
27579 2203
27580 2203
27581 2203
27582 2203
27583 2203
27584 2203
27585 2203
27586 2203
27587 2203
27588 2203
27589 2203
27590 2203
27591 2203
27592 2203
27593 2203
27594 2203
27595 2203
27596 2203
27597 2203
27598 2203
27599 2203
27600 2203
27601 2203
27602 2203
27603 2203
27604 2203
27605 2203
27606 2203
27607 2203
27608 2203
27609 2203
27610 2203
27611 2203
27612 2203
27613 2203
27614 2203
27615 2203
27616 2203
27617 2203
27618 2203
27619 2203
27620 2203
27621 2203
27622 2203
27623 2203
27624 2203
27625 2203
27626 2203
27627 2203
27628 2203
27629 2203
27630 2203
27631 2203
27632 2203
27633 2203
27634 2203
27635 2203
27636 2203
27637 2203
27638 2203
27639 2203
27640 2203
27641 2203
27642 2203
27643 2203
27644 2203
27645 2203
27646 2203
27647 2203
27648 2203
27649 2203
27650 2203
27651 2203
27652 2203
27653 2203
27654 2203
27655 2203
27656 2203
27657 2203
27658 2203
27659 2203
27660 2203
27661 2203
27662 2203
27663 2203
27664 2203
27665 2203
27666 2203
27667 2203
27668 2203
27669 2203
27670 2203
27671 2203
27672 2203
27673 2203
27674 2203
27675 2203
27676 2203
27677 2203
27678 2203
27679 2203
27680 2203
27681 2203
27682 2203
27683 2203
27684 2203
27685 2203
27686 2203
27687 2203
27688 2203
27689 2203
27690 2203
27691 2203
27692 2203
27693 2203
27694 2203
27695 2203
27696 2203
27697 2203
27698 2203
27699 2203
27700 2203
27701 2203
27702 2203
27703 2203
27704 2203
27705 2203
27706 2203
27707 2203
27708 2203
27709 2203
27710 2203
27711 2203
27712 2203
27713 2203
27714 2203
27715 2203
27716 2203
27717 2203
27718 2203
27719 2203
27720 2203
27721 2203
27722 2203
27723 2203
27724 2203
27725 2203
27726 2203
27727 2203
27728 2203
27729 2203
27730 2203
27731 2203
27732 2203
27733 2203
27734 2203
27735 2203
27736 2203
27737 2203
27738 2203
27739 2203
27740 2203
27741 2203
27742 2203
27743 2203
27744 2203
27745 2203
27746 2203
27747 2203
27748 2203
27749 2203
27750 2203
27751 2203
27752 2203
27753 2203
27754 2203
27755 2203
27756 2203
27757 2203
27758 2203
27759 2203
27760 2203
27761 2203
27762 2203
27763 2203
27764 2203
27765 2203
27766 2203
27767 2203
27768 2203
27769 2203
27770 2203
27771 2203
27772 2203
27773 2203
27774 2203
27775 2203
27776 2203
27777 2203
27778 2203
27779 2203
27780 2203
27781 2203
27782 2203
27783 2203
27784 2203
27785 2203
27786 2203
27787 2203
27788 2203
27789 2203
27790 2203
27791 2203
27792 2203
27793 2203
27794 2203
27795 2203
27796 2203
27797 2203
27798 2203
27799 2203
27800 2203
27801 2203
27802 2203
27803 2203
27804 2203
27805 2203
27806 2203
27807 2203
27808 2203
27809 2203
27810 2203
27811 2203
27812 2203
27813 2203
27814 2203
27815 2203
27816 2203
27817 2203
27818 2203
27819 2203
27820 2203
27821 2203
27822 2203
27823 2203
27824 2203
27825 2203
27826 2203
27827 2203
27828 2203
27829 2203
27830 2203
27831 2203
27832 2203
27833 2203
27834 2203
27835 2203
27836 2203
27837 2203
27838 2203
27839 2203
27840 2203
27841 2203
27842 2203
27843 2203
27844 2203
27845 2203
27846 2203
27847 2203
27848 2203
27849 2203
27850 2203
27851 2203
27852 2203
27853 2203
27854 2203
27855 2203
27856 2203
27857 2203
27858 2203
27859 2203
27860 2203
27861 2203
27862 2203
27863 2203
27864 2203
27865 2203
27866 2203
27867 2203
27868 2203
27869 2203
27870 2203
27871 2203
27872 2203
27873 2203
27874 2203
27875 2203
27876 2203
27877 2203
27878 2203
27879 2203
27880 2203
27881 2203
27882 2203
27883 2203
27884 2203
27885 2203
27886 2203
27887 2203
27888 2203
27889 2203
27890 2203
27891 2203
27892 2203
27893 2203
27894 2203
27895 2203
27896 2203
27897 2203
27898 2203
27899 2203
27900 2203
27901 2203
27902 2203
27903 2203
27904 2203
27905 2203
27906 2203
27907 2203
27908 2203
27909 2203
27910 2203
27911 2203
27912 2203
27913 2203
27914 2203
27915 2203
27916 2203
27917 2203
27918 2203
27919 2203
27920 2203
27921 2203
27922 2203
27923 2203
27924 2203
27925 2203
27926 2203
27927 2203
27928 2203
27929 2203
27930 2203
27931 2203
27932 2203
27933 2203
27934 2203
27935 2203
27936 2203
27937 2203
27938 2203
27939 2203
27940 2203
27941 2203
27942 2203
27943 2203
27944 2203
27945 2203
27946 2203
27947 2203
27948 2203
27949 2203
27950 2203
27951 2203
27952 2203
27953 2203
27954 2203
27955 2203
27956 2203
27957 2203
27958 2203
27959 2203
27960 2203
27961 2203
27962 2203
27963 2203
27964 2203
27965 2203
27966 2203
27967 2203
27968 2203
27969 2203
27970 2203
27971 2203
27972 2203
27973 2203
27974 2203
27975 2203
27976 2203
27977 2203
27978 2203
27979 2203
27980 2203
27981 2203
27982 2203
27983 2203
27984 2203
27985 2203
27986 2203
27987 2203
27988 2203
27989 2203
27990 2203
27991 2203
27992 2203
27993 2203
27994 2203
27995 2203
27996 2203
27997 2203
27998 2203
27999 2203
28000 2203
28001 2203
28002 2203
28003 2203
28004 2203
28005 2203
28006 2203
28007 2203
28008 2203
28009 2203
28010 2203
28011 2203
28012 2203
28013 2203
28014 2203
28015 2203
28016 2203
28017 2203
28018 2203
28019 2203
28020 2203
28021 2203
28022 2203
28023 2203
28024 2203
28025 2203
28026 2203
28027 2203
28028 2203
28029 2203
28030 2203
28031 2203
28032 2203
28033 2203
28034 2203
28035 2203
28036 2203
28037 2203
28038 2203
28039 2203
28040 2203
28041 2203
28042 2203
28043 2203
28044 2203
28045 2203
28046 2203
28047 2203
28048 2203
28049 2203
28050 2203
28051 2203
28052 2203
28053 2203
28054 2203
28055 2203
28056 2203
28057 2203
28058 2203
28059 2203
28060 2203
28061 2203
28062 2203
28063 2203
28064 2203
28065 2203
28066 2203
28067 2203
28068 2203
28069 2203
28070 2203
28071 2203
28072 2203
28073 2203
28074 2203
28075 2203
28076 2203
28077 2203
28078 2203
28079 2203
28080 2203
28081 2203
28082 2203
28083 2203
28084 2203
28085 2203
28086 2203
28087 2203
28088 2203
28089 2203
28090 2203
28091 2203
28092 2203
28093 2203
28094 2203
28095 2203
28096 2203
28097 2203
28098 2203
28099 2203
28100 2203
28101 2203
28102 2203
28103 2203
28104 2203
28105 2203
28106 2203
28107 2203
28108 2203
28109 2203
28110 2203
28111 2203
28112 2203
28113 2203
28114 2203
28115 2203
28116 2203
28117 2203
28118 2203
28119 2203
28120 2203
28121 2203
28122 2203
28123 2203
28124 2203
28125 2203
28126 2203
28127 2203
28128 2203
28129 2203
28130 2203
28131 2203
28132 2203
28133 2203
28134 2203
28135 2203
28136 2203
28137 2203
28138 2203
28139 2203
28140 2203
28141 2203
28142 2203
28143 2203
28144 2203
28145 2203
28146 2203
28147 2203
28148 2203
28149 2203
28150 2203
28151 2203
28152 2203
28153 2203
28154 2203
28155 2203
28156 2203
28157 2203
28158 2203
28159 2203
28160 2203
28161 2203
28162 2203
28163 2203
28164 2203
28165 2203
28166 2203
28167 2203
28168 2203
28169 2203
28170 2203
28171 2203
28172 2203
28173 2203
28174 2203
28175 2203
28176 2203
28177 2203
28178 2203
28179 2203
28180 2203
28181 2203
28182 2203
28183 2203
28184 2203
28185 2203
28186 2203
28187 2203
28188 2203
28189 2203
28190 2203
28191 2203
28192 2203
28193 2203
28194 2203
28195 2203
28196 2203
28197 2203
28198 2203
28199 2203
28200 2203
28201 2203
28202 2203
28203 2203
28204 2203
28205 2203
28206 2203
28207 2203
28208 2203
28209 2203
28210 2203
28211 2203
28212 2203
28213 2203
28214 2203
28215 2203
28216 2203
28217 2203
28218 2203
28219 2203
28220 2203
28221 2203
28222 2203
28223 2203
28224 2203
28225 2203
28226 2203
28227 2203
28228 2203
28229 2203
28230 2203
28231 2203
28232 2203
28233 2203
28234 2203
28235 2203
28236 2203
28237 2203
28238 2203
28239 2203
28240 2203
28241 2203
28242 2203
28243 2203
28244 2203
28245 2203
28246 2203
28247 2203
28248 2203
28249 2203
28250 2203
28251 2203
28252 2203
28253 2203
28254 2203
28255 2203
28256 2203
28257 2203
28258 2203
28259 2203
28260 2203
28261 2203
28262 2203
28263 2203
28264 2203
28265 2203
28266 2203
28267 2203
28268 2203
28269 2203
28270 2203
28271 2203
28272 2203
28273 2203
28274 2203
28275 2203
28276 2203
28277 2203
28278 2203
28279 2203
28280 2203
28281 2203
28282 2203
28283 2203
28284 2203
28285 2203
28286 2203
28287 2203
28288 2203
28289 2203
28290 2203
28291 2203
28292 2203
28293 2203
28294 2203
28295 2203
28296 2203
28297 2203
28298 2203
28299 2203
28300 2203
28301 2203
28302 2203
28303 2203
28304 2203
28305 2203
28306 2203
28307 2203
28308 2203
28309 2203
28310 2203
28311 2203
28312 2203
28313 2203
28314 2203
28315 2203
28316 2203
28317 2203
28318 2203
28319 2203
28320 2203
28321 2203
28322 2203
28323 2203
28324 2203
28325 2203
28326 2203
28327 2203
28328 2203
28329 2203
28330 2203
28331 2203
28332 2203
28333 2203
28334 2203
28335 2203
28336 2203
28337 2203
28338 2203
28339 2203
28340 2203
28341 2203
28342 2203
28343 2203
28344 2203
28345 2203
28346 2203
28347 2203
28348 2203
28349 2203
28350 2203
28351 2203
28352 2203
28353 2203
28354 2203
28355 2203
28356 2203
28357 2203
28358 2203
28359 2203
28360 2203
28361 2203
28362 2203
28363 2203
28364 2203
28365 2203
28366 2203
28367 2203
28368 2203
28369 2203
28370 2203
28371 2203
28372 2203
28373 2203
28374 2203
28375 2203
28376 2203
28377 2203
28378 2203
28379 2203
28380 2203
28381 2203
28382 2203
28383 2203
28384 2203
28385 2203
28386 2203
28387 2203
28388 2203
28389 2203
28390 2203
28391 2203
28392 2203
28393 2203
28394 2203
28395 2203
28396 2203
28397 2203
28398 2203
28399 2203
28400 2203
28401 2203
28402 2203
28403 2203
28404 2203
28405 2203
28406 2203
28407 2203
28408 2203
28409 2203
28410 2203
28411 2203
28412 2203
28413 2203
28414 2203
28415 2203
28416 2203
28417 2203
28418 2203
28419 2203
28420 2203
28421 2203
28422 2203
28423 2203
28424 2203
28425 2203
28426 2203
28427 2203
28428 2203
28429 2203
28430 2203
28431 2203
28432 2203
28433 2203
28434 2203
28435 2203
28436 2203
28437 2203
28438 2203
28439 2203
28440 2203
28441 2203
28442 2203
28443 2203
28444 2203
28445 2203
28446 2203
28447 2203
28448 2203
28449 2203
28450 2203
28451 2203
28452 2203
28453 2203
28454 2203
28455 2203
28456 2203
28457 2203
28458 2203
28459 2203
28460 2203
28461 2203
28462 2203
28463 2203
28464 2203
28465 2203
28466 2203
28467 2203
28468 2203
28469 2203
28470 2203
28471 2203
28472 2203
28473 2203
28474 2203
28475 2203
28476 2203
28477 2203
28478 2203
28479 2203
28480 2203
28481 2203
28482 2203
28483 2203
28484 2203
28485 2203
28486 2203
28487 2203
28488 2203
28489 2203
28490 2203
28491 2203
28492 2203
28493 2203
28494 2203
28495 2203
28496 2203
28497 2203
28498 2203
28499 2203
28500 2203
28501 2203
28502 2203
28503 2203
28504 2203
28505 2203
28506 2203
28507 2203
28508 2203
28509 2203
28510 2203
28511 2203
28512 2203
28513 2203
28514 2203
28515 2203
28516 2203
28517 2203
28518 2203
28519 2203
28520 2203
28521 2203
28522 2203
28523 2203
28524 2203
28525 2203
28526 2203
28527 2203
28528 2203
28529 2203
28530 2203
28531 2203
28532 2203
28533 2203
28534 2203
28535 2203
28536 2203
28537 2203
28538 2203
28539 2203
28540 2203
28541 2203
28542 2203
28543 2203
28544 2203
28545 2203
28546 2203
28547 2203
28548 2203
28549 2203
28550 2203
28551 2203
28552 2203
28553 2203
28554 2203
28555 2203
28556 2203
28557 2203
28558 2203
28559 2203
28560 2203
28561 2203
28562 2203
28563 2203
28564 2203
28565 2203
28566 2203
28567 2203
28568 2203
28569 2203
28570 2203
28571 2203
28572 2203
28573 2203
28574 2203
28575 2203
28576 2203
28577 2203
28578 2203
28579 2203
28580 2203
28581 2203
28582 2203
28583 2203
28584 2203
28585 2203
28586 2203
28587 2203
28588 2199
28589 2199
28590 2199
28591 2199
28592 2199
28593 2199
28594 2199
28595 2199
28596 2199
28597 2199
28598 2199
28599 2199
28600 2197
28601 2197
28602 2197
28603 2197
28604 2197
28605 2197
28606 2197
28607 2197
28608 2197
28609 2197
28610 2197
28611 2197
28612 2197
28613 2197
28614 2197
28615 2197
28616 2197
28617 2197
28618 2197
28619 2197
28620 2197
28621 2197
28622 2197
28623 2197
28624 2197
28625 2197
28626 2197
28627 2197
28628 2197
28629 2197
28630 2197
28631 2197
28632 2197
28633 2197
28634 2197
28635 2197
28636 2197
28637 2197
28638 2197
28639 2197
28640 2197
28641 2197
28642 2197
28643 2197
28644 2197
28645 2197
28646 2197
28647 2197
28648 2197
28649 2197
28650 2197
28651 2197
28652 2197
28653 2197
28654 2197
28655 2197
28656 2197
28657 2197
28658 2197
28659 2197
28660 2196
28661 2196
28662 2196
28663 2196
28664 2196
28665 2196
28666 2196
28667 2196
28668 2196
28669 2196
28670 2196
28671 2196
28672 2196
28673 2196
28674 2196
28675 2196
28676 2196
28677 2196
28678 2196
28679 2196
28680 2196
28681 2196
28682 2196
28683 2196
28684 2196
28685 2196
28686 2196
28687 2196
28688 2196
28689 2196
28690 2196
28691 2196
28692 2196
28693 2196
28694 2196
28695 2196
28696 2196
28697 2196
28698 2196
28699 2196
28700 2196
28701 2196
28702 2196
28703 2196
28704 2196
28705 2196
28706 2196
28707 2196
28708 2196
28709 2196
28710 2196
28711 2196
28712 2196
28713 2196
28714 2196
28715 2196
28716 2196
28717 2196
28718 2196
28719 2196
28720 2196
28721 2196
28722 2196
28723 2196
28724 2196
28725 2196
28726 2196
28727 2196
28728 2196
28729 2196
28730 2196
28731 2196
28732 2196
28733 2196
28734 2196
28735 2196
28736 2196
28737 2196
28738 2196
28739 2196
28740 2196
28741 2196
28742 2196
28743 2196
28744 2196
28745 2196
28746 2196
28747 2196
28748 2196
28749 2196
28750 2196
28751 2196
28752 2196
28753 2196
28754 2196
28755 2196
28756 2196
28757 2196
28758 2196
28759 2196
28760 2196
28761 2196
28762 2196
28763 2196
28764 2196
28765 2196
28766 2196
28767 2196
28768 2196
28769 2196
28770 2196
28771 2196
28772 2196
28773 2196
28774 2196
28775 2196
28776 2196
28777 2196
28778 2196
28779 2196
28780 2196
28781 2196
28782 2196
28783 2196
28784 2196
28785 2196
28786 2196
28787 2196
28788 2196
28789 2196
28790 2196
28791 2196
28792 2196
28793 2196
28794 2196
28795 2196
28796 2196
28797 2196
28798 2196
28799 2196
28800 2196
28801 2196
28802 2196
28803 2196
28804 2196
28805 2196
28806 2196
28807 2196
28808 2196
28809 2196
28810 2196
28811 2196
28812 2196
28813 2196
28814 2196
28815 2196
28816 2196
28817 2196
28818 2196
28819 2196
28820 2196
28821 2196
28822 2196
28823 2196
28824 2196
28825 2196
28826 2196
28827 2196
28828 2196
28829 2196
28830 2196
28831 2196
28832 2196
28833 2196
28834 2196
28835 2196
28836 2196
28837 2196
28838 2196
28839 2196
28840 2196
28841 2196
28842 2196
28843 2196
28844 2196
28845 2196
28846 2196
28847 2196
28848 2196
28849 2196
28850 2196
28851 2196
28852 2196
28853 2196
28854 2196
28855 2196
28856 2196
28857 2196
28858 2196
28859 2196
28860 2196
28861 2196
28862 2196
28863 2196
28864 2196
28865 2196
28866 2196
28867 2196
28868 2196
28869 2196
28870 2196
28871 2196
28872 2196
28873 2196
28874 2196
28875 2196
28876 2196
28877 2196
28878 2196
28879 2196
28880 2196
28881 2196
28882 2196
28883 2196
28884 2196
28885 2196
28886 2196
28887 2193
28888 2193
28889 2193
28890 2193
28891 2193
28892 2193
28893 2193
28894 2193
28895 2193
28896 2193
28897 2193
28898 2193
28899 2193
28900 2193
28901 2193
28902 2193
28903 2193
28904 2193
28905 2193
28906 2193
28907 2193
28908 2193
28909 2193
28910 2193
28911 2193
28912 2193
28913 2193
28914 2193
28915 2193
28916 2193
28917 2193
28918 2193
28919 2193
28920 2193
28921 2193
28922 2193
28923 2193
28924 2193
28925 2193
28926 2193
28927 2193
28928 2193
28929 2193
28930 2193
28931 2193
28932 2193
28933 2193
28934 2193
28935 2193
28936 2193
28937 2193
28938 2193
28939 2193
28940 2193
28941 2193
28942 2193
28943 2193
28944 2193
28945 2193
28946 2193
28947 2193
28948 2193
28949 2193
28950 2193
28951 2193
28952 2193
28953 2193
28954 2193
28955 2193
28956 2193
28957 2193
28958 2193
28959 2193
28960 2193
28961 2193
28962 2193
28963 2193
28964 2193
28965 2193
28966 2193
28967 2193
28968 2193
28969 2193
28970 2193
28971 2193
28972 2193
28973 2193
28974 2193
28975 2193
28976 2193
28977 2193
28978 2193
28979 2193
28980 2193
28981 2193
28982 2193
28983 2193
28984 2193
28985 2193
28986 2193
28987 2193
28988 2193
28989 2193
28990 2193
28991 2193
28992 2193
28993 2193
28994 2193
28995 2193
28996 2193
28997 2193
28998 2193
28999 2193
29000 2193
29001 2193
29002 2193
29003 2193
29004 2193
29005 2193
29006 2193
29007 2193
29008 2193
29009 2193
29010 2193
29011 2193
29012 2193
29013 2193
29014 2193
29015 2193
29016 2193
29017 2193
29018 2193
29019 2192
29020 2192
29021 2192
29022 2192
29023 2192
29024 2192
29025 2192
29026 2192
29027 2192
29028 2192
29029 2192
29030 2192
29031 2192
29032 2192
29033 2192
29034 2192
29035 2192
29036 2192
29037 2192
29038 2192
29039 2192
29040 2192
29041 2192
29042 2192
29043 2192
29044 2192
29045 2192
29046 2192
29047 2192
29048 2191
29049 2191
29050 2191
29051 2191
29052 2191
29053 2191
29054 2191
29055 2191
29056 2191
29057 2191
29058 2191
29059 2191
29060 2191
29061 2191
29062 2191
29063 2191
29064 2191
29065 2191
29066 2191
29067 2191
29068 2191
29069 2191
29070 2191
29071 2191
29072 2191
29073 2191
29074 2191
29075 2191
29076 2191
29077 2191
29078 2191
29079 2191
29080 2191
29081 2191
29082 2191
29083 2191
29084 2191
29085 2191
29086 2191
29087 2191
29088 2191
29089 2191
29090 2191
29091 2191
29092 2191
29093 2191
29094 2191
29095 2191
29096 2191
29097 2191
29098 2191
29099 2191
29100 2191
29101 2191
29102 2191
29103 2191
29104 2191
29105 2191
29106 2191
29107 2191
29108 2191
29109 2191
29110 2191
29111 2191
29112 2191
29113 2191
29114 2191
29115 2191
29116 2191
29117 2191
29118 2191
29119 2191
29120 2191
29121 2191
29122 2191
29123 2191
29124 2191
29125 2191
29126 2191
29127 2191
29128 2191
29129 2191
29130 2191
29131 2191
29132 2191
29133 2191
29134 2191
29135 2191
29136 2191
29137 2191
29138 2191
29139 2191
29140 2191
29141 2191
29142 2191
29143 2191
29144 2191
29145 2191
29146 2191
29147 2191
29148 2191
29149 2191
29150 2191
29151 2191
29152 2191
29153 2191
29154 2191
29155 2191
29156 2191
29157 2191
29158 2191
29159 2191
29160 2191
29161 2191
29162 2191
29163 2191
29164 2191
29165 2191
29166 2191
29167 2191
29168 2191
29169 2191
29170 2191
29171 2191
29172 2191
29173 2191
29174 2191
29175 2191
29176 2191
29177 2191
29178 2191
29179 2191
29180 2191
29181 2191
29182 2191
29183 2191
29184 2191
29185 2191
29186 2191
29187 2191
29188 2191
29189 2191
29190 2191
29191 2191
29192 2191
29193 2191
29194 2191
29195 2191
29196 2191
29197 2191
29198 2191
29199 2191
29200 2191
29201 2191
29202 2191
29203 2191
29204 2191
29205 2191
29206 2191
29207 2191
29208 2191
29209 2191
29210 2191
29211 2191
29212 2191
29213 2191
29214 2191
29215 2191
29216 2191
29217 2191
29218 2191
29219 2191
29220 2191
29221 2191
29222 2191
29223 2191
29224 2191
29225 2191
29226 2191
29227 2191
29228 2191
29229 2191
29230 2191
29231 2191
29232 2191
29233 2191
29234 2191
29235 2191
29236 2191
29237 2191
29238 2191
29239 2191
29240 2191
29241 2191
29242 2191
29243 2191
29244 2191
29245 2191
29246 2191
29247 2191
29248 2191
29249 2191
29250 2191
29251 2191
29252 2191
29253 2191
29254 2191
29255 2191
29256 2191
29257 2191
29258 2191
29259 2191
29260 2191
29261 2191
29262 2191
29263 2191
29264 2191
29265 2191
29266 2191
29267 2191
29268 2191
29269 2191
29270 2191
29271 2191
29272 2191
29273 2191
29274 2191
29275 2191
29276 2191
29277 2191
29278 2191
29279 2191
29280 2191
29281 2191
29282 2191
29283 2191
29284 2191
29285 2191
29286 2191
29287 2191
29288 2191
29289 2191
29290 2191
29291 2191
29292 2191
29293 2191
29294 2191
29295 2191
29296 2191
29297 2191
29298 2191
29299 2191
29300 2191
29301 2191
29302 2191
29303 2191
29304 2191
29305 2191
29306 2191
29307 2191
29308 2191
29309 2191
29310 2191
29311 2191
29312 2191
29313 2191
29314 2191
29315 2191
29316 2191
29317 2191
29318 2191
29319 2191
29320 2191
29321 2191
29322 2191
29323 2191
29324 2191
29325 2191
29326 2191
29327 2191
29328 2191
29329 2191
29330 2191
29331 2191
29332 2191
29333 2191
29334 2191
29335 2191
29336 2191
29337 2191
29338 2191
29339 2191
29340 2191
29341 2191
29342 2191
29343 2191
29344 2191
29345 2191
29346 2191
29347 2191
29348 2191
29349 2191
29350 2191
29351 2191
29352 2191
29353 2191
29354 2191
29355 2191
29356 2191
29357 2191
29358 2191
29359 2191
29360 2191
29361 2191
29362 2191
29363 2191
29364 2191
29365 2191
29366 2191
29367 2191
29368 2191
29369 2191
29370 2191
29371 2191
29372 2191
29373 2191
29374 2191
29375 2191
29376 2191
29377 2191
29378 2191
29379 2191
29380 2191
29381 2191
29382 2191
29383 2191
29384 2191
29385 2191
29386 2191
29387 2191
29388 2191
29389 2191
29390 2191
29391 2191
29392 2191
29393 2191
29394 2191
29395 2191
29396 2191
29397 2191
29398 2191
29399 2191
29400 2191
29401 2191
29402 2191
29403 2191
29404 2191
29405 2191
29406 2191
29407 2191
29408 2191
29409 2191
29410 2191
29411 2191
29412 2191
29413 2191
29414 2191
29415 2191
29416 2191
29417 2191
29418 2191
29419 2191
29420 2191
29421 2191
29422 2191
29423 2191
29424 2191
29425 2191
29426 2191
29427 2191
29428 2191
29429 2191
29430 2191
29431 2191
29432 2191
29433 2191
29434 2191
29435 2191
29436 2191
29437 2191
29438 2191
29439 2191
29440 2191
29441 2191
29442 2191
29443 2191
29444 2191
29445 2191
29446 2191
29447 2191
29448 2191
29449 2190
29450 2190
29451 2190
29452 2190
29453 2190
29454 2190
29455 2190
29456 2190
29457 2190
29458 2190
29459 2190
29460 2190
29461 2190
29462 2190
29463 2190
29464 2190
29465 2190
29466 2190
29467 2190
29468 2190
29469 2190
29470 2190
29471 2190
29472 2190
29473 2190
29474 2190
29475 2190
29476 2190
29477 2190
29478 2190
29479 2190
29480 2190
29481 2190
29482 2190
29483 2190
29484 2190
29485 2190
29486 2190
29487 2190
29488 2190
29489 2190
29490 2190
29491 2190
29492 2190
29493 2190
29494 2190
29495 2190
29496 2190
29497 2190
29498 2190
29499 2190
29500 2190
29501 2190
29502 2190
29503 2190
29504 2190
29505 2190
29506 2190
29507 2190
29508 2190
29509 2190
29510 2190
29511 2190
29512 2190
29513 2190
29514 2190
29515 2190
29516 2190
29517 2190
29518 2190
29519 2190
29520 2190
29521 2190
29522 2190
29523 2190
29524 2190
29525 2190
29526 2190
29527 2190
29528 2190
29529 2190
29530 2190
29531 2190
29532 2190
29533 2190
29534 2190
29535 2190
29536 2190
29537 2190
29538 2190
29539 2190
29540 2190
29541 2190
29542 2190
29543 2190
29544 2190
29545 2190
29546 2190
29547 2190
29548 2190
29549 2190
29550 2190
29551 2190
29552 2190
29553 2190
29554 2190
29555 2190
29556 2190
29557 2190
29558 2190
29559 2190
29560 2190
29561 2190
29562 2190
29563 2190
29564 2190
29565 2190
29566 2190
29567 2190
29568 2190
29569 2190
29570 2190
29571 2190
29572 2190
29573 2190
29574 2190
29575 2190
29576 2190
29577 2190
29578 2190
29579 2190
29580 2190
29581 2190
29582 2190
29583 2190
29584 2190
29585 2190
29586 2190
29587 2190
29588 2190
29589 2190
29590 2190
29591 2190
29592 2190
29593 2190
29594 2190
29595 2190
29596 2190
29597 2190
29598 2190
29599 2190
29600 2190
29601 2190
29602 2190
29603 2190
29604 2190
29605 2190
29606 2190
29607 2190
29608 2190
29609 2190
29610 2190
29611 2190
29612 2190
29613 2190
29614 2190
29615 2190
29616 2190
29617 2190
29618 2190
29619 2190
29620 2190
29621 2190
29622 2190
29623 2190
29624 2190
29625 2190
29626 2190
29627 2190
29628 2190
29629 2190
29630 2190
29631 2190
29632 2190
29633 2190
29634 2190
29635 2190
29636 2190
29637 2190
29638 2190
29639 2190
29640 2190
29641 2190
29642 2190
29643 2190
29644 2190
29645 2190
29646 2190
29647 2190
29648 2190
29649 2190
29650 2190
29651 2190
29652 2190
29653 2190
29654 2190
29655 2190
29656 2190
29657 2190
29658 2190
29659 2190
29660 2190
29661 2190
29662 2190
29663 2190
29664 2190
29665 2190
29666 2190
29667 2190
29668 2190
29669 2190
29670 2190
29671 2190
29672 2190
29673 2190
29674 2190
29675 2190
29676 2190
29677 2190
29678 2190
29679 2190
29680 2190
29681 2190
29682 2190
29683 2190
29684 2190
29685 2190
29686 2190
29687 2190
29688 2190
29689 2190
29690 2190
29691 2190
29692 2190
29693 2190
29694 2190
29695 2190
29696 2190
29697 2190
29698 2190
29699 2190
29700 2190
29701 2190
29702 2190
29703 2190
29704 2190
29705 2190
29706 2190
29707 2190
29708 2190
29709 2190
29710 2190
29711 2190
29712 2190
29713 2190
29714 2190
29715 2190
29716 2190
29717 2190
29718 2190
29719 2190
29720 2190
29721 2190
29722 2190
29723 2190
29724 2190
29725 2190
29726 2190
29727 2190
29728 2190
29729 2190
29730 2190
29731 2190
29732 2190
29733 2190
29734 2190
29735 2190
29736 2190
29737 2190
29738 2190
29739 2190
29740 2190
29741 2190
29742 2190
29743 2190
29744 2190
29745 2190
29746 2190
29747 2190
29748 2190
29749 2190
29750 2190
29751 2190
29752 2190
29753 2190
29754 2190
29755 2190
29756 2190
29757 2190
29758 2190
29759 2190
29760 2190
29761 2190
29762 2190
29763 2190
29764 2190
29765 2190
29766 2190
29767 2190
29768 2190
29769 2190
29770 2190
29771 2190
29772 2190
29773 2190
29774 2190
29775 2190
29776 2190
29777 2190
29778 2190
29779 2190
29780 2190
29781 2190
29782 2190
29783 2190
29784 2190
29785 2190
29786 2190
29787 2190
29788 2190
29789 2190
29790 2190
29791 2190
29792 2190
29793 2190
29794 2190
29795 2190
29796 2190
29797 2190
29798 2190
29799 2190
29800 2190
29801 2190
29802 2190
29803 2190
29804 2190
29805 2190
29806 2190
29807 2190
29808 2190
29809 2190
29810 2190
29811 2190
29812 2190
29813 2190
29814 2190
29815 2190
29816 2190
29817 2190
29818 2190
29819 2190
29820 2190
29821 2190
29822 2190
29823 2190
29824 2190
29825 2190
29826 2190
29827 2190
29828 2190
29829 2190
29830 2190
29831 2190
29832 2190
29833 2190
29834 2190
29835 2190
29836 2190
29837 2190
29838 2190
29839 2190
29840 2190
29841 2190
29842 2190
29843 2190
29844 2190
29845 2190
29846 2190
29847 2190
29848 2190
29849 2190
29850 2190
29851 2190
29852 2190
29853 2190
29854 2190
29855 2190
29856 2190
29857 2190
29858 2190
29859 2190
29860 2190
29861 2190
29862 2190
29863 2190
29864 2190
29865 2190
29866 2190
29867 2190
29868 2190
29869 2190
29870 2190
29871 2190
29872 2190
29873 2190
29874 2190
29875 2190
29876 2190
29877 2190
29878 2190
29879 2190
29880 2190
29881 2190
29882 2190
29883 2190
29884 2190
29885 2190
29886 2190
29887 2190
29888 2190
29889 2190
29890 2190
29891 2190
29892 2190
29893 2190
29894 2190
29895 2190
29896 2190
29897 2190
29898 2190
29899 2190
29900 2190
29901 2190
29902 2190
29903 2190
29904 2190
29905 2190
29906 2190
29907 2190
29908 2190
29909 2190
29910 2190
29911 2190
29912 2190
29913 2190
29914 2190
29915 2190
29916 2190
29917 2190
29918 2190
29919 2190
29920 2190
29921 2190
29922 2190
29923 2190
29924 2190
29925 2190
29926 2190
29927 2190
29928 2190
29929 2190
29930 2190
29931 2190
29932 2190
29933 2190
29934 2190
29935 2190
29936 2190
29937 2190
29938 2190
29939 2190
29940 2190
29941 2190
29942 2190
29943 2190
29944 2190
29945 2190
29946 2190
29947 2190
29948 2190
29949 2190
29950 2190
29951 2190
29952 2190
29953 2190
29954 2190
29955 2190
29956 2190
29957 2190
29958 2190
29959 2190
29960 2190
29961 2190
29962 2190
29963 2190
29964 2190
29965 2190
29966 2190
29967 2190
29968 2190
29969 2190
29970 2190
29971 2190
29972 2190
29973 2190
29974 2190
29975 2190
29976 2190
29977 2190
29978 2190
29979 2190
29980 2190
29981 2190
29982 2190
29983 2190
29984 2190
29985 2190
29986 2190
29987 2190
29988 2190
29989 2190
29990 2190
29991 2190
29992 2190
29993 2190
29994 2190
29995 2190
29996 2190
29997 2190
29998 2190
29999 2190
30000 2190
30001 2190
30002 2190
30003 2190
30004 2190
30005 2190
30006 2190
30007 2190
30008 2190
30009 2190
30010 2190
30011 2190
30012 2190
30013 2190
30014 2190
30015 2190
30016 2190
30017 2190
30018 2190
30019 2190
30020 2190
30021 2190
30022 2190
30023 2190
30024 2190
30025 2190
30026 2190
30027 2190
30028 2190
30029 2190
30030 2190
30031 2190
30032 2190
30033 2190
30034 2190
30035 2190
30036 2190
30037 2190
30038 2190
30039 2190
30040 2190
30041 2190
30042 2190
30043 2190
30044 2190
30045 2190
30046 2190
30047 2190
30048 2190
30049 2190
30050 2190
30051 2190
30052 2190
30053 2190
30054 2190
30055 2190
30056 2190
30057 2190
30058 2190
30059 2190
30060 2190
30061 2190
30062 2190
30063 2190
30064 2190
30065 2190
30066 2188
30067 2188
30068 2188
30069 2188
30070 2188
30071 2188
30072 2188
30073 2188
30074 2188
30075 2188
30076 2188
30077 2188
30078 2188
30079 2188
30080 2188
30081 2188
30082 2188
30083 2188
30084 2188
30085 2188
30086 2188
30087 2188
30088 2188
30089 2188
30090 2188
30091 2188
30092 2188
30093 2188
30094 2188
30095 2188
30096 2188
30097 2188
30098 2188
30099 2188
30100 2188
30101 2188
30102 2188
30103 2188
30104 2188
30105 2188
30106 2188
30107 2188
30108 2188
30109 2188
30110 2188
30111 2188
30112 2188
30113 2188
30114 2188
30115 2188
30116 2188
30117 2188
30118 2188
30119 2188
30120 2188
30121 2188
30122 2188
30123 2188
30124 2188
30125 2188
30126 2188
30127 2188
30128 2188
30129 2188
30130 2188
30131 2188
30132 2188
30133 2188
30134 2188
30135 2188
30136 2188
30137 2188
30138 2188
30139 2188
30140 2188
30141 2188
30142 2188
30143 2188
30144 2188
30145 2188
30146 2188
30147 2188
30148 2188
30149 2188
30150 2188
30151 2188
30152 2188
30153 2188
30154 2188
30155 2188
30156 2187
30157 2187
30158 2187
30159 2187
30160 2187
30161 2187
30162 2187
30163 2187
30164 2187
30165 2187
30166 2187
30167 2187
30168 2187
30169 2187
30170 2187
30171 2187
30172 2187
30173 2187
30174 2187
30175 2187
30176 2187
30177 2187
30178 2187
30179 2187
30180 2187
30181 2187
30182 2187
30183 2187
30184 2187
30185 2187
30186 2187
30187 2187
30188 2187
30189 2187
30190 2187
30191 2187
30192 2187
30193 2187
30194 2187
30195 2187
30196 2187
30197 2187
30198 2187
30199 2187
30200 2187
30201 2187
30202 2187
30203 2187
30204 2187
30205 2187
30206 2187
30207 2187
30208 2187
30209 2187
30210 2187
30211 2187
30212 2187
30213 2187
30214 2187
30215 2187
30216 2187
30217 2187
30218 2187
30219 2187
30220 2187
30221 2187
30222 2187
30223 2187
30224 2187
30225 2187
30226 2187
30227 2187
30228 2187
30229 2187
30230 2187
30231 2187
30232 2187
30233 2187
30234 2187
30235 2187
30236 2179
30237 2179
30238 2179
30239 2176
30240 2176
30241 2176
30242 2176
30243 2176
30244 2176
30245 2176
30246 2176
30247 2176
30248 2176
30249 2176
30250 2176
30251 2176
30252 2176
30253 2176
30254 2176
30255 2176
30256 2176
30257 2176
30258 2176
30259 2176
30260 2176
30261 2176
30262 2176
30263 2176
30264 2176
30265 2176
30266 2176
30267 2176
30268 2176
30269 2176
30270 2176
30271 2176
30272 2176
30273 2176
30274 2176
30275 2176
30276 2176
30277 2176
30278 2176
30279 2176
30280 2176
30281 2176
30282 2176
30283 2176
30284 2176
30285 2176
30286 2176
30287 2176
30288 2176
30289 2176
30290 2176
30291 2176
30292 2176
30293 2176
30294 2176
30295 2176
30296 2176
30297 2176
30298 2176
30299 2176
30300 2176
30301 2176
30302 2176
30303 2176
30304 2176
30305 2176
30306 2176
30307 2176
30308 2176
30309 2176
30310 2176
30311 2176
30312 2176
30313 2176
30314 2176
30315 2176
30316 2176
30317 2176
30318 2176
30319 2176
30320 2176
30321 2176
30322 2176
30323 2176
30324 2176
30325 2176
30326 2176
30327 2176
30328 2176
30329 2176
30330 2176
30331 2176
30332 2176
30333 2176
30334 2176
30335 2176
30336 2176
30337 2176
30338 2176
30339 2176
30340 2176
30341 2176
30342 2176
30343 2176
30344 2176
30345 2176
30346 2176
30347 2176
30348 2176
30349 2176
30350 2176
30351 2176
30352 2176
30353 2176
30354 2176
30355 2176
30356 2176
30357 2176
30358 2176
30359 2176
30360 2176
30361 2176
30362 2176
30363 2176
30364 2176
30365 2176
30366 2176
30367 2176
30368 2176
30369 2176
30370 2176
30371 2176
30372 2176
30373 2176
30374 2176
30375 2176
30376 2176
30377 2176
30378 2176
30379 2176
30380 2176
30381 2176
30382 2176
30383 2176
30384 2176
30385 2176
30386 2176
30387 2176
30388 2176
30389 2176
30390 2176
30391 2176
30392 2176
30393 2176
30394 2176
30395 2176
30396 2176
30397 2176
30398 2176
30399 2176
30400 2176
30401 2176
30402 2176
30403 2176
30404 2176
30405 2176
30406 2176
30407 2176
30408 2176
30409 2176
30410 2176
30411 2176
30412 2176
30413 2176
30414 2176
30415 2176
30416 2176
30417 2176
30418 2176
30419 2176
30420 2176
30421 2176
30422 2176
30423 2176
30424 2176
30425 2176
30426 2176
30427 2176
30428 2176
30429 2176
30430 2176
30431 2176
30432 2176
30433 2176
30434 2176
30435 2176
30436 2176
30437 2176
30438 2176
30439 2176
30440 2176
30441 2176
30442 2176
30443 2176
30444 2176
30445 2176
30446 2176
30447 2176
30448 2176
30449 2176
30450 2176
30451 2176
30452 2176
30453 2176
30454 2176
30455 2176
30456 2176
30457 2176
30458 2176
30459 2176
30460 2176
30461 2176
30462 2176
30463 2176
30464 2176
30465 2176
30466 2176
30467 2176
30468 2176
30469 2176
30470 2176
30471 2176
30472 2176
30473 2176
30474 2176
30475 2176
30476 2176
30477 2176
30478 2176
30479 2176
30480 2176
30481 2176
30482 2176
30483 2176
30484 2176
30485 2176
30486 2176
30487 2176
30488 2176
30489 2176
30490 2176
30491 2176
30492 2176
30493 2176
30494 2176
30495 2176
30496 2176
30497 2176
30498 2176
30499 2176
30500 2176
30501 2176
30502 2176
30503 2176
30504 2176
30505 2176
30506 2176
30507 2176
30508 2176
30509 2176
30510 2176
30511 2176
30512 2176
30513 2176
30514 2176
30515 2176
30516 2176
30517 2176
30518 2176
30519 2176
30520 2176
30521 2176
30522 2176
30523 2176
30524 2176
30525 2176
30526 2176
30527 2176
30528 2176
30529 2176
30530 2176
30531 2176
30532 2176
30533 2176
30534 2176
30535 2176
30536 2176
30537 2176
30538 2176
30539 2176
30540 2176
30541 2176
30542 2176
30543 2176
30544 2176
30545 2176
30546 2176
30547 2176
30548 2176
30549 2176
30550 2176
30551 2176
30552 2176
30553 2176
30554 2176
30555 2176
30556 2176
30557 2176
30558 2176
30559 2176
30560 2176
30561 2176
30562 2176
30563 2176
30564 2176
30565 2176
30566 2176
30567 2176
30568 2176
30569 2176
30570 2176
30571 2176
30572 2176
30573 2176
30574 2176
30575 2176
30576 2176
30577 2176
30578 2176
30579 2176
30580 2176
30581 2176
30582 2176
30583 2176
30584 2176
30585 2176
30586 2176
30587 2176
30588 2176
30589 2176
30590 2176
30591 2176
30592 2176
30593 2176
30594 2176
30595 2176
30596 2176
30597 2176
30598 2176
30599 2176
30600 2176
30601 2176
30602 2176
30603 2176
30604 2176
30605 2176
30606 2176
30607 2176
30608 2176
30609 2176
30610 2176
30611 2176
30612 2176
30613 2176
30614 2176
30615 2176
30616 2176
30617 2176
30618 2176
30619 2176
30620 2176
30621 2176
30622 2176
30623 2176
30624 2176
30625 2176
30626 2176
30627 2176
30628 2176
30629 2176
30630 2176
30631 2176
30632 2176
30633 2176
30634 2176
30635 2176
30636 2176
30637 2176
30638 2176
30639 2176
30640 2176
30641 2176
30642 2176
30643 2176
30644 2176
30645 2176
30646 2176
30647 2176
30648 2176
30649 2176
30650 2176
30651 2176
30652 2176
30653 2176
30654 2176
30655 2176
30656 2176
30657 2176
30658 2176
30659 2176
30660 2176
30661 2176
30662 2176
30663 2176
30664 2176
30665 2176
30666 2176
30667 2176
30668 2176
30669 2176
30670 2176
30671 2176
30672 2176
30673 2176
30674 2176
30675 2176
30676 2176
30677 2176
30678 2176
30679 2176
30680 2176
30681 2176
30682 2176
30683 2176
30684 2176
30685 2176
30686 2176
30687 2176
30688 2176
30689 2176
30690 2176
30691 2176
30692 2176
30693 2176
30694 2176
30695 2176
30696 2176
30697 2176
30698 2176
30699 2176
30700 2176
30701 2176
30702 2176
30703 2176
30704 2176
30705 2176
30706 2176
30707 2176
30708 2176
30709 2176
30710 2176
30711 2176
30712 2176
30713 2176
30714 2172
30715 2172
30716 2172
30717 2172
30718 2172
30719 2172
30720 2172
30721 2172
30722 2172
30723 2172
30724 2172
30725 2172
30726 2172
30727 2172
30728 2172
30729 2172
30730 2172
30731 2172
30732 2172
30733 2172
30734 2172
30735 2172
30736 2172
30737 2172
30738 2172
30739 2172
30740 2172
30741 2172
30742 2172
30743 2172
30744 2172
30745 2172
30746 2172
30747 2172
30748 2172
30749 2172
30750 2172
30751 2172
30752 2172
30753 2172
30754 2172
30755 2172
30756 2172
30757 2172
30758 2172
30759 2172
30760 2172
30761 2172
30762 2172
30763 2172
30764 2172
30765 2172
30766 2172
30767 2172
30768 2172
30769 2172
30770 2172
30771 2172
30772 2172
30773 2172
30774 2172
30775 2172
30776 2172
30777 2172
30778 2172
30779 2172
30780 2172
30781 2172
30782 2172
30783 2172
30784 2172
30785 2172
30786 2172
30787 2172
30788 2172
30789 2172
30790 2172
30791 2172
30792 2172
30793 2172
30794 2172
30795 2172
30796 2172
30797 2172
30798 2172
30799 2172
30800 2172
30801 2172
30802 2172
30803 2172
30804 2172
30805 2172
30806 2172
30807 2172
30808 2172
30809 2172
30810 2172
30811 2172
30812 2172
30813 2172
30814 2172
30815 2172
30816 2172
30817 2172
30818 2172
30819 2172
30820 2172
30821 2172
30822 2172
30823 2172
30824 2172
30825 2172
30826 2172
30827 2172
30828 2172
30829 2172
30830 2172
30831 2172
30832 2172
30833 2172
30834 2172
30835 2172
30836 2172
30837 2172
30838 2172
30839 2172
30840 2172
30841 2172
30842 2172
30843 2172
30844 2172
30845 2172
30846 2172
30847 2172
30848 2172
30849 2172
30850 2172
30851 2172
30852 2172
30853 2172
30854 2172
30855 2172
30856 2172
30857 2172
30858 2172
30859 2172
30860 2172
30861 2172
30862 2172
30863 2172
30864 2172
30865 2172
30866 2172
30867 2172
30868 2172
30869 2172
30870 2172
30871 2172
30872 2172
30873 2172
30874 2172
30875 2172
30876 2172
30877 2172
30878 2172
30879 2172
30880 2172
30881 2172
30882 2172
30883 2172
30884 2172
30885 2172
30886 2172
30887 2172
30888 2172
30889 2163
30890 2163
30891 2163
30892 2163
30893 2163
30894 2163
30895 2163
30896 2163
30897 2163
30898 2163
30899 2163
30900 2163
30901 2163
30902 2163
30903 2163
30904 2163
30905 2163
30906 2163
30907 2163
30908 2163
30909 2163
30910 2163
30911 2163
30912 2163
30913 2163
30914 2163
30915 2163
30916 2163
30917 2163
30918 2163
30919 2163
30920 2163
30921 2163
30922 2163
30923 2163
30924 2163
30925 2163
30926 2163
30927 2163
30928 2163
30929 2163
30930 2163
30931 2163
30932 2163
30933 2163
30934 2163
30935 2163
30936 2163
30937 2163
30938 2163
30939 2163
30940 2163
30941 2163
30942 2163
30943 2163
30944 2163
30945 2163
30946 2163
30947 2163
30948 2163
30949 2163
30950 2163
30951 2163
30952 2163
30953 2163
30954 2163
30955 2163
30956 2163
30957 2163
30958 2163
30959 2163
30960 2163
30961 2163
30962 2163
30963 2163
30964 2163
30965 2163
30966 2163
30967 2163
30968 2163
30969 2163
30970 2163
30971 2163
30972 2163
30973 2163
30974 2163
30975 2163
30976 2161
30977 2161
30978 2161
30979 2161
30980 2161
30981 2161
30982 2161
30983 2161
30984 2161
30985 2161
30986 2161
30987 2161
30988 2161
30989 2161
30990 2161
30991 2161
30992 2161
30993 2161
30994 2161
30995 2161
30996 2161
30997 2161
30998 2161
30999 2161
31000 2161
31001 2161
31002 2161
31003 2161
31004 2161
31005 2161
31006 2161
31007 2161
31008 2161
31009 2161
31010 2161
31011 2161
31012 2161
31013 2161
31014 2161
31015 2161
31016 2161
31017 2161
31018 2161
31019 2161
31020 2161
31021 2161
31022 2161
31023 2161
31024 2161
31025 2161
31026 2161
31027 2161
31028 2161
31029 2161
31030 2161
31031 2161
31032 2161
31033 2161
31034 2161
31035 2161
31036 2161
31037 2161
31038 2161
31039 2161
31040 2161
31041 2161
31042 2161
31043 2161
31044 2161
31045 2161
31046 2161
31047 2161
31048 2161
31049 2161
31050 2161
31051 2161
31052 2161
31053 2161
31054 2161
31055 2161
31056 2161
31057 2161
31058 2161
31059 2161
31060 2161
31061 2161
31062 2161
31063 2161
31064 2161
31065 2161
31066 2161
31067 2161
31068 2161
31069 2161
31070 2161
31071 2161
31072 2161
31073 2161
31074 2161
31075 2161
31076 2161
31077 2161
31078 2161
31079 2161
31080 2161
31081 2161
31082 2161
31083 2161
31084 2161
31085 2161
31086 2161
31087 2161
31088 2161
31089 2161
31090 2161
31091 2161
31092 2161
31093 2161
31094 2161
31095 2161
31096 2161
31097 2161
31098 2161
31099 2161
31100 2161
31101 2161
31102 2161
31103 2161
31104 2161
31105 2161
31106 2161
31107 2161
31108 2161
31109 2161
31110 2161
31111 2161
31112 2161
31113 2161
31114 2161
31115 2161
31116 2161
31117 2161
31118 2161
31119 2161
31120 2161
31121 2161
31122 2161
31123 2161
31124 2161
31125 2161
31126 2161
31127 2161
31128 2161
31129 2161
31130 2161
31131 2161
31132 2161
31133 2161
31134 2161
31135 2161
31136 2161
31137 2161
31138 2161
31139 2161
31140 2161
31141 2161
31142 2161
31143 2161
31144 2161
31145 2161
31146 2161
31147 2161
31148 2161
31149 2161
31150 2161
31151 2161
31152 2161
31153 2161
31154 2161
31155 2161
31156 2161
31157 2161
31158 2161
31159 2161
31160 2161
31161 2161
31162 2161
31163 2161
31164 2161
31165 2161
31166 2161
31167 2161
31168 2161
31169 2161
31170 2161
31171 2161
31172 2161
31173 2161
31174 2161
31175 2161
31176 2161
31177 2161
31178 2161
31179 2161
31180 2161
31181 2161
31182 2161
31183 2161
31184 2161
31185 2161
31186 2161
31187 2161
31188 2161
31189 2161
31190 2161
31191 2161
31192 2161
31193 2161
31194 2161
31195 2161
31196 2161
31197 2161
31198 2161
31199 2161
31200 2161
31201 2161
31202 2161
31203 2161
31204 2161
31205 2161
31206 2161
31207 2161
31208 2161
31209 2161
31210 2161
31211 2161
31212 2161
31213 2161
31214 2161
31215 2161
31216 2161
31217 2161
31218 2161
31219 2161
31220 2161
31221 2161
31222 2161
31223 2161
31224 2161
31225 2161
31226 2161
31227 2161
31228 2161
31229 2161
31230 2161
31231 2161
31232 2161
31233 2161
31234 2161
31235 2161
31236 2161
31237 2161
31238 2161
31239 2161
31240 2161
31241 2161
31242 2161
31243 2161
31244 2161
31245 2161
31246 2161
31247 2161
31248 2161
31249 2161
31250 2161
31251 2161
31252 2161
31253 2161
31254 2161
31255 2161
31256 2161
31257 2161
31258 2161
31259 2161
31260 2161
31261 2161
31262 2161
31263 2161
31264 2161
31265 2161
31266 2161
31267 2161
31268 2161
31269 2161
31270 2161
31271 2161
31272 2161
31273 2161
31274 2161
31275 2161
31276 2161
31277 2161
31278 2161
31279 2161
31280 2161
31281 2161
31282 2161
31283 2161
31284 2161
31285 2161
31286 2161
31287 2161
31288 2161
31289 2161
31290 2161
31291 2161
31292 2161
31293 2161
31294 2161
31295 2161
31296 2161
31297 2161
31298 2161
31299 2161
31300 2161
31301 2161
31302 2161
31303 2161
31304 2161
31305 2161
31306 2161
31307 2161
31308 2161
31309 2161
31310 2161
31311 2161
31312 2161
31313 2161
31314 2161
31315 2161
31316 2161
31317 2161
31318 2161
31319 2161
31320 2161
31321 2161
31322 2161
31323 2161
31324 2161
31325 2161
31326 2161
31327 2161
31328 2161
31329 2161
31330 2161
31331 2161
31332 2161
31333 2161
31334 2161
31335 2161
31336 2161
31337 2161
31338 2161
31339 2161
31340 2161
31341 2161
31342 2161
31343 2161
31344 2161
31345 2161
31346 2161
31347 2161
31348 2161
31349 2161
31350 2161
31351 2161
31352 2161
31353 2161
31354 2161
31355 2161
31356 2161
31357 2161
31358 2161
31359 2161
31360 2161
31361 2161
31362 2161
31363 2161
31364 2161
31365 2161
31366 2161
31367 2161
31368 2161
31369 2161
31370 2161
31371 2161
31372 2161
31373 2161
31374 2161
31375 2161
31376 2161
31377 2161
31378 2161
31379 2161
31380 2161
31381 2161
31382 2161
31383 2161
31384 2161
31385 2161
31386 2161
31387 2161
31388 2161
31389 2161
31390 2161
31391 2161
31392 2161
31393 2161
31394 2161
31395 2161
31396 2161
31397 2161
31398 2161
31399 2161
31400 2161
31401 2161
31402 2161
31403 2161
31404 2161
31405 2161
31406 2161
31407 2161
31408 2161
31409 2161
31410 2161
31411 2161
31412 2161
31413 2161
31414 2161
31415 2161
31416 2161
31417 2161
31418 2161
31419 2161
31420 2161
31421 2161
31422 2161
31423 2161
31424 2161
31425 2161
31426 2161
31427 2161
31428 2161
31429 2161
31430 2161
31431 2161
31432 2161
31433 2161
31434 2161
31435 2161
31436 2161
31437 2161
31438 2161
31439 2161
31440 2161
31441 2161
31442 2161
31443 2161
31444 2161
31445 2161
31446 2161
31447 2161
31448 2161
31449 2161
31450 2161
31451 2161
31452 2161
31453 2161
31454 2161
31455 2161
31456 2161
31457 2159
31458 2159
31459 2159
31460 2159
31461 2159
31462 2159
31463 2159
31464 2159
31465 2159
31466 2159
31467 2159
31468 2159
31469 2159
31470 2159
31471 2159
31472 2159
31473 2159
31474 2159
31475 2159
31476 2159
31477 2159
31478 2159
31479 2159
31480 2159
31481 2159
31482 2159
31483 2159
31484 2159
31485 2159
31486 2159
31487 2159
31488 2159
31489 2159
31490 2159
31491 2159
31492 2159
31493 2159
31494 2159
31495 2159
31496 2159
31497 2159
31498 2159
31499 2159
31500 2152
31501 2152
31502 2152
31503 2152
31504 2152
31505 2152
31506 2152
31507 2152
31508 2152
31509 2152
31510 2152
31511 2152
31512 2152
31513 2152
31514 2152
31515 2152
31516 2152
31517 2152
31518 2152
31519 2152
31520 2152
31521 2152
31522 2152
31523 2152
31524 2152
31525 2152
31526 2152
31527 2152
31528 2152
31529 2152
31530 2152
31531 2152
31532 2152
31533 2152
31534 2152
31535 2152
31536 2152
31537 2152
31538 2152
31539 2152
31540 2152
31541 2152
31542 2152
31543 2152
31544 2152
31545 2152
31546 2152
31547 2152
31548 2152
31549 2152
31550 2152
31551 2152
31552 2152
31553 2152
31554 2152
31555 2152
31556 2152
31557 2152
31558 2152
31559 2152
31560 2152
31561 2152
31562 2152
31563 2152
31564 2152
31565 2152
31566 2152
31567 2152
31568 2152
31569 2152
31570 2152
31571 2152
31572 2152
31573 2152
31574 2152
31575 2152
31576 2152
31577 2152
31578 2152
31579 2152
31580 2152
31581 2152
31582 2152
31583 2152
31584 2152
31585 2152
31586 2152
31587 2152
31588 2152
31589 2152
31590 2152
31591 2152
31592 2152
31593 2152
31594 2152
31595 2152
31596 2152
31597 2152
31598 2152
31599 2152
31600 2152
31601 2152
31602 2152
31603 2152
31604 2152
31605 2152
31606 2152
31607 2152
31608 2152
31609 2152
31610 2152
31611 2152
31612 2152
31613 2152
31614 2152
31615 2152
31616 2151
31617 2151
31618 2151
31619 2151
31620 2151
31621 2151
31622 2151
31623 2151
31624 2151
31625 2151
31626 2151
31627 2151
31628 2151
31629 2151
31630 2151
31631 2151
31632 2151
31633 2151
31634 2151
31635 2151
31636 2151
31637 2151
31638 2151
31639 2151
31640 2151
31641 2151
31642 2151
31643 2151
31644 2151
31645 2151
31646 2151
31647 2151
31648 2151
31649 2151
31650 2151
31651 2151
31652 2151
31653 2151
31654 2151
31655 2151
31656 2151
31657 2151
31658 2151
31659 2151
31660 2151
31661 2151
31662 2151
31663 2151
31664 2151
31665 2151
31666 2151
31667 2151
31668 2151
31669 2151
31670 2151
31671 2151
31672 2151
31673 2151
31674 2151
31675 2151
31676 2151
31677 2151
31678 2151
31679 2151
31680 2151
31681 2151
31682 2151
31683 2151
31684 2151
31685 2151
31686 2151
31687 2151
31688 2151
31689 2151
31690 2151
31691 2151
31692 2151
31693 2151
31694 2151
31695 2151
31696 2151
31697 2151
31698 2151
31699 2151
31700 2151
31701 2151
31702 2151
31703 2151
31704 2151
31705 2151
31706 2151
31707 2151
31708 2151
31709 2151
31710 2151
31711 2151
31712 2151
31713 2151
31714 2151
31715 2151
31716 2151
31717 2151
31718 2151
31719 2151
31720 2151
31721 2151
31722 2151
31723 2151
31724 2151
31725 2151
31726 2151
31727 2151
31728 2151
31729 2151
31730 2151
31731 2151
31732 2151
31733 2151
31734 2151
31735 2151
31736 2151
31737 2151
31738 2151
31739 2151
31740 2151
31741 2151
31742 2151
31743 2151
31744 2151
31745 2151
31746 2151
31747 2151
31748 2151
31749 2151
31750 2151
31751 2151
31752 2151
31753 2151
31754 2151
31755 2151
31756 2151
31757 2151
31758 2151
31759 2151
31760 2151
31761 2151
31762 2151
31763 2151
31764 2151
31765 2151
31766 2151
31767 2151
31768 2151
31769 2151
31770 2151
31771 2151
31772 2151
31773 2151
31774 2151
31775 2151
31776 2151
31777 2151
31778 2151
31779 2151
31780 2151
31781 2151
31782 2151
31783 2151
31784 2151
31785 2151
31786 2151
31787 2151
31788 2151
31789 2151
31790 2151
31791 2151
31792 2151
31793 2151
31794 2151
31795 2151
31796 2151
31797 2151
31798 2151
31799 2151
31800 2151
31801 2151
31802 2151
31803 2151
31804 2151
31805 2151
31806 2151
31807 2151
31808 2151
31809 2151
31810 2151
31811 2151
31812 2151
31813 2151
31814 2151
31815 2151
31816 2151
31817 2151
31818 2151
31819 2151
31820 2151
31821 2151
31822 2151
31823 2151
31824 2151
31825 2151
31826 2151
31827 2151
31828 2151
31829 2151
31830 2151
31831 2151
31832 2151
31833 2151
31834 2151
31835 2151
31836 2151
31837 2151
31838 2151
31839 2151
31840 2151
31841 2151
31842 2151
31843 2151
31844 2151
31845 2151
31846 2151
31847 2151
31848 2151
31849 2151
31850 2151
31851 2151
31852 2151
31853 2151
31854 2151
31855 2151
31856 2151
31857 2151
31858 2151
31859 2151
31860 2151
31861 2151
31862 2151
31863 2151
31864 2151
31865 2151
31866 2151
31867 2151
31868 2151
31869 2151
31870 2151
31871 2151
31872 2151
31873 2151
31874 2151
31875 2151
31876 2151
31877 2151
31878 2151
31879 2151
31880 2151
31881 2151
31882 2151
31883 2151
31884 2151
31885 2151
31886 2151
31887 2151
31888 2151
31889 2151
31890 2151
31891 2151
31892 2151
31893 2151
31894 2151
31895 2151
31896 2151
31897 2151
31898 2151
31899 2151
31900 2151
31901 2151
31902 2151
31903 2151
31904 2151
31905 2151
31906 2151
31907 2151
31908 2151
31909 2151
31910 2151
31911 2151
31912 2151
31913 2151
31914 2151
31915 2151
31916 2151
31917 2151
31918 2151
31919 2151
31920 2151
31921 2151
31922 2151
31923 2151
31924 2151
31925 2151
31926 2151
31927 2151
31928 2151
31929 2151
31930 2151
31931 2151
31932 2151
31933 2151
31934 2151
31935 2151
31936 2151
31937 2151
31938 2151
31939 2151
31940 2151
31941 2151
31942 2151
31943 2151
31944 2151
31945 2151
31946 2151
31947 2151
31948 2151
31949 2151
31950 2151
31951 2151
31952 2151
31953 2151
31954 2151
31955 2151
31956 2151
31957 2151
31958 2151
31959 2151
31960 2151
31961 2151
31962 2151
31963 2151
31964 2151
31965 2151
31966 2151
31967 2151
31968 2151
31969 2151
31970 2151
31971 2151
31972 2151
31973 2151
31974 2151
31975 2151
31976 2151
31977 2151
31978 2151
31979 2151
31980 2151
31981 2151
31982 2151
31983 2151
31984 2151
31985 2151
31986 2151
31987 2151
31988 2151
31989 2151
31990 2151
31991 2151
31992 2151
31993 2151
31994 2151
31995 2151
31996 2151
31997 2151
31998 2151
31999 2151
32000 2151
32001 2151
32002 2151
32003 2151
32004 2151
32005 2151
32006 2151
32007 2151
32008 2151
32009 2151
32010 2151
32011 2151
32012 2151
32013 2151
32014 2151
32015 2151
32016 2151
32017 2151
32018 2151
32019 2151
32020 2151
32021 2151
32022 2151
32023 2151
32024 2151
32025 2151
32026 2151
32027 2151
32028 2151
32029 2151
32030 2151
32031 2151
32032 2151
32033 2151
32034 2151
32035 2151
32036 2151
32037 2151
32038 2151
32039 2151
32040 2151
32041 2151
32042 2151
32043 2151
32044 2151
32045 2151
32046 2151
32047 2151
32048 2151
32049 2151
32050 2151
32051 2151
32052 2151
32053 2151
32054 2151
32055 2151
32056 2151
32057 2151
32058 2151
32059 2151
32060 2151
32061 2151
32062 2151
32063 2151
32064 2151
32065 2151
32066 2151
32067 2151
32068 2151
32069 2151
32070 2151
32071 2151
32072 2151
32073 2151
32074 2151
32075 2151
32076 2151
32077 2151
32078 2151
32079 2151
32080 2151
32081 2151
32082 2151
32083 2151
32084 2151
32085 2151
32086 2151
32087 2151
32088 2151
32089 2151
32090 2151
32091 2151
32092 2151
32093 2150
32094 2150
32095 2150
32096 2150
32097 2150
32098 2150
32099 2150
32100 2150
32101 2150
32102 2150
32103 2150
32104 2150
32105 2150
32106 2150
32107 2150
32108 2150
32109 2150
32110 2150
32111 2150
32112 2150
32113 2150
32114 2150
32115 2150
32116 2150
32117 2150
32118 2150
32119 2150
32120 2150
32121 2150
32122 2150
32123 2150
32124 2150
32125 2150
32126 2150
32127 2150
32128 2150
32129 2150
32130 2150
32131 2150
32132 2150
32133 2150
32134 2150
32135 2150
32136 2150
32137 2150
32138 2150
32139 2150
32140 2150
32141 2150
32142 2150
32143 2150
32144 2150
32145 2150
32146 2150
32147 2150
32148 2150
32149 2150
32150 2150
32151 2150
32152 2150
32153 2150
32154 2150
32155 2150
32156 2150
32157 2150
32158 2150
32159 2150
32160 2150
32161 2150
32162 2150
32163 2150
32164 2150
32165 2150
32166 2150
32167 2150
32168 2150
32169 2150
32170 2150
32171 2150
32172 2150
32173 2150
32174 2150
32175 2150
32176 2150
32177 2150
32178 2150
32179 2150
32180 2150
32181 2150
32182 2150
32183 2150
32184 2150
32185 2150
32186 2150
32187 2150
32188 2150
32189 2150
32190 2150
32191 2150
32192 2150
32193 2150
32194 2150
32195 2150
32196 2150
32197 2150
32198 2150
32199 2150
32200 2150
32201 2150
32202 2150
32203 2150
32204 2150
32205 2150
32206 2150
32207 2150
32208 2150
32209 2150
32210 2150
32211 2150
32212 2150
32213 2150
32214 2150
32215 2150
32216 2150
32217 2150
32218 2150
32219 2150
32220 2150
32221 2150
32222 2150
32223 2150
32224 2150
32225 2150
32226 2150
32227 2150
32228 2150
32229 2150
32230 2150
32231 2150
32232 2150
32233 2150
32234 2150
32235 2150
32236 2150
32237 2150
32238 2150
32239 2150
32240 2150
32241 2150
32242 2150
32243 2150
32244 2150
32245 2150
32246 2150
32247 2150
32248 2150
32249 2150
32250 2150
32251 2150
32252 2150
32253 2150
32254 2150
32255 2150
32256 2150
32257 2150
32258 2150
32259 2150
32260 2150
32261 2150
32262 2150
32263 2150
32264 2150
32265 2150
32266 2150
32267 2150
32268 2150
32269 2150
32270 2150
32271 2150
32272 2150
32273 2150
32274 2150
32275 2150
32276 2150
32277 2150
32278 2150
32279 2150
32280 2150
32281 2150
32282 2150
32283 2150
32284 2150
32285 2150
32286 2150
32287 2150
32288 2150
32289 2150
32290 2150
32291 2150
32292 2150
32293 2150
32294 2150
32295 2150
32296 2150
32297 2150
32298 2150
32299 2150
32300 2150
32301 2150
32302 2150
32303 2150
32304 2150
32305 2150
32306 2150
32307 2150
32308 2150
32309 2150
32310 2150
32311 2150
32312 2150
32313 2150
32314 2150
32315 2150
32316 2150
32317 2150
32318 2150
32319 2150
32320 2150
32321 2150
32322 2150
32323 2150
32324 2150
32325 2150
32326 2150
32327 2150
32328 2150
32329 2150
32330 2150
32331 2150
32332 2150
32333 2150
32334 2150
32335 2150
32336 2150
32337 2150
32338 2150
32339 2150
32340 2150
32341 2150
32342 2150
32343 2150
32344 2150
32345 2150
32346 2150
32347 2150
32348 2150
32349 2150
32350 2150
32351 2150
32352 2150
32353 2150
32354 2150
32355 2150
32356 2150
32357 2150
32358 2150
32359 2150
32360 2150
32361 2150
32362 2150
32363 2150
32364 2150
32365 2150
32366 2150
32367 2150
32368 2150
32369 2150
32370 2150
32371 2150
32372 2150
32373 2150
32374 2150
32375 2150
32376 2150
32377 2150
32378 2150
32379 2150
32380 2150
32381 2150
32382 2150
32383 2150
32384 2150
32385 2150
32386 2150
32387 2150
32388 2150
32389 2150
32390 2150
32391 2150
32392 2150
32393 2150
32394 2150
32395 2150
32396 2150
32397 2150
32398 2150
32399 2150
32400 2150
32401 2150
32402 2150
32403 2150
32404 2150
32405 2150
32406 2150
32407 2150
32408 2150
32409 2150
32410 2150
32411 2150
32412 2150
32413 2150
32414 2150
32415 2150
32416 2150
32417 2150
32418 2150
32419 2150
32420 2150
32421 2150
32422 2150
32423 2150
32424 2150
32425 2150
32426 2150
32427 2150
32428 2150
32429 2150
32430 2150
32431 2150
32432 2150
32433 2150
32434 2150
32435 2150
32436 2150
32437 2150
32438 2150
32439 2150
32440 2150
32441 2150
32442 2150
32443 2150
32444 2150
32445 2150
32446 2150
32447 2150
32448 2150
32449 2150
32450 2150
32451 2150
32452 2150
32453 2150
32454 2150
32455 2150
32456 2150
32457 2150
32458 2150
32459 2150
32460 2150
32461 2150
32462 2150
32463 2150
32464 2150
32465 2150
32466 2150
32467 2150
32468 2150
32469 2150
32470 2150
32471 2150
32472 2150
32473 2150
32474 2150
32475 2150
32476 2150
32477 2150
32478 2150
32479 2150
32480 2150
32481 2150
32482 2150
32483 2150
32484 2150
32485 2150
32486 2150
32487 2150
32488 2150
32489 2150
32490 2150
32491 2150
32492 2150
32493 2150
32494 2150
32495 2150
32496 2150
32497 2150
32498 2150
32499 2150
32500 2150
32501 2150
32502 2150
32503 2150
32504 2150
32505 2150
32506 2150
32507 2150
32508 2150
32509 2150
32510 2150
32511 2150
32512 2150
32513 2150
32514 2150
32515 2150
32516 2150
32517 2150
32518 2150
32519 2150
32520 2150
32521 2150
32522 2150
32523 2150
32524 2150
32525 2150
32526 2150
32527 2150
32528 2150
32529 2150
32530 2150
32531 2150
32532 2150
32533 2150
32534 2150
32535 2150
32536 2150
32537 2150
32538 2150
32539 2150
32540 2150
32541 2150
32542 2150
32543 2150
32544 2150
32545 2150
32546 2150
32547 2150
32548 2150
32549 2150
32550 2150
32551 2150
32552 2150
32553 2150
32554 2150
32555 2150
32556 2150
32557 2150
32558 2150
32559 2150
32560 2150
32561 2150
32562 2150
32563 2150
32564 2150
32565 2150
32566 2150
32567 2150
32568 2150
32569 2150
32570 2150
32571 2150
32572 2150
32573 2150
32574 2150
32575 2150
32576 2150
32577 2150
32578 2150
32579 2150
32580 2150
32581 2150
32582 2150
32583 2150
32584 2150
32585 2150
32586 2150
32587 2150
32588 2150
32589 2150
32590 2150
32591 2150
32592 2150
32593 2150
32594 2150
32595 2150
32596 2150
32597 2150
32598 2150
32599 2150
32600 2150
32601 2150
32602 2150
32603 2150
32604 2150
32605 2150
32606 2150
32607 2150
32608 2150
32609 2150
32610 2150
32611 2150
32612 2150
32613 2150
32614 2150
32615 2150
32616 2150
32617 2150
32618 2150
32619 2150
32620 2150
32621 2150
32622 2150
32623 2150
32624 2150
32625 2150
32626 2150
32627 2150
32628 2150
32629 2150
32630 2150
32631 2150
32632 2150
32633 2150
32634 2150
32635 2150
32636 2150
32637 2150
32638 2150
32639 2150
32640 2150
32641 2150
32642 2150
32643 2150
32644 2150
32645 2150
32646 2150
32647 2150
32648 2150
32649 2150
32650 2150
32651 2150
32652 2150
32653 2150
32654 2150
32655 2150
32656 2150
32657 2150
32658 2150
32659 2150
32660 2150
32661 2150
32662 2150
32663 2150
32664 2150
32665 2150
32666 2150
32667 2150
32668 2150
32669 2150
32670 2150
32671 2150
32672 2150
32673 2150
32674 2150
32675 2150
32676 2150
32677 2150
32678 2150
32679 2150
32680 2150
32681 2150
32682 2150
32683 2150
32684 2150
32685 2150
32686 2150
32687 2150
32688 2150
32689 2150
32690 2150
32691 2150
32692 2150
32693 2150
32694 2150
32695 2150
32696 2150
32697 2150
32698 2150
32699 2150
32700 2150
32701 2150
32702 2150
32703 2150
32704 2150
32705 2150
32706 2150
32707 2150
32708 2150
32709 2150
32710 2150
32711 2150
32712 2150
32713 2150
32714 2150
32715 2150
32716 2150
32717 2150
32718 2150
32719 2150
32720 2150
32721 2150
32722 2150
32723 2150
32724 2150
32725 2150
32726 2150
32727 2150
32728 2150
32729 2150
32730 2150
32731 2150
32732 2150
32733 2150
32734 2150
32735 2150
32736 2150
32737 2150
32738 2150
32739 2150
32740 2150
32741 2150
32742 2150
32743 2150
32744 2150
32745 2150
32746 2150
32747 2150
32748 2150
32749 2150
32750 2150
32751 2150
32752 2150
32753 2150
32754 2150
32755 2150
32756 2150
32757 2150
32758 2150
32759 2150
32760 2150
32761 2150
32762 2150
32763 2150
32764 2150
32765 2150
32766 2150
32767 2150
32768 2150
32769 2150
32770 2150
32771 2150
32772 2150
32773 2150
32774 2150
32775 2150
32776 2150
32777 2150
32778 2150
32779 2150
32780 2150
32781 2150
32782 2150
32783 2150
32784 2150
32785 2150
32786 2150
32787 2150
32788 2150
32789 2150
32790 2150
32791 2150
32792 2150
32793 2150
32794 2150
32795 2150
32796 2150
32797 2150
32798 2150
32799 2150
32800 2150
32801 2150
32802 2150
32803 2150
32804 2150
32805 2150
32806 2150
32807 2150
32808 2150
32809 2150
32810 2150
32811 2150
32812 2150
32813 2150
32814 2150
32815 2150
32816 2150
32817 2150
32818 2150
32819 2150
32820 2150
32821 2150
32822 2150
32823 2150
32824 2150
32825 2150
32826 2150
32827 2150
32828 2150
32829 2150
32830 2150
32831 2150
32832 2150
32833 2150
32834 2150
32835 2150
32836 2150
32837 2150
32838 2150
32839 2150
32840 2150
32841 2150
32842 2150
32843 2150
32844 2150
32845 2150
32846 2150
32847 2150
32848 2150
32849 2150
32850 2150
32851 2150
32852 2150
32853 2150
32854 2150
32855 2150
32856 2150
32857 2150
32858 2150
32859 2150
32860 2150
32861 2150
32862 2150
32863 2150
32864 2150
32865 2150
32866 2150
32867 2150
32868 2150
32869 2150
32870 2150
32871 2150
32872 2150
32873 2150
32874 2150
32875 2150
32876 2150
32877 2150
32878 2150
32879 2150
32880 2150
32881 2150
32882 2150
32883 2150
32884 2150
32885 2150
32886 2150
32887 2150
32888 2150
32889 2150
32890 2150
32891 2150
32892 2150
32893 2150
32894 2150
32895 2150
32896 2150
32897 2150
32898 2150
32899 2150
32900 2150
32901 2150
32902 2150
32903 2150
32904 2150
32905 2150
32906 2150
32907 2150
32908 2150
32909 2150
32910 2150
32911 2150
32912 2150
32913 2150
32914 2150
32915 2150
32916 2150
32917 2150
32918 2150
32919 2150
32920 2150
32921 2150
32922 2150
32923 2150
32924 2150
32925 2150
32926 2150
32927 2150
32928 2150
32929 2150
32930 2150
32931 2150
32932 2150
32933 2150
32934 2150
32935 2150
32936 2150
32937 2150
32938 2150
32939 2150
32940 2150
32941 2150
32942 2150
32943 2150
32944 2150
32945 2150
32946 2150
32947 2150
32948 2150
32949 2150
32950 2150
32951 2150
32952 2150
32953 2150
32954 2150
32955 2150
32956 2150
32957 2150
32958 2150
32959 2150
32960 2150
32961 2150
32962 2150
32963 2150
32964 2150
32965 2150
32966 2150
32967 2150
32968 2150
32969 2150
32970 2150
32971 2150
32972 2150
32973 2150
32974 2150
32975 2150
32976 2150
32977 2150
32978 2150
32979 2150
32980 2150
32981 2150
32982 2150
32983 2150
32984 2150
32985 2150
32986 2150
32987 2150
32988 2150
32989 2150
32990 2150
32991 2150
32992 2150
32993 2150
32994 2150
32995 2150
32996 2150
32997 2150
32998 2150
32999 2150
33000 2150
33001 2150
33002 2150
33003 2150
33004 2150
33005 2150
33006 2150
33007 2150
33008 2150
33009 2150
33010 2150
33011 2150
33012 2150
33013 2150
33014 2150
33015 2150
33016 2150
33017 2150
33018 2150
33019 2150
33020 2150
33021 2150
33022 2150
33023 2150
33024 2150
33025 2150
33026 2150
33027 2150
33028 2150
33029 2150
33030 2150
33031 2150
33032 2150
33033 2150
33034 2150
33035 2150
33036 2150
33037 2150
33038 2150
33039 2150
33040 2150
33041 2150
33042 2150
33043 2150
33044 2150
33045 2150
33046 2150
33047 2150
33048 2150
33049 2150
33050 2150
33051 2150
33052 2150
33053 2150
33054 2150
33055 2150
33056 2150
33057 2150
33058 2150
33059 2150
33060 2150
33061 2150
33062 2150
33063 2150
33064 2150
33065 2150
33066 2150
33067 2150
33068 2150
33069 2150
33070 2150
33071 2150
33072 2150
33073 2150
33074 2150
33075 2150
33076 2150
33077 2150
33078 2150
33079 2150
33080 2150
33081 2150
33082 2150
33083 2150
33084 2150
33085 2150
33086 2150
33087 2150
33088 2150
33089 2150
33090 2150
33091 2150
33092 2150
33093 2150
33094 2150
33095 2150
33096 2150
33097 2150
33098 2150
33099 2150
33100 2150
33101 2150
33102 2150
33103 2150
33104 2150
33105 2150
33106 2150
33107 2150
33108 2150
33109 2150
33110 2150
33111 2150
33112 2150
33113 2150
33114 2150
33115 2150
33116 2150
33117 2150
33118 2150
33119 2150
33120 2150
33121 2150
33122 2150
33123 2150
33124 2150
33125 2150
33126 2150
33127 2150
33128 2150
33129 2150
33130 2150
33131 2150
33132 2150
33133 2150
33134 2150
33135 2150
33136 2150
33137 2150
33138 2150
33139 2150
33140 2150
33141 2150
33142 2150
33143 2150
33144 2150
33145 2150
33146 2150
33147 2150
33148 2150
33149 2150
33150 2150
33151 2150
33152 2150
33153 2150
33154 2150
33155 2150
33156 2150
33157 2150
33158 2150
33159 2150
33160 2150
33161 2150
33162 2150
33163 2150
33164 2150
33165 2150
33166 2150
33167 2150
33168 2150
33169 2150
33170 2150
33171 2150
33172 2150
33173 2150
33174 2150
33175 2150
33176 2150
33177 2150
33178 2150
33179 2150
33180 2150
33181 2150
33182 2150
33183 2150
33184 2150
33185 2150
33186 2150
33187 2150
33188 2150
33189 2150
33190 2150
33191 2150
33192 2150
33193 2150
33194 2150
33195 2150
33196 2150
33197 2150
33198 2150
33199 2150
33200 2150
33201 2150
33202 2150
33203 2150
33204 2150
33205 2150
33206 2150
33207 2150
33208 2150
33209 2150
33210 2150
33211 2150
33212 2150
33213 2150
33214 2150
33215 2150
33216 2150
33217 2150
33218 2150
33219 2150
33220 2150
33221 2150
33222 2150
33223 2150
33224 2150
33225 2150
33226 2150
33227 2150
33228 2150
33229 2150
33230 2150
33231 2150
33232 2150
33233 2150
33234 2150
33235 2150
33236 2150
33237 2150
33238 2150
33239 2150
33240 2150
33241 2150
33242 2150
33243 2150
33244 2150
33245 2150
33246 2150
33247 2150
33248 2150
33249 2150
33250 2150
33251 2150
33252 2150
33253 2150
33254 2150
33255 2150
33256 2150
33257 2150
33258 2150
33259 2150
33260 2150
33261 2150
33262 2150
33263 2150
33264 2150
33265 2150
33266 2150
33267 2150
33268 2150
33269 2150
33270 2150
33271 2150
33272 2150
33273 2150
33274 2150
33275 2150
33276 2150
33277 2150
33278 2150
33279 2150
33280 2150
33281 2150
33282 2150
33283 2150
33284 2150
33285 2150
33286 2150
33287 2150
33288 2150
33289 2150
33290 2150
33291 2150
33292 2150
33293 2150
33294 2150
33295 2150
33296 2150
33297 2150
33298 2150
33299 2150
33300 2150
33301 2150
33302 2150
33303 2150
33304 2150
33305 2150
33306 2150
33307 2150
33308 2150
33309 2150
33310 2150
33311 2150
33312 2150
33313 2150
33314 2150
33315 2150
33316 2150
33317 2150
33318 2150
33319 2150
33320 2150
33321 2150
33322 2150
33323 2150
33324 2150
33325 2150
33326 2150
33327 2150
33328 2150
33329 2150
33330 2150
33331 2150
33332 2150
33333 2150
33334 2150
33335 2150
33336 2150
33337 2150
33338 2150
33339 2150
33340 2150
33341 2150
33342 2150
33343 2150
33344 2150
33345 2150
33346 2150
33347 2150
33348 2150
33349 2150
33350 2150
33351 2150
33352 2150
33353 2150
33354 2150
33355 2150
33356 2150
33357 2150
33358 2150
33359 2150
33360 2150
33361 2150
33362 2150
33363 2150
33364 2150
33365 2150
33366 2150
33367 2150
33368 2150
33369 2150
33370 2150
33371 2150
33372 2150
33373 2150
33374 2150
33375 2150
33376 2150
33377 2150
33378 2150
33379 2150
33380 2150
33381 2148
33382 2148
33383 2148
33384 2148
33385 2148
33386 2147
33387 2147
33388 2147
33389 2147
33390 2147
33391 2147
33392 2147
33393 2147
33394 2147
33395 2147
33396 2147
33397 2147
33398 2147
33399 2147
33400 2147
33401 2147
33402 2147
33403 2147
33404 2147
33405 2147
33406 2147
33407 2147
33408 2147
33409 2147
33410 2147
33411 2147
33412 2147
33413 2147
33414 2147
33415 2147
33416 2147
33417 2147
33418 2147
33419 2147
33420 2147
33421 2147
33422 2147
33423 2147
33424 2147
33425 2147
33426 2147
33427 2147
33428 2147
33429 2147
33430 2147
33431 2147
33432 2147
33433 2147
33434 2147
33435 2147
33436 2147
33437 2147
33438 2147
33439 2147
33440 2147
33441 2147
33442 2147
33443 2147
33444 2147
33445 2147
33446 2147
33447 2147
33448 2147
33449 2147
33450 2147
33451 2147
33452 2147
33453 2147
33454 2147
33455 2147
33456 2147
33457 2147
33458 2147
33459 2147
33460 2147
33461 2147
33462 2147
33463 2147
33464 2147
33465 2147
33466 2147
33467 2147
33468 2147
33469 2147
33470 2147
33471 2147
33472 2147
33473 2147
33474 2147
33475 2147
33476 2147
33477 2147
33478 2147
33479 2147
33480 2147
33481 2147
33482 2147
33483 2147
33484 2147
33485 2147
33486 2147
33487 2147
33488 2147
33489 2147
33490 2147
33491 2147
33492 2147
33493 2147
33494 2147
33495 2147
33496 2147
33497 2147
33498 2147
33499 2147
33500 2147
33501 2147
33502 2147
33503 2147
33504 2147
33505 2147
33506 2147
33507 2147
33508 2147
33509 2147
33510 2147
33511 2147
33512 2147
33513 2147
33514 2147
33515 2147
33516 2147
33517 2147
33518 2147
33519 2147
33520 2147
33521 2147
33522 2147
33523 2147
33524 2147
33525 2147
33526 2147
33527 2147
33528 2147
33529 2147
33530 2147
33531 2147
33532 2147
33533 2147
33534 2147
33535 2147
33536 2147
33537 2147
33538 2147
33539 2147
33540 2147
33541 2147
33542 2147
33543 2147
33544 2147
33545 2147
33546 2147
33547 2147
33548 2147
33549 2147
33550 2147
33551 2147
33552 2147
33553 2147
33554 2147
33555 2147
33556 2147
33557 2147
33558 2147
33559 2147
33560 2147
33561 2147
33562 2147
33563 2147
33564 2147
33565 2147
33566 2147
33567 2147
33568 2147
33569 2147
33570 2147
33571 2147
33572 2147
33573 2147
33574 2147
33575 2147
33576 2147
33577 2147
33578 2147
33579 2147
33580 2147
33581 2147
33582 2147
33583 2147
33584 2147
33585 2147
33586 2147
33587 2147
33588 2147
33589 2147
33590 2147
33591 2147
33592 2147
33593 2147
33594 2147
33595 2147
33596 2147
33597 2147
33598 2147
33599 2147
33600 2147
33601 2147
33602 2147
33603 2147
33604 2147
33605 2147
33606 2147
33607 2147
33608 2147
33609 2147
33610 2147
33611 2147
33612 2147
33613 2147
33614 2147
33615 2146
33616 2146
33617 2146
33618 2146
33619 2145
33620 2145
33621 2145
33622 2145
33623 2145
33624 2145
33625 2145
33626 2145
33627 2145
33628 2145
33629 2145
33630 2145
33631 2145
33632 2145
33633 2145
33634 2145
33635 2145
33636 2145
33637 2145
33638 2145
33639 2145
33640 2145
33641 2145
33642 2145
33643 2145
33644 2145
33645 2145
33646 2145
33647 2145
33648 2145
33649 2145
33650 2145
33651 2145
33652 2145
33653 2145
33654 2145
33655 2145
33656 2145
33657 2145
33658 2145
33659 2145
33660 2145
33661 2145
33662 2145
33663 2145
33664 2145
33665 2145
33666 2145
33667 2145
33668 2145
33669 2145
33670 2145
33671 2145
33672 2145
33673 2145
33674 2145
33675 2145
33676 2145
33677 2145
33678 2145
33679 2145
33680 2145
33681 2145
33682 2145
33683 2145
33684 2145
33685 2145
33686 2145
33687 2145
33688 2145
33689 2145
33690 2145
33691 2145
33692 2145
33693 2145
33694 2145
33695 2145
33696 2145
33697 2145
33698 2145
33699 2145
33700 2145
33701 2145
33702 2145
33703 2145
33704 2145
33705 2145
33706 2145
33707 2145
33708 2145
33709 2145
33710 2145
33711 2145
33712 2145
33713 2145
33714 2145
33715 2145
33716 2145
33717 2145
33718 2145
33719 2145
33720 2145
33721 2145
33722 2145
33723 2145
33724 2145
33725 2145
33726 2145
33727 2145
33728 2145
33729 2145
33730 2145
33731 2145
33732 2145
33733 2145
33734 2145
33735 2145
33736 2145
33737 2145
33738 2145
33739 2145
33740 2145
33741 2145
33742 2145
33743 2145
33744 2145
33745 2145
33746 2145
33747 2145
33748 2145
33749 2145
33750 2145
33751 2145
33752 2145
33753 2145
33754 2145
33755 2145
33756 2145
33757 2145
33758 2145
33759 2145
33760 2145
33761 2145
33762 2145
33763 2145
33764 2145
33765 2145
33766 2145
33767 2145
33768 2145
33769 2145
33770 2145
33771 2145
33772 2145
33773 2145
33774 2145
33775 2145
33776 2145
33777 2145
33778 2145
33779 2145
33780 2145
33781 2145
33782 2145
33783 2145
33784 2145
33785 2145
33786 2145
33787 2145
33788 2145
33789 2145
33790 2145
33791 2145
33792 2145
33793 2145
33794 2145
33795 2145
33796 2145
33797 2145
33798 2145
33799 2145
33800 2145
33801 2145
33802 2145
33803 2145
33804 2145
33805 2145
33806 2145
33807 2145
33808 2145
33809 2145
33810 2145
33811 2145
33812 2145
33813 2145
33814 2145
33815 2145
33816 2145
33817 2145
33818 2145
33819 2145
33820 2145
33821 2145
33822 2145
33823 2145
33824 2145
33825 2145
33826 2145
33827 2145
33828 2145
33829 2145
33830 2145
33831 2145
33832 2145
33833 2145
33834 2145
33835 2145
33836 2145
33837 2145
33838 2145
33839 2145
33840 2145
33841 2145
33842 2145
33843 2145
33844 2145
33845 2145
33846 2145
33847 2145
33848 2145
33849 2145
33850 2145
33851 2145
33852 2145
33853 2145
33854 2145
33855 2145
33856 2145
33857 2145
33858 2145
33859 2145
33860 2145
33861 2145
33862 2145
33863 2145
33864 2145
33865 2145
33866 2145
33867 2145
33868 2145
33869 2145
33870 2145
33871 2145
33872 2145
33873 2145
33874 2145
33875 2145
33876 2145
33877 2145
33878 2145
33879 2145
33880 2145
33881 2145
33882 2145
33883 2145
33884 2145
33885 2145
33886 2145
33887 2145
33888 2145
33889 2145
33890 2145
33891 2145
33892 2145
33893 2145
33894 2145
33895 2145
33896 2145
33897 2145
33898 2145
33899 2145
33900 2145
33901 2145
33902 2145
33903 2145
33904 2145
33905 2145
33906 2145
33907 2145
33908 2145
33909 2145
33910 2145
33911 2145
33912 2145
33913 2145
33914 2145
33915 2145
33916 2145
33917 2145
33918 2145
33919 2145
33920 2145
33921 2145
33922 2145
33923 2145
33924 2145
33925 2145
33926 2145
33927 2145
33928 2145
33929 2145
33930 2145
33931 2145
33932 2145
33933 2145
33934 2145
33935 2145
33936 2145
33937 2145
33938 2145
33939 2145
33940 2145
33941 2145
33942 2145
33943 2145
33944 2145
33945 2145
33946 2145
33947 2145
33948 2145
33949 2145
33950 2145
33951 2145
33952 2145
33953 2145
33954 2145
33955 2145
33956 2145
33957 2145
33958 2145
33959 2145
33960 2145
33961 2145
33962 2145
33963 2145
33964 2145
33965 2145
33966 2145
33967 2145
33968 2145
33969 2145
33970 2145
33971 2145
33972 2145
33973 2145
33974 2145
33975 2145
33976 2145
33977 2145
33978 2145
33979 2145
33980 2145
33981 2145
33982 2145
33983 2145
33984 2145
33985 2145
33986 2145
33987 2145
33988 2145
33989 2145
33990 2145
33991 2145
33992 2145
33993 2145
33994 2145
33995 2145
33996 2145
33997 2145
33998 2145
33999 2145
34000 2145
34001 2145
34002 2145
34003 2145
34004 2145
34005 2145
34006 2145
34007 2145
34008 2145
34009 2145
34010 2145
34011 2145
34012 2145
34013 2145
34014 2145
34015 2145
34016 2145
34017 2145
34018 2145
34019 2145
34020 2145
34021 2145
34022 2145
34023 2145
34024 2145
34025 2145
34026 2145
34027 2145
34028 2145
34029 2145
34030 2145
34031 2145
34032 2145
34033 2145
34034 2145
34035 2145
34036 2145
34037 2145
34038 2145
34039 2145
34040 2145
34041 2145
34042 2145
34043 2145
34044 2145
34045 2145
34046 2145
34047 2145
34048 2145
34049 2145
34050 2145
34051 2145
34052 2145
34053 2145
34054 2145
34055 2145
34056 2145
34057 2145
34058 2145
34059 2145
34060 2145
34061 2145
34062 2145
34063 2145
34064 2145
34065 2145
34066 2145
34067 2145
34068 2145
34069 2145
34070 2145
34071 2145
34072 2145
34073 2145
34074 2145
34075 2145
34076 2145
34077 2145
34078 2145
34079 2145
34080 2145
34081 2145
34082 2145
34083 2145
34084 2145
34085 2145
34086 2145
34087 2145
34088 2145
34089 2145
34090 2145
34091 2145
34092 2145
34093 2145
34094 2145
34095 2145
34096 2145
34097 2145
34098 2145
34099 2145
34100 2145
34101 2145
34102 2145
34103 2145
34104 2145
34105 2145
34106 2145
34107 2145
34108 2145
34109 2145
34110 2145
34111 2145
34112 2145
34113 2145
34114 2145
34115 2145
34116 2145
34117 2145
34118 2145
34119 2145
34120 2145
34121 2145
34122 2145
34123 2145
34124 2145
34125 2145
34126 2145
34127 2145
34128 2145
34129 2145
34130 2145
34131 2145
34132 2145
34133 2145
34134 2145
34135 2145
34136 2145
34137 2145
34138 2145
34139 2145
34140 2145
34141 2145
34142 2145
34143 2145
34144 2145
34145 2145
34146 2145
34147 2145
34148 2145
34149 2145
34150 2145
34151 2145
34152 2145
34153 2145
34154 2145
34155 2145
34156 2145
34157 2145
34158 2145
34159 2145
34160 2145
34161 2145
34162 2145
34163 2145
34164 2145
34165 2145
34166 2145
34167 2145
34168 2145
34169 2145
34170 2145
34171 2145
34172 2145
34173 2145
34174 2145
34175 2145
34176 2145
34177 2145
34178 2145
34179 2145
34180 2145
34181 2145
34182 2145
34183 2145
34184 2145
34185 2145
34186 2145
34187 2145
34188 2145
34189 2145
34190 2145
34191 2145
34192 2145
34193 2145
34194 2145
34195 2145
34196 2145
34197 2145
34198 2145
34199 2145
34200 2145
34201 2145
34202 2145
34203 2145
34204 2145
34205 2145
34206 2145
34207 2145
34208 2145
34209 2145
34210 2145
34211 2145
34212 2145
34213 2145
34214 2145
34215 2145
34216 2145
34217 2145
34218 2145
34219 2145
34220 2145
34221 2145
34222 2145
34223 2145
34224 2145
34225 2145
34226 2145
34227 2145
34228 2145
34229 2145
34230 2145
34231 2145
34232 2145
34233 2145
34234 2145
34235 2145
34236 2145
34237 2145
34238 2145
34239 2145
34240 2145
34241 2145
34242 2145
34243 2145
34244 2145
34245 2145
34246 2145
34247 2145
34248 2145
34249 2145
34250 2145
34251 2145
34252 2145
34253 2145
34254 2145
34255 2145
34256 2145
34257 2145
34258 2145
34259 2145
34260 2145
34261 2145
34262 2145
34263 2145
34264 2145
34265 2145
34266 2145
34267 2145
34268 2145
34269 2145
34270 2145
34271 2145
34272 2145
34273 2145
34274 2145
34275 2145
34276 2145
34277 2145
34278 2145
34279 2145
34280 2145
34281 2145
34282 2145
34283 2145
34284 2145
34285 2145
34286 2145
34287 2145
34288 2145
34289 2145
34290 2145
34291 2145
34292 2145
34293 2145
34294 2145
34295 2145
34296 2145
34297 2145
34298 2145
34299 2145
34300 2145
34301 2145
34302 2145
34303 2145
34304 2145
34305 2145
34306 2145
34307 2145
34308 2145
34309 2145
34310 2145
34311 2145
34312 2145
34313 2145
34314 2145
34315 2145
34316 2145
34317 2145
34318 2145
34319 2145
34320 2145
34321 2145
34322 2145
34323 2145
34324 2145
34325 2145
34326 2145
34327 2145
34328 2145
34329 2145
34330 2145
34331 2145
34332 2145
34333 2145
34334 2145
34335 2145
34336 2145
34337 2145
34338 2145
34339 2145
34340 2145
34341 2145
34342 2145
34343 2145
34344 2145
34345 2145
34346 2145
34347 2145
34348 2145
34349 2145
34350 2145
34351 2145
34352 2145
34353 2145
34354 2145
34355 2145
34356 2145
34357 2145
34358 2145
34359 2145
34360 2145
34361 2145
34362 2145
34363 2145
34364 2145
34365 2145
34366 2145
34367 2145
34368 2145
34369 2145
34370 2145
34371 2145
34372 2145
34373 2145
34374 2145
34375 2145
34376 2145
34377 2132
34378 2132
34379 2132
34380 2132
34381 2132
34382 2132
34383 2132
34384 2132
34385 2132
34386 2132
34387 2132
34388 2132
34389 2132
34390 2132
34391 2132
34392 2132
34393 2132
34394 2132
34395 2132
34396 2132
34397 2132
34398 2132
34399 2132
34400 2132
34401 2132
34402 2132
34403 2132
34404 2132
34405 2132
34406 2132
34407 2132
34408 2132
34409 2132
34410 2132
34411 2132
34412 2132
34413 2132
34414 2132
34415 2132
34416 2132
34417 2132
34418 2132
34419 2132
34420 2132
34421 2132
34422 2132
34423 2132
34424 2132
34425 2132
34426 2132
34427 2132
34428 2132
34429 2132
34430 2132
34431 2132
34432 2132
34433 2132
34434 2132
34435 2132
34436 2132
34437 2132
34438 2132
34439 2132
34440 2132
34441 2132
34442 2132
34443 2132
34444 2132
34445 2132
34446 2132
34447 2132
34448 2132
34449 2132
34450 2132
34451 2132
34452 2132
34453 2132
34454 2132
34455 2132
34456 2132
34457 2132
34458 2132
34459 2132
34460 2132
34461 2132
34462 2132
34463 2132
34464 2132
34465 2132
34466 2132
34467 2132
34468 2132
34469 2132
34470 2132
34471 2132
34472 2132
34473 2132
34474 2132
34475 2132
34476 2132
34477 2132
34478 2132
34479 2132
34480 2132
34481 2132
34482 2132
34483 2132
34484 2132
34485 2132
34486 2132
34487 2132
34488 2132
34489 2132
34490 2132
34491 2132
34492 2132
34493 2132
34494 2132
34495 2132
34496 2132
34497 2132
34498 2132
34499 2132
34500 2132
34501 2132
34502 2132
34503 2132
34504 2132
34505 2132
34506 2132
34507 2132
34508 2132
34509 2132
34510 2132
34511 2132
34512 2132
34513 2132
34514 2132
34515 2132
34516 2132
34517 2132
34518 2132
34519 2132
34520 2132
34521 2132
34522 2132
34523 2132
34524 2132
34525 2132
34526 2132
34527 2132
34528 2132
34529 2132
34530 2132
34531 2132
34532 2132
34533 2132
34534 2132
34535 2132
34536 2132
34537 2132
34538 2132
34539 2132
34540 2132
34541 2132
34542 2132
34543 2132
34544 2132
34545 2132
34546 2132
34547 2132
34548 2132
34549 2132
34550 2132
34551 2132
34552 2132
34553 2132
34554 2132
34555 2132
34556 2132
34557 2132
34558 2132
34559 2132
34560 2132
34561 2132
34562 2132
34563 2132
34564 2132
34565 2132
34566 2132
34567 2132
34568 2132
34569 2132
34570 2132
34571 2132
34572 2132
34573 2132
34574 2132
34575 2132
34576 2132
34577 2132
34578 2132
34579 2132
34580 2132
34581 2132
34582 2132
34583 2132
34584 2132
34585 2132
34586 2132
34587 2132
34588 2132
34589 2132
34590 2132
34591 2132
34592 2132
34593 2132
34594 2132
34595 2132
34596 2132
34597 2132
34598 2132
34599 2132
34600 2132
34601 2132
34602 2132
34603 2132
34604 2132
34605 2132
34606 2132
34607 2132
34608 2132
34609 2132
34610 2132
34611 2132
34612 2132
34613 2132
34614 2132
34615 2132
34616 2132
34617 2132
34618 2132
34619 2132
34620 2132
34621 2132
34622 2132
34623 2132
34624 2132
34625 2132
34626 2132
34627 2132
34628 2132
34629 2132
34630 2132
34631 2132
34632 2132
34633 2132
34634 2132
34635 2132
34636 2132
34637 2132
34638 2132
34639 2132
34640 2132
34641 2132
34642 2132
34643 2132
34644 2132
34645 2132
34646 2132
34647 2132
34648 2132
34649 2132
34650 2132
34651 2132
34652 2132
34653 2132
34654 2132
34655 2132
34656 2132
34657 2132
34658 2132
34659 2132
34660 2132
34661 2132
34662 2132
34663 2132
34664 2132
34665 2132
34666 2132
34667 2132
34668 2132
34669 2132
34670 2132
34671 2132
34672 2132
34673 2132
34674 2132
34675 2132
34676 2132
34677 2132
34678 2132
34679 2132
34680 2132
34681 2132
34682 2132
34683 2132
34684 2132
34685 2132
34686 2132
34687 2132
34688 2132
34689 2132
34690 2132
34691 2132
34692 2132
34693 2132
34694 2132
34695 2132
34696 2132
34697 2132
34698 2132
34699 2132
34700 2132
34701 2132
34702 2132
34703 2132
34704 2132
34705 2132
34706 2132
34707 2132
34708 2132
34709 2132
34710 2132
34711 2132
34712 2132
34713 2132
34714 2132
34715 2132
34716 2132
34717 2132
34718 2132
34719 2132
34720 2132
34721 2132
34722 2132
34723 2132
34724 2132
34725 2132
34726 2132
34727 2132
34728 2132
34729 2132
34730 2132
34731 2132
34732 2132
34733 2132
34734 2132
34735 2132
34736 2132
34737 2132
34738 2132
34739 2132
34740 2132
34741 2132
34742 2132
34743 2132
34744 2132
34745 2132
34746 2132
34747 2132
34748 2132
34749 2132
34750 2132
34751 2132
34752 2132
34753 2132
34754 2132
34755 2132
34756 2132
34757 2132
34758 2132
34759 2132
34760 2132
34761 2132
34762 2132
34763 2132
34764 2132
34765 2132
34766 2132
34767 2132
34768 2132
34769 2132
34770 2132
34771 2132
34772 2132
34773 2132
34774 2132
34775 2132
34776 2132
34777 2132
34778 2132
34779 2132
34780 2132
34781 2132
34782 2132
34783 2132
34784 2132
34785 2132
34786 2132
34787 2132
34788 2132
34789 2132
34790 2132
34791 2132
34792 2132
34793 2132
34794 2132
34795 2132
34796 2132
34797 2132
34798 2132
34799 2132
34800 2132
34801 2132
34802 2132
34803 2132
34804 2132
34805 2132
34806 2132
34807 2132
34808 2132
34809 2132
34810 2132
34811 2132
34812 2132
34813 2132
34814 2132
34815 2132
34816 2132
34817 2132
34818 2132
34819 2132
34820 2132
34821 2132
34822 2132
34823 2132
34824 2132
34825 2132
34826 2132
34827 2132
34828 2132
34829 2132
34830 2132
34831 2132
34832 2132
34833 2132
34834 2132
34835 2132
34836 2132
34837 2132
34838 2132
34839 2132
34840 2132
34841 2132
34842 2132
34843 2132
34844 2132
34845 2132
34846 2131
34847 2131
34848 2131
34849 2131
34850 2131
34851 2131
34852 2131
34853 2131
34854 2131
34855 2131
34856 2131
34857 2131
34858 2131
34859 2131
34860 2131
34861 2131
34862 2131
34863 2131
34864 2131
34865 2131
34866 2131
34867 2131
34868 2131
34869 2131
34870 2131
34871 2131
34872 2131
34873 2131
34874 2131
34875 2131
34876 2131
34877 2131
34878 2131
34879 2131
34880 2131
34881 2131
34882 2131
34883 2131
34884 2131
34885 2131
34886 2131
34887 2131
34888 2131
34889 2131
34890 2131
34891 2131
34892 2131
34893 2131
34894 2131
34895 2131
34896 2131
34897 2131
34898 2131
34899 2131
34900 2131
34901 2131
34902 2131
34903 2131
34904 2131
34905 2131
34906 2131
34907 2131
34908 2131
34909 2131
34910 2131
34911 2131
34912 2131
34913 2131
34914 2131
34915 2131
34916 2131
34917 2131
34918 2131
34919 2131
34920 2131
34921 2131
34922 2131
34923 2131
34924 2131
34925 2131
34926 2131
34927 2131
34928 2131
34929 2131
34930 2131
34931 2131
34932 2131
34933 2131
34934 2131
34935 2131
34936 2131
34937 2131
34938 2131
34939 2131
34940 2131
34941 2131
34942 2131
34943 2131
34944 2131
34945 2131
34946 2131
34947 2131
34948 2131
34949 2131
34950 2131
34951 2131
34952 2131
34953 2131
34954 2131
34955 2131
34956 2131
34957 2131
34958 2131
34959 2131
34960 2131
34961 2131
34962 2131
34963 2131
34964 2131
34965 2131
34966 2131
34967 2131
34968 2131
34969 2131
34970 2131
34971 2131
34972 2131
34973 2131
34974 2131
34975 2131
34976 2131
34977 2131
34978 2131
34979 2131
34980 2131
34981 2131
34982 2131
34983 2131
34984 2131
34985 2131
34986 2131
34987 2131
34988 2131
34989 2131
34990 2131
34991 2131
34992 2131
34993 2131
34994 2131
34995 2131
34996 2131
34997 2131
34998 2131
34999 2131
35000 2131
35001 2131
35002 2131
35003 2131
35004 2131
35005 2131
35006 2131
35007 2131
35008 2131
35009 2131
35010 2131
35011 2131
35012 2131
35013 2131
35014 2131
35015 2131
35016 2131
35017 2131
35018 2131
35019 2131
35020 2131
35021 2131
35022 2131
35023 2131
35024 2131
35025 2131
35026 2131
35027 2131
35028 2131
35029 2131
35030 2131
35031 2131
35032 2131
35033 2131
35034 2131
35035 2131
35036 2131
35037 2131
35038 2131
35039 2131
35040 2131
35041 2131
35042 2131
35043 2131
35044 2131
35045 2131
35046 2131
35047 2131
35048 2131
35049 2131
35050 2131
35051 2131
35052 2131
35053 2131
35054 2131
35055 2131
35056 2131
35057 2131
35058 2131
35059 2131
35060 2131
35061 2131
35062 2131
35063 2131
35064 2131
35065 2131
35066 2131
35067 2131
35068 2131
35069 2131
35070 2131
35071 2131
35072 2131
35073 2131
35074 2131
35075 2131
35076 2131
35077 2131
35078 2131
35079 2131
35080 2131
35081 2131
35082 2131
35083 2131
35084 2131
35085 2131
35086 2131
35087 2131
35088 2131
35089 2131
35090 2131
35091 2131
35092 2131
35093 2131
35094 2131
35095 2131
35096 2131
35097 2131
35098 2131
35099 2131
35100 2131
35101 2131
35102 2131
35103 2131
35104 2131
35105 2131
35106 2131
35107 2131
35108 2131
35109 2131
35110 2131
35111 2131
35112 2131
35113 2131
35114 2131
35115 2131
35116 2131
35117 2131
35118 2131
35119 2131
35120 2131
35121 2131
35122 2131
35123 2131
35124 2131
35125 2131
35126 2131
35127 2131
35128 2131
35129 2131
35130 2131
35131 2131
35132 2131
35133 2131
35134 2131
35135 2131
35136 2131
35137 2131
35138 2131
35139 2131
35140 2131
35141 2131
35142 2131
35143 2131
35144 2131
35145 2131
35146 2131
35147 2131
35148 2131
35149 2131
35150 2131
35151 2131
35152 2131
35153 2131
35154 2131
35155 2131
35156 2131
35157 2131
35158 2131
35159 2131
35160 2131
35161 2131
35162 2131
35163 2131
35164 2131
35165 2131
35166 2131
35167 2131
35168 2131
35169 2131
35170 2131
35171 2131
35172 2131
35173 2131
35174 2131
35175 2131
35176 2131
35177 2131
35178 2131
35179 2131
35180 2131
35181 2131
35182 2131
35183 2131
35184 2131
35185 2131
35186 2131
35187 2131
35188 2131
35189 2131
35190 2131
35191 2131
35192 2131
35193 2131
35194 2131
35195 2131
35196 2131
35197 2131
35198 2131
35199 2131
35200 2131
35201 2131
35202 2131
35203 2131
35204 2131
35205 2131
35206 2131
35207 2131
35208 2131
35209 2131
35210 2131
35211 2131
35212 2131
35213 2131
35214 2131
35215 2131
35216 2131
35217 2131
35218 2131
35219 2131
35220 2131
35221 2131
35222 2131
35223 2131
35224 2131
35225 2131
35226 2131
35227 2131
35228 2131
35229 2131
35230 2131
35231 2131
35232 2131
35233 2131
35234 2131
35235 2131
35236 2131
35237 2131
35238 2131
35239 2131
35240 2131
35241 2131
35242 2131
35243 2131
35244 2131
35245 2131
35246 2131
35247 2131
35248 2131
35249 2131
35250 2131
35251 2131
35252 2131
35253 2131
35254 2131
35255 2131
35256 2131
35257 2131
35258 2131
35259 2131
35260 2131
35261 2131
35262 2131
35263 2131
35264 2131
35265 2131
35266 2131
35267 2131
35268 2131
35269 2131
35270 2131
35271 2131
35272 2131
35273 2131
35274 2131
35275 2131
35276 2131
35277 2131
35278 2131
35279 2131
35280 2131
35281 2131
35282 2131
35283 2131
35284 2131
35285 2131
35286 2131
35287 2131
35288 2131
35289 2131
35290 2131
35291 2131
35292 2131
35293 2131
35294 2131
35295 2131
35296 2131
35297 2131
35298 2131
35299 2131
35300 2131
35301 2131
35302 2131
35303 2131
35304 2131
35305 2131
35306 2131
35307 2131
35308 2131
35309 2131
35310 2131
35311 2131
35312 2131
35313 2131
35314 2131
35315 2131
35316 2131
35317 2131
35318 2131
35319 2131
35320 2131
35321 2131
35322 2131
35323 2131
35324 2131
35325 2131
35326 2131
35327 2131
35328 2131
35329 2131
35330 2131
35331 2131
35332 2131
35333 2131
35334 2131
35335 2131
35336 2131
35337 2131
35338 2131
35339 2131
35340 2131
35341 2131
35342 2131
35343 2131
35344 2131
35345 2131
35346 2131
35347 2131
35348 2131
35349 2131
35350 2131
35351 2131
35352 2131
35353 2131
35354 2131
35355 2131
35356 2131
35357 2131
35358 2131
35359 2131
35360 2131
35361 2131
35362 2131
35363 2131
35364 2131
35365 2131
35366 2131
35367 2131
35368 2131
35369 2131
35370 2131
35371 2131
35372 2131
35373 2131
35374 2131
35375 2131
35376 2131
35377 2131
35378 2131
35379 2131
35380 2131
35381 2131
35382 2131
35383 2131
35384 2131
35385 2131
35386 2131
35387 2131
35388 2131
35389 2131
35390 2131
35391 2131
35392 2131
35393 2131
35394 2131
35395 2131
35396 2131
35397 2131
35398 2131
35399 2131
35400 2131
35401 2131
35402 2131
35403 2131
35404 2131
35405 2131
35406 2131
35407 2131
35408 2131
35409 2131
35410 2131
35411 2131
35412 2131
35413 2131
35414 2131
35415 2131
35416 2131
35417 2131
35418 2131
35419 2131
35420 2131
35421 2131
35422 2131
35423 2131
35424 2131
35425 2131
35426 2131
35427 2131
35428 2131
35429 2131
35430 2131
35431 2131
35432 2131
35433 2131
35434 2131
35435 2131
35436 2131
35437 2131
35438 2131
35439 2131
35440 2131
35441 2131
35442 2131
35443 2131
35444 2131
35445 2131
35446 2131
35447 2131
35448 2131
35449 2131
35450 2131
35451 2131
35452 2131
35453 2131
35454 2131
35455 2131
35456 2131
35457 2131
35458 2131
35459 2131
35460 2131
35461 2131
35462 2131
35463 2131
35464 2131
35465 2131
35466 2131
35467 2131
35468 2131
35469 2131
35470 2131
35471 2131
35472 2131
35473 2131
35474 2131
35475 2131
35476 2131
35477 2131
35478 2131
35479 2131
35480 2131
35481 2131
35482 2131
35483 2131
35484 2131
35485 2131
35486 2131
35487 2131
35488 2131
35489 2131
35490 2131
35491 2131
35492 2131
35493 2131
35494 2131
35495 2131
35496 2131
35497 2131
35498 2131
35499 2131
35500 2131
35501 2131
35502 2131
35503 2131
35504 2131
35505 2131
35506 2131
35507 2131
35508 2131
35509 2131
35510 2131
35511 2131
35512 2131
35513 2131
35514 2131
35515 2131
35516 2131
35517 2131
35518 2131
35519 2131
35520 2131
35521 2131
35522 2131
35523 2131
35524 2131
35525 2131
35526 2131
35527 2131
35528 2131
35529 2131
35530 2131
35531 2131
35532 2131
35533 2131
35534 2131
35535 2131
35536 2131
35537 2131
35538 2131
35539 2131
35540 2131
35541 2131
35542 2131
35543 2131
35544 2131
35545 2131
35546 2131
35547 2131
35548 2131
35549 2131
35550 2131
35551 2131
35552 2131
35553 2131
35554 2131
35555 2131
35556 2131
35557 2131
35558 2131
35559 2131
35560 2131
35561 2131
35562 2131
35563 2131
35564 2131
35565 2131
35566 2131
35567 2131
35568 2131
35569 2131
35570 2131
35571 2131
35572 2131
35573 2131
35574 2131
35575 2131
35576 2131
35577 2131
35578 2131
35579 2131
35580 2131
35581 2131
35582 2131
35583 2131
35584 2131
35585 2131
35586 2131
35587 2131
35588 2131
35589 2131
35590 2131
35591 2131
35592 2131
35593 2131
35594 2131
35595 2131
35596 2131
35597 2131
35598 2131
35599 2128
35600 2128
35601 2128
35602 2128
35603 2128
35604 2128
35605 2128
35606 2128
35607 2128
35608 2128
35609 2128
35610 2128
35611 2128
35612 2128
35613 2128
35614 2128
35615 2128
35616 2128
35617 2128
35618 2128
35619 2128
35620 2128
35621 2128
35622 2128
35623 2128
35624 2128
35625 2128
35626 2128
35627 2128
35628 2128
35629 2128
35630 2128
35631 2128
35632 2128
35633 2128
35634 2128
35635 2128
35636 2128
35637 2128
35638 2128
35639 2128
35640 2128
35641 2128
35642 2128
35643 2128
35644 2128
35645 2128
35646 2128
35647 2128
35648 2128
35649 2128
35650 2128
35651 2128
35652 2128
35653 2128
35654 2128
35655 2128
35656 2128
35657 2128
35658 2128
35659 2128
35660 2128
35661 2128
35662 2128
35663 2128
35664 2128
35665 2128
35666 2128
35667 2128
35668 2128
35669 2128
35670 2128
35671 2128
35672 2128
35673 2128
35674 2128
35675 2128
35676 2128
35677 2128
35678 2128
35679 2128
35680 2128
35681 2128
35682 2128
35683 2128
35684 2128
35685 2128
35686 2128
35687 2128
35688 2128
35689 2128
35690 2128
35691 2128
35692 2128
35693 2128
35694 2128
35695 2128
35696 2128
35697 2128
35698 2128
35699 2128
35700 2128
35701 2128
35702 2128
35703 2128
35704 2128
35705 2128
35706 2128
35707 2128
35708 2128
35709 2128
35710 2128
35711 2128
35712 2128
35713 2128
35714 2128
35715 2128
35716 2128
35717 2128
35718 2128
35719 2128
35720 2128
35721 2128
35722 2128
35723 2128
35724 2128
35725 2128
35726 2128
35727 2128
35728 2128
35729 2128
35730 2128
35731 2128
35732 2128
35733 2128
35734 2128
35735 2128
35736 2128
35737 2128
35738 2128
35739 2128
35740 2128
35741 2128
35742 2128
35743 2128
35744 2128
35745 2128
35746 2128
35747 2128
35748 2128
35749 2128
35750 2128
35751 2128
35752 2128
35753 2128
35754 2128
35755 2128
35756 2128
35757 2128
35758 2128
35759 2128
35760 2128
35761 2128
35762 2128
35763 2128
35764 2128
35765 2128
35766 2128
35767 2128
35768 2128
35769 2128
35770 2128
35771 2128
35772 2128
35773 2128
35774 2128
35775 2128
35776 2128
35777 2128
35778 2128
35779 2128
35780 2128
35781 2128
35782 2128
35783 2128
35784 2128
35785 2128
35786 2128
35787 2128
35788 2128
35789 2128
35790 2128
35791 2128
35792 2128
35793 2128
35794 2128
35795 2128
35796 2128
35797 2128
35798 2128
35799 2128
35800 2128
35801 2128
35802 2128
35803 2128
35804 2128
35805 2128
35806 2128
35807 2128
35808 2128
35809 2128
35810 2128
35811 2128
35812 2128
35813 2128
35814 2128
35815 2128
35816 2128
35817 2128
35818 2128
35819 2128
35820 2128
35821 2128
35822 2128
35823 2128
35824 2128
35825 2128
35826 2128
35827 2128
35828 2128
35829 2128
35830 2128
35831 2128
35832 2128
35833 2128
35834 2128
35835 2128
35836 2128
35837 2128
35838 2128
35839 2128
35840 2128
35841 2128
35842 2128
35843 2128
35844 2128
35845 2128
35846 2128
35847 2128
35848 2128
35849 2128
35850 2128
35851 2128
35852 2128
35853 2128
35854 2128
35855 2128
35856 2128
35857 2128
35858 2128
35859 2128
35860 2128
35861 2128
35862 2128
35863 2128
35864 2128
35865 2127
35866 2127
35867 2127
35868 2127
35869 2127
35870 2127
35871 2127
35872 2127
35873 2127
35874 2127
35875 2127
35876 2127
35877 2127
35878 2127
35879 2127
35880 2127
35881 2127
35882 2127
35883 2127
35884 2127
35885 2127
35886 2127
35887 2127
35888 2127
35889 2127
35890 2127
35891 2127
35892 2127
35893 2127
35894 2127
35895 2127
35896 2127
35897 2127
35898 2127
35899 2127
35900 2127
35901 2127
35902 2127
35903 2127
35904 2127
35905 2127
35906 2127
35907 2127
35908 2127
35909 2127
35910 2127
35911 2127
35912 2127
35913 2127
35914 2127
35915 2127
35916 2127
35917 2127
35918 2127
35919 2127
35920 2127
35921 2127
35922 2127
35923 2127
35924 2127
35925 2127
35926 2127
35927 2127
35928 2127
35929 2127
35930 2127
35931 2127
35932 2127
35933 2127
35934 2127
35935 2127
35936 2127
35937 2127
35938 2127
35939 2127
35940 2127
35941 2127
35942 2127
35943 2127
35944 2127
35945 2127
35946 2127
35947 2127
35948 2127
35949 2127
35950 2127
35951 2127
35952 2127
35953 2127
35954 2127
35955 2127
35956 2127
35957 2127
35958 2127
35959 2127
35960 2127
35961 2127
35962 2127
35963 2127
35964 2127
35965 2127
35966 2127
35967 2127
35968 2127
35969 2127
35970 2127
35971 2127
35972 2127
35973 2127
35974 2127
35975 2127
35976 2127
35977 2127
35978 2127
35979 2127
35980 2127
35981 2127
35982 2127
35983 2127
35984 2127
35985 2127
35986 2127
35987 2127
35988 2127
35989 2127
35990 2127
35991 2127
35992 2127
35993 2127
35994 2127
35995 2127
35996 2127
35997 2127
35998 2127
35999 2127
36000 2127
36001 2127
36002 2127
36003 2127
36004 2127
36005 2127
36006 2127
36007 2127
36008 2127
36009 2127
36010 2127
36011 2127
36012 2127
36013 2127
36014 2127
36015 2127
36016 2127
36017 2127
36018 2127
36019 2127
36020 2127
36021 2127
36022 2127
36023 2127
36024 2127
36025 2127
36026 2127
36027 2127
36028 2127
36029 2127
36030 2127
36031 2127
36032 2127
36033 2127
36034 2127
36035 2127
36036 2127
36037 2127
36038 2127
36039 2127
36040 2127
36041 2127
36042 2127
36043 2127
36044 2127
36045 2127
36046 2127
36047 2127
36048 2127
36049 2127
36050 2127
36051 2127
36052 2127
36053 2127
36054 2127
36055 2127
36056 2127
36057 2127
36058 2127
36059 2127
36060 2127
36061 2127
36062 2127
36063 2127
36064 2127
36065 2127
36066 2127
36067 2127
36068 2127
36069 2127
36070 2127
36071 2127
36072 2127
36073 2127
36074 2127
36075 2127
36076 2127
36077 2127
36078 2127
36079 2127
36080 2127
36081 2127
36082 2127
36083 2127
36084 2127
36085 2127
36086 2127
36087 2127
36088 2127
36089 2127
36090 2127
36091 2127
36092 2127
36093 2127
36094 2127
36095 2127
36096 2127
36097 2127
36098 2127
36099 2127
36100 2127
36101 2127
36102 2127
36103 2127
36104 2127
36105 2127
36106 2127
36107 2127
36108 2127
36109 2127
36110 2127
36111 2127
36112 2127
36113 2127
36114 2127
36115 2127
36116 2127
36117 2127
36118 2127
36119 2127
36120 2127
36121 2127
36122 2127
36123 2127
36124 2127
36125 2127
36126 2127
36127 2127
36128 2127
36129 2127
36130 2127
36131 2127
36132 2127
36133 2127
36134 2127
36135 2127
36136 2127
36137 2127
36138 2127
36139 2127
36140 2127
36141 2127
36142 2127
36143 2127
36144 2127
36145 2127
36146 2127
36147 2127
36148 2127
36149 2127
36150 2127
36151 2127
36152 2127
36153 2127
36154 2127
36155 2127
36156 2127
36157 2127
36158 2127
36159 2127
36160 2127
36161 2127
36162 2127
36163 2127
36164 2127
36165 2127
36166 2127
36167 2127
36168 2127
36169 2127
36170 2127
36171 2127
36172 2127
36173 2127
36174 2127
36175 2127
36176 2127
36177 2127
36178 2127
36179 2127
36180 2127
36181 2127
36182 2127
36183 2127
36184 2127
36185 2127
36186 2127
36187 2127
36188 2127
36189 2127
36190 2127
36191 2127
36192 2127
36193 2127
36194 2127
36195 2127
36196 2127
36197 2127
36198 2127
36199 2127
36200 2127
36201 2127
36202 2127
36203 2127
36204 2127
36205 2127
36206 2127
36207 2127
36208 2127
36209 2127
36210 2127
36211 2127
36212 2127
36213 2127
36214 2127
36215 2127
36216 2127
36217 2127
36218 2127
36219 2127
36220 2127
36221 2127
36222 2127
36223 2127
36224 2127
36225 2127
36226 2127
36227 2127
36228 2127
36229 2127
36230 2127
36231 2127
36232 2127
36233 2127
36234 2127
36235 2127
36236 2127
36237 2127
36238 2127
36239 2127
36240 2127
36241 2127
36242 2127
36243 2127
36244 2127
36245 2127
36246 2127
36247 2127
36248 2127
36249 2127
36250 2127
36251 2127
36252 2127
36253 2127
36254 2127
36255 2127
36256 2127
36257 2127
36258 2127
36259 2127
36260 2127
36261 2127
36262 2127
36263 2127
36264 2127
36265 2127
36266 2127
36267 2127
36268 2127
36269 2127
36270 2127
36271 2127
36272 2127
36273 2127
36274 2127
36275 2127
36276 2127
36277 2127
36278 2127
36279 2127
36280 2127
36281 2127
36282 2127
36283 2127
36284 2127
36285 2127
36286 2127
36287 2127
36288 2127
36289 2127
36290 2127
36291 2127
36292 2127
36293 2127
36294 2127
36295 2127
36296 2118
36297 2118
36298 2118
36299 2118
36300 2118
36301 2118
36302 2118
36303 2118
36304 2118
36305 2118
36306 2118
36307 2118
36308 2118
36309 2118
36310 2118
36311 2118
36312 2118
36313 2118
36314 2118
36315 2118
36316 2118
36317 2118
36318 2118
36319 2118
36320 2118
36321 2118
36322 2118
36323 2118
36324 2118
36325 2118
36326 2118
36327 2118
36328 2118
36329 2118
36330 2118
36331 2118
36332 2118
36333 2118
36334 2118
36335 2118
36336 2118
36337 2118
36338 2118
36339 2118
36340 2118
36341 2118
36342 2118
36343 2118
36344 2118
36345 2118
36346 2118
36347 2118
36348 2118
36349 2118
36350 2118
36351 2118
36352 2118
36353 2118
36354 2118
36355 2118
36356 2118
36357 2118
36358 2118
36359 2118
36360 2118
36361 2118
36362 2118
36363 2118
36364 2118
36365 2118
36366 2118
36367 2118
36368 2118
36369 2118
36370 2118
36371 2118
36372 2118
36373 2118
36374 2118
36375 2118
36376 2118
36377 2118
36378 2118
36379 2118
36380 2118
36381 2118
36382 2118
36383 2118
36384 2118
36385 2118
36386 2118
36387 2118
36388 2118
36389 2118
36390 2118
36391 2118
36392 2118
36393 2118
36394 2118
36395 2118
36396 2118
36397 2118
36398 2118
36399 2118
36400 2118
36401 2118
36402 2118
36403 2118
36404 2118
36405 2118
36406 2118
36407 2118
36408 2118
36409 2118
36410 2118
36411 2118
36412 2118
36413 2118
36414 2118
36415 2118
36416 2118
36417 2118
36418 2118
36419 2118
36420 2118
36421 2118
36422 2118
36423 2118
36424 2118
36425 2118
36426 2118
36427 2118
36428 2118
36429 2118
36430 2118
36431 2118
36432 2118
36433 2118
36434 2118
36435 2118
36436 2118
36437 2118
36438 2118
36439 2118
36440 2118
36441 2118
36442 2118
36443 2118
36444 2118
36445 2118
36446 2118
36447 2118
36448 2118
36449 2118
36450 2118
36451 2118
36452 2118
36453 2118
36454 2118
36455 2118
36456 2118
36457 2118
36458 2118
36459 2118
36460 2118
36461 2118
36462 2118
36463 2118
36464 2118
36465 2118
36466 2118
36467 2118
36468 2118
36469 2116
36470 2116
36471 2116
36472 2116
36473 2116
36474 2116
36475 2116
36476 2116
36477 2116
36478 2116
36479 2116
36480 2116
36481 2116
36482 2116
36483 2116
36484 2116
36485 2116
36486 2116
36487 2116
36488 2116
36489 2116
36490 2116
36491 2116
36492 2116
36493 2116
36494 2116
36495 2116
36496 2116
36497 2116
36498 2116
36499 2116
36500 2116
36501 2116
36502 2116
36503 2116
36504 2116
36505 2116
36506 2116
36507 2116
36508 2116
36509 2116
36510 2116
36511 2116
36512 2116
36513 2116
36514 2116
36515 2116
36516 2116
36517 2116
36518 2116
36519 2116
36520 2116
36521 2116
36522 2116
36523 2116
36524 2116
36525 2116
36526 2116
36527 2116
36528 2116
36529 2116
36530 2116
36531 2116
36532 2116
36533 2116
36534 2116
36535 2116
36536 2116
36537 2116
36538 2116
36539 2116
36540 2116
36541 2116
36542 2116
36543 2116
36544 2116
36545 2116
36546 2116
36547 2116
36548 2116
36549 2116
36550 2116
36551 2116
36552 2116
36553 2116
36554 2116
36555 2116
36556 2116
36557 2116
36558 2116
36559 2116
36560 2116
36561 2116
36562 2116
36563 2116
36564 2116
36565 2116
36566 2116
36567 2116
36568 2116
36569 2116
36570 2116
36571 2116
36572 2116
36573 2116
36574 2116
36575 2116
36576 2116
36577 2116
36578 2116
36579 2116
36580 2116
36581 2116
36582 2116
36583 2116
36584 2116
36585 2116
36586 2116
36587 2116
36588 2116
36589 2116
36590 2116
36591 2116
36592 2116
36593 2104
36594 2104
36595 2104
36596 2104
36597 2104
36598 2104
36599 2104
36600 2104
36601 2104
36602 2104
36603 2104
36604 2104
36605 2104
36606 2104
36607 2104
36608 2104
36609 2104
36610 2104
36611 2104
36612 2104
36613 2104
36614 2104
36615 2104
36616 2104
36617 2104
36618 2104
36619 2104
36620 2104
36621 2104
36622 2104
36623 2104
36624 2104
36625 2104
36626 2104
36627 2104
36628 2104
36629 2104
36630 2104
36631 2104
36632 2104
36633 2104
36634 2104
36635 2104
36636 2104
36637 2104
36638 2104
36639 2104
36640 2104
36641 2104
36642 2104
36643 2104
36644 2104
36645 2104
36646 2104
36647 2104
36648 2104
36649 2104
36650 2104
36651 2104
36652 2104
36653 2104
36654 2104
36655 2104
36656 2104
36657 2104
36658 2104
36659 2104
36660 2104
36661 2104
36662 2104
36663 2104
36664 2104
36665 2104
36666 2104
36667 2104
36668 2104
36669 2104
36670 2104
36671 2104
36672 2104
36673 2104
36674 2104
36675 2104
36676 2104
36677 2104
36678 2104
36679 2104
36680 2104
36681 2104
36682 2104
36683 2104
36684 2104
36685 2104
36686 2104
36687 2104
36688 2104
36689 2104
36690 2104
36691 2104
36692 2104
36693 2104
36694 2104
36695 2104
36696 2104
36697 2104
36698 2104
36699 2104
36700 2104
36701 2103
36702 2103
36703 2103
36704 2103
36705 2103
36706 2103
36707 2103
36708 2103
36709 2103
36710 2103
36711 2103
36712 2103
36713 2103
36714 2103
36715 2103
36716 2103
36717 2103
36718 2103
36719 2103
36720 2103
36721 2103
36722 2103
36723 2103
36724 2102
36725 2102
36726 2102
36727 2102
36728 2102
36729 2102
36730 2102
36731 2102
36732 2102
36733 2102
36734 2102
36735 2102
36736 2102
36737 2102
36738 2102
36739 2102
36740 2102
36741 2102
36742 2102
36743 2102
36744 2102
36745 2102
36746 2102
36747 2102
36748 2102
36749 2102
36750 2102
36751 2102
36752 2102
36753 2102
36754 2102
36755 2102
36756 2102
36757 2102
36758 2102
36759 2102
36760 2102
36761 2102
36762 2094
36763 2094
36764 2094
36765 2094
36766 2094
36767 2094
36768 2094
36769 2094
36770 2094
36771 2094
36772 2094
36773 2094
36774 2094
36775 2094
36776 2094
36777 2094
36778 2094
36779 2094
36780 2094
36781 2094
36782 2094
36783 2094
36784 2094
36785 2094
36786 2094
36787 2094
36788 2094
36789 2094
36790 2094
36791 2094
36792 2094
36793 2094
36794 2094
36795 2094
36796 2094
36797 2094
36798 2094
36799 2094
36800 2094
36801 2094
36802 2094
36803 2094
36804 2094
36805 2094
36806 2094
36807 2094
36808 2094
36809 2094
36810 2094
36811 2094
36812 2094
36813 2094
36814 2094
36815 2094
36816 2094
36817 2094
36818 2094
36819 2094
36820 2094
36821 2094
36822 2094
36823 2094
36824 2094
36825 2094
36826 2094
36827 2094
36828 2094
36829 2094
36830 2094
36831 2094
36832 2094
36833 2094
36834 2094
36835 2094
36836 2094
36837 2094
36838 2094
36839 2094
36840 2094
36841 2094
36842 2094
36843 2094
36844 2094
36845 2094
36846 2094
36847 2094
36848 2094
36849 2094
36850 2094
36851 2094
36852 2094
36853 2094
36854 2094
36855 2094
36856 2094
36857 2094
36858 2094
36859 2094
36860 2094
36861 2094
36862 2094
36863 2094
36864 2094
36865 2094
36866 2094
36867 2094
36868 2094
36869 2094
36870 2094
36871 2094
36872 2094
36873 2094
36874 2094
36875 2094
36876 2094
36877 2094
36878 2094
36879 2094
36880 2094
36881 2093
36882 2093
36883 2093
36884 2093
36885 2093
36886 2093
36887 2093
36888 2093
36889 2093
36890 2093
36891 2093
36892 2093
36893 2093
36894 2093
36895 2093
36896 2093
36897 2093
36898 2093
36899 2093
36900 2093
36901 2093
36902 2093
36903 2093
36904 2093
36905 2093
36906 2093
36907 2093
36908 2093
36909 2093
36910 2093
36911 2093
36912 2093
36913 2093
36914 2093
36915 2093
36916 2093
36917 2093
36918 2093
36919 2093
36920 2093
36921 2093
36922 2093
36923 2093
36924 2093
36925 2093
36926 2093
36927 2093
36928 2093
36929 2093
36930 2093
36931 2093
36932 2093
36933 2093
36934 2093
36935 2093
36936 2093
36937 2093
36938 2093
36939 2093
36940 2093
36941 2093
36942 2093
36943 2093
36944 2093
36945 2093
36946 2093
36947 2093
36948 2093
36949 2093
36950 2093
36951 2093
36952 2093
36953 2093
36954 2093
36955 2093
36956 2093
36957 2093
36958 2093
36959 2093
36960 2093
36961 2093
36962 2093
36963 2093
36964 2093
36965 2093
36966 2093
36967 2093
36968 2093
36969 2093
36970 2093
36971 2093
36972 2093
36973 2093
36974 2093
36975 2093
36976 2093
36977 2093
36978 2093
36979 2093
36980 2093
36981 2093
36982 2093
36983 2093
36984 2093
36985 2093
36986 2093
36987 2093
36988 2093
36989 2093
36990 2093
36991 2093
36992 2093
36993 2093
36994 2093
36995 2093
36996 2091
36997 2091
36998 2091
36999 2091
37000 2091
37001 2091
37002 2091
37003 2091
37004 2091
37005 2091
37006 2091
37007 2091
37008 2091
37009 2091
37010 2091
37011 2091
37012 2091
37013 2091
37014 2091
37015 2091
37016 2091
37017 2091
37018 2091
37019 2091
37020 2091
37021 2091
37022 2091
37023 2091
37024 2091
37025 2091
37026 2091
37027 2091
37028 2091
37029 2091
37030 2091
37031 2091
37032 2091
37033 2091
37034 2091
37035 2091
37036 2091
37037 2091
37038 2091
37039 2091
37040 2091
37041 2091
37042 2091
37043 2091
37044 2091
37045 2091
37046 2091
37047 2091
37048 2091
37049 2091
37050 2091
37051 2091
37052 2091
37053 2091
37054 2091
37055 2091
37056 2091
37057 2091
37058 2091
37059 2091
37060 2091
37061 2091
37062 2091
37063 2091
37064 2091
37065 2091
37066 2091
37067 2091
37068 2091
37069 2091
37070 2091
37071 2091
37072 2091
37073 2091
37074 2091
37075 2091
37076 2091
37077 2091
37078 2091
37079 2091
37080 2091
37081 2091
37082 2091
37083 2091
37084 2091
37085 2091
37086 2091
37087 2091
37088 2091
37089 2091
37090 2091
37091 2091
37092 2091
37093 2091
37094 2091
37095 2091
37096 2091
37097 2091
37098 2091
37099 2091
37100 2091
37101 2091
37102 2091
37103 2091
37104 2091
37105 2091
37106 2091
37107 2091
37108 2091
37109 2091
37110 2091
37111 2091
37112 2091
37113 2091
37114 2091
37115 2091
37116 2091
37117 2091
37118 2091
37119 2091
37120 2091
37121 2091
37122 2091
37123 2091
37124 2091
37125 2091
37126 2091
37127 2091
37128 2091
37129 2091
37130 2091
37131 2091
37132 2091
37133 2091
37134 2091
37135 2091
37136 2091
37137 2091
37138 2091
37139 2091
37140 2091
37141 2091
37142 2091
37143 2091
37144 2091
37145 2091
37146 2091
37147 2091
37148 2091
37149 2091
37150 2091
37151 2091
37152 2091
37153 2091
37154 2091
37155 2091
37156 2091
37157 2091
37158 2091
37159 2091
37160 2091
37161 2091
37162 2091
37163 2091
37164 2091
37165 2091
37166 2091
37167 2091
37168 2091
37169 2091
37170 2091
37171 2091
37172 2091
37173 2091
37174 2091
37175 2091
37176 2091
37177 2091
37178 2091
37179 2091
37180 2091
37181 2091
37182 2091
37183 2091
37184 2091
37185 2091
37186 2091
37187 2091
37188 2091
37189 2091
37190 2091
37191 2091
37192 2091
37193 2091
37194 2091
37195 2091
37196 2091
37197 2091
37198 2091
37199 2091
37200 2091
37201 2091
37202 2091
37203 2091
37204 2091
37205 2091
37206 2091
37207 2091
37208 2091
37209 2091
37210 2091
37211 2091
37212 2091
37213 2091
37214 2091
37215 2091
37216 2091
37217 2091
37218 2091
37219 2091
37220 2091
37221 2091
37222 2091
37223 2091
37224 2091
37225 2091
37226 2091
37227 2091
37228 2091
37229 2091
37230 2091
37231 2091
37232 2091
37233 2091
37234 2091
37235 2091
37236 2091
37237 2091
37238 2091
37239 2091
37240 2091
37241 2091
37242 2091
37243 2091
37244 2091
37245 2091
37246 2091
37247 2091
37248 2091
37249 2091
37250 2091
37251 2091
37252 2091
37253 2091
37254 2091
37255 2091
37256 2091
37257 2091
37258 2091
37259 2091
37260 2091
37261 2091
37262 2091
37263 2091
37264 2091
37265 2091
37266 2091
37267 2091
37268 2091
37269 2091
37270 2091
37271 2091
37272 2091
37273 2091
37274 2091
37275 2091
37276 2091
37277 2091
37278 2091
37279 2091
37280 2091
37281 2091
37282 2091
37283 2091
37284 2091
37285 2091
37286 2091
37287 2091
37288 2091
37289 2091
37290 2091
37291 2091
37292 2091
37293 2091
37294 2091
37295 2091
37296 2091
37297 2091
37298 2091
37299 2091
37300 2091
37301 2091
37302 2091
37303 2091
37304 2091
37305 2091
37306 2091
37307 2091
37308 2091
37309 2091
37310 2091
37311 2091
37312 2091
37313 2091
37314 2091
37315 2091
37316 2091
37317 2091
37318 2091
37319 2091
37320 2091
37321 2091
37322 2091
37323 2091
37324 2091
37325 2091
37326 2091
37327 2091
37328 2091
37329 2091
37330 2091
37331 2091
37332 2091
37333 2091
37334 2091
37335 2091
37336 2091
37337 2091
37338 2091
37339 2091
37340 2091
37341 2091
37342 2091
37343 2091
37344 2091
37345 2091
37346 2091
37347 2091
37348 2091
37349 2091
37350 2091
37351 2091
37352 2091
37353 2091
37354 2091
37355 2091
37356 2091
37357 2091
37358 2091
37359 2091
37360 2091
37361 2091
37362 2091
37363 2091
37364 2091
37365 2091
37366 2091
37367 2091
37368 2091
37369 2091
37370 2091
37371 2091
37372 2091
37373 2091
37374 2091
37375 2091
37376 2091
37377 2091
37378 2091
37379 2091
37380 2091
37381 2091
37382 2091
37383 2091
37384 2091
37385 2091
37386 2091
37387 2091
37388 2091
37389 2091
37390 2091
37391 2091
37392 2091
37393 2091
37394 2091
37395 2091
37396 2091
37397 2091
37398 2091
37399 2091
37400 2091
37401 2091
37402 2091
37403 2091
37404 2091
37405 2091
37406 2091
37407 2091
37408 2091
37409 2091
37410 2091
37411 2091
37412 2091
37413 2091
37414 2091
37415 2091
37416 2091
37417 2091
37418 2091
37419 2091
37420 2091
37421 2091
37422 2091
37423 2091
37424 2091
37425 2091
37426 2091
37427 2091
37428 2091
37429 2091
37430 2091
37431 2091
37432 2091
37433 2091
37434 2091
37435 2091
37436 2091
37437 2091
37438 2091
37439 2091
37440 2091
37441 2091
37442 2091
37443 2091
37444 2091
37445 2091
37446 2091
37447 2091
37448 2091
37449 2091
37450 2091
37451 2091
37452 2091
37453 2091
37454 2091
37455 2091
37456 2091
37457 2091
37458 2091
37459 2091
37460 2091
37461 2091
37462 2091
37463 2091
37464 2091
37465 2091
37466 2091
37467 2091
37468 2091
37469 2091
37470 2091
37471 2091
37472 2091
37473 2091
37474 2091
37475 2091
37476 2091
37477 2091
37478 2091
37479 2091
37480 2091
37481 2091
37482 2091
37483 2091
37484 2091
37485 2091
37486 2091
37487 2091
37488 2091
37489 2091
37490 2091
37491 2091
37492 2091
37493 2091
37494 2091
37495 2091
37496 2091
37497 2091
37498 2091
37499 2091
37500 2091
37501 2091
37502 2091
37503 2091
37504 2091
37505 2091
37506 2091
37507 2091
37508 2091
37509 2091
37510 2091
37511 2091
37512 2091
37513 2091
37514 2091
37515 2091
37516 2091
37517 2091
37518 2091
37519 2091
37520 2091
37521 2091
37522 2091
37523 2091
37524 2091
37525 2091
37526 2091
37527 2091
37528 2091
37529 2091
37530 2091
37531 2091
37532 2091
37533 2091
37534 2091
37535 2091
37536 2091
37537 2091
37538 2091
37539 2091
37540 2091
37541 2091
37542 2091
37543 2091
37544 2091
37545 2091
37546 2091
37547 2091
37548 2091
37549 2091
37550 2091
37551 2091
37552 2091
37553 2091
37554 2091
37555 2091
37556 2091
37557 2091
37558 2091
37559 2091
37560 2091
37561 2091
37562 2091
37563 2091
37564 2091
37565 2091
37566 2091
37567 2091
37568 2091
37569 2091
37570 2091
37571 2091
37572 2091
37573 2091
37574 2080
37575 2080
37576 2080
37577 2080
37578 2080
37579 2080
37580 2080
37581 2080
37582 2080
37583 2080
37584 2080
37585 2080
37586 2080
37587 2080
37588 2080
37589 2080
37590 2080
37591 2080
37592 2080
37593 2080
37594 2080
37595 2080
37596 2080
37597 2080
37598 2080
37599 2080
37600 2080
37601 2080
37602 2080
37603 2080
37604 2080
37605 2080
37606 2080
37607 2080
37608 2080
37609 2080
37610 2080
37611 2080
37612 2080
37613 2080
37614 2080
37615 2080
37616 2080
37617 2080
37618 2080
37619 2080
37620 2080
37621 2080
37622 2080
37623 2080
37624 2080
37625 2080
37626 2080
37627 2080
37628 2080
37629 2080
37630 2080
37631 2080
37632 2080
37633 2080
37634 2080
37635 2080
37636 2080
37637 2080
37638 2080
37639 2080
37640 2080
37641 2080
37642 2080
37643 2080
37644 2080
37645 2080
37646 2080
37647 2080
37648 2080
37649 2080
37650 2080
37651 2080
37652 2080
37653 2080
37654 2080
37655 2080
37656 2080
37657 2080
37658 2080
37659 2080
37660 2080
37661 2080
37662 2080
37663 2080
37664 2080
37665 2080
37666 2080
37667 2080
37668 2080
37669 2080
37670 2080
37671 2080
37672 2080
37673 2080
37674 2080
37675 2080
37676 2080
37677 2080
37678 2080
37679 2080
37680 2080
37681 2080
37682 2080
37683 2080
37684 2080
37685 2080
37686 2080
37687 2080
37688 2080
37689 2080
37690 2080
37691 2080
37692 2080
37693 2080
37694 2080
37695 2080
37696 2080
37697 2080
37698 2080
37699 2080
37700 2080
37701 2080
37702 2080
37703 2080
37704 2080
37705 2080
37706 2080
37707 2080
37708 2080
37709 2080
37710 2080
37711 2080
37712 2080
37713 2080
37714 2080
37715 2080
37716 2080
37717 2080
37718 2080
37719 2080
37720 2080
37721 2080
37722 2080
37723 2080
37724 2080
37725 2080
37726 2080
37727 2080
37728 2080
37729 2080
37730 2080
37731 2080
37732 2080
37733 2080
37734 2080
37735 2080
37736 2080
37737 2080
37738 2080
37739 2080
37740 2080
37741 2080
37742 2080
37743 2080
37744 2080
37745 2080
37746 2080
37747 2080
37748 2080
37749 2080
37750 2080
37751 2080
37752 2080
37753 2080
37754 2080
37755 2080
37756 2080
37757 2080
37758 2080
37759 2080
37760 2080
37761 2080
37762 2080
37763 2080
37764 2080
37765 2080
37766 2080
37767 2080
37768 2080
37769 2080
37770 2080
37771 2080
37772 2080
37773 2080
37774 2080
37775 2080
37776 2080
37777 2080
37778 2080
37779 2080
37780 2080
37781 2080
37782 2080
37783 2080
37784 2080
37785 2080
37786 2080
37787 2080
37788 2080
37789 2080
37790 2080
37791 2080
37792 2080
37793 2080
37794 2080
37795 2080
37796 2080
37797 2080
37798 2080
37799 2080
37800 2080
37801 2080
37802 2080
37803 2080
37804 2080
37805 2080
37806 2080
37807 2080
37808 2080
37809 2080
37810 2080
37811 2080
37812 2080
37813 2080
37814 2080
37815 2080
37816 2080
37817 2078
37818 2078
37819 2078
37820 2078
37821 2078
37822 2078
37823 2078
37824 2078
37825 2078
37826 2078
37827 2078
37828 2078
37829 2078
37830 2078
37831 2078
37832 2078
37833 2078
37834 2078
37835 2078
37836 2078
37837 2078
37838 2078
37839 2078
37840 2078
37841 2078
37842 2078
37843 2078
37844 2078
37845 2078
37846 2078
37847 2078
37848 2078
37849 2078
37850 2078
37851 2078
37852 2078
37853 2078
37854 2078
37855 2078
37856 2078
37857 2078
37858 2078
37859 2078
37860 2078
37861 2078
37862 2078
37863 2078
37864 2078
37865 2078
37866 2078
37867 2078
37868 2078
37869 2078
37870 2078
37871 2078
37872 2078
37873 2078
37874 2078
37875 2078
37876 2078
37877 2078
37878 2078
37879 2078
37880 2078
37881 2078
37882 2078
37883 2078
37884 2078
37885 2078
37886 2078
37887 2078
37888 2078
37889 2078
37890 2078
37891 2078
37892 2078
37893 2078
37894 2075
37895 2075
37896 2075
37897 2075
37898 2075
37899 2075
37900 2075
37901 2075
37902 2075
37903 2075
37904 2075
37905 2075
37906 2075
37907 2075
37908 2075
37909 2075
37910 2075
37911 2075
37912 2075
37913 2075
37914 2075
37915 2075
37916 2075
37917 2075
37918 2075
37919 2075
37920 2075
37921 2075
37922 2075
37923 2075
37924 2075
37925 2075
37926 2075
37927 2075
37928 2075
37929 2075
37930 2075
37931 2075
37932 2075
37933 2075
37934 2075
37935 2075
37936 2075
37937 2075
37938 2075
37939 2075
37940 2075
37941 2075
37942 2075
37943 2075
37944 2075
37945 2075
37946 2075
37947 2075
37948 2075
37949 2075
37950 2075
37951 2075
37952 2075
37953 2075
37954 2075
37955 2075
37956 2075
37957 2075
37958 2075
37959 2075
37960 2075
37961 2075
37962 2075
37963 2075
37964 2075
37965 2075
37966 2075
37967 2075
37968 2075
37969 2075
37970 2075
37971 2075
37972 2075
37973 2075
37974 2075
37975 2075
37976 2075
37977 2075
37978 2075
37979 2075
37980 2075
37981 2075
37982 2075
37983 2075
37984 2075
37985 2075
37986 2075
37987 2075
37988 2075
37989 2075
37990 2075
37991 2075
37992 2074
37993 2074
37994 2074
37995 2074
37996 2074
37997 2074
37998 2074
37999 2074
38000 2074
38001 2074
38002 2074
38003 2074
38004 2074
38005 2074
38006 2074
38007 2074
38008 2074
38009 2074
38010 2074
38011 2074
38012 2074
38013 2074
38014 2074
38015 2074
38016 2074
38017 2074
38018 2074
38019 2074
38020 2074
38021 2074
38022 2074
38023 2074
38024 2074
38025 2074
38026 2074
38027 2074
38028 2074
38029 2074
38030 2074
38031 2074
38032 2074
38033 2074
38034 2074
38035 2074
38036 2074
38037 2074
38038 2074
38039 2074
38040 2074
38041 2074
38042 2074
38043 2074
38044 2074
38045 2074
38046 2074
38047 2074
38048 2074
38049 2074
38050 2074
38051 2074
38052 2074
38053 2074
38054 2074
38055 2074
38056 2074
38057 2074
38058 2074
38059 2074
38060 2074
38061 2074
38062 2074
38063 2074
38064 2074
38065 2074
38066 2074
38067 2074
38068 2074
38069 2074
38070 2074
38071 2074
38072 2074
38073 2074
38074 2074
38075 2074
38076 2074
38077 2074
38078 2074
38079 2074
38080 2074
38081 2074
38082 2074
38083 2074
38084 2074
38085 2074
38086 2074
38087 2074
38088 2074
38089 2074
38090 2074
38091 2074
38092 2074
38093 2074
38094 2074
38095 2074
38096 2074
38097 2074
38098 2074
38099 2074
38100 2074
38101 2074
38102 2074
38103 2074
38104 2074
38105 2074
38106 2074
38107 2074
38108 2074
38109 2074
38110 2074
38111 2074
38112 2074
38113 2074
38114 2074
38115 2074
38116 2074
38117 2074
38118 2074
38119 2074
38120 2074
38121 2074
38122 2074
38123 2074
38124 2074
38125 2074
38126 2074
38127 2074
38128 2074
38129 2074
38130 2074
38131 2074
38132 2074
38133 2074
38134 2074
38135 2074
38136 2074
38137 2074
38138 2074
38139 2074
38140 2074
38141 2074
38142 2074
38143 2074
38144 2074
38145 2074
38146 2074
38147 2074
38148 2074
38149 2074
38150 2074
38151 2074
38152 2074
38153 2074
38154 2074
38155 2074
38156 2074
38157 2074
38158 2074
38159 2074
38160 2074
38161 2074
38162 2074
38163 2074
38164 2074
38165 2074
38166 2074
38167 2074
38168 2074
38169 2074
38170 2074
38171 2074
38172 2074
38173 2074
38174 2074
38175 2074
38176 2074
38177 2074
38178 2074
38179 2074
38180 2074
38181 2074
38182 2074
38183 2074
38184 2074
38185 2074
38186 2074
38187 2074
38188 2074
38189 2074
38190 2074
38191 2074
38192 2074
38193 2074
38194 2074
38195 2074
38196 2074
38197 2074
38198 2074
38199 2074
38200 2074
38201 2074
38202 2074
38203 2074
38204 2074
38205 2074
38206 2074
38207 2074
38208 2074
38209 2074
38210 2074
38211 2074
38212 2074
38213 2074
38214 2074
38215 2074
38216 2074
38217 2074
38218 2074
38219 2074
38220 2074
38221 2074
38222 2074
38223 2074
38224 2074
38225 2074
38226 2074
38227 2074
38228 2074
38229 2074
38230 2074
38231 2074
38232 2074
38233 2074
38234 2074
38235 2074
38236 2074
38237 2074
38238 2074
38239 2074
38240 2074
38241 2074
38242 2074
38243 2074
38244 2074
38245 2074
38246 2074
38247 2074
38248 2074
38249 2074
38250 2074
38251 2074
38252 2074
38253 2074
38254 2074
38255 2074
38256 2074
38257 2074
38258 2074
38259 2074
38260 2074
38261 2074
38262 2074
38263 2074
38264 2074
38265 2074
38266 2074
38267 2074
38268 2074
38269 2074
38270 2074
38271 2074
38272 2074
38273 2074
38274 2074
38275 2074
38276 2074
38277 2074
38278 2074
38279 2074
38280 2074
38281 2074
38282 2074
38283 2074
38284 2074
38285 2074
38286 2074
38287 2074
38288 2074
38289 2074
38290 2074
38291 2074
38292 2074
38293 2074
38294 2074
38295 2074
38296 2074
38297 2074
38298 2074
38299 2074
38300 2074
38301 2074
38302 2074
38303 2074
38304 2074
38305 2074
38306 2074
38307 2074
38308 2074
38309 2074
38310 2074
38311 2074
38312 2074
38313 2074
38314 2074
38315 2074
38316 2074
38317 2074
38318 2074
38319 2074
38320 2074
38321 2074
38322 2074
38323 2074
38324 2074
38325 2074
38326 2074
38327 2074
38328 2074
38329 2074
38330 2074
38331 2074
38332 2074
38333 2074
38334 2074
38335 2074
38336 2074
38337 2074
38338 2074
38339 2074
38340 2074
38341 2074
38342 2074
38343 2074
38344 2074
38345 2074
38346 2074
38347 2074
38348 2074
38349 2074
38350 2074
38351 2074
38352 2074
38353 2074
38354 2074
38355 2074
38356 2074
38357 2074
38358 2074
38359 2074
38360 2074
38361 2074
38362 2074
38363 2074
38364 2074
38365 2074
38366 2074
38367 2074
38368 2074
38369 2074
38370 2074
38371 2074
38372 2074
38373 2074
38374 2074
38375 2074
38376 2074
38377 2074
38378 2074
38379 2074
38380 2074
38381 2074
38382 2074
38383 2074
38384 2074
38385 2074
38386 2074
38387 2074
38388 2074
38389 2074
38390 2074
38391 2074
38392 2074
38393 2074
38394 2074
38395 2074
38396 2074
38397 2074
38398 2074
38399 2074
38400 2074
38401 2074
38402 2074
38403 2074
38404 2074
38405 2074
38406 2074
38407 2074
38408 2074
38409 2074
38410 2074
38411 2074
38412 2074
38413 2074
38414 2074
38415 2074
38416 2074
38417 2074
38418 2074
38419 2074
38420 2074
38421 2074
38422 2074
38423 2074
38424 2074
38425 2074
38426 2074
38427 2074
38428 2074
38429 2074
38430 2074
38431 2074
38432 2074
38433 2074
38434 2074
38435 2074
38436 2074
38437 2074
38438 2074
38439 2074
38440 2074
38441 2074
38442 2074
38443 2074
38444 2074
38445 2074
38446 2074
38447 2074
38448 2074
38449 2074
38450 2074
38451 2074
38452 2074
38453 2074
38454 2074
38455 2074
38456 2074
38457 2074
38458 2074
38459 2074
38460 2074
38461 2074
38462 2074
38463 2074
38464 2074
38465 2074
38466 2074
38467 2074
38468 2074
38469 2074
38470 2074
38471 2074
38472 2074
38473 2074
38474 2074
38475 2074
38476 2074
38477 2074
38478 2074
38479 2074
38480 2074
38481 2074
38482 2074
38483 2074
38484 2074
38485 2074
38486 2074
38487 2074
38488 2074
38489 2074
38490 2074
38491 2074
38492 2074
38493 2074
38494 2074
38495 2074
38496 2074
38497 2074
38498 2074
38499 2074
38500 2074
38501 2074
38502 2074
38503 2074
38504 2074
38505 2074
38506 2074
38507 2074
38508 2074
38509 2074
38510 2074
38511 2074
38512 2074
38513 2074
38514 2074
38515 2074
38516 2074
38517 2074
38518 2074
38519 2074
38520 2074
38521 2074
38522 2074
38523 2074
38524 2074
38525 2074
38526 2074
38527 2074
38528 2074
38529 2074
38530 2074
38531 2074
38532 2074
38533 2074
38534 2074
38535 2074
38536 2074
38537 2074
38538 2074
38539 2074
38540 2074
38541 2074
38542 2074
38543 2074
38544 2074
38545 2074
38546 2074
38547 2074
38548 2074
38549 2074
38550 2074
38551 2074
38552 2074
38553 2074
38554 2074
38555 2074
38556 2074
38557 2074
38558 2074
38559 2074
38560 2074
38561 2074
38562 2074
38563 2074
38564 2074
38565 2074
38566 2074
38567 2073
38568 2073
38569 2073
38570 2073
38571 2073
38572 2073
38573 2073
38574 2073
38575 2073
38576 2073
38577 2073
38578 2073
38579 2073
38580 2073
38581 2073
38582 2073
38583 2073
38584 2073
38585 2073
38586 2073
38587 2073
38588 2073
38589 2073
38590 2073
38591 2073
38592 2073
38593 2073
38594 2073
38595 2073
38596 2073
38597 2073
38598 2073
38599 2073
38600 2073
38601 2073
38602 2073
38603 2073
38604 2073
38605 2073
38606 2073
38607 2073
38608 2073
38609 2073
38610 2073
38611 2073
38612 2073
38613 2073
38614 2073
38615 2073
38616 2073
38617 2073
38618 2073
38619 2073
38620 2073
38621 2073
38622 2073
38623 2073
38624 2073
38625 2073
38626 2073
38627 2073
38628 2073
38629 2073
38630 2073
38631 2073
38632 2073
38633 2073
38634 2073
38635 2073
38636 2073
38637 2073
38638 2073
38639 2073
38640 2073
38641 2073
38642 2073
38643 2073
38644 2073
38645 2073
38646 2073
38647 2073
38648 2073
38649 2073
38650 2073
38651 2073
38652 2073
38653 2073
38654 2073
38655 2073
38656 2073
38657 2073
38658 2073
38659 2073
38660 2073
38661 2073
38662 2073
38663 2070
38664 2070
38665 2070
38666 2070
38667 2070
38668 2070
38669 2070
38670 2070
38671 2070
38672 2070
38673 2070
38674 2070
38675 2070
38676 2070
38677 2070
38678 2070
38679 2070
38680 2070
38681 2070
38682 2070
38683 2070
38684 2070
38685 2070
38686 2070
38687 2070
38688 2070
38689 2070
38690 2070
38691 2070
38692 2070
38693 2070
38694 2070
38695 2070
38696 2070
38697 2070
38698 2070
38699 2070
38700 2070
38701 2070
38702 2070
38703 2070
38704 2070
38705 2070
38706 2070
38707 2070
38708 2070
38709 2070
38710 2070
38711 2070
38712 2070
38713 2070
38714 2070
38715 2070
38716 2070
38717 2070
38718 2070
38719 2070
38720 2070
38721 2070
38722 2070
38723 2070
38724 2070
38725 2070
38726 2070
38727 2070
38728 2070
38729 2070
38730 2070
38731 2070
38732 2070
38733 2070
38734 2070
38735 2070
38736 2070
38737 2070
38738 2070
38739 2070
38740 2070
38741 2070
38742 2070
38743 2070
38744 2070
38745 2070
38746 2070
38747 2070
38748 2070
38749 2070
38750 2070
38751 2070
38752 2070
38753 2070
38754 2070
38755 2070
38756 2070
38757 2070
38758 2070
38759 2070
38760 2070
38761 2070
38762 2070
38763 2070
38764 2070
38765 2070
38766 2070
38767 2070
38768 2070
38769 2070
38770 2070
38771 2070
38772 2070
38773 2070
38774 2070
38775 2070
38776 2070
38777 2070
38778 2070
38779 2070
38780 2070
38781 2070
38782 2070
38783 2070
38784 2070
38785 2070
38786 2070
38787 2070
38788 2070
38789 2070
38790 2070
38791 2070
38792 2070
38793 2070
38794 2070
38795 2070
38796 2070
38797 2070
38798 2070
38799 2070
38800 2070
38801 2070
38802 2070
38803 2070
38804 2070
38805 2070
38806 2070
38807 2070
38808 2070
38809 2070
38810 2070
38811 2070
38812 2070
38813 2070
38814 2070
38815 2070
38816 2070
38817 2070
38818 2070
38819 2070
38820 2070
38821 2070
38822 2070
38823 2070
38824 2070
38825 2070
38826 2070
38827 2070
38828 2070
38829 2070
38830 2070
38831 2070
38832 2070
38833 2070
38834 2070
38835 2070
38836 2070
38837 2070
38838 2070
38839 2070
38840 2070
38841 2070
38842 2070
38843 2070
38844 2070
38845 2070
38846 2070
38847 2070
38848 2070
38849 2070
38850 2070
38851 2070
38852 2070
38853 2070
38854 2070
38855 2070
38856 2070
38857 2070
38858 2070
38859 2070
38860 2070
38861 2070
38862 2070
38863 2070
38864 2070
38865 2070
38866 2070
38867 2070
38868 2070
38869 2070
38870 2070
38871 2070
38872 2070
38873 2070
38874 2070
38875 2070
38876 2070
38877 2070
38878 2070
38879 2070
38880 2070
38881 2070
38882 2070
38883 2070
38884 2070
38885 2070
38886 2070
38887 2070
38888 2070
38889 2070
38890 2070
38891 2070
38892 2070
38893 2070
38894 2070
38895 2070
38896 2070
38897 2070
38898 2070
38899 2070
38900 2070
38901 2070
38902 2070
38903 2070
38904 2070
38905 2070
38906 2070
38907 2070
38908 2070
38909 2070
38910 2070
38911 2070
38912 2070
38913 2070
38914 2070
38915 2070
38916 2070
38917 2070
38918 2070
38919 2070
38920 2070
38921 2070
38922 2070
38923 2070
38924 2070
38925 2070
38926 2070
38927 2070
38928 2070
38929 2070
38930 2070
38931 2070
38932 2070
38933 2070
38934 2070
38935 2070
38936 2070
38937 2070
38938 2070
38939 2070
38940 2070
38941 2070
38942 2070
38943 2070
38944 2070
38945 2070
38946 2070
38947 2070
38948 2070
38949 2070
38950 2070
38951 2070
38952 2063
38953 2063
38954 2063
38955 2063
38956 2063
38957 2063
38958 2063
38959 2063
38960 2063
38961 2063
38962 2063
38963 2063
38964 2063
38965 2063
38966 2063
38967 2063
38968 2063
38969 2063
38970 2063
38971 2063
38972 2063
38973 2063
38974 2063
38975 2063
38976 2063
38977 2063
38978 2063
38979 2063
38980 2063
38981 2063
38982 2063
38983 2063
38984 2063
38985 2063
38986 2063
38987 2063
38988 2063
38989 2063
38990 2063
38991 2063
38992 2063
38993 2063
38994 2063
38995 2063
38996 2063
38997 2063
38998 2063
38999 2063
39000 2063
39001 2063
39002 2063
39003 2063
39004 2063
39005 2063
39006 2063
39007 2063
39008 2063
39009 2063
39010 2063
39011 2063
39012 2063
39013 2063
39014 2063
39015 2063
39016 2063
39017 2063
39018 2063
39019 2063
39020 2063
39021 2063
39022 2063
39023 2063
39024 2063
39025 2063
39026 2063
39027 2063
39028 2063
39029 2063
39030 2063
39031 2063
39032 2063
39033 2063
39034 2063
39035 2063
39036 2063
39037 2063
39038 2063
39039 2063
39040 2063
39041 2063
39042 2063
39043 2063
39044 2063
39045 2063
39046 2063
39047 2063
39048 2063
39049 2063
39050 2063
39051 2063
39052 2063
39053 2063
39054 2063
39055 2063
39056 2063
39057 2063
39058 2063
39059 2063
39060 2063
39061 2063
39062 2063
39063 2063
39064 2063
39065 2063
39066 2063
39067 2063
39068 2063
39069 2063
39070 2063
39071 2063
39072 2063
39073 2063
39074 2063
39075 2063
39076 2063
39077 2063
39078 2063
39079 2063
39080 2063
39081 2063
39082 2063
39083 2063
39084 2063
39085 2063
39086 2063
39087 2063
39088 2063
39089 2063
39090 2063
39091 2063
39092 2063
39093 2063
39094 2063
39095 2063
39096 2063
39097 2063
39098 2063
39099 2063
39100 2063
39101 2063
39102 2063
39103 2063
39104 2063
39105 2063
39106 2063
39107 2063
39108 2063
39109 2063
39110 2063
39111 2063
39112 2063
39113 2063
39114 2063
39115 2063
39116 2063
39117 2063
39118 2063
39119 2063
39120 2063
39121 2063
39122 2063
39123 2063
39124 2063
39125 2063
39126 2063
39127 2063
39128 2063
39129 2063
39130 2063
39131 2063
39132 2063
39133 2063
39134 2063
39135 2063
39136 2063
39137 2063
39138 2063
39139 2063
39140 2063
39141 2063
39142 2063
39143 2063
39144 2063
39145 2063
39146 2063
39147 2063
39148 2063
39149 2063
39150 2063
39151 2063
39152 2063
39153 2063
39154 2063
39155 2063
39156 2063
39157 2063
39158 2063
39159 2063
39160 2063
39161 2063
39162 2063
39163 2063
39164 2063
39165 2063
39166 2063
39167 2063
39168 2063
39169 2063
39170 2063
39171 2063
39172 2063
39173 2063
39174 2063
39175 2063
39176 2063
39177 2063
39178 2063
39179 2063
39180 2063
39181 2063
39182 2063
39183 2063
39184 2063
39185 2063
39186 2063
39187 2063
39188 2063
39189 2063
39190 2063
39191 2063
39192 2063
39193 2063
39194 2063
39195 2063
39196 2063
39197 2063
39198 2063
39199 2063
39200 2063
39201 2063
39202 2063
39203 2063
39204 2063
39205 2063
39206 2063
39207 2063
39208 2063
39209 2063
39210 2063
39211 2063
39212 2063
39213 2063
39214 2063
39215 2063
39216 2063
39217 2063
39218 2063
39219 2063
39220 2063
39221 2063
39222 2063
39223 2063
39224 2063
39225 2063
39226 2063
39227 2063
39228 2063
39229 2063
39230 2063
39231 2063
39232 2063
39233 2063
39234 2063
39235 2063
39236 2063
39237 2063
39238 2063
39239 2063
39240 2063
39241 2063
39242 2063
39243 2063
39244 2063
39245 2063
39246 2063
39247 2063
39248 2063
39249 2063
39250 2063
39251 2063
39252 2063
39253 2063
39254 2063
39255 2063
39256 2063
39257 2063
39258 2063
39259 2063
39260 2063
39261 2063
39262 2063
39263 2063
39264 2063
39265 2063
39266 2063
39267 2063
39268 2063
39269 2063
39270 2063
39271 2063
39272 2063
39273 2063
39274 2063
39275 2063
39276 2063
39277 2063
39278 2063
39279 2063
39280 2063
39281 2063
39282 2063
39283 2063
39284 2063
39285 2063
39286 2063
39287 2063
39288 2063
39289 2063
39290 2063
39291 2063
39292 2063
39293 2063
39294 2063
39295 2063
39296 2063
39297 2063
39298 2063
39299 2063
39300 2063
39301 2063
39302 2063
39303 2063
39304 2063
39305 2063
39306 2063
39307 2063
39308 2063
39309 2063
39310 2063
39311 2063
39312 2063
39313 2063
39314 2063
39315 2063
39316 2063
39317 2063
39318 2063
39319 2063
39320 2063
39321 2063
39322 2063
39323 2063
39324 2063
39325 2063
39326 2063
39327 2063
39328 2063
39329 2063
39330 2063
39331 2063
39332 2063
39333 2063
39334 2063
39335 2063
39336 2063
39337 2063
39338 2063
39339 2063
39340 2063
39341 2062
39342 2062
39343 2062
39344 2062
39345 2062
39346 2062
39347 2062
39348 2062
39349 2062
39350 2062
39351 2062
39352 2062
39353 2062
39354 2062
39355 2062
39356 2062
39357 2062
39358 2062
39359 2062
39360 2062
39361 2062
39362 2062
39363 2062
39364 2062
39365 2062
39366 2062
39367 2062
39368 2062
39369 2062
39370 2062
39371 2062
39372 2062
39373 2062
39374 2062
39375 2062
39376 2062
39377 2062
39378 2062
39379 2062
39380 2062
39381 2062
39382 2062
39383 2062
39384 2062
39385 2062
39386 2062
39387 2062
39388 2062
39389 2062
39390 2062
39391 2062
39392 2062
39393 2062
39394 2062
39395 2062
39396 2062
39397 2062
39398 2062
39399 2062
39400 2062
39401 2062
39402 2062
39403 2062
39404 2062
39405 2062
39406 2062
39407 2062
39408 2062
39409 2062
39410 2062
39411 2062
39412 2062
39413 2062
39414 2062
39415 2062
39416 2062
39417 2062
39418 2062
39419 2062
39420 2062
39421 2062
39422 2062
39423 2062
39424 2062
39425 2062
39426 2062
39427 2062
39428 2062
39429 2062
39430 2062
39431 2062
39432 2062
39433 2062
39434 2062
39435 2062
39436 2062
39437 2062
39438 2062
39439 2062
39440 2062
39441 2062
39442 2062
39443 2062
39444 2062
39445 2062
39446 2062
39447 2062
39448 2062
39449 2062
39450 2062
39451 2062
39452 2062
39453 2062
39454 2062
39455 2062
39456 2062
39457 2062
39458 2062
39459 2062
39460 2062
39461 2062
39462 2062
39463 2062
39464 2062
39465 2062
39466 2062
39467 2062
39468 2062
39469 2062
39470 2062
39471 2062
39472 2062
39473 2062
39474 2062
39475 2062
39476 2062
39477 2062
39478 2062
39479 2062
39480 2062
39481 2062
39482 2062
39483 2062
39484 2062
39485 2062
39486 2062
39487 2062
39488 2062
39489 2062
39490 2062
39491 2062
39492 2062
39493 2062
39494 2062
39495 2062
39496 2062
39497 2062
39498 2062
39499 2062
39500 2062
39501 2062
39502 2062
39503 2062
39504 2062
39505 2062
39506 2062
39507 2062
39508 2062
39509 2062
39510 2062
39511 2062
39512 2062
39513 2062
39514 2062
39515 2062
39516 2062
39517 2062
39518 2062
39519 2062
39520 2062
39521 2062
39522 2062
39523 2062
39524 2062
39525 2062
39526 2062
39527 2062
39528 2062
39529 2062
39530 2062
39531 2062
39532 2062
39533 2062
39534 2062
39535 2062
39536 2062
39537 2062
39538 2062
39539 2062
39540 2062
39541 2062
39542 2062
39543 2062
39544 2062
39545 2062
39546 2062
39547 2062
39548 2062
39549 2062
39550 2062
39551 2062
39552 2062
39553 2062
39554 2062
39555 2062
39556 2062
39557 2062
39558 2062
39559 2062
39560 2062
39561 2062
39562 2062
39563 2062
39564 2062
39565 2062
39566 2062
39567 2062
39568 2062
39569 2062
39570 2062
39571 2062
39572 2062
39573 2062
39574 2062
39575 2062
39576 2062
39577 2062
39578 2062
39579 2062
39580 2062
39581 2062
39582 2062
39583 2062
39584 2062
39585 2062
39586 2062
39587 2062
39588 2062
39589 2062
39590 2062
39591 2062
39592 2062
39593 2062
39594 2062
39595 2062
39596 2062
39597 2062
39598 2062
39599 2062
39600 2062
39601 2062
39602 2062
39603 2062
39604 2060
39605 2060
39606 2060
39607 2060
39608 2060
39609 2060
39610 2060
39611 2060
39612 2060
39613 2060
39614 2060
39615 2060
39616 2060
39617 2060
39618 2060
39619 2060
39620 2060
39621 2060
39622 2060
39623 2060
39624 2060
39625 2060
39626 2060
39627 2060
39628 2060
39629 2060
39630 2060
39631 2060
39632 2060
39633 2060
39634 2060
39635 2060
39636 2060
39637 2060
39638 2060
39639 2060
39640 2060
39641 2060
39642 2060
39643 2060
39644 2060
39645 2060
39646 2060
39647 2060
39648 2060
39649 2060
39650 2060
39651 2060
39652 2060
39653 2060
39654 2060
39655 2060
39656 2060
39657 2060
39658 2060
39659 2060
39660 2060
39661 2060
39662 2060
39663 2060
39664 2060
39665 2060
39666 2060
39667 2060
39668 2060
39669 2060
39670 2060
39671 2060
39672 2060
39673 2060
39674 2060
39675 2060
39676 2060
39677 2060
39678 2060
39679 2060
39680 2060
39681 2060
39682 2060
39683 2060
39684 2060
39685 2060
39686 2060
39687 2060
39688 2060
39689 2060
39690 2060
39691 2060
39692 2060
39693 2060
39694 2060
39695 2060
39696 2060
39697 2060
39698 2060
39699 2060
39700 2060
39701 2060
39702 2060
39703 2060
39704 2060
39705 2060
39706 2060
39707 2060
39708 2060
39709 2060
39710 2060
39711 2060
39712 2060
39713 2060
39714 2060
39715 2060
39716 2060
39717 2060
39718 2060
39719 2060
39720 2060
39721 2060
39722 2060
39723 2060
39724 2060
39725 2060
39726 2060
39727 2060
39728 2060
39729 2060
39730 2060
39731 2060
39732 2060
39733 2060
39734 2060
39735 2060
39736 2060
39737 2060
39738 2060
39739 2060
39740 2060
39741 2060
39742 2060
39743 2060
39744 2060
39745 2060
39746 2060
39747 2060
39748 2060
39749 2060
39750 2060
39751 2060
39752 2060
39753 2060
39754 2060
39755 2060
39756 2060
39757 2060
39758 2060
39759 2060
39760 2060
39761 2060
39762 2060
39763 2060
39764 2060
39765 2060
39766 2060
39767 2060
39768 2060
39769 2060
39770 2060
39771 2060
39772 2060
39773 2060
39774 2060
39775 2060
39776 2060
39777 2060
39778 2060
39779 2060
39780 2060
39781 2060
39782 2060
39783 2060
39784 2060
39785 2060
39786 2060
39787 2060
39788 2060
39789 2060
39790 2060
39791 2060
39792 2060
39793 2060
39794 2060
39795 2060
39796 2060
39797 2060
39798 2060
39799 2060
39800 2060
39801 2060
39802 2060
39803 2060
39804 2060
39805 2060
39806 2060
39807 2060
39808 2060
39809 2060
39810 2060
39811 2060
39812 2060
39813 2060
39814 2060
39815 2060
39816 2060
39817 2060
39818 2060
39819 2060
39820 2060
39821 2060
39822 2060
39823 2060
39824 2060
39825 2060
39826 2060
39827 2060
39828 2060
39829 2060
39830 2060
39831 2060
39832 2060
39833 2060
39834 2060
39835 2060
39836 2060
39837 2060
39838 2060
39839 2060
39840 2060
39841 2060
39842 2060
39843 2060
39844 2060
39845 2060
39846 2060
39847 2060
39848 2060
39849 2060
39850 2060
39851 2060
39852 2060
39853 2060
39854 2060
39855 2060
39856 2060
39857 2060
39858 2060
39859 2060
39860 2060
39861 2060
39862 2060
39863 2060
39864 2060
39865 2060
39866 2060
39867 2060
39868 2060
39869 2060
39870 2060
39871 2060
39872 2060
39873 2060
39874 2060
39875 2060
39876 2060
39877 2060
39878 2060
39879 2060
39880 2060
39881 2060
39882 2060
39883 2060
39884 2060
39885 2060
39886 2060
39887 2060
39888 2060
39889 2060
39890 2060
39891 2060
39892 2060
39893 2060
39894 2060
39895 2060
39896 2060
39897 2060
39898 2060
39899 2060
39900 2060
39901 2060
39902 2060
39903 2060
39904 2060
39905 2060
39906 2060
39907 2060
39908 2060
39909 2060
39910 2060
39911 2060
39912 2060
39913 2060
39914 2060
39915 2060
39916 2060
39917 2060
39918 2060
39919 2060
39920 2060
39921 2060
39922 2060
39923 2060
39924 2060
39925 2060
39926 2060
39927 2060
39928 2060
39929 2060
39930 2060
39931 2060
39932 2060
39933 2060
39934 2060
39935 2060
39936 2060
39937 2060
39938 2060
39939 2060
39940 2060
39941 2060
39942 2060
39943 2060
39944 2060
39945 2059
39946 2059
39947 2059
39948 2059
39949 2059
39950 2059
39951 2059
39952 2059
39953 2059
39954 2059
39955 2059
39956 2059
39957 2059
39958 2059
39959 2059
39960 2059
39961 2059
39962 2059
39963 2059
39964 2059
39965 2059
39966 2059
39967 2059
39968 2059
39969 2059
39970 2059
39971 2059
39972 2059
39973 2059
39974 2059
39975 2059
39976 2059
39977 2059
39978 2059
39979 2059
39980 2059
39981 2059
39982 2059
39983 2059
39984 2059
39985 2059
39986 2059
39987 2059
39988 2059
39989 2059
39990 2059
39991 2059
39992 2059
39993 2059
39994 2059
39995 2059
39996 2059
39997 2059
39998 2059
39999 2059
40000 2059
40001 2059
40002 2059
40003 2059
40004 2059
40005 2059
40006 2059
40007 2059
40008 2059
40009 2059
40010 2059
40011 2059
40012 2059
40013 2059
40014 2059
40015 2059
40016 2059
40017 2059
40018 2059
40019 2059
40020 2059
40021 2059
40022 2059
40023 2059
40024 2059
40025 2059
40026 2059
40027 2059
40028 2059
40029 2059
40030 2059
40031 2059
40032 2059
40033 2059
40034 2059
40035 2059
40036 2059
40037 2059
40038 2059
40039 2059
40040 2059
40041 2059
40042 2059
40043 2059
40044 2059
40045 2059
40046 2059
40047 2059
40048 2059
40049 2059
40050 2059
40051 2059
40052 2059
40053 2059
40054 2059
40055 2059
40056 2059
40057 2059
40058 2059
40059 2059
40060 2059
40061 2059
40062 2059
40063 2059
40064 2059
40065 2059
40066 2059
40067 2059
40068 2059
40069 2059
40070 2059
40071 2059
40072 2059
40073 2059
40074 2059
40075 2059
40076 2059
40077 2059
40078 2059
40079 2059
40080 2059
40081 2059
40082 2059
40083 2059
40084 2059
40085 2059
40086 2059
40087 2059
40088 2059
40089 2059
40090 2059
40091 2059
40092 2059
40093 2059
40094 2059
40095 2059
40096 2059
40097 2059
40098 2059
40099 2059
40100 2059
40101 2059
40102 2059
40103 2059
40104 2059
40105 2059
40106 2059
40107 2059
40108 2059
40109 2059
40110 2059
40111 2059
40112 2059
40113 2059
40114 2059
40115 2059
40116 2059
40117 2059
40118 2059
40119 2059
40120 2059
40121 2059
40122 2059
40123 2059
40124 2059
40125 2059
40126 2059
40127 2059
40128 2059
40129 2059
40130 2059
40131 2059
40132 2059
40133 2059
40134 2059
40135 2059
40136 2059
40137 2059
40138 2059
40139 2059
40140 2059
40141 2059
40142 2059
40143 2059
40144 2059
40145 2059
40146 2059
40147 2059
40148 2059
40149 2059
40150 2059
40151 2059
40152 2059
40153 2059
40154 2059
40155 2059
40156 2059
40157 2059
40158 2059
40159 2059
40160 2059
40161 2059
40162 2059
40163 2059
40164 2059
40165 2059
40166 2059
40167 2059
40168 2059
40169 2059
40170 2059
40171 2059
40172 2059
40173 2059
40174 2059
40175 2059
40176 2059
40177 2059
40178 2059
40179 2059
40180 2059
40181 2059
40182 2059
40183 2059
40184 2059
40185 2059
40186 2059
40187 2059
40188 2059
40189 2059
40190 2059
40191 2059
40192 2059
40193 2059
40194 2059
40195 2059
40196 2059
40197 2059
40198 2059
40199 2059
40200 2059
40201 2059
40202 2059
40203 2059
40204 2059
40205 2059
40206 2059
40207 2059
40208 2059
40209 2059
40210 2059
40211 2059
40212 2059
40213 2059
40214 2059
40215 2059
40216 2059
40217 2059
40218 2059
40219 2059
40220 2059
40221 2059
40222 2059
40223 2059
40224 2059
40225 2059
40226 2059
40227 2059
40228 2059
40229 2059
40230 2059
40231 2059
40232 2059
40233 2059
40234 2059
40235 2059
40236 2059
40237 2059
40238 2059
40239 2059
40240 2059
40241 2059
40242 2059
40243 2059
40244 2059
40245 2059
40246 2059
40247 2059
40248 2059
40249 2059
40250 2059
40251 2059
40252 2059
40253 2059
40254 2059
40255 2059
40256 2059
40257 2059
40258 2059
40259 2059
40260 2059
40261 2059
40262 2059
40263 2059
40264 2059
40265 2059
40266 2059
40267 2059
40268 2059
40269 2059
40270 2059
40271 2059
40272 2059
40273 2059
40274 2059
40275 2059
40276 2059
40277 2059
40278 2059
40279 2059
40280 2059
40281 2059
40282 2059
40283 2059
40284 2059
40285 2059
40286 2059
40287 2059
40288 2059
40289 2059
40290 2059
40291 2059
40292 2059
40293 2059
40294 2059
40295 2059
40296 2059
40297 2059
40298 2059
40299 2059
40300 2059
40301 2059
40302 2059
40303 2059
40304 2059
40305 2059
40306 2059
40307 2059
40308 2059
40309 2059
40310 2059
40311 2059
40312 2059
40313 2059
40314 2059
40315 2059
40316 2059
40317 2059
40318 2059
40319 2059
40320 2059
40321 2059
40322 2059
40323 2059
40324 2059
40325 2059
40326 2059
40327 2059
40328 2059
40329 2059
40330 2059
40331 2059
40332 2059
40333 2059
40334 2059
40335 2059
40336 2059
40337 2059
40338 2059
40339 2059
40340 2059
40341 2059
40342 2059
40343 2059
40344 2059
40345 2059
40346 2059
40347 2059
40348 2059
40349 2059
40350 2059
40351 2059
40352 2059
40353 2059
40354 2059
40355 2059
40356 2059
40357 2059
40358 2059
40359 2059
40360 2059
40361 2059
40362 2059
40363 2059
40364 2059
40365 2059
40366 2059
40367 2059
40368 2059
40369 2059
40370 2059
40371 2059
40372 2059
40373 2059
40374 2059
40375 2059
40376 2059
40377 2059
40378 2059
40379 2059
40380 2059
40381 2059
40382 2059
40383 2059
40384 2059
40385 2059
40386 2059
40387 2059
40388 2059
40389 2059
40390 2059
40391 2059
40392 2059
40393 2059
40394 2059
40395 2059
40396 2059
40397 2059
40398 2059
40399 2059
40400 2059
40401 2059
40402 2059
40403 2059
40404 2059
40405 2059
40406 2059
40407 2059
40408 2059
40409 2059
40410 2059
40411 2059
40412 2059
40413 2059
40414 2059
40415 2059
40416 2059
40417 2059
40418 2059
40419 2059
40420 2059
40421 2059
40422 2059
40423 2059
40424 2059
40425 2059
40426 2059
40427 2059
40428 2059
40429 2059
40430 2059
40431 2059
40432 2059
40433 2059
40434 2059
40435 2059
40436 2059
40437 2059
40438 2059
40439 2059
40440 2059
40441 2059
40442 2059
40443 2059
40444 2059
40445 2059
40446 2059
40447 2059
40448 2059
40449 2059
40450 2059
40451 2059
40452 2059
40453 2059
40454 2059
40455 2059
40456 2059
40457 2059
40458 2059
40459 2059
40460 2059
40461 2059
40462 2059
40463 2059
40464 2059
40465 2059
40466 2059
40467 2059
40468 2059
40469 2059
40470 2059
40471 2059
40472 2059
40473 2059
40474 2059
40475 2059
40476 2059
40477 2059
40478 2059
40479 2059
40480 2059
40481 2059
40482 2059
40483 2059
40484 2059
40485 2059
40486 2059
40487 2059
40488 2059
40489 2059
40490 2059
40491 2059
40492 2059
40493 2059
40494 2059
40495 2059
40496 2059
40497 2059
40498 2059
40499 2059
40500 2059
40501 2059
40502 2059
40503 2059
40504 2059
40505 2059
40506 2059
40507 2059
40508 2059
40509 2059
40510 2059
40511 2059
40512 2059
40513 2059
40514 2059
40515 2059
40516 2059
40517 2059
40518 2059
40519 2059
40520 2059
40521 2059
40522 2059
40523 2059
40524 2059
40525 2059
40526 2059
40527 2059
40528 2059
40529 2059
40530 2059
40531 2059
40532 2059
40533 2059
40534 2059
40535 2059
40536 2059
40537 2059
40538 2059
40539 2059
40540 2059
40541 2059
40542 2059
40543 2059
40544 2059
40545 2059
40546 2059
40547 2059
40548 2059
40549 2059
40550 2059
40551 2059
40552 2059
40553 2059
40554 2059
40555 2059
40556 2059
40557 2059
40558 2059
40559 2059
40560 2059
40561 2059
40562 2059
40563 2059
40564 2059
40565 2059
40566 2059
40567 2059
40568 2059
40569 2059
40570 2059
40571 2059
40572 2059
40573 2059
40574 2059
40575 2059
40576 2059
40577 2059
40578 2059
40579 2059
40580 2059
40581 2059
40582 2059
40583 2059
40584 2059
40585 2059
40586 2059
40587 2059
40588 2059
40589 2059
40590 2059
40591 2059
40592 2059
40593 2059
40594 2059
40595 2059
40596 2059
40597 2059
40598 2059
40599 2059
40600 2059
40601 2059
40602 2059
40603 2059
40604 2059
40605 2059
40606 2059
40607 2059
40608 2059
40609 2059
40610 2059
40611 2059
40612 2059
40613 2059
40614 2059
40615 2059
40616 2059
40617 2059
40618 2059
40619 2059
40620 2059
40621 2059
40622 2059
40623 2059
40624 2059
40625 2059
40626 2059
40627 2059
40628 2059
40629 2059
40630 2059
40631 2059
40632 2059
40633 2059
40634 2059
40635 2059
40636 2059
40637 2059
40638 2059
40639 2059
40640 2059
40641 2059
40642 2059
40643 2059
40644 2059
40645 2059
40646 2059
40647 2059
40648 2059
40649 2059
40650 2059
40651 2059
40652 2059
40653 2059
40654 2059
40655 2059
40656 2059
40657 2059
40658 2059
40659 2059
40660 2059
40661 2059
40662 2059
40663 2059
40664 2059
40665 2059
40666 2059
40667 2059
40668 2059
40669 2059
40670 2059
40671 2059
40672 2059
40673 2059
40674 2059
40675 2059
40676 2059
40677 2059
40678 2059
40679 2059
40680 2059
40681 2059
40682 2059
40683 2059
40684 2059
40685 2059
40686 2059
40687 2059
40688 2059
40689 2059
40690 2059
40691 2059
40692 2059
40693 2059
40694 2059
40695 2059
40696 2059
40697 2059
40698 2059
40699 2059
40700 2059
40701 2059
40702 2059
40703 2059
40704 2059
40705 2059
40706 2059
40707 2059
40708 2059
40709 2059
40710 2059
40711 2059
40712 2059
40713 2059
40714 2059
40715 2059
40716 2059
40717 2059
40718 2059
40719 2059
40720 2059
40721 2059
40722 2059
40723 2059
40724 2059
40725 2059
40726 2059
40727 2059
40728 2059
40729 2059
40730 2059
40731 2059
40732 2059
40733 2059
40734 2059
40735 2059
40736 2059
40737 2059
40738 2059
40739 2059
40740 2059
40741 2059
40742 2059
40743 2059
40744 2059
40745 2059
40746 2059
40747 2059
40748 2059
40749 2059
40750 2059
40751 2059
40752 2059
40753 2059
40754 2059
40755 2059
40756 2059
40757 2059
40758 2059
40759 2059
40760 2059
40761 2059
40762 2059
40763 2059
40764 2059
40765 2059
40766 2059
40767 2059
40768 2059
40769 2059
40770 2059
40771 2059
40772 2059
40773 2059
40774 2059
40775 2059
40776 2059
40777 2059
40778 2059
40779 2059
40780 2059
40781 2059
40782 2059
40783 2059
40784 2059
40785 2059
40786 2059
40787 2059
40788 2059
40789 2059
40790 2059
40791 2059
40792 2059
40793 2059
40794 2059
40795 2059
40796 2059
40797 2059
40798 2059
40799 2059
40800 2059
40801 2059
40802 2059
40803 2059
40804 2059
40805 2059
40806 2059
40807 2059
40808 2059
40809 2059
40810 2059
40811 2059
40812 2059
40813 2059
40814 2059
40815 2059
40816 2059
40817 2059
40818 2059
40819 2059
40820 2059
40821 2059
40822 2059
40823 2059
40824 2059
40825 2059
40826 2059
40827 2059
40828 2059
40829 2059
40830 2059
40831 2059
40832 2059
40833 2059
40834 2059
40835 2059
40836 2059
40837 2059
40838 2059
40839 2059
40840 2059
40841 2059
40842 2059
40843 2059
40844 2059
40845 2059
40846 2059
40847 2059
40848 2059
40849 2059
40850 2059
40851 2059
40852 2059
40853 2059
40854 2059
40855 2059
40856 2059
40857 2059
40858 2059
40859 2059
40860 2059
40861 2059
40862 2059
40863 2059
40864 2059
40865 2059
40866 2059
40867 2059
40868 2059
40869 2059
40870 2059
40871 2059
40872 2059
40873 2059
40874 2059
40875 2059
40876 2059
40877 2059
40878 2059
40879 2059
40880 2059
40881 2059
40882 2059
40883 2059
40884 2059
40885 2059
40886 2059
40887 2059
40888 2059
40889 2059
40890 2059
40891 2059
40892 2059
40893 2059
40894 2059
40895 2059
40896 2059
40897 2059
40898 2059
40899 2059
40900 2059
40901 2059
40902 2059
40903 2059
40904 2059
40905 2059
40906 2059
40907 2059
40908 2059
40909 2059
40910 2059
40911 2059
40912 2059
40913 2059
40914 2059
40915 2059
40916 2059
40917 2059
40918 2059
40919 2059
40920 2059
40921 2059
40922 2059
40923 2059
40924 2059
40925 2059
40926 2059
40927 2059
40928 2059
40929 2059
40930 2059
40931 2059
40932 2059
40933 2059
40934 2059
40935 2059
40936 2059
40937 2059
40938 2059
40939 2059
40940 2059
40941 2059
40942 2059
40943 2059
40944 2059
40945 2059
40946 2059
40947 2059
40948 2059
40949 2059
40950 2059
40951 2059
40952 2059
40953 2059
40954 2059
40955 2059
40956 2059
40957 2059
40958 2059
40959 2059
40960 2059
40961 2059
40962 2059
40963 2059
40964 2059
40965 2059
40966 2059
40967 2059
40968 2059
40969 2059
40970 2059
40971 2059
40972 2059
40973 2059
40974 2059
40975 2059
40976 2059
40977 2059
40978 2059
40979 2059
40980 2059
40981 2059
40982 2059
40983 2059
40984 2059
40985 2059
40986 2059
40987 2059
40988 2059
40989 2059
40990 2059
40991 2059
40992 2059
40993 2059
40994 2059
40995 2059
40996 2059
40997 2059
40998 2059
40999 2059
41000 2059
41001 2059
41002 2059
41003 2059
41004 2059
41005 2059
41006 2059
41007 2059
41008 2059
41009 2059
41010 2059
41011 2059
41012 2059
41013 2059
41014 2059
41015 2059
41016 2059
41017 2059
41018 2059
41019 2059
41020 2059
41021 2059
41022 2059
41023 2059
41024 2059
41025 2059
41026 2059
41027 2059
41028 2059
41029 2059
41030 2059
41031 2059
41032 2059
41033 2059
41034 2059
41035 2059
41036 2059
41037 2059
41038 2059
41039 2059
41040 2059
41041 2059
41042 2059
41043 2059
41044 2059
41045 2059
41046 2059
41047 2059
41048 2059
41049 2059
41050 2059
41051 2059
41052 2059
41053 2059
41054 2059
41055 2059
41056 2059
41057 2059
41058 2059
41059 2059
41060 2059
41061 2059
41062 2059
41063 2059
41064 2059
41065 2059
41066 2059
41067 2059
41068 2059
41069 2059
41070 2059
41071 2059
41072 2059
41073 2059
41074 2059
41075 2059
41076 2059
41077 2059
41078 2059
41079 2059
41080 2059
41081 2059
41082 2059
41083 2059
41084 2059
41085 2059
41086 2059
41087 2059
41088 2059
41089 2059
41090 2059
41091 2059
41092 2059
41093 2059
41094 2059
41095 2059
41096 2059
41097 2059
41098 2059
41099 2059
41100 2059
41101 2059
41102 2059
41103 2059
41104 2059
41105 2059
41106 2059
41107 2059
41108 2059
41109 2059
41110 2059
41111 2059
41112 2059
41113 2059
41114 2059
41115 2059
41116 2059
41117 2059
41118 2059
41119 2059
41120 2059
41121 2059
41122 2059
41123 2059
41124 2059
41125 2059
41126 2059
41127 2059
41128 2059
41129 2059
41130 2059
41131 2059
41132 2059
41133 2059
41134 2059
41135 2059
41136 2059
41137 2059
41138 2059
41139 2059
41140 2059
41141 2059
41142 2059
41143 2059
41144 2059
41145 2059
41146 2059
41147 2059
41148 2059
41149 2059
41150 2059
41151 2059
41152 2059
41153 2059
41154 2059
41155 2059
41156 2059
41157 2059
41158 2059
41159 2059
41160 2059
41161 2059
41162 2059
41163 2059
41164 2059
41165 2059
41166 2059
41167 2059
41168 2059
41169 2059
41170 2059
41171 2059
41172 2059
41173 2059
41174 2059
41175 2059
41176 2059
41177 2059
41178 2059
41179 2059
41180 2059
41181 2059
41182 2059
41183 2059
41184 2059
41185 2059
41186 2059
41187 2059
41188 2059
41189 2059
41190 2059
41191 2059
41192 2059
41193 2059
41194 2059
41195 2059
41196 2059
41197 2059
41198 2059
41199 2059
41200 2059
41201 2059
41202 2059
41203 2059
41204 2059
41205 2059
41206 2059
41207 2059
41208 2059
41209 2059
41210 2059
41211 2059
41212 2059
41213 2059
41214 2059
41215 2059
41216 2059
41217 2059
41218 2059
41219 2059
41220 2059
41221 2059
41222 2059
41223 2059
41224 2059
41225 2059
41226 2059
41227 2059
41228 2059
41229 2059
41230 2059
41231 2059
41232 2059
41233 2059
41234 2059
41235 2059
41236 2059
41237 2059
41238 2059
41239 2059
41240 2059
41241 2059
41242 2059
41243 2059
41244 2059
41245 2059
41246 2059
41247 2059
41248 2059
41249 2059
41250 2059
41251 2059
41252 2059
41253 2059
41254 2059
41255 2059
41256 2059
41257 2059
41258 2059
41259 2059
41260 2059
41261 2059
41262 2059
41263 2059
41264 2059
41265 2059
41266 2059
41267 2059
41268 2059
41269 2059
41270 2059
41271 2059
41272 2059
41273 2059
41274 2059
41275 2059
41276 2059
41277 2059
41278 2059
41279 2059
41280 2059
41281 2059
41282 2059
41283 2059
41284 2059
41285 2059
41286 2059
41287 2059
41288 2059
41289 2059
41290 2059
41291 2059
41292 2059
41293 2059
41294 2059
41295 2059
41296 2059
41297 2059
41298 2059
41299 2059
41300 2059
41301 2059
41302 2059
41303 2059
41304 2059
41305 2059
41306 2059
41307 2059
41308 2059
41309 2059
41310 2059
41311 2059
41312 2059
41313 2059
41314 2059
41315 2059
41316 2059
41317 2059
41318 2059
41319 2059
41320 2059
41321 2059
41322 2059
41323 2059
41324 2059
41325 2059
41326 2059
41327 2059
41328 2059
41329 2059
41330 2059
41331 2059
41332 2059
41333 2059
41334 2059
41335 2059
41336 2059
41337 2059
41338 2059
41339 2059
41340 2059
41341 2059
41342 2059
41343 2059
41344 2059
41345 2059
41346 2059
41347 2059
41348 2059
41349 2059
41350 2059
41351 2059
41352 2059
41353 2059
41354 2059
41355 2059
41356 2059
41357 2059
41358 2059
41359 2059
41360 2059
41361 2059
41362 2059
41363 2059
41364 2059
41365 2059
41366 2059
41367 2059
41368 2059
41369 2059
41370 2059
41371 2059
41372 2059
41373 2059
41374 2059
41375 2059
41376 2059
41377 2059
41378 2059
41379 2059
41380 2059
41381 2059
41382 2059
41383 2059
41384 2059
41385 2059
41386 2059
41387 2059
41388 2059
41389 2059
41390 2059
41391 2059
41392 2059
41393 2059
41394 2059
41395 2059
41396 2059
41397 2059
41398 2059
41399 2059
41400 2059
41401 2059
41402 2059
41403 2059
41404 2059
41405 2059
41406 2059
41407 2059
41408 2059
41409 2059
41410 2059
41411 2059
41412 2059
41413 2059
41414 2059
41415 2059
41416 2059
41417 2059
41418 2059
41419 2059
41420 2059
41421 2059
41422 2059
41423 2059
41424 2059
41425 2059
41426 2059
41427 2059
41428 2059
41429 2059
41430 2059
41431 2059
41432 2059
41433 2059
41434 2059
41435 2059
41436 2059
41437 2059
41438 2059
41439 2059
41440 2059
41441 2059
41442 2059
41443 2059
41444 2059
41445 2059
41446 2059
41447 2059
41448 2059
41449 2059
41450 2059
41451 2059
41452 2059
41453 2059
41454 2059
41455 2059
41456 2059
41457 2059
41458 2059
41459 2059
41460 2059
41461 2059
41462 2059
41463 2059
41464 2059
41465 2059
41466 2059
41467 2059
41468 2059
41469 2059
41470 2059
41471 2059
41472 2059
41473 2059
41474 2059
41475 2059
41476 2059
41477 2059
41478 2059
41479 2059
41480 2059
41481 2059
41482 2059
41483 2059
41484 2058
41485 2058
41486 2058
41487 2058
41488 2058
41489 2058
41490 2058
41491 2058
41492 2058
41493 2058
41494 2058
41495 2058
41496 2058
41497 2058
41498 2058
41499 2058
41500 2058
41501 2058
41502 2058
41503 2058
41504 2058
41505 2058
41506 2058
41507 2058
41508 2058
41509 2058
41510 2058
41511 2058
41512 2058
41513 2058
41514 2058
41515 2058
41516 2058
41517 2058
41518 2058
41519 2058
41520 2058
41521 2058
41522 2058
41523 2058
41524 2058
41525 2058
41526 2058
41527 2058
41528 2058
41529 2058
41530 2058
41531 2058
41532 2058
41533 2058
41534 2058
41535 2058
41536 2058
41537 2058
41538 2058
41539 2058
41540 2058
41541 2058
41542 2058
41543 2058
41544 2058
41545 2058
41546 2058
41547 2058
41548 2058
41549 2058
41550 2058
41551 2058
41552 2058
41553 2058
41554 2058
41555 2058
41556 2058
41557 2058
41558 2055
41559 2055
41560 2055
41561 2055
41562 2055
41563 2055
41564 2055
41565 2055
41566 2055
41567 2055
41568 2055
41569 2055
41570 2055
41571 2055
41572 2055
41573 2055
41574 2055
41575 2055
41576 2055
41577 2055
41578 2055
41579 2055
41580 2055
41581 2055
41582 2055
41583 2055
41584 2055
41585 2055
41586 2055
41587 2055
41588 2055
41589 2055
41590 2055
41591 2055
41592 2055
41593 2055
41594 2055
41595 2055
41596 2055
41597 2055
41598 2055
41599 2055
41600 2055
41601 2055
41602 2055
41603 2055
41604 2055
41605 2055
41606 2055
41607 2055
41608 2055
41609 2055
41610 2055
41611 2055
41612 2055
41613 2055
41614 2055
41615 2055
41616 2055
41617 2055
41618 2055
41619 2055
41620 2055
41621 2055
41622 2055
41623 2055
41624 2055
41625 2055
41626 2055
41627 2055
41628 2055
41629 2055
41630 2055
41631 2055
41632 2055
41633 2055
41634 2055
41635 2055
41636 2055
41637 2055
41638 2055
41639 2055
41640 2055
41641 2055
41642 2055
41643 2055
41644 2055
41645 2055
41646 2055
41647 2055
41648 2055
41649 2055
41650 2055
41651 2055
41652 2055
41653 2055
41654 2055
41655 2055
41656 2055
41657 2055
41658 2055
41659 2055
41660 2055
41661 2055
41662 2055
41663 2055
41664 2055
41665 2055
41666 2055
41667 2055
41668 2055
41669 2055
41670 2055
41671 2055
41672 2055
41673 2055
41674 2055
41675 2055
41676 2055
41677 2055
41678 2055
41679 2055
41680 2055
41681 2055
41682 2055
41683 2055
41684 2055
41685 2055
41686 2055
41687 2055
41688 2055
41689 2055
41690 2055
41691 2055
41692 2055
41693 2055
41694 2055
41695 2055
41696 2055
41697 2055
41698 2055
41699 2055
41700 2055
41701 2055
41702 2055
41703 2055
41704 2055
41705 2055
41706 2055
41707 2055
41708 2055
41709 2055
41710 2055
41711 2055
41712 2055
41713 2055
41714 2055
41715 2055
41716 2055
41717 2055
41718 2055
41719 2055
41720 2055
41721 2055
41722 2055
41723 2055
41724 2055
41725 2055
41726 2055
41727 2055
41728 2055
41729 2055
41730 2055
41731 2055
41732 2055
41733 2055
41734 2055
41735 2055
41736 2055
41737 2055
41738 2055
41739 2055
41740 2055
41741 2055
41742 2055
41743 2055
41744 2055
41745 2055
41746 2055
41747 2055
41748 2055
41749 2055
41750 2055
41751 2055
41752 2055
41753 2055
41754 2055
41755 2055
41756 2055
41757 2055
41758 2055
41759 2055
41760 2055
41761 2055
41762 2055
41763 2055
41764 2055
41765 2055
41766 2055
41767 2055
41768 2055
41769 2055
41770 2055
41771 2055
41772 2055
41773 2055
41774 2055
41775 2055
41776 2055
41777 2055
41778 2055
41779 2055
41780 2055
41781 2055
41782 2055
41783 2055
41784 2055
41785 2055
41786 2055
41787 2055
41788 2055
41789 2055
41790 2055
41791 2055
41792 2055
41793 2055
41794 2055
41795 2055
41796 2055
41797 2055
41798 2055
41799 2055
41800 2055
41801 2055
41802 2055
41803 2055
41804 2055
41805 2055
41806 2055
41807 2055
41808 2055
41809 2055
41810 2055
41811 2055
41812 2055
41813 2055
41814 2055
41815 2055
41816 2055
41817 2055
41818 2055
41819 2055
41820 2054
41821 2054
41822 2054
41823 2054
41824 2054
41825 2054
41826 2054
41827 2054
41828 2054
41829 2054
41830 2054
41831 2054
41832 2054
41833 2054
41834 2054
41835 2054
41836 2054
41837 2054
41838 2054
41839 2054
41840 2054
41841 2054
41842 2054
41843 2054
41844 2054
41845 2054
41846 2054
41847 2054
41848 2054
41849 2054
41850 2054
41851 2054
41852 2054
41853 2054
41854 2054
41855 2054
41856 2054
41857 2054
41858 2054
41859 2054
41860 2054
41861 2054
41862 2054
41863 2054
41864 2054
41865 2054
41866 2054
41867 2054
41868 2054
41869 2054
41870 2054
41871 2054
41872 2054
41873 2054
41874 2054
41875 2054
41876 2054
41877 2054
41878 2054
41879 2054
41880 2053
41881 2053
41882 2053
41883 2053
41884 2053
41885 2053
41886 2053
41887 2053
41888 2053
41889 2053
41890 2053
41891 2053
41892 2053
41893 2053
41894 2053
41895 2045
41896 2045
41897 2045
41898 2045
41899 2045
41900 2045
41901 2045
41902 2045
41903 2045
41904 2045
41905 2045
41906 2045
41907 2045
41908 2045
41909 2045
41910 2045
41911 2045
41912 2045
41913 2045
41914 2045
41915 2045
41916 2045
41917 2045
41918 2045
41919 2045
41920 2045
41921 2045
41922 2045
41923 2045
41924 2045
41925 2045
41926 2045
41927 2045
41928 2045
41929 2045
41930 2045
41931 2045
41932 2045
41933 2045
41934 2045
41935 2045
41936 2045
41937 2045
41938 2045
41939 2045
41940 2045
41941 2045
41942 2045
41943 2045
41944 2045
41945 2045
41946 2045
41947 2045
41948 2045
41949 2045
41950 2045
41951 2045
41952 2045
41953 2045
41954 2045
41955 2045
41956 2045
41957 2045
41958 2045
41959 2045
41960 2045
41961 2045
41962 2045
41963 2045
41964 2045
41965 2045
41966 2045
41967 2045
41968 2045
41969 2045
41970 2045
41971 2045
41972 2045
41973 2045
41974 2045
41975 2045
41976 2045
41977 2045
41978 2045
41979 2045
41980 2045
41981 2045
41982 2045
41983 2045
41984 2045
41985 2045
41986 2045
41987 2045
41988 2045
41989 2045
41990 2045
41991 2045
41992 2045
41993 2045
41994 2045
41995 2045
41996 2045
41997 2045
41998 2045
41999 2045
42000 2045
42001 2045
42002 2045
42003 2045
42004 2045
42005 2045
42006 2045
42007 2045
42008 2045
42009 2045
42010 2045
42011 2045
42012 2045
42013 2045
42014 2045
42015 2045
42016 2045
42017 2045
42018 2045
42019 2045
42020 2045
42021 2045
42022 2045
42023 2045
42024 2045
42025 2045
42026 2045
42027 2040
42028 2040
42029 2040
42030 2040
42031 2040
42032 2040
42033 2040
42034 2040
42035 2040
42036 2040
42037 2040
42038 2040
42039 2040
42040 2040
42041 2040
42042 2040
42043 2040
42044 2040
42045 2040
42046 2040
42047 2040
42048 2040
42049 2040
42050 2040
42051 2040
42052 2040
42053 2040
42054 2040
42055 2040
42056 2040
42057 2040
42058 2040
42059 2040
42060 2040
42061 2040
42062 2040
42063 2040
42064 2040
42065 2040
42066 2040
42067 2040
42068 2040
42069 2040
42070 2040
42071 2040
42072 2040
42073 2040
42074 2040
42075 2040
42076 2040
42077 2040
42078 2040
42079 2040
42080 2040
42081 2040
42082 2040
42083 2040
42084 2040
42085 2040
42086 2040
42087 2040
42088 2040
42089 2040
42090 2040
42091 2040
42092 2040
42093 2040
42094 2040
42095 2040
42096 2040
42097 2040
42098 2040
42099 2040
42100 2040
42101 2040
42102 2040
42103 2040
42104 2040
42105 2040
42106 2040
42107 2040
42108 2040
42109 2040
42110 2040
42111 2040
42112 2040
42113 2040
42114 2040
42115 2040
42116 2040
42117 2040
42118 2040
42119 2040
42120 2040
42121 2040
42122 2040
42123 2040
42124 2040
42125 2040
42126 2040
42127 2040
42128 2040
42129 2040
42130 2040
42131 2040
42132 2040
42133 2040
42134 2040
42135 2040
42136 2040
42137 2040
42138 2040
42139 2040
42140 2040
42141 2040
42142 2040
42143 2040
42144 2040
42145 2040
42146 2040
42147 2040
42148 2040
42149 2040
42150 2040
42151 2040
42152 2040
42153 2040
42154 2040
42155 2040
42156 2040
42157 2040
42158 2040
42159 2040
42160 2040
42161 2040
42162 2040
42163 2040
42164 2040
42165 2040
42166 2040
42167 2040
42168 2040
42169 2040
42170 2040
42171 2040
42172 2040
42173 2040
42174 2040
42175 2040
42176 2040
42177 2040
42178 2040
42179 2040
42180 2040
42181 2040
42182 2040
42183 2040
42184 2040
42185 2040
42186 2040
42187 2040
42188 2040
42189 2040
42190 2040
42191 2040
42192 2040
42193 2040
42194 2040
42195 2040
42196 2040
42197 2040
42198 2040
42199 2040
42200 2040
42201 2040
42202 2040
42203 2040
42204 2040
42205 2040
42206 2040
42207 2040
42208 2040
42209 2040
42210 2040
42211 2040
42212 2040
42213 2040
42214 2040
42215 2040
42216 2040
42217 2040
42218 2040
42219 2040
42220 2040
42221 2040
42222 2040
42223 2040
42224 2040
42225 2040
42226 2040
42227 2040
42228 2040
42229 2040
42230 2040
42231 2040
42232 2040
42233 2040
42234 2040
42235 2040
42236 2040
42237 2040
42238 2040
42239 2040
42240 2040
42241 2040
42242 2040
42243 2040
42244 2040
42245 2040
42246 2040
42247 2040
42248 2040
42249 2040
42250 2040
42251 2040
42252 2040
42253 2040
42254 2040
42255 2040
42256 2040
42257 2040
42258 2040
42259 2040
42260 2040
42261 2040
42262 2040
42263 2040
42264 2040
42265 2040
42266 2040
42267 2040
42268 2040
42269 2040
42270 2040
42271 2040
42272 2040
42273 2040
42274 2040
42275 2040
42276 2040
42277 2040
42278 2040
42279 2040
42280 2040
42281 2040
42282 2040
42283 2040
42284 2040
42285 2040
42286 2040
42287 2040
42288 2040
42289 2040
42290 2040
42291 2040
42292 2040
42293 2040
42294 2040
42295 2040
42296 2040
42297 2040
42298 2040
42299 2040
42300 2040
42301 2040
42302 2040
42303 2040
42304 2040
42305 2040
42306 2040
42307 2040
42308 2040
42309 2040
42310 2040
42311 2040
42312 2040
42313 2040
42314 2040
42315 2040
42316 2040
42317 2040
42318 2040
42319 2040
42320 2040
42321 2040
42322 2040
42323 2040
42324 2040
42325 2040
42326 2040
42327 2040
42328 2040
42329 2040
42330 2040
42331 2040
42332 2040
42333 2040
42334 2040
42335 2040
42336 2040
42337 2040
42338 2040
42339 2040
42340 2040
42341 2040
42342 2040
42343 2040
42344 2040
42345 2040
42346 2040
42347 2040
42348 2040
42349 2040
42350 2040
42351 2040
42352 2040
42353 2040
42354 2040
42355 2040
42356 2040
42357 2040
42358 2040
42359 2040
42360 2040
42361 2040
42362 2040
42363 2040
42364 2040
42365 2040
42366 2040
42367 2040
42368 2040
42369 2040
42370 2040
42371 2040
42372 2040
42373 2040
42374 2040
42375 2040
42376 2040
42377 2040
42378 2040
42379 2040
42380 2040
42381 2040
42382 2040
42383 2040
42384 2040
42385 2040
42386 2040
42387 2040
42388 2040
42389 2040
42390 2040
42391 2040
42392 2040
42393 2040
42394 2040
42395 2040
42396 2040
42397 2040
42398 2040
42399 2040
42400 2040
42401 2040
42402 2040
42403 2040
42404 2040
42405 2040
42406 2040
42407 2040
42408 2040
42409 2040
42410 2040
42411 2040
42412 2040
42413 2040
42414 2040
42415 2040
42416 2040
42417 2040
42418 2040
42419 2040
42420 2040
42421 2040
42422 2040
42423 2040
42424 2040
42425 2040
42426 2040
42427 2040
42428 2040
42429 2040
42430 2040
42431 2040
42432 2040
42433 2040
42434 2040
42435 2040
42436 2040
42437 2040
42438 2040
42439 2040
42440 2040
42441 2040
42442 2040
42443 2040
42444 2040
42445 2040
42446 2040
42447 2040
42448 2040
42449 2040
42450 2040
42451 2040
42452 2040
42453 2040
42454 2040
42455 2040
42456 2040
42457 2040
42458 2040
42459 2040
42460 2040
42461 2040
42462 2040
42463 2040
42464 2040
42465 2040
42466 2040
42467 2040
42468 2040
42469 2040
42470 2040
42471 2040
42472 2040
42473 2040
42474 2040
42475 2040
42476 2040
42477 2040
42478 2040
42479 2040
42480 2040
42481 2040
42482 2040
42483 2040
42484 2040
42485 2040
42486 2040
42487 2040
42488 2040
42489 2040
42490 2040
42491 2040
42492 2040
42493 2040
42494 2040
42495 2040
42496 2040
42497 2040
42498 2040
42499 2040
42500 2040
42501 2040
42502 2040
42503 2040
42504 2040
42505 2040
42506 2040
42507 2040
42508 2040
42509 2040
42510 2040
42511 2040
42512 2040
42513 2040
42514 2040
42515 2040
42516 2040
42517 2040
42518 2040
42519 2040
42520 2040
42521 2040
42522 2040
42523 2040
42524 2040
42525 2040
42526 2040
42527 2040
42528 2040
42529 2040
42530 2040
42531 2040
42532 2040
42533 2040
42534 2040
42535 2040
42536 2040
42537 2040
42538 2040
42539 2040
42540 2040
42541 2040
42542 2040
42543 2040
42544 2040
42545 2040
42546 2040
42547 2040
42548 2040
42549 2040
42550 2040
42551 2040
42552 2040
42553 2040
42554 2040
42555 2040
42556 2040
42557 2040
42558 2040
42559 2040
42560 2040
42561 2040
42562 2040
42563 2040
42564 2040
42565 2040
42566 2040
42567 2040
42568 2040
42569 2040
42570 2040
42571 2040
42572 2040
42573 2040
42574 2040
42575 2040
42576 2040
42577 2040
42578 2040
42579 2040
42580 2040
42581 2040
42582 2040
42583 2040
42584 2040
42585 2040
42586 2040
42587 2040
42588 2040
42589 2040
42590 2040
42591 2040
42592 2040
42593 2040
42594 2040
42595 2040
42596 2040
42597 2040
42598 2040
42599 2040
42600 2040
42601 2040
42602 2040
42603 2040
42604 2040
42605 2040
42606 2040
42607 2040
42608 2040
42609 2040
42610 2040
42611 2040
42612 2040
42613 2040
42614 2040
42615 2040
42616 2040
42617 2040
42618 2040
42619 2040
42620 2040
42621 2040
42622 2040
42623 2040
42624 2040
42625 2040
42626 2040
42627 2040
42628 2040
42629 2040
42630 2040
42631 2040
42632 2040
42633 2040
42634 2040
42635 2040
42636 2040
42637 2040
42638 2040
42639 2040
42640 2040
42641 2040
42642 2040
42643 2040
42644 2040
42645 2040
42646 2040
42647 2040
42648 2040
42649 2040
42650 2040
42651 2040
42652 2040
42653 2040
42654 2040
42655 2040
42656 2040
42657 2040
42658 2040
42659 2040
42660 2040
42661 2040
42662 2040
42663 2040
42664 2040
42665 2040
42666 2040
42667 2040
42668 2040
42669 2040
42670 2040
42671 2040
42672 2040
42673 2040
42674 2040
42675 2040
42676 2040
42677 2040
42678 2040
42679 2040
42680 2040
42681 2040
42682 2040
42683 2040
42684 2040
42685 2040
42686 2040
42687 2040
42688 2040
42689 2040
42690 2040
42691 2040
42692 2040
42693 2040
42694 2040
42695 2040
42696 2040
42697 2040
42698 2040
42699 2040
42700 2040
42701 2040
42702 2040
42703 2040
42704 2040
42705 2040
42706 2040
42707 2040
42708 2040
42709 2040
42710 2040
42711 2040
42712 2040
42713 2040
42714 2040
42715 2040
42716 2040
42717 2040
42718 2040
42719 2040
42720 2040
42721 2040
42722 2040
42723 2040
42724 2040
42725 2040
42726 2040
42727 2040
42728 2040
42729 2040
42730 2040
42731 2040
42732 2040
42733 2040
42734 2040
42735 2040
42736 2040
42737 2040
42738 2040
42739 2040
42740 2040
42741 2040
42742 2040
42743 2040
42744 2040
42745 2040
42746 2040
42747 2040
42748 2040
42749 2040
42750 2040
42751 2040
42752 2040
42753 2040
42754 2040
42755 2040
42756 2040
42757 2040
42758 2040
42759 2040
42760 2040
42761 2040
42762 2040
42763 2040
42764 2040
42765 2040
42766 2040
42767 2040
42768 2040
42769 2040
42770 2040
42771 2040
42772 2040
42773 2040
42774 2040
42775 2040
42776 2040
42777 2040
42778 2040
42779 2040
42780 2040
42781 2040
42782 2040
42783 2040
42784 2040
42785 2040
42786 2040
42787 2040
42788 2040
42789 2040
42790 2040
42791 2040
42792 2040
42793 2040
42794 2040
42795 2040
42796 2040
42797 2040
42798 2040
42799 2040
42800 2040
42801 2040
42802 2040
42803 2040
42804 2040
42805 2040
42806 2040
42807 2040
42808 2040
42809 2040
42810 2040
42811 2040
42812 2040
42813 2040
42814 2040
42815 2040
42816 2040
42817 2040
42818 2040
42819 2040
42820 2040
42821 2040
42822 2040
42823 2040
42824 2040
42825 2040
42826 2040
42827 2040
42828 2040
42829 2040
42830 2040
42831 2040
42832 2040
42833 2040
42834 2040
42835 2040
42836 2040
42837 2040
42838 2040
42839 2040
42840 2040
42841 2040
42842 2040
42843 2040
42844 2040
42845 2040
42846 2040
42847 2040
42848 2040
42849 2040
42850 2040
42851 2040
42852 2040
42853 2040
42854 2040
42855 2040
42856 2040
42857 2040
42858 2040
42859 2040
42860 2040
42861 2040
42862 2040
42863 2040
42864 2040
42865 2040
42866 2040
42867 2040
42868 2040
42869 2040
42870 2040
42871 2040
42872 2040
42873 2040
42874 2040
42875 2040
42876 2040
42877 2040
42878 2040
42879 2040
42880 2040
42881 2040
42882 2040
42883 2040
42884 2040
42885 2040
42886 2040
42887 2040
42888 2040
42889 2040
42890 2040
42891 2040
42892 2040
42893 2040
42894 2040
42895 2040
42896 2040
42897 2040
42898 2040
42899 2040
42900 2040
42901 2040
42902 2040
42903 2040
42904 2040
42905 2040
42906 2040
42907 2040
42908 2040
42909 2040
42910 2040
42911 2040
42912 2040
42913 2040
42914 2040
42915 2040
42916 2040
42917 2040
42918 2040
42919 2040
42920 2040
42921 2040
42922 2040
42923 2040
42924 2040
42925 2040
42926 2040
42927 2040
42928 2040
42929 2040
42930 2040
42931 2040
42932 2040
42933 2040
42934 2040
42935 2040
42936 2040
42937 2040
42938 2040
42939 2040
42940 2040
42941 2040
42942 2040
42943 2040
42944 2040
42945 2040
42946 2040
42947 2040
42948 2040
42949 2040
42950 2040
42951 2040
42952 2040
42953 2040
42954 2040
42955 2040
42956 2040
42957 2040
42958 2040
42959 2040
42960 2040
42961 2040
42962 2040
42963 2040
42964 2040
42965 2040
42966 2040
42967 2040
42968 2040
42969 2040
42970 2040
42971 2040
42972 2040
42973 2040
42974 2040
42975 2040
42976 2040
42977 2040
42978 2040
42979 2040
42980 2040
42981 2040
42982 2040
42983 2040
42984 2040
42985 2040
42986 2040
42987 2040
42988 2040
42989 2040
42990 2040
42991 2040
42992 2040
42993 2040
42994 2040
42995 2040
42996 2040
42997 2040
42998 2040
42999 2040
43000 2040
43001 2040
43002 2040
43003 2040
43004 2040
43005 2040
43006 2040
43007 2040
43008 2040
43009 2040
43010 2040
43011 2040
43012 2040
43013 2040
43014 2040
43015 2040
43016 2040
43017 2040
43018 2040
43019 2040
43020 2040
43021 2040
43022 2040
43023 2040
43024 2040
43025 2040
43026 2040
43027 2040
43028 2040
43029 2040
43030 2040
43031 2040
43032 2040
43033 2040
43034 2040
43035 2040
43036 2040
43037 2040
43038 2040
43039 2040
43040 2040
43041 2040
43042 2040
43043 2040
43044 2040
43045 2040
43046 2040
43047 2040
43048 2040
43049 2040
43050 2040
43051 2040
43052 2040
43053 2040
43054 2040
43055 2040
43056 2040
43057 2040
43058 2040
43059 2040
43060 2040
43061 2040
43062 2040
43063 2040
43064 2040
43065 2040
43066 2040
43067 2040
43068 2040
43069 2040
43070 2040
43071 2040
43072 2040
43073 2040
43074 2040
43075 2040
43076 2040
43077 2040
43078 2040
43079 2040
43080 2040
43081 2040
43082 2040
43083 2040
43084 2040
43085 2040
43086 2040
43087 2040
43088 2040
43089 2040
43090 2040
43091 2040
43092 2040
43093 2040
43094 2040
43095 2040
43096 2040
43097 2040
43098 2040
43099 2040
43100 2040
43101 2040
43102 2040
43103 2040
43104 2040
43105 2040
43106 2040
43107 2040
43108 2040
43109 2040
43110 2040
43111 2040
43112 2040
43113 2040
43114 2040
43115 2040
43116 2040
43117 2040
43118 2040
43119 2040
43120 2040
43121 2040
43122 2040
43123 2040
43124 2040
43125 2040
43126 2040
43127 2040
43128 2040
43129 2040
43130 2040
43131 2040
43132 2040
43133 2040
43134 2040
43135 2040
43136 2040
43137 2040
43138 2040
43139 2040
43140 2040
43141 2040
43142 2040
43143 2040
43144 2040
43145 2040
43146 2040
43147 2040
43148 2040
43149 2040
43150 2040
43151 2040
43152 2040
43153 2040
43154 2040
43155 2040
43156 2040
43157 2040
43158 2040
43159 2040
43160 2040
43161 2040
43162 2040
43163 2040
43164 2040
43165 2040
43166 2040
43167 2040
43168 2040
43169 2040
43170 2040
43171 2040
43172 2040
43173 2040
43174 2040
43175 2040
43176 2040
43177 2040
43178 2040
43179 2040
43180 2040
43181 2040
43182 2040
43183 2040
43184 2040
43185 2040
43186 2040
43187 2040
43188 2040
43189 2040
43190 2040
43191 2040
43192 2040
43193 2040
43194 2040
43195 2040
43196 2040
43197 2040
43198 2040
43199 2040
43200 2040
43201 2040
43202 2040
43203 2040
43204 2040
43205 2040
43206 2040
43207 2040
43208 2040
43209 2040
43210 2040
43211 2040
43212 2040
43213 2040
43214 2040
43215 2040
43216 2040
43217 2040
43218 2040
43219 2040
43220 2040
43221 2040
43222 2040
43223 2040
43224 2040
43225 2040
43226 2040
43227 2040
43228 2040
43229 2040
43230 2040
43231 2040
43232 2040
43233 2040
43234 2040
43235 2040
43236 2040
43237 2040
43238 2040
43239 2040
43240 2040
43241 2040
43242 2040
43243 2040
43244 2040
43245 2040
43246 2040
43247 2040
43248 2040
43249 2040
43250 2040
43251 2040
43252 2040
43253 2040
43254 2040
43255 2040
43256 2040
43257 2040
43258 2040
43259 2040
43260 2040
43261 2040
43262 2040
43263 2040
43264 2040
43265 2040
43266 2040
43267 2040
43268 2040
43269 2040
43270 2040
43271 2040
43272 2040
43273 2040
43274 2040
43275 2040
43276 2040
43277 2040
43278 2040
43279 2040
43280 2040
43281 2040
43282 2040
43283 2040
43284 2040
43285 2040
43286 2040
43287 2040
43288 2040
43289 2035
43290 2035
43291 2035
43292 2035
43293 2035
43294 2035
43295 2035
43296 2035
43297 2035
43298 2035
43299 2035
43300 2035
43301 2035
43302 2035
43303 2035
43304 2035
43305 2035
43306 2035
43307 2035
43308 2035
43309 2035
43310 2035
43311 2035
43312 2035
43313 2035
43314 2035
43315 2035
43316 2035
43317 2035
43318 2035
43319 2035
43320 2035
43321 2035
43322 2035
43323 2035
43324 2035
43325 2035
43326 2035
43327 2035
43328 2035
43329 2035
43330 2035
43331 2035
43332 2035
43333 2035
43334 2035
43335 2035
43336 2035
43337 2035
43338 2035
43339 2035
43340 2035
43341 2035
43342 2035
43343 2035
43344 2035
43345 2035
43346 2035
43347 2035
43348 2035
43349 2035
43350 2035
43351 2035
43352 2035
43353 2035
43354 2035
43355 2035
43356 2035
43357 2035
43358 2035
43359 2035
43360 2035
43361 2035
43362 2035
43363 2035
43364 2035
43365 2035
43366 2035
43367 2035
43368 2035
43369 2035
43370 2035
43371 2035
43372 2035
43373 2035
43374 2035
43375 2035
43376 2035
43377 2035
43378 2035
43379 2035
43380 2035
43381 2035
43382 2035
43383 2035
43384 2035
43385 2035
43386 2035
43387 2035
43388 2035
43389 2035
43390 2035
43391 2035
43392 2035
43393 2035
43394 2035
43395 2035
43396 2035
43397 2035
43398 2035
43399 2035
43400 2035
43401 2035
43402 2035
43403 2035
43404 2035
43405 2035
43406 2035
43407 2035
43408 2035
43409 2035
43410 2035
43411 2035
43412 2035
43413 2035
43414 2035
43415 2035
43416 2035
43417 2035
43418 2035
43419 2035
43420 2035
43421 2035
43422 2035
43423 2035
43424 2035
43425 2035
43426 2035
43427 2035
43428 2035
43429 2035
43430 2035
43431 2035
43432 2035
43433 2035
43434 2035
43435 2035
43436 2035
43437 2035
43438 2035
43439 2035
43440 2035
43441 2035
43442 2035
43443 2035
43444 2035
43445 2035
43446 2035
43447 2035
43448 2035
43449 2035
43450 2035
43451 2035
43452 2035
43453 2035
43454 2035
43455 2035
43456 2035
43457 2035
43458 2035
43459 2035
43460 2035
43461 2035
43462 2035
43463 2035
43464 2035
43465 2035
43466 2035
43467 2035
43468 2035
43469 2035
43470 2035
43471 2035
43472 2035
43473 2035
43474 2035
43475 2035
43476 2035
43477 2035
43478 2035
43479 2035
43480 2035
43481 2035
43482 2035
43483 2035
43484 2035
43485 2035
43486 2035
43487 2035
43488 2035
43489 2035
43490 2035
43491 2035
43492 2035
43493 2035
43494 2035
43495 2035
43496 2035
43497 2035
43498 2035
43499 2035
43500 2035
43501 2035
43502 2035
43503 2035
43504 2035
43505 2035
43506 2035
43507 2035
43508 2035
43509 2035
43510 2035
43511 2035
43512 2035
43513 2035
43514 2035
43515 2035
43516 2035
43517 2035
43518 2035
43519 2035
43520 2035
43521 2035
43522 2035
43523 2035
43524 2035
43525 2035
43526 2035
43527 2035
43528 2035
43529 2035
43530 2035
43531 2035
43532 2035
43533 2035
43534 2035
43535 2035
43536 2035
43537 2035
43538 2035
43539 2035
43540 2035
43541 2035
43542 2035
43543 2035
43544 2035
43545 2035
43546 2035
43547 2035
43548 2035
43549 2035
43550 2035
43551 2035
43552 2035
43553 2035
43554 2035
43555 2035
43556 2035
43557 2035
43558 2035
43559 2035
43560 2035
43561 2035
43562 2035
43563 2035
43564 2035
43565 2035
43566 2035
43567 2035
43568 2035
43569 2035
43570 2035
43571 2035
43572 2035
43573 2035
43574 2035
43575 2035
43576 2035
43577 2035
43578 2035
43579 2035
43580 2035
43581 2035
43582 2035
43583 2035
43584 2035
43585 2035
43586 2035
43587 2035
43588 2035
43589 2035
43590 2035
43591 2035
43592 2035
43593 2035
43594 2035
43595 2035
43596 2035
43597 2035
43598 2035
43599 2035
43600 2035
43601 2035
43602 2035
43603 2035
43604 2035
43605 2035
43606 2035
43607 2035
43608 2035
43609 2035
43610 2035
43611 2035
43612 2035
43613 2035
43614 2035
43615 2035
43616 2035
43617 2035
43618 2035
43619 2035
43620 2035
43621 2035
43622 2035
43623 2035
43624 2035
43625 2035
43626 2035
43627 2035
43628 2035
43629 2035
43630 2035
43631 2035
43632 2035
43633 2035
43634 2035
43635 2035
43636 2035
43637 2035
43638 2035
43639 2035
43640 2035
43641 2035
43642 2035
43643 2035
43644 2035
43645 2035
43646 2035
43647 2035
43648 2035
43649 2035
43650 2035
43651 2035
43652 2035
43653 2035
43654 2035
43655 2035
43656 2035
43657 2035
43658 2035
43659 2035
43660 2035
43661 2035
43662 2035
43663 2035
43664 2035
43665 2035
43666 2035
43667 2035
43668 2035
43669 2035
43670 2035
43671 2035
43672 2035
43673 2035
43674 2035
43675 2035
43676 2035
43677 2035
43678 2035
43679 2035
43680 2035
43681 2035
43682 2035
43683 2035
43684 2035
43685 2035
43686 2035
43687 2035
43688 2035
43689 2035
43690 2035
43691 2035
43692 2035
43693 2035
43694 2035
43695 2035
43696 2035
43697 2035
43698 2035
43699 2035
43700 2035
43701 2035
43702 2035
43703 2035
43704 2035
43705 2035
43706 2035
43707 2035
43708 2035
43709 2035
43710 2035
43711 2035
43712 2035
43713 2035
43714 2035
43715 2035
43716 2035
43717 2035
43718 2035
43719 2035
43720 2035
43721 2035
43722 2035
43723 2035
43724 2035
43725 2035
43726 2035
43727 2035
43728 2035
43729 2035
43730 2035
43731 2035
43732 2035
43733 2035
43734 2035
43735 2035
43736 2035
43737 2035
43738 2035
43739 2035
43740 2035
43741 2035
43742 2035
43743 2035
43744 2035
43745 2035
43746 2035
43747 2035
43748 2035
43749 2035
43750 2035
43751 2035
43752 2035
43753 2035
43754 2035
43755 2035
43756 2035
43757 2035
43758 2035
43759 2035
43760 2035
43761 2035
43762 2035
43763 2035
43764 2035
43765 2035
43766 2035
43767 2035
43768 2035
43769 2035
43770 2035
43771 2035
43772 2035
43773 2035
43774 2035
43775 2035
43776 2035
43777 2035
43778 2035
43779 2035
43780 2035
43781 2035
43782 2035
43783 2035
43784 2035
43785 2035
43786 2035
43787 2035
43788 2035
43789 2035
43790 2035
43791 2035
43792 2035
43793 2035
43794 2035
43795 2035
43796 2035
43797 2035
43798 2035
43799 2035
43800 2035
43801 2035
43802 2035
43803 2035
43804 2035
43805 2035
43806 2035
43807 2035
43808 2035
43809 2035
43810 2035
43811 2035
43812 2035
43813 2035
43814 2035
43815 2035
43816 2035
43817 2035
43818 2035
43819 2035
43820 2035
43821 2035
43822 2035
43823 2035
43824 2035
43825 2035
43826 2035
43827 2035
43828 2035
43829 2035
43830 2035
43831 2035
43832 2035
43833 2035
43834 2035
43835 2035
43836 2035
43837 2035
43838 2035
43839 2035
43840 2035
43841 2035
43842 2035
43843 2035
43844 2035
43845 2035
43846 2035
43847 2035
43848 2035
43849 2035
43850 2035
43851 2035
43852 2035
43853 2035
43854 2035
43855 2035
43856 2035
43857 2035
43858 2035
43859 2035
43860 2035
43861 2035
43862 2035
43863 2035
43864 2035
43865 2035
43866 2035
43867 2035
43868 2035
43869 2035
43870 2035
43871 2035
43872 2035
43873 2035
43874 2035
43875 2035
43876 2035
43877 2035
43878 2035
43879 2035
43880 2035
43881 2035
43882 2035
43883 2035
43884 2035
43885 2035
43886 2035
43887 2035
43888 2035
43889 2035
43890 2035
43891 2035
43892 2035
43893 2035
43894 2035
43895 2035
43896 2035
43897 2035
43898 2035
43899 2035
43900 2035
43901 2035
43902 2035
43903 2035
43904 2035
43905 2035
43906 2035
43907 2035
43908 2035
43909 2035
43910 2035
43911 2035
43912 2035
43913 2035
43914 2035
43915 2035
43916 2035
43917 2035
43918 2035
43919 2035
43920 2035
43921 2035
43922 2035
43923 2035
43924 2035
43925 2035
43926 2035
43927 2035
43928 2035
43929 2035
43930 2035
43931 2035
43932 2035
43933 2035
43934 2035
43935 2035
43936 2035
43937 2035
43938 2035
43939 2035
43940 2035
43941 2035
43942 2035
43943 2035
43944 2035
43945 2035
43946 2035
43947 2035
43948 2035
43949 2035
43950 2035
43951 2035
43952 2035
43953 2035
43954 2035
43955 2035
43956 2035
43957 2035
43958 2035
43959 2035
43960 2035
43961 2035
43962 2035
43963 2035
43964 2035
43965 2035
43966 2035
43967 2035
43968 2035
43969 2035
43970 2035
43971 2035
43972 2035
43973 2035
43974 2035
43975 2035
43976 2035
43977 2035
43978 2035
43979 2035
43980 2035
43981 2035
43982 2035
43983 2035
43984 2035
43985 2035
43986 2035
43987 2035
43988 2035
43989 2035
43990 2035
43991 2035
43992 2035
43993 2035
43994 2035
43995 2035
43996 2035
43997 2035
43998 2035
43999 2035
44000 2035
44001 2035
44002 2035
44003 2035
44004 2035
44005 2035
44006 2035
44007 2035
44008 2035
44009 2035
44010 2035
44011 2035
44012 2035
44013 2035
44014 2035
44015 2035
44016 2035
44017 2035
44018 2035
44019 2035
44020 2035
44021 2035
44022 2035
44023 2035
44024 2035
44025 2035
44026 2035
44027 2035
44028 2035
44029 2035
44030 2035
44031 2035
44032 2035
44033 2035
44034 2035
44035 2035
44036 2035
44037 2035
44038 2035
44039 2035
44040 2035
44041 2035
44042 2034
44043 2034
44044 2034
44045 2034
44046 2034
44047 2034
44048 2034
44049 2034
44050 2034
44051 2034
44052 2034
44053 2034
44054 2034
44055 2034
44056 2034
44057 2034
44058 2034
44059 2034
44060 2034
44061 2034
44062 2034
44063 2034
44064 2034
44065 2034
44066 2034
44067 2034
44068 2034
44069 2034
44070 2034
44071 2034
44072 2034
44073 2034
44074 2034
44075 2034
44076 2034
44077 2034
44078 2034
44079 2034
44080 2034
44081 2034
44082 2034
44083 2034
44084 2034
44085 2034
44086 2034
44087 2034
44088 2034
44089 2034
44090 2034
44091 2034
44092 2034
44093 2034
44094 2034
44095 2034
44096 2034
44097 2034
44098 2034
44099 2034
44100 2034
44101 2034
44102 2034
44103 2034
44104 2034
44105 2034
44106 2034
44107 2034
44108 2034
44109 2034
44110 2034
44111 2034
44112 2034
44113 2034
44114 2034
44115 2034
44116 2034
44117 2034
44118 2034
44119 2034
44120 2034
44121 2034
44122 2034
44123 2034
44124 2034
44125 2034
44126 2034
44127 2034
44128 2034
44129 2034
44130 2034
44131 2034
44132 2034
44133 2034
44134 2034
44135 2034
44136 2034
44137 2034
44138 2034
44139 2034
44140 2034
44141 2034
44142 2034
44143 2034
44144 2034
44145 2034
44146 2034
44147 2034
44148 2034
44149 2034
44150 2034
44151 2034
44152 2034
44153 2034
44154 2034
44155 2034
44156 2034
44157 2034
44158 2034
44159 2034
44160 2034
44161 2034
44162 2034
44163 2034
44164 2034
44165 2034
44166 2034
44167 2034
44168 2034
44169 2034
44170 2034
44171 2034
44172 2034
44173 2034
44174 2034
44175 2034
44176 2034
44177 2034
44178 2034
44179 2034
44180 2034
44181 2034
44182 2034
44183 2034
44184 2034
44185 2034
44186 2034
44187 2034
44188 2034
44189 2034
44190 2034
44191 2034
44192 2034
44193 2034
44194 2034
44195 2034
44196 2034
44197 2034
44198 2034
44199 2034
44200 2034
44201 2034
44202 2034
44203 2034
44204 2034
44205 2034
44206 2034
44207 2034
44208 2034
44209 2034
44210 2034
44211 2034
44212 2034
44213 2034
44214 2034
44215 2034
44216 2034
44217 2034
44218 2034
44219 2034
44220 2034
44221 2034
44222 2034
44223 2034
44224 2034
44225 2034
44226 2034
44227 2034
44228 2034
44229 2034
44230 2034
44231 2034
44232 2034
44233 2034
44234 2034
44235 2034
44236 2034
44237 2034
44238 2034
44239 2034
44240 2034
44241 2034
44242 2034
44243 2034
44244 2034
44245 2034
44246 2034
44247 2034
44248 2034
44249 2034
44250 2034
44251 2034
44252 2034
44253 2034
44254 2034
44255 2034
44256 2034
44257 2034
44258 2034
44259 2034
44260 2034
44261 2034
44262 2034
44263 2034
44264 2034
44265 2034
44266 2034
44267 2034
44268 2034
44269 2034
44270 2034
44271 2034
44272 2034
44273 2034
44274 2034
44275 2034
44276 2034
44277 2034
44278 2034
44279 2034
44280 2034
44281 2034
44282 2034
44283 2034
44284 2034
44285 2034
44286 2034
44287 2034
44288 2034
44289 2034
44290 2034
44291 2034
44292 2034
44293 2034
44294 2034
44295 2034
44296 2034
44297 2034
44298 2034
44299 2034
44300 2034
44301 2034
44302 2034
44303 2034
44304 2034
44305 2034
44306 2034
44307 2034
44308 2034
44309 2034
44310 2034
44311 2034
44312 2034
44313 2034
44314 2034
44315 2034
44316 2034
44317 2034
44318 2034
44319 2034
44320 2034
44321 2034
44322 2034
44323 2034
44324 2034
44325 2034
44326 2034
44327 2034
44328 2034
44329 2034
44330 2034
44331 2034
44332 2034
44333 2034
44334 2034
44335 2034
44336 2034
44337 2034
44338 2034
44339 2034
44340 2034
44341 2034
44342 2034
44343 2034
44344 2034
44345 2034
44346 2034
44347 2034
44348 2034
44349 2034
44350 2034
44351 2034
44352 2034
44353 2034
44354 2034
44355 2034
44356 2034
44357 2034
44358 2034
44359 2034
44360 2034
44361 2034
44362 2034
44363 2034
44364 2034
44365 2034
44366 2034
44367 2034
44368 2034
44369 2034
44370 2034
44371 2034
44372 2034
44373 2034
44374 2034
44375 2034
44376 2034
44377 2034
44378 2034
44379 2034
44380 2034
44381 2034
44382 2034
44383 2034
44384 2034
44385 2034
44386 2034
44387 2034
44388 2034
44389 2034
44390 2034
44391 2034
44392 2034
44393 2034
44394 2034
44395 2034
44396 2034
44397 2034
44398 2034
44399 2034
44400 2034
44401 2034
44402 2034
44403 2034
44404 2034
44405 2034
44406 2034
44407 2034
44408 2034
44409 2034
44410 2034
44411 2034
44412 2034
44413 2034
44414 2034
44415 2034
44416 2034
44417 2034
44418 2034
44419 2034
44420 2034
44421 2034
44422 2034
44423 2034
44424 2034
44425 2034
44426 2034
44427 2034
44428 2034
44429 2034
44430 2034
44431 2034
44432 2034
44433 2034
44434 2034
44435 2034
44436 2034
44437 2034
44438 2034
44439 2034
44440 2034
44441 2034
44442 2034
44443 2034
44444 2034
44445 2034
44446 2034
44447 2034
44448 2034
44449 2034
44450 2034
44451 2034
44452 2034
44453 2034
44454 2034
44455 2034
44456 2034
44457 2034
44458 2034
44459 2034
44460 2034
44461 2034
44462 2034
44463 2034
44464 2034
44465 2034
44466 2034
44467 2034
44468 2034
44469 2034
44470 2034
44471 2034
44472 2034
44473 2034
44474 2034
44475 2034
44476 2034
44477 2034
44478 2034
44479 2034
44480 2034
44481 2034
44482 2034
44483 2034
44484 2034
44485 2034
44486 2034
44487 2034
44488 2034
44489 2034
44490 2034
44491 2034
44492 2034
44493 2034
44494 2034
44495 2034
44496 2034
44497 2034
44498 2034
44499 2034
44500 2034
44501 2034
44502 2034
44503 2034
44504 2034
44505 2034
44506 2034
44507 2034
44508 2034
44509 2034
44510 2034
44511 2034
44512 2034
44513 2034
44514 2034
44515 2034
44516 2034
44517 2034
44518 2034
44519 2034
44520 2034
44521 2034
44522 2034
44523 2034
44524 2034
44525 2034
44526 2034
44527 2034
44528 2034
44529 2034
44530 2034
44531 2034
44532 2034
44533 2034
44534 2034
44535 2034
44536 2034
44537 2034
44538 2034
44539 2034
44540 2034
44541 2034
44542 2034
44543 2034
44544 2034
44545 2034
44546 2034
44547 2034
44548 2034
44549 2034
44550 2034
44551 2034
44552 2034
44553 2034
44554 2034
44555 2034
44556 2034
44557 2034
44558 2034
44559 2034
44560 2034
44561 2034
44562 2034
44563 2034
44564 2034
44565 2034
44566 2034
44567 2034
44568 2034
44569 2034
44570 2034
44571 2034
44572 2034
44573 2034
44574 2034
44575 2034
44576 2034
44577 2034
44578 2034
44579 2034
44580 2034
44581 2034
44582 2034
44583 2034
44584 2034
44585 2034
44586 2034
44587 2034
44588 2034
44589 2034
44590 2034
44591 2034
44592 2034
44593 2034
44594 2034
44595 2034
44596 2034
44597 2034
44598 2034
44599 2034
44600 2034
44601 2034
44602 2034
44603 2034
44604 2034
44605 2034
44606 2034
44607 2034
44608 2034
44609 2034
44610 2034
44611 2034
44612 2034
44613 2034
44614 2034
44615 2034
44616 2034
44617 2034
44618 2034
44619 2034
44620 2034
44621 2034
44622 2034
44623 2034
44624 2034
44625 2034
44626 2034
44627 2034
44628 2034
44629 2034
44630 2034
44631 2034
44632 2034
44633 2034
44634 2034
44635 2034
44636 2034
44637 2034
44638 2034
44639 2034
44640 2034
44641 2034
44642 2034
44643 2034
44644 2034
44645 2034
44646 2034
44647 2034
44648 2034
44649 2034
44650 2034
44651 2034
44652 2034
44653 2034
44654 2034
44655 2034
44656 2034
44657 2034
44658 2034
44659 2034
44660 2034
44661 2034
44662 2034
44663 2034
44664 2034
44665 2034
44666 2034
44667 2034
44668 2034
44669 2034
44670 2034
44671 2034
44672 2034
44673 2034
44674 2034
44675 2034
44676 2034
44677 2034
44678 2034
44679 2034
44680 2034
44681 2034
44682 2034
44683 2034
44684 2034
44685 2034
44686 2034
44687 2034
44688 2034
44689 2034
44690 2034
44691 2034
44692 2034
44693 2034
44694 2034
44695 2034
44696 2034
44697 2034
44698 2034
44699 2034
44700 2034
44701 2034
44702 2034
44703 2034
44704 2034
44705 2034
44706 2034
44707 2034
44708 2034
44709 2034
44710 2034
44711 2034
44712 2034
44713 2034
44714 2034
44715 2034
44716 2034
44717 2034
44718 2034
44719 2034
44720 2034
44721 2034
44722 2034
44723 2034
44724 2034
44725 2034
44726 2034
44727 2034
44728 2034
44729 2034
44730 2034
44731 2034
44732 2034
44733 2034
44734 2034
44735 2034
44736 2034
44737 2034
44738 2034
44739 2034
44740 2034
44741 2034
44742 2034
44743 2034
44744 2034
44745 2034
44746 2034
44747 2034
44748 2034
44749 2034
44750 2034
44751 2034
44752 2034
44753 2034
44754 2034
44755 2034
44756 2034
44757 2034
44758 2034
44759 2034
44760 2034
44761 2034
44762 2034
44763 2034
44764 2034
44765 2034
44766 2034
44767 2034
44768 2034
44769 2034
44770 2034
44771 2034
44772 2034
44773 2034
44774 2034
44775 2034
44776 2034
44777 2034
44778 2034
44779 2034
44780 2034
44781 2034
44782 2034
44783 2034
44784 2034
44785 2034
44786 2034
44787 2034
44788 2034
44789 2034
44790 2034
44791 2034
44792 2034
44793 2034
44794 2034
44795 2034
44796 2034
44797 2034
44798 2034
44799 2034
44800 2034
44801 2034
44802 2034
44803 2034
44804 2034
44805 2034
44806 2034
44807 2034
44808 2034
44809 2034
44810 2034
44811 2034
44812 2034
44813 2034
44814 2034
44815 2034
44816 2034
44817 2034
44818 2034
44819 2034
44820 2034
44821 2034
44822 2034
44823 2034
44824 2034
44825 2034
44826 2034
44827 2034
44828 2034
44829 2034
44830 2034
44831 2034
44832 2034
44833 2034
44834 2034
44835 2034
44836 2034
44837 2034
44838 2034
44839 2034
44840 2034
44841 2034
44842 2034
44843 2034
44844 2034
44845 2034
44846 2034
44847 2034
44848 2034
44849 2034
44850 2034
44851 2034
44852 2034
44853 2034
44854 2034
44855 2034
44856 2034
44857 2034
44858 2034
44859 2034
44860 2034
44861 2034
44862 2034
44863 2034
44864 2034
44865 2034
44866 2034
44867 2034
44868 2034
44869 2034
44870 2034
44871 2034
44872 2034
44873 2034
44874 2034
44875 2034
44876 2034
44877 2034
44878 2034
44879 2034
44880 2034
44881 2034
44882 2034
44883 2034
44884 2034
44885 2034
44886 2034
44887 2034
44888 2034
44889 2034
44890 2034
44891 2034
44892 2034
44893 2034
44894 2034
44895 2034
44896 2034
44897 2034
44898 2034
44899 2034
44900 2034
44901 2034
44902 2034
44903 2034
44904 2034
44905 2034
44906 2034
44907 2034
44908 2034
44909 2034
44910 2034
44911 2034
44912 2034
44913 2034
44914 2034
44915 2034
44916 2034
44917 2034
44918 2034
44919 2034
44920 2034
44921 2034
44922 2034
44923 2034
44924 2034
44925 2034
44926 2034
44927 2034
44928 2034
44929 2034
44930 2034
44931 2034
44932 2034
44933 2034
44934 2034
44935 2034
44936 2034
44937 2034
44938 2034
44939 2034
44940 2034
44941 2034
44942 2034
44943 2034
44944 2034
44945 2034
44946 2034
44947 2034
44948 2034
44949 2034
44950 2034
44951 2034
44952 2034
44953 2034
44954 2034
44955 2034
44956 2034
44957 2034
44958 2034
44959 2034
44960 2034
44961 2034
44962 2034
44963 2034
44964 2034
44965 2034
44966 2034
44967 2034
44968 2034
44969 2034
44970 2034
44971 2034
44972 2034
44973 2034
44974 2034
44975 2034
44976 2034
44977 2034
44978 2034
44979 2034
44980 2034
44981 2034
44982 2034
44983 2034
44984 2034
44985 2034
44986 2034
44987 2034
44988 2034
44989 2034
44990 2034
44991 2034
44992 2034
44993 2034
44994 2034
44995 2034
44996 2034
44997 2034
44998 2034
44999 2034
45000 2034
45001 2034
45002 2034
45003 2034
45004 2034
45005 2034
45006 2034
45007 2034
45008 2034
45009 2034
45010 2034
45011 2034
45012 2034
45013 2034
45014 2034
45015 2034
45016 2034
45017 2034
45018 2034
45019 2034
45020 2034
45021 2034
45022 2034
45023 2034
45024 2034
45025 2034
45026 2034
45027 2034
45028 2034
45029 2034
45030 2034
45031 2034
45032 2034
45033 2034
45034 2034
45035 2034
45036 2034
45037 2034
45038 2034
45039 2034
45040 2034
45041 2034
45042 2034
45043 2034
45044 2034
45045 2034
45046 2034
45047 2034
45048 2034
45049 2034
45050 2034
45051 2034
45052 2034
45053 2034
45054 2034
45055 2034
45056 2034
45057 2034
45058 2034
45059 2034
45060 2034
45061 2034
45062 2034
45063 2034
45064 2034
45065 2034
45066 2034
45067 2034
45068 2034
45069 2034
45070 2034
45071 2034
45072 2034
45073 2034
45074 2034
45075 2034
45076 2034
45077 2034
45078 2034
45079 2034
45080 2034
45081 2034
45082 2034
45083 2034
45084 2034
45085 2034
45086 2034
45087 2034
45088 2034
45089 2034
45090 2034
45091 2034
45092 2034
45093 2034
45094 2034
45095 2034
45096 2034
45097 2034
45098 2034
45099 2034
45100 2034
45101 2034
45102 2034
45103 2034
45104 2034
45105 2034
45106 2034
45107 2034
45108 2034
45109 2034
45110 2034
45111 2034
45112 2034
45113 2034
45114 2034
45115 2034
45116 2034
45117 2034
45118 2034
45119 2034
45120 2034
45121 2034
45122 2034
45123 2034
45124 2034
45125 2034
45126 2034
45127 2034
45128 2034
45129 2034
45130 2034
45131 2034
45132 2034
45133 2034
45134 2034
45135 2034
45136 2034
45137 2034
45138 2034
45139 2034
45140 2034
45141 2034
45142 2034
45143 2034
45144 2034
45145 2034
45146 2034
45147 2034
45148 2034
45149 2034
45150 2034
45151 2034
45152 2034
45153 2034
45154 2034
45155 2034
45156 2034
45157 2034
45158 2034
45159 2034
45160 2034
45161 2034
45162 2034
45163 2034
45164 2034
45165 2034
45166 2034
45167 2034
45168 2034
45169 2034
45170 2034
45171 2034
45172 2034
45173 2034
45174 2034
45175 2034
45176 2034
45177 2034
45178 2034
45179 2034
45180 2034
45181 2034
45182 2034
45183 2034
45184 2034
45185 2034
45186 2034
45187 2034
45188 2034
45189 2034
45190 2034
45191 2034
45192 2034
45193 2034
45194 2034
45195 2034
45196 2034
45197 2034
45198 2034
45199 2034
45200 2034
45201 2034
45202 2034
45203 2034
45204 2034
45205 2034
45206 2034
45207 2034
45208 2034
45209 2034
45210 2034
45211 2034
45212 2034
45213 2034
45214 2034
45215 2034
45216 2034
45217 2034
45218 2034
45219 2034
45220 2034
45221 2034
45222 2034
45223 2034
45224 2034
45225 2034
45226 2034
45227 2034
45228 2034
45229 2034
45230 2034
45231 2034
45232 2034
45233 2034
45234 2034
45235 2034
45236 2034
45237 2034
45238 2034
45239 2034
45240 2034
45241 2034
45242 2034
45243 2034
45244 2034
45245 2034
45246 2034
45247 2034
45248 2034
45249 2034
45250 2034
45251 2034
45252 2034
45253 2034
45254 2034
45255 2034
45256 2034
45257 2034
45258 2034
45259 2034
45260 2034
45261 2034
45262 2034
45263 2034
45264 2034
45265 2034
45266 2034
45267 2034
45268 2034
45269 2034
45270 2034
45271 2034
45272 2034
45273 2034
45274 2034
45275 2034
45276 2034
45277 2034
45278 2034
45279 2034
45280 2034
45281 2034
45282 2034
45283 2034
45284 2034
45285 2034
45286 2034
45287 2034
45288 2034
45289 2034
45290 2034
45291 2034
45292 2034
45293 2034
45294 2034
45295 2034
45296 2034
45297 2034
45298 2034
45299 2034
45300 2034
45301 2034
45302 2034
45303 2034
45304 2034
45305 2034
45306 2034
45307 2034
45308 2034
45309 2034
45310 2034
45311 2034
45312 2034
45313 2034
45314 2034
45315 2034
45316 2034
45317 2034
45318 2032
45319 2032
45320 2032
45321 2032
45322 2032
45323 2032
45324 2032
45325 2032
45326 2032
45327 2032
45328 2032
45329 2032
45330 2032
45331 2032
45332 2032
45333 2032
45334 2032
45335 2032
45336 2032
45337 2032
45338 2032
45339 2032
45340 2032
45341 2032
45342 2032
45343 2032
45344 2032
45345 2032
45346 2032
45347 2032
45348 2032
45349 2032
45350 2032
45351 2032
45352 2032
45353 2032
45354 2032
45355 2032
45356 2032
45357 2032
45358 2032
45359 2032
45360 2032
45361 2032
45362 2032
45363 2032
45364 2032
45365 2032
45366 2032
45367 2032
45368 2032
45369 2032
45370 2032
45371 2032
45372 2032
45373 2032
45374 2032
45375 2032
45376 2032
45377 2032
45378 2032
45379 2032
45380 2032
45381 2032
45382 2032
45383 2032
45384 2032
45385 2032
45386 2032
45387 2032
45388 2032
45389 2032
45390 2032
45391 2032
45392 2032
45393 2032
45394 2032
45395 2032
45396 2032
45397 2032
45398 2032
45399 2032
45400 2032
45401 2032
45402 2032
45403 2032
45404 2032
45405 2032
45406 2032
45407 2032
45408 2032
45409 2032
45410 2032
45411 2032
45412 2032
45413 2032
45414 2032
45415 2032
45416 2032
45417 2032
45418 2032
45419 2032
45420 2032
45421 2032
45422 2032
45423 2032
45424 2032
45425 2032
45426 2032
45427 2032
45428 2032
45429 2032
45430 2032
45431 2032
45432 2032
45433 2032
45434 2032
45435 2032
45436 2032
45437 2032
45438 2032
45439 2032
45440 2032
45441 2032
45442 2032
45443 2032
45444 2032
45445 2032
45446 2032
45447 2032
45448 2032
45449 2032
45450 2032
45451 2032
45452 2032
45453 2032
45454 2032
45455 2032
45456 2032
45457 2032
45458 2032
45459 2032
45460 2032
45461 2032
45462 2032
45463 2032
45464 2032
45465 2032
45466 2032
45467 2032
45468 2032
45469 2032
45470 2032
45471 2032
45472 2032
45473 2032
45474 2032
45475 2032
45476 2032
45477 2032
45478 2032
45479 2032
45480 2032
45481 2032
45482 2032
45483 2032
45484 2032
45485 2032
45486 2032
45487 2032
45488 2032
45489 2032
45490 2032
45491 2032
45492 2032
45493 2032
45494 2032
45495 2032
45496 2032
45497 2032
45498 2032
45499 2032
45500 2032
45501 2032
45502 2032
45503 2032
45504 2032
45505 2032
45506 2032
45507 2032
45508 2032
45509 2032
45510 2032
45511 2032
45512 2032
45513 2032
45514 2032
45515 2032
45516 2032
45517 2032
45518 2032
45519 2032
45520 2032
45521 2032
45522 2032
45523 2032
45524 2032
45525 2032
45526 2032
45527 2032
45528 2032
45529 2032
45530 2032
45531 2032
45532 2032
45533 2032
45534 2032
45535 2032
45536 2032
45537 2032
45538 2032
45539 2032
45540 2032
45541 2032
45542 2032
45543 2032
45544 2032
45545 2032
45546 2032
45547 2032
45548 2032
45549 2032
45550 2032
45551 2032
45552 2032
45553 2032
45554 2032
45555 2032
45556 2032
45557 2032
45558 2032
45559 2032
45560 2032
45561 2032
45562 2032
45563 2032
45564 2032
45565 2032
45566 2032
45567 2032
45568 2032
45569 2032
45570 2032
45571 2032
45572 2032
45573 2032
45574 2032
45575 2032
45576 2032
45577 2032
45578 2032
45579 2032
45580 2032
45581 2032
45582 2032
45583 2032
45584 2032
45585 2032
45586 2032
45587 2032
45588 2032
45589 2032
45590 2032
45591 2032
45592 2032
45593 2032
45594 2032
45595 2032
45596 2032
45597 2032
45598 2032
45599 2032
45600 2032
45601 2032
45602 2032
45603 2032
45604 2032
45605 2032
45606 2032
45607 2032
45608 2032
45609 2032
45610 2032
45611 2032
45612 2032
45613 2032
45614 2032
45615 2032
45616 2032
45617 2032
45618 2032
45619 2032
45620 2032
45621 2032
45622 2032
45623 2032
45624 2032
45625 2032
45626 2032
45627 2032
45628 2032
45629 2032
45630 2032
45631 2032
45632 2032
45633 2032
45634 2032
45635 2032
45636 2032
45637 2032
45638 2032
45639 2032
45640 2032
45641 2032
45642 2032
45643 2032
45644 2032
45645 2032
45646 2032
45647 2032
45648 2032
45649 2032
45650 2032
45651 2032
45652 2032
45653 2032
45654 2032
45655 2032
45656 2032
45657 2032
45658 2032
45659 2032
45660 2032
45661 2032
45662 2032
45663 2032
45664 2032
45665 2032
45666 2032
45667 2032
45668 2032
45669 2032
45670 2032
45671 2032
45672 2032
45673 2032
45674 2032
45675 2032
45676 2032
45677 2032
45678 2032
45679 2032
45680 2032
45681 2032
45682 2032
45683 2032
45684 2032
45685 2032
45686 2032
45687 2032
45688 2032
45689 2032
45690 2032
45691 2032
45692 2032
45693 2032
45694 2032
45695 2032
45696 2032
45697 2032
45698 2032
45699 2032
45700 2032
45701 2032
45702 2032
45703 2032
45704 2032
45705 2032
45706 2032
45707 2032
45708 2032
45709 2032
45710 2032
45711 2032
45712 2032
45713 2032
45714 2032
45715 2032
45716 2032
45717 2032
45718 2032
45719 2032
45720 2032
45721 2032
45722 2032
45723 2032
45724 2032
45725 2032
45726 2032
45727 2032
45728 2032
45729 2032
45730 2032
45731 2032
45732 2032
45733 2032
45734 2032
45735 2032
45736 2032
45737 2032
45738 2032
45739 2032
45740 2032
45741 2032
45742 2032
45743 2032
45744 2032
45745 2032
45746 2032
45747 2032
45748 2032
45749 2032
45750 2032
45751 2032
45752 2032
45753 2032
45754 2032
45755 2032
45756 2032
45757 2032
45758 2032
45759 2032
45760 2032
45761 2032
45762 2032
45763 2032
45764 2032
45765 2032
45766 2032
45767 2032
45768 2032
45769 2032
45770 2032
45771 2032
45772 2032
45773 2032
45774 2032
45775 2032
45776 2032
45777 2032
45778 2032
45779 2032
45780 2032
45781 2032
45782 2032
45783 2032
45784 2032
45785 2032
45786 2032
45787 2032
45788 2032
45789 2032
45790 2032
45791 2032
45792 2032
45793 2032
45794 2032
45795 2032
45796 2032
45797 2032
45798 2032
45799 2032
45800 2032
45801 2032
45802 2032
45803 2032
45804 2032
45805 2032
45806 2032
45807 2032
45808 2032
45809 2032
45810 2032
45811 2032
45812 2032
45813 2032
45814 2032
45815 2032
45816 2032
45817 2032
45818 2032
45819 2032
45820 2032
45821 2032
45822 2032
45823 2032
45824 2032
45825 2032
45826 2032
45827 2032
45828 2032
45829 2032
45830 2032
45831 2032
45832 2032
45833 2032
45834 2032
45835 2032
45836 2032
45837 2032
45838 2032
45839 2032
45840 2032
45841 2032
45842 2032
45843 2032
45844 2032
45845 2032
45846 2032
45847 2032
45848 2032
45849 2032
45850 2032
45851 2032
45852 2032
45853 2032
45854 2032
45855 2032
45856 2032
45857 2032
45858 2032
45859 2032
45860 2032
45861 2032
45862 2032
45863 2032
45864 2032
45865 2032
45866 2032
45867 2032
45868 2032
45869 2032
45870 2032
45871 2032
45872 2032
45873 2032
45874 2032
45875 2032
45876 2032
45877 2032
45878 2032
45879 2032
45880 2032
45881 2032
45882 2032
45883 2032
45884 2032
45885 2032
45886 2032
45887 2032
45888 2032
45889 2032
45890 2032
45891 2032
45892 2032
45893 2032
45894 2032
45895 2032
45896 2032
45897 2032
45898 2032
45899 2032
45900 2032
45901 2032
45902 2032
45903 2032
45904 2032
45905 2032
45906 2032
45907 2032
45908 2032
45909 2032
45910 2032
45911 2032
45912 2032
45913 2032
45914 2032
45915 2032
45916 2032
45917 2032
45918 2032
45919 2032
45920 2032
45921 2032
45922 2032
45923 2032
45924 2032
45925 2032
45926 2032
45927 2032
45928 2032
45929 2032
45930 2032
45931 2032
45932 2032
45933 2032
45934 2032
45935 2032
45936 2032
45937 2032
45938 2032
45939 2032
45940 2032
45941 2032
45942 2032
45943 2032
45944 2032
45945 2032
45946 2032
45947 2032
45948 2032
45949 2032
45950 2032
45951 2032
45952 2032
45953 2032
45954 2032
45955 2032
45956 2032
45957 2032
45958 2032
45959 2032
45960 2032
45961 2032
45962 2032
45963 2032
45964 2032
45965 2032
45966 2032
45967 2032
45968 2032
45969 2032
45970 2032
45971 2032
45972 2032
45973 2032
45974 2032
45975 2032
45976 2032
45977 2032
45978 2032
45979 2032
45980 2032
45981 2032
45982 2032
45983 2032
45984 2032
45985 2032
45986 2032
45987 2032
45988 2032
45989 2032
45990 2032
45991 2032
45992 2032
45993 2032
45994 2032
45995 2032
45996 2032
45997 2032
45998 2032
45999 2032
46000 2032
46001 2032
46002 2032
46003 2032
46004 2032
46005 2032
46006 2032
46007 2032
46008 2032
46009 2032
46010 2032
46011 2032
46012 2032
46013 2032
46014 2032
46015 2032
46016 2032
46017 2032
46018 2032
46019 2032
46020 2032
46021 2032
46022 2032
46023 2032
46024 2032
46025 2032
46026 2032
46027 2032
46028 2032
46029 2032
46030 2032
46031 2032
46032 2032
46033 2032
46034 2032
46035 2032
46036 2032
46037 2032
46038 2032
46039 2032
46040 2032
46041 2032
46042 2032
46043 2032
46044 2032
46045 2032
46046 2032
46047 2032
46048 2032
46049 2032
46050 2032
46051 2032
46052 2032
46053 2032
46054 2032
46055 2032
46056 2032
46057 2032
46058 2032
46059 2032
46060 2032
46061 2032
46062 2032
46063 2032
46064 2032
46065 2032
46066 2032
46067 2032
46068 2032
46069 2032
46070 2032
46071 2032
46072 2032
46073 2032
46074 2032
46075 2032
46076 2032
46077 2032
46078 2032
46079 2032
46080 2032
46081 2032
46082 2032
46083 2032
46084 2032
46085 2032
46086 2032
46087 2032
46088 2032
46089 2032
46090 2032
46091 2032
46092 2032
46093 2032
46094 2032
46095 2032
46096 2032
46097 2032
46098 2032
46099 2032
46100 2032
46101 2032
46102 2032
46103 2032
46104 2032
46105 2032
46106 2032
46107 2032
46108 2032
46109 2032
46110 2032
46111 2032
46112 2032
46113 2032
46114 2032
46115 2032
46116 2032
46117 2032
46118 2032
46119 2032
46120 2032
46121 2032
46122 2032
46123 2032
46124 2032
46125 2032
46126 2032
46127 2032
46128 2032
46129 2032
46130 2032
46131 2032
46132 2032
46133 2032
46134 2032
46135 2032
46136 2032
46137 2032
46138 2032
46139 2032
46140 2032
46141 2032
46142 2032
46143 2032
46144 2032
46145 2032
46146 2032
46147 2032
46148 2032
46149 2032
46150 2032
46151 2032
46152 2032
46153 2032
46154 2032
46155 2032
46156 2032
46157 2032
46158 2032
46159 2032
46160 2032
46161 2032
46162 2032
46163 2032
46164 2032
46165 2032
46166 2032
46167 2032
46168 2032
46169 2032
46170 2032
46171 2032
46172 2032
46173 2032
46174 2032
46175 2032
46176 2032
46177 2032
46178 2032
46179 2032
46180 2032
46181 2032
46182 2032
46183 2032
46184 2032
46185 2032
46186 2032
46187 2032
46188 2032
46189 2032
46190 2032
46191 2032
46192 2032
46193 2032
46194 2032
46195 2032
46196 2032
46197 2032
46198 2032
46199 2032
46200 2032
46201 2032
46202 2032
46203 2032
46204 2032
46205 2032
46206 2032
46207 2032
46208 2032
46209 2032
46210 2032
46211 2032
46212 2032
46213 2032
46214 2032
46215 2032
46216 2032
46217 2032
46218 2032
46219 2032
46220 2032
46221 2032
46222 2032
46223 2032
46224 2032
46225 2032
46226 2032
46227 2032
46228 2032
46229 2032
46230 2032
46231 2032
46232 2032
46233 2032
46234 2032
46235 2032
46236 2032
46237 2032
46238 2032
46239 2032
46240 2032
46241 2032
46242 2032
46243 2032
46244 2032
46245 2032
46246 2032
46247 2032
46248 2032
46249 2032
46250 2032
46251 2032
46252 2032
46253 2032
46254 2032
46255 2032
46256 2032
46257 2032
46258 2032
46259 2032
46260 2032
46261 2032
46262 2032
46263 2032
46264 2032
46265 2032
46266 2032
46267 2032
46268 2032
46269 2032
46270 2032
46271 2032
46272 2032
46273 2032
46274 2032
46275 2032
46276 2032
46277 2032
46278 2032
46279 2032
46280 2032
46281 2032
46282 2032
46283 2032
46284 2032
46285 2032
46286 2032
46287 2032
46288 2032
46289 2032
46290 2032
46291 2032
46292 2032
46293 2032
46294 2032
46295 2032
46296 2032
46297 2032
46298 2032
46299 2032
46300 2032
46301 2032
46302 2032
46303 2032
46304 2032
46305 2032
46306 2032
46307 2032
46308 2032
46309 2032
46310 2032
46311 2032
46312 2032
46313 2032
46314 2032
46315 2032
46316 2032
46317 2032
46318 2032
46319 2032
46320 2032
46321 2032
46322 2032
46323 2032
46324 2032
46325 2032
46326 2032
46327 2032
46328 2032
46329 2032
46330 2032
46331 2032
46332 2032
46333 2032
46334 2032
46335 2032
46336 2032
46337 2032
46338 2032
46339 2032
46340 2032
46341 2032
46342 2032
46343 2032
46344 2032
46345 2032
46346 2032
46347 2032
46348 2032
46349 2032
46350 2032
46351 2032
46352 2032
46353 2032
46354 2032
46355 2032
46356 2032
46357 2032
46358 2032
46359 2032
46360 2032
46361 2032
46362 2032
46363 2032
46364 2032
46365 2032
46366 2032
46367 2032
46368 2032
46369 2032
46370 2032
46371 2032
46372 2032
46373 2032
46374 2032
46375 2032
46376 2032
46377 2032
46378 2032
46379 2032
46380 2032
46381 2032
46382 2032
46383 2032
46384 2032
46385 2032
46386 2032
46387 2032
46388 2032
46389 2032
46390 2032
46391 2032
46392 2032
46393 2032
46394 2032
46395 2032
46396 2032
46397 2032
46398 2032
46399 2032
46400 2032
46401 2032
46402 2032
46403 2032
46404 2032
46405 2032
46406 2032
46407 2032
46408 2032
46409 2032
46410 2032
46411 2032
46412 2032
46413 2032
46414 2032
46415 2032
46416 2032
46417 2032
46418 2032
46419 2032
46420 2032
46421 2032
46422 2032
46423 2032
46424 2032
46425 2032
46426 2032
46427 2032
46428 2032
46429 2032
46430 2032
46431 2032
46432 2032
46433 2032
46434 2032
46435 2032
46436 2032
46437 2032
46438 2032
46439 2032
46440 2032
46441 2032
46442 2032
46443 2032
46444 2032
46445 2032
46446 2032
46447 2032
46448 2032
46449 2032
46450 2032
46451 2032
46452 2032
46453 2032
46454 2032
46455 2032
46456 2032
46457 2032
46458 2032
46459 2032
46460 2032
46461 2032
46462 2032
46463 2032
46464 2032
46465 2032
46466 2032
46467 2032
46468 2032
46469 2032
46470 2032
46471 2032
46472 2032
46473 2032
46474 2032
46475 2032
46476 2032
46477 2032
46478 2032
46479 2032
46480 2032
46481 2032
46482 2032
46483 2032
46484 2032
46485 2032
46486 2032
46487 2032
46488 2032
46489 2032
46490 2032
46491 2032
46492 2032
46493 2032
46494 2032
46495 2032
46496 2032
46497 2032
46498 2032
46499 2032
46500 2032
46501 2032
46502 2032
46503 2032
46504 2032
46505 2032
46506 2032
46507 2032
46508 2032
46509 2032
46510 2032
46511 2032
46512 2032
46513 2032
46514 2032
46515 2032
46516 2032
46517 2032
46518 2032
46519 2032
46520 2032
46521 2032
46522 2032
46523 2032
46524 2032
46525 2032
46526 2032
46527 2032
46528 2032
46529 2032
46530 2032
46531 2032
46532 2032
46533 2032
46534 2032
46535 2032
46536 2032
46537 2032
46538 2032
46539 2032
46540 2032
46541 2032
46542 2032
46543 2032
46544 2032
46545 2032
46546 2032
46547 2032
46548 2032
46549 2032
46550 2032
46551 2032
46552 2032
46553 2032
46554 2032
46555 2032
46556 2032
46557 2032
46558 2032
46559 2032
46560 2032
46561 2032
46562 2032
46563 2032
46564 2032
46565 2032
46566 2032
46567 2032
46568 2032
46569 2032
46570 2032
46571 2032
46572 2032
46573 2032
46574 2032
46575 2032
46576 2032
46577 2032
46578 2032
46579 2032
46580 2032
46581 2032
46582 2032
46583 2032
46584 2032
46585 2032
46586 2032
46587 2032
46588 2032
46589 2032
46590 2032
46591 2032
46592 2032
46593 2032
46594 2032
46595 2032
46596 2032
46597 2032
46598 2032
46599 2032
46600 2032
46601 2032
46602 2032
46603 2032
46604 2032
46605 2032
46606 2032
46607 2032
46608 2032
46609 2032
46610 2032
46611 2032
46612 2032
46613 2032
46614 2032
46615 2032
46616 2032
46617 2032
46618 2032
46619 2032
46620 2032
46621 2032
46622 2032
46623 2032
46624 2032
46625 2032
46626 2032
46627 2032
46628 2032
46629 2032
46630 2032
46631 2032
46632 2032
46633 2032
46634 2032
46635 2032
46636 2032
46637 2032
46638 2032
46639 2032
46640 2032
46641 2032
46642 2032
46643 2032
46644 2032
46645 2032
46646 2032
46647 2032
46648 2032
46649 2032
46650 2032
46651 2032
46652 2032
46653 2032
46654 2032
46655 2032
46656 2032
46657 2032
46658 2032
46659 2032
46660 2032
46661 2032
46662 2032
46663 2032
46664 2032
46665 2032
46666 2032
46667 2032
46668 2032
46669 2032
46670 2032
46671 2032
46672 2032
46673 2032
46674 2032
46675 2032
46676 2032
46677 2032
46678 2032
46679 2032
46680 2032
46681 2032
46682 2032
46683 2032
46684 2032
46685 2032
46686 2032
46687 2032
46688 2032
46689 2032
46690 2032
46691 2032
46692 2032
46693 2032
46694 2032
46695 2032
46696 2032
46697 2032
46698 2032
46699 2032
46700 2032
46701 2032
46702 2032
46703 2032
46704 2032
46705 2032
46706 2032
46707 2032
46708 2032
46709 2032
46710 2032
46711 2032
46712 2032
46713 2032
46714 2032
46715 2032
46716 2032
46717 2032
46718 2032
46719 2032
46720 2032
46721 2032
46722 2032
46723 2032
46724 2032
46725 2032
46726 2032
46727 2032
46728 2032
46729 2032
46730 2032
46731 2032
46732 2032
46733 2032
46734 2032
46735 2032
46736 2032
46737 2032
46738 2032
46739 2032
46740 2032
46741 2032
46742 2032
46743 2032
46744 2032
46745 2032
46746 2032
46747 2032
46748 2032
46749 2032
46750 2032
46751 2032
46752 2032
46753 2032
46754 2032
46755 2032
46756 2032
46757 2032
46758 2032
46759 2032
46760 2032
46761 2032
46762 2032
46763 2032
46764 2032
46765 2032
46766 2032
46767 2032
46768 2032
46769 2032
46770 2032
46771 2032
46772 2032
46773 2032
46774 2032
46775 2032
46776 2032
46777 2032
46778 2032
46779 2032
46780 2032
46781 2032
46782 2032
46783 2032
46784 2032
46785 2032
46786 2032
46787 2032
46788 2032
46789 2032
46790 2032
46791 2032
46792 2032
46793 2032
46794 2032
46795 2032
46796 2032
46797 2032
46798 2032
46799 2032
46800 2032
46801 2032
46802 2032
46803 2032
46804 2032
46805 2032
46806 2032
46807 2032
46808 2030
46809 2030
46810 2030
46811 2030
46812 2030
46813 2030
46814 2030
46815 2030
46816 2030
46817 2030
46818 2030
46819 2030
46820 2030
46821 2030
46822 2030
46823 2030
46824 2030
46825 2030
46826 2030
46827 2030
46828 2030
46829 2030
46830 2030
46831 2030
46832 2030
46833 2030
46834 2030
46835 2030
46836 2030
46837 2030
46838 2030
46839 2030
46840 2030
46841 2030
46842 2030
46843 2030
46844 2030
46845 2030
46846 2030
46847 2030
46848 2030
46849 2030
46850 2030
46851 2030
46852 2030
46853 2030
46854 2030
46855 2030
46856 2030
46857 2030
46858 2030
46859 2030
46860 2030
46861 2030
46862 2030
46863 2030
46864 2030
46865 2030
46866 2030
46867 2030
46868 2030
46869 2030
46870 2030
46871 2030
46872 2030
46873 2030
46874 2030
46875 2030
46876 2030
46877 2030
46878 2030
46879 2030
46880 2030
46881 2030
46882 2030
46883 2030
46884 2030
46885 2030
46886 2030
46887 2030
46888 2030
46889 2030
46890 2030
46891 2030
46892 2030
46893 2030
46894 2030
46895 2030
46896 2030
46897 2030
46898 2030
46899 2030
46900 2030
46901 2030
46902 2030
46903 2030
46904 2030
46905 2030
46906 2030
46907 2030
46908 2030
46909 2030
46910 2030
46911 2030
46912 2030
46913 2030
46914 2030
46915 2030
46916 2030
46917 2030
46918 2030
46919 2030
46920 2030
46921 2030
46922 2030
46923 2030
46924 2030
46925 2030
46926 2030
46927 2030
46928 2030
46929 2030
46930 2030
46931 2030
46932 2030
46933 2030
46934 2030
46935 2030
46936 2030
46937 2030
46938 2030
46939 2030
46940 2030
46941 2030
46942 2030
46943 2030
46944 2030
46945 2030
46946 2030
46947 2030
46948 2030
46949 2030
46950 2030
46951 2030
46952 2030
46953 2030
46954 2030
46955 2030
46956 2030
46957 2030
46958 2030
46959 2030
46960 2030
46961 2030
46962 2030
46963 2030
46964 2030
46965 2030
46966 2030
46967 2030
46968 2030
46969 2030
46970 2030
46971 2030
46972 2030
46973 2030
46974 2030
46975 2030
46976 2030
46977 2030
46978 2030
46979 2030
46980 2030
46981 2030
46982 2030
46983 2030
46984 2030
46985 2030
46986 2030
46987 2030
46988 2030
46989 2030
46990 2030
46991 2030
46992 2030
46993 2030
46994 2030
46995 2030
46996 2030
46997 2030
46998 2030
46999 2030
47000 2030
47001 2030
47002 2030
47003 2030
47004 2030
47005 2030
47006 2030
47007 2030
47008 2030
47009 2030
47010 2030
47011 2030
47012 2030
47013 2030
47014 2030
47015 2030
47016 2030
47017 2030
47018 2030
47019 2030
47020 2030
47021 2030
47022 2030
47023 2030
47024 2030
47025 2030
47026 2030
47027 2030
47028 2030
47029 2030
47030 2030
47031 2030
47032 2030
47033 2030
47034 2030
47035 2030
47036 2030
47037 2030
47038 2030
47039 2030
47040 2030
47041 2030
47042 2030
47043 2030
47044 2030
47045 2030
47046 2030
47047 2030
47048 2030
47049 2030
47050 2030
47051 2030
47052 2030
47053 2030
47054 2030
47055 2030
47056 2030
47057 2030
47058 2030
47059 2030
47060 2030
47061 2030
47062 2030
47063 2030
47064 2030
47065 2030
47066 2030
47067 2030
47068 2030
47069 2030
47070 2030
47071 2030
47072 2030
47073 2030
47074 2030
47075 2030
47076 2030
47077 2030
47078 2030
47079 2030
47080 2030
47081 2030
47082 2030
47083 2030
47084 2030
47085 2030
47086 2030
47087 2030
47088 2030
47089 2030
47090 2030
47091 2030
47092 2030
47093 2030
47094 2030
47095 2030
47096 2030
47097 2030
47098 2030
47099 2030
47100 2030
47101 2030
47102 2030
47103 2030
47104 2030
47105 2030
47106 2030
47107 2030
47108 2030
47109 2030
47110 2030
47111 2030
47112 2030
47113 2030
47114 2030
47115 2030
47116 2030
47117 2030
47118 2030
47119 2030
47120 2030
47121 2030
47122 2030
47123 2030
47124 2030
47125 2030
47126 2030
47127 2030
47128 2030
47129 2030
47130 2030
47131 2030
47132 2030
47133 2030
47134 2030
47135 2030
47136 2030
47137 2030
47138 2030
47139 2030
47140 2030
47141 2030
47142 2030
47143 2030
47144 2030
47145 2030
47146 2030
47147 2030
47148 2030
47149 2030
47150 2030
47151 2030
47152 2030
47153 2030
47154 2030
47155 2030
47156 2030
47157 2030
47158 2030
47159 2030
47160 2030
47161 2030
47162 2030
47163 2030
47164 2030
47165 2030
47166 2030
47167 2030
47168 2030
47169 2030
47170 2030
47171 2030
47172 2030
47173 2030
47174 2030
47175 2030
47176 2030
47177 2030
47178 2030
47179 2030
47180 2030
47181 2030
47182 2030
47183 2030
47184 2030
47185 2030
47186 2030
47187 2030
47188 2030
47189 2030
47190 2030
47191 2030
47192 2030
47193 2030
47194 2030
47195 2030
47196 2030
47197 2030
47198 2030
47199 2030
47200 2030
47201 2030
47202 2030
47203 2030
47204 2030
47205 2030
47206 2030
47207 2030
47208 2030
47209 2030
47210 2030
47211 2030
47212 2030
47213 2030
47214 2030
47215 2030
47216 2030
47217 2030
47218 2030
47219 2030
47220 2030
47221 2030
47222 2030
47223 2030
47224 2030
47225 2030
47226 2030
47227 2030
47228 2030
47229 2030
47230 2030
47231 2030
47232 2030
47233 2030
47234 2030
47235 2030
47236 2030
47237 2030
47238 2030
47239 2030
47240 2030
47241 2030
47242 2030
47243 2030
47244 2030
47245 2030
47246 2030
47247 2030
47248 2030
47249 2030
47250 2030
47251 2030
47252 2030
47253 2030
47254 2030
47255 2030
47256 2030
47257 2030
47258 2030
47259 2030
47260 2030
47261 2030
47262 2030
47263 2030
47264 2030
47265 2030
47266 2030
47267 2030
47268 2030
47269 2030
47270 2030
47271 2030
47272 2030
47273 2030
47274 2030
47275 2030
47276 2030
47277 2030
47278 2030
47279 2030
47280 2030
47281 2030
47282 2030
47283 2030
47284 2030
47285 2030
47286 2030
47287 2030
47288 2030
47289 2030
47290 2030
47291 2030
47292 2030
47293 2030
47294 2030
47295 2030
47296 2030
47297 2030
47298 2030
47299 2030
47300 2030
47301 2030
47302 2030
47303 2030
47304 2030
47305 2030
47306 2030
47307 2030
47308 2030
47309 2030
47310 2030
47311 2030
47312 2030
47313 2030
47314 2030
47315 2030
47316 2030
47317 2030
47318 2030
47319 2030
47320 2030
47321 2030
47322 2030
47323 2030
47324 2030
47325 2030
47326 2030
47327 2030
47328 2030
47329 2030
47330 2030
47331 2030
47332 2030
47333 2030
47334 2030
47335 2030
47336 2030
47337 2030
47338 2030
47339 2030
47340 2030
47341 2030
47342 2030
47343 2030
47344 2030
47345 2030
47346 2030
47347 2030
47348 2030
47349 2030
47350 2030
47351 2030
47352 2030
47353 2030
47354 2030
47355 2030
47356 2030
47357 2030
47358 2030
47359 2030
47360 2030
47361 2030
47362 2030
47363 2030
47364 2030
47365 2030
47366 2030
47367 2030
47368 2030
47369 2030
47370 2030
47371 2030
47372 2030
47373 2030
47374 2030
47375 2030
47376 2030
47377 2030
47378 2030
47379 2030
47380 2030
47381 2030
47382 2030
47383 2030
47384 2021
47385 2021
47386 2021
47387 2021
47388 2021
47389 2021
47390 2021
47391 2021
47392 2021
47393 2021
47394 2021
47395 2021
47396 2021
47397 2021
47398 2021
47399 2021
47400 2021
47401 2021
47402 2021
47403 2021
47404 2021
47405 2021
47406 2021
47407 2021
47408 2021
47409 2021
47410 2021
47411 2021
47412 2021
47413 2021
47414 2021
47415 2021
47416 2021
47417 2021
47418 2021
47419 2021
47420 2021
47421 2021
47422 2021
47423 2021
47424 2021
47425 2021
47426 2021
47427 2021
47428 2021
47429 2021
47430 2021
47431 2021
47432 2021
47433 2021
47434 2021
47435 2021
47436 2021
47437 2021
47438 2021
47439 2017
47440 2017
47441 2017
47442 2017
47443 2017
47444 2017
47445 2017
47446 2017
47447 2017
47448 2017
47449 2017
47450 2017
47451 2017
47452 2017
47453 2017
47454 2017
47455 2017
47456 2017
47457 2017
47458 2017
47459 2017
47460 2017
47461 2017
47462 2017
47463 2017
47464 2017
47465 2017
47466 2017
47467 2017
47468 2017
47469 2017
47470 2017
47471 2017
47472 2017
47473 2017
47474 2017
47475 2017
47476 2017
47477 2017
47478 2017
47479 2017
47480 2017
47481 2017
47482 2017
47483 2017
47484 2017
47485 2017
47486 2017
47487 2017
47488 2017
47489 2017
47490 2017
47491 2017
47492 2017
47493 2017
47494 2017
47495 2017
47496 2017
47497 2017
47498 2017
47499 2017
47500 2017
47501 2017
47502 2017
47503 2017
47504 2017
47505 2017
47506 2017
47507 2017
47508 2017
47509 2017
47510 2017
47511 2017
47512 2017
47513 2017
47514 2017
47515 2017
47516 2017
47517 2017
47518 2017
47519 2017
47520 2017
47521 2017
47522 2017
47523 2017
47524 2017
47525 2017
47526 2017
47527 2017
47528 2017
47529 2017
47530 2017
47531 2017
47532 2017
47533 2017
47534 2017
47535 2017
47536 2017
47537 2017
47538 2017
47539 2017
47540 2017
47541 2017
47542 2017
47543 2017
47544 2017
47545 2017
47546 2017
47547 2017
47548 2017
47549 2017
47550 2017
47551 2017
47552 2017
47553 2017
47554 2017
47555 2017
47556 2017
47557 2017
47558 2017
47559 2017
47560 2017
47561 2017
47562 2017
47563 2017
47564 2017
47565 2017
47566 2017
47567 2017
47568 2017
47569 2017
47570 2017
47571 2017
47572 2017
47573 2017
47574 2017
47575 2017
47576 2017
47577 2017
47578 2017
47579 2017
47580 2017
47581 2017
47582 2017
47583 2017
47584 2017
47585 2017
47586 2017
47587 2017
47588 2017
47589 2017
47590 2017
47591 2017
47592 2017
47593 2017
47594 2017
47595 2017
47596 2017
47597 2017
47598 2017
47599 2017
47600 2017
47601 2017
47602 2017
47603 2017
47604 2017
47605 2017
47606 2017
47607 2017
47608 2017
47609 2017
47610 2017
47611 2017
47612 2017
47613 2017
47614 2017
47615 2017
47616 2017
47617 2017
47618 2017
47619 2017
47620 2017
47621 2017
47622 2017
47623 2017
47624 2017
47625 2017
47626 2017
47627 2017
47628 2017
47629 2017
47630 2017
47631 2017
47632 2017
47633 2017
47634 2017
47635 2017
47636 2017
47637 2017
47638 2017
47639 2017
47640 2017
47641 2017
47642 2017
47643 2017
47644 2017
47645 2017
47646 2017
47647 2017
47648 2017
47649 2017
47650 2017
47651 2017
47652 2017
47653 2017
47654 2017
47655 2017
47656 2017
47657 2017
47658 2017
47659 2017
47660 2017
47661 2017
47662 2017
47663 2017
47664 2017
47665 2017
47666 2017
47667 2017
47668 2017
47669 2017
47670 2017
47671 2017
47672 2017
47673 2017
47674 2017
47675 2017
47676 2017
47677 2017
47678 2017
47679 2017
47680 2017
47681 2017
47682 2017
47683 2017
47684 2017
47685 2017
47686 2017
47687 2017
47688 2017
47689 2017
47690 2017
47691 2017
47692 2017
47693 2017
47694 2017
47695 2017
47696 2017
47697 2017
47698 2017
47699 2017
47700 2017
47701 2017
47702 2017
47703 2017
47704 2017
47705 2017
47706 2017
47707 2017
47708 2017
47709 2017
47710 2017
47711 2017
47712 2017
47713 2017
47714 2017
47715 2017
47716 2017
47717 2017
47718 2017
47719 2017
47720 2017
47721 2017
47722 2017
47723 2017
47724 2017
47725 2017
47726 2017
47727 2017
47728 2017
47729 2017
47730 2017
47731 2017
47732 2017
47733 2017
47734 2017
47735 2017
47736 2017
47737 2017
47738 2017
47739 2017
47740 2017
47741 2017
47742 2017
47743 2017
47744 2017
47745 2017
47746 2017
47747 2017
47748 2017
47749 2017
47750 2017
47751 2017
47752 2017
47753 2017
47754 2017
47755 2017
47756 2017
47757 2017
47758 2017
47759 2017
47760 2017
47761 2017
47762 2017
47763 2017
47764 2017
47765 2017
47766 2017
47767 2017
47768 2017
47769 2017
47770 2017
47771 2017
47772 2017
47773 2017
47774 2017
47775 2017
47776 2017
47777 2017
47778 2017
47779 2017
47780 2017
47781 2017
47782 2017
47783 2017
47784 2017
47785 2017
47786 2017
47787 2017
47788 2017
47789 2017
47790 2017
47791 2017
47792 2017
47793 2017
47794 2017
47795 2017
47796 2017
47797 2017
47798 2017
47799 2017
47800 2017
47801 2017
47802 2017
47803 2017
47804 2017
47805 2017
47806 2017
47807 2017
47808 2017
47809 2017
47810 2017
47811 2017
47812 2017
47813 2017
47814 2017
47815 2017
47816 2017
47817 2017
47818 2017
47819 2017
47820 2017
47821 2017
47822 2017
47823 2017
47824 2017
47825 2017
47826 2017
47827 2017
47828 2017
47829 2017
47830 2017
47831 2017
47832 2017
47833 2017
47834 2017
47835 2017
47836 2017
47837 2017
47838 2017
47839 2017
47840 2017
47841 2017
47842 2017
47843 2017
47844 2017
47845 2017
47846 2017
47847 2017
47848 2017
47849 2017
47850 2017
47851 2017
47852 2017
47853 2017
47854 2017
47855 2017
47856 2017
47857 2017
47858 2017
47859 2017
47860 2017
47861 2017
47862 2017
47863 2017
47864 2017
47865 2017
47866 2017
47867 2017
47868 2017
47869 2017
47870 2017
47871 2017
47872 2017
47873 2017
47874 2017
47875 2017
47876 2017
47877 2017
47878 2017
47879 2017
47880 2017
47881 2017
47882 2017
47883 2017
47884 2017
47885 2017
47886 2017
47887 2017
47888 2017
47889 2017
47890 2017
47891 2017
47892 2017
47893 2017
47894 2017
47895 2017
47896 2017
47897 2017
47898 2017
47899 2017
47900 2017
47901 2017
47902 2017
47903 2017
47904 2017
47905 2017
47906 2017
47907 2017
47908 2017
47909 2017
47910 2017
47911 2017
47912 2017
47913 2017
47914 2017
47915 2017
47916 2017
47917 2017
47918 2017
47919 2017
47920 2017
47921 2017
47922 2017
47923 2017
47924 2017
47925 2017
47926 2017
47927 2017
47928 2017
47929 2017
47930 2017
47931 2017
47932 2017
47933 2017
47934 2017
47935 2017
47936 2017
47937 2017
47938 2017
47939 2017
47940 2017
47941 2017
47942 2017
47943 2017
47944 2017
47945 2017
47946 2017
47947 2017
47948 2017
47949 2017
47950 2017
47951 2017
47952 2017
47953 2017
47954 2017
47955 2017
47956 2017
47957 2017
47958 2017
47959 2017
47960 2017
47961 2017
47962 2017
47963 2017
47964 2017
47965 2017
47966 2017
47967 2017
47968 2017
47969 2017
47970 2017
47971 2017
47972 2017
47973 2017
47974 2017
47975 2017
47976 2017
47977 2017
47978 2017
47979 2017
47980 2017
47981 2017
47982 2017
47983 2017
47984 2017
47985 2017
47986 2017
47987 2017
47988 2017
47989 2017
47990 2017
47991 2017
47992 2017
47993 2017
47994 2017
47995 2017
47996 2017
47997 2017
47998 2017
47999 2017
48000 2017
48001 2017
48002 2017
48003 2017
48004 2017
48005 2017
48006 2017
48007 2017
48008 2017
48009 2017
48010 2017
48011 2017
48012 2017
48013 2017
48014 2017
48015 2017
48016 2017
48017 2017
48018 2017
48019 2017
48020 2017
48021 2017
48022 2017
48023 2017
48024 2017
48025 2017
48026 2017
48027 2017
48028 2017
48029 2017
48030 2017
48031 2017
48032 2017
48033 2017
48034 2017
48035 2017
48036 2017
48037 2017
48038 2017
48039 2017
48040 2017
48041 2017
48042 2017
48043 2017
48044 2017
48045 2017
48046 2017
48047 2017
48048 2017
48049 2017
48050 2017
48051 2017
48052 2017
48053 2017
48054 2017
48055 2017
48056 2017
48057 2017
48058 2017
48059 2017
48060 2017
48061 2017
48062 2017
48063 2017
48064 2017
48065 2017
48066 2017
48067 2017
48068 2017
48069 2017
48070 2017
48071 2017
48072 2017
48073 2017
48074 2017
48075 2017
48076 2017
48077 2017
48078 2017
48079 2017
48080 2017
48081 2017
48082 2017
48083 2017
48084 2017
48085 2017
48086 2017
48087 2017
48088 2017
48089 2017
48090 2017
48091 2017
48092 2017
48093 2017
48094 2017
48095 2017
48096 2017
48097 2017
48098 2017
48099 2017
48100 2017
48101 2017
48102 2017
48103 2017
48104 2017
48105 2017
48106 2017
48107 2017
48108 2017
48109 2017
48110 2017
48111 2017
48112 2017
48113 2017
48114 2017
48115 2017
48116 2017
48117 2017
48118 2017
48119 2017
48120 2017
48121 2017
48122 2017
48123 2017
48124 2017
48125 2017
48126 2017
48127 2017
48128 2017
48129 2017
48130 2017
48131 2017
48132 2017
48133 2017
48134 2017
48135 2017
48136 2017
48137 2017
48138 2017
48139 2017
48140 2017
48141 2017
48142 2017
48143 2017
48144 2017
48145 2017
48146 2017
48147 2017
48148 2017
48149 2017
48150 2017
48151 2017
48152 2017
48153 2017
48154 2017
48155 2017
48156 2017
48157 2017
48158 2017
48159 2017
48160 2017
48161 2017
48162 2017
48163 2017
48164 2017
48165 2017
48166 2017
48167 2017
48168 2017
48169 2017
48170 2017
48171 2017
48172 2017
48173 2017
48174 2017
48175 2017
48176 2017
48177 2017
48178 2017
48179 2017
48180 2017
48181 2017
48182 2017
48183 2017
48184 2017
48185 2017
48186 2017
48187 2017
48188 2017
48189 2017
48190 2017
48191 2017
48192 2017
48193 2017
48194 2017
48195 2017
48196 2017
48197 2017
48198 2017
48199 2017
48200 2017
48201 2017
48202 2017
48203 2017
48204 2017
48205 2017
48206 2017
48207 2017
48208 2017
48209 2017
48210 2017
48211 2017
48212 2017
48213 2017
48214 2017
48215 2017
48216 2017
48217 2017
48218 2017
48219 2017
48220 2017
48221 2017
48222 2017
48223 2017
48224 2017
48225 2017
48226 2017
48227 2017
48228 2017
48229 2017
48230 2017
48231 2017
48232 2017
48233 2017
48234 2017
48235 2017
48236 2017
48237 2017
48238 2017
48239 2017
48240 2017
48241 2017
48242 2017
48243 2017
48244 2017
48245 2017
48246 2017
48247 2017
48248 2017
48249 2017
48250 2017
48251 2017
48252 2017
48253 2017
48254 2017
48255 2017
48256 2017
48257 2017
48258 2017
48259 2017
48260 2017
48261 2017
48262 2017
48263 2017
48264 2017
48265 2017
48266 2017
48267 2017
48268 2017
48269 2017
48270 2017
48271 2017
48272 2017
48273 2017
48274 2017
48275 2017
48276 2017
48277 2017
48278 2017
48279 2017
48280 2017
48281 2017
48282 2017
48283 2017
48284 2017
48285 2017
48286 2017
48287 2017
48288 2017
48289 2017
48290 2017
48291 2017
48292 2017
48293 2017
48294 2017
48295 2017
48296 2017
48297 2017
48298 2017
48299 2017
48300 2017
48301 2017
48302 2017
48303 2017
48304 2017
48305 2017
48306 2017
48307 2017
48308 2017
48309 2017
48310 2017
48311 2017
48312 2017
48313 2017
48314 2017
48315 2017
48316 2017
48317 2017
48318 2017
48319 2017
48320 2017
48321 2017
48322 2017
48323 2017
48324 2017
48325 2017
48326 2017
48327 2017
48328 2017
48329 2017
48330 2017
48331 2017
48332 2017
48333 2017
48334 2017
48335 2017
48336 2017
48337 2017
48338 2017
48339 2017
48340 2017
48341 2017
48342 2017
48343 2017
48344 2017
48345 2017
48346 2017
48347 2017
48348 2017
48349 2017
48350 2017
48351 2017
48352 2017
48353 2017
48354 2017
48355 2017
48356 2017
48357 2017
48358 2017
48359 2017
48360 2017
48361 2017
48362 2017
48363 2017
48364 2017
48365 2017
48366 2017
48367 2017
48368 2017
48369 2017
48370 2017
48371 2017
48372 2017
48373 2017
48374 2017
48375 2017
48376 2017
48377 2017
48378 2017
48379 2017
48380 2017
48381 2017
48382 2017
48383 2017
48384 2017
48385 2017
48386 2017
48387 2017
48388 2017
48389 2017
48390 2017
48391 2017
48392 2017
48393 2017
48394 2017
48395 2017
48396 2017
48397 2017
48398 2017
48399 2017
48400 2017
48401 2017
48402 2017
48403 2017
48404 2017
48405 2017
48406 2017
48407 2017
48408 2017
48409 2017
48410 2017
48411 2017
48412 2017
48413 2017
48414 2017
48415 2017
48416 2017
48417 2017
48418 2017
48419 2017
48420 2017
48421 2017
48422 2017
48423 2017
48424 2017
48425 2017
48426 2017
48427 2017
48428 2017
48429 2017
48430 2017
48431 2017
48432 2017
48433 2017
48434 2017
48435 2017
48436 2017
48437 2017
48438 2017
48439 2017
48440 2017
48441 2017
48442 2017
48443 2017
48444 2017
48445 2017
48446 2017
48447 2017
48448 2017
48449 2017
48450 2017
48451 2017
48452 2012
48453 2012
48454 2012
48455 2012
48456 2012
48457 2012
48458 2012
48459 2012
48460 2012
48461 2012
48462 2012
48463 2012
48464 2012
48465 2012
48466 2012
48467 2012
48468 2012
48469 2012
48470 2012
48471 2012
48472 2012
48473 2012
48474 2012
48475 2012
48476 2012
48477 2012
48478 2012
48479 2012
48480 2012
48481 2012
48482 2012
48483 2012
48484 2012
48485 2012
48486 2012
48487 2012
48488 2012
48489 2012
48490 2012
48491 2012
48492 2012
48493 2012
48494 2012
48495 2012
48496 2012
48497 2012
48498 2012
48499 2012
48500 2012
48501 2012
48502 2012
48503 2012
48504 2012
48505 2012
48506 2012
48507 2012
48508 2012
48509 2012
48510 2012
48511 2012
48512 2012
48513 2012
48514 2012
48515 2012
48516 2012
48517 2012
48518 2012
48519 2012
48520 2012
48521 2012
48522 2012
48523 2012
48524 2012
48525 2012
48526 2012
48527 2012
48528 2012
48529 2012
48530 2012
48531 2012
48532 2012
48533 2012
48534 2012
48535 2012
48536 2012
48537 2012
48538 2012
48539 2012
48540 2012
48541 2012
48542 2012
48543 2012
48544 2012
48545 2012
48546 2012
48547 2012
48548 2012
48549 2012
48550 2012
48551 2012
48552 2012
48553 2012
48554 2012
48555 2012
48556 2012
48557 2012
48558 2012
48559 2012
48560 2012
48561 2012
48562 2012
48563 2012
48564 2012
48565 2012
48566 2012
48567 2012
48568 2012
48569 2012
48570 2012
48571 2012
48572 2012
48573 2012
48574 2012
48575 2012
48576 2012
48577 2012
48578 2012
48579 2012
48580 2012
48581 2012
48582 2012
48583 2012
48584 2012
48585 2012
48586 2012
48587 2012
48588 2012
48589 2012
48590 2012
48591 2012
48592 2012
48593 2012
48594 2012
48595 2012
48596 2012
48597 2012
48598 2012
48599 2012
48600 2012
48601 2012
48602 2012
48603 2012
48604 2012
48605 2012
48606 2012
48607 2012
48608 2012
48609 2012
48610 2012
48611 2012
48612 2012
48613 2012
48614 2012
48615 2012
48616 2012
48617 2012
48618 2012
48619 2012
48620 2012
48621 2012
48622 2012
48623 2012
48624 2012
48625 2012
48626 2012
48627 2012
48628 2012
48629 2012
48630 2012
48631 2012
48632 2012
48633 2012
48634 2012
48635 2012
48636 2012
48637 2012
48638 2012
48639 2012
48640 2012
48641 2012
48642 2012
48643 2012
48644 2012
48645 2012
48646 2012
48647 2012
48648 2012
48649 2012
48650 2012
48651 2012
48652 2012
48653 2012
48654 2012
48655 2012
48656 2012
48657 2012
48658 2012
48659 2012
48660 2012
48661 2012
48662 2012
48663 2012
48664 2012
48665 2012
48666 2012
48667 2012
48668 2012
48669 2012
48670 2012
48671 2012
48672 2012
48673 2012
48674 2012
48675 2012
48676 2012
48677 2012
48678 2012
48679 2012
48680 2012
48681 2012
48682 2012
48683 2012
48684 2012
48685 2012
48686 2012
48687 2012
48688 2012
48689 2012
48690 2012
48691 2012
48692 2012
48693 2012
48694 2012
48695 2012
48696 2012
48697 2012
48698 2012
48699 2012
48700 2012
48701 2012
48702 2012
48703 2012
48704 2012
48705 2012
48706 2012
48707 2012
48708 2012
48709 2012
48710 2012
48711 2012
48712 2012
48713 2012
48714 2012
48715 2012
48716 2012
48717 2012
48718 2012
48719 2012
48720 2012
48721 2012
48722 2012
48723 2012
48724 2012
48725 2012
48726 2012
48727 2012
48728 2012
48729 2012
48730 2012
48731 2012
48732 2012
48733 2012
48734 2012
48735 2012
48736 2012
48737 2012
48738 2012
48739 2012
48740 2012
48741 2012
48742 2012
48743 2012
48744 2012
48745 2012
48746 2012
48747 2012
48748 2012
48749 2012
48750 2012
48751 2012
48752 2012
48753 2012
48754 2012
48755 2012
48756 2012
48757 2012
48758 2012
48759 2012
48760 2012
48761 2012
48762 2012
48763 2012
48764 2012
48765 2012
48766 2012
48767 2012
48768 2012
48769 2012
48770 2012
48771 2012
48772 2012
48773 2012
48774 2012
48775 2012
48776 2012
48777 2012
48778 2012
48779 2012
48780 2012
48781 2012
48782 2012
48783 2012
48784 2012
48785 2012
48786 2012
48787 2012
48788 2012
48789 2012
48790 2012
48791 2012
48792 2012
48793 2012
48794 2012
48795 2012
48796 2012
48797 2012
48798 2012
48799 2012
48800 2012
48801 2012
48802 2012
48803 2012
48804 2012
48805 2012
48806 2012
48807 2012
48808 2012
48809 2012
48810 2012
48811 2012
48812 2012
48813 2012
48814 2012
48815 2012
48816 2012
48817 2012
48818 2012
48819 2012
48820 2012
48821 2012
48822 2012
48823 2012
48824 2012
48825 2012
48826 2012
48827 2012
48828 2012
48829 2012
48830 2012
48831 2012
48832 2012
48833 2012
48834 2012
48835 2012
48836 2012
48837 2012
48838 2012
48839 2012
48840 2012
48841 2012
48842 2012
48843 2012
48844 2012
48845 2012
48846 2012
48847 2012
48848 2012
48849 2012
48850 2012
48851 2012
48852 2012
48853 2012
48854 2012
48855 2012
48856 2012
48857 2012
48858 2012
48859 2012
48860 2012
48861 2012
48862 2012
48863 2012
48864 2012
48865 2012
48866 2012
48867 2012
48868 2012
48869 2012
48870 2012
48871 2012
48872 2012
48873 2012
48874 2012
48875 2012
48876 2012
48877 2012
48878 2012
48879 2012
48880 2012
48881 2012
48882 2012
48883 2012
48884 2012
48885 2012
48886 2012
48887 2012
48888 2012
48889 2012
48890 2012
48891 2012
48892 2012
48893 2012
48894 2012
48895 2012
48896 2012
48897 2012
48898 2012
48899 2012
48900 2012
48901 2012
48902 2012
48903 2012
48904 2012
48905 2012
48906 2012
48907 2012
48908 2012
48909 2012
48910 2012
48911 2012
48912 2012
48913 2012
48914 2012
48915 2012
48916 2012
48917 2012
48918 2012
48919 2012
48920 2012
48921 2012
48922 2012
48923 2012
48924 2012
48925 2012
48926 2012
48927 2012
48928 2012
48929 2012
48930 2012
48931 2012
48932 2012
48933 2012
48934 2012
48935 2012
48936 2012
48937 2012
48938 2012
48939 2012
48940 2012
48941 2012
48942 2012
48943 2012
48944 2012
48945 2012
48946 2012
48947 2012
48948 2012
48949 2012
48950 2012
48951 2012
48952 2012
48953 2012
48954 2012
48955 2012
48956 2012
48957 2012
48958 2012
48959 2012
48960 2012
48961 2012
48962 2012
48963 2012
48964 2012
48965 2012
48966 2012
48967 2012
48968 2012
48969 2012
48970 2012
48971 2012
48972 2012
48973 2012
48974 2012
48975 2012
48976 2012
48977 2012
48978 2012
48979 2012
48980 2012
48981 2012
48982 2012
48983 2012
48984 2012
48985 2012
48986 2012
48987 2012
48988 2012
48989 2012
48990 2012
48991 2012
48992 2012
48993 2012
48994 2012
48995 2012
48996 2012
48997 2012
48998 2012
48999 2012
49000 2012
49001 2012
49002 2012
49003 2012
49004 2012
49005 2012
49006 2012
49007 2012
49008 2012
49009 2012
49010 2012
49011 2012
49012 2012
49013 2012
49014 2012
49015 2012
49016 2012
49017 2012
49018 2012
49019 2012
49020 2012
49021 2012
49022 2012
49023 2012
49024 2012
49025 2012
49026 2012
49027 2012
49028 2012
49029 2012
49030 2012
49031 2012
49032 2012
49033 2012
49034 2012
49035 2012
49036 2012
49037 2012
49038 2012
49039 2012
49040 2012
49041 2012
49042 2012
49043 2012
49044 2012
49045 2012
49046 2012
49047 2012
49048 2012
49049 2012
49050 2012
49051 2012
49052 2012
49053 2012
49054 2012
49055 2012
49056 2012
49057 2012
49058 2012
49059 2012
49060 2012
49061 2012
49062 2012
49063 2012
49064 2012
49065 2012
49066 2012
49067 2012
49068 2012
49069 2012
49070 2012
49071 2012
49072 2012
49073 2012
49074 2012
49075 2012
49076 2012
49077 2012
49078 2012
49079 2012
49080 2012
49081 2012
49082 2012
49083 2012
49084 2012
49085 2012
49086 2012
49087 2012
49088 2012
49089 2012
49090 2012
49091 2012
49092 2012
49093 2012
49094 2012
49095 2012
49096 2012
49097 2012
49098 2012
49099 2012
49100 2012
49101 2012
49102 2012
49103 2012
49104 2012
49105 2012
49106 2012
49107 2012
49108 2012
49109 2012
49110 2012
49111 2012
49112 2012
49113 2012
49114 2012
49115 2012
49116 2012
49117 2012
49118 2012
49119 2012
49120 2012
49121 2012
49122 2012
49123 2012
49124 2012
49125 2012
49126 2012
49127 2012
49128 2012
49129 2012
49130 2012
49131 2012
49132 2012
49133 2012
49134 2012
49135 2012
49136 2012
49137 2012
49138 2012
49139 2012
49140 2012
49141 2012
49142 2012
49143 2012
49144 2012
49145 2012
49146 2012
49147 2012
49148 2012
49149 2012
49150 2012
49151 2012
49152 2012
49153 2012
49154 2012
49155 2012
49156 2012
49157 2012
49158 2012
49159 2012
49160 2012
49161 2012
49162 2012
49163 2012
49164 2012
49165 2012
49166 2012
49167 2012
49168 2012
49169 2012
49170 2012
49171 2012
49172 2012
49173 2012
49174 2012
49175 2012
49176 2012
49177 2012
49178 2012
49179 2012
49180 2012
49181 2012
49182 2012
49183 2012
49184 2012
49185 2012
49186 2012
49187 2012
49188 2012
49189 2012
49190 2012
49191 2012
49192 2012
49193 2012
49194 2012
49195 2012
49196 2012
49197 2012
49198 2012
49199 2012
49200 2012
49201 2012
49202 2012
49203 2012
49204 2012
49205 2012
49206 2012
49207 2012
49208 2012
49209 2012
49210 2012
49211 2012
49212 2012
49213 2012
49214 2012
49215 2012
49216 2012
49217 2012
49218 2012
49219 2012
49220 2012
49221 2012
49222 2012
49223 2012
49224 2012
49225 2012
49226 2012
49227 2012
49228 2012
49229 2012
49230 2012
49231 2012
49232 2012
49233 2012
49234 2012
49235 2012
49236 2012
49237 2012
49238 2012
49239 2012
49240 2012
49241 2012
49242 2012
49243 2012
49244 2012
49245 2012
49246 2012
49247 2012
49248 2012
49249 2012
49250 2012
49251 2012
49252 2012
49253 2012
49254 2012
49255 2012
49256 2012
49257 2012
49258 2012
49259 2012
49260 2012
49261 2012
49262 2012
49263 2012
49264 2012
49265 2012
49266 2012
49267 2012
49268 2012
49269 2012
49270 2012
49271 2012
49272 2012
49273 2012
49274 2012
49275 2012
49276 2012
49277 2012
49278 2012
49279 2012
49280 2012
49281 2012
49282 2012
49283 2012
49284 2012
49285 2012
49286 2012
49287 2012
49288 2012
49289 2012
49290 2012
49291 2012
49292 2012
49293 2012
49294 2012
49295 2012
49296 2012
49297 2012
49298 2012
49299 2012
49300 2012
49301 2012
49302 2012
49303 2012
49304 2012
49305 2012
49306 2012
49307 2012
49308 2012
49309 2012
49310 2012
49311 2012
49312 2012
49313 2012
49314 2012
49315 2012
49316 2012
49317 2012
49318 2012
49319 2012
49320 2012
49321 2012
49322 2012
49323 2012
49324 2012
49325 2012
49326 2012
49327 2012
49328 2012
49329 2012
49330 2012
49331 2012
49332 2012
49333 2012
49334 2012
49335 2012
49336 2012
49337 2012
49338 2012
49339 2012
49340 2012
49341 2012
49342 2012
49343 2012
49344 2012
49345 2012
49346 2012
49347 2012
49348 2012
49349 2012
49350 2012
49351 2012
49352 2012
49353 2012
49354 2012
49355 2012
49356 2012
49357 2012
49358 2012
49359 2012
49360 2012
49361 2012
49362 2012
49363 2012
49364 2012
49365 2012
49366 2012
49367 2012
49368 2012
49369 2012
49370 2012
49371 2012
49372 2012
49373 2012
49374 2012
49375 2012
49376 2012
49377 2012
49378 2012
49379 2012
49380 2012
49381 2012
49382 2012
49383 2012
49384 2012
49385 2012
49386 2012
49387 2012
49388 2012
49389 2012
49390 2012
49391 2012
49392 2012
49393 2012
49394 2012
49395 2012
49396 2012
49397 2012
49398 2012
49399 2012
49400 2012
49401 2012
49402 2012
49403 2012
49404 2012
49405 2012
49406 2012
49407 2012
49408 2012
49409 2012
49410 2012
49411 2012
49412 2012
49413 2012
49414 2012
49415 2012
49416 2012
49417 2012
49418 2012
49419 2012
49420 2012
49421 2012
49422 2012
49423 2012
49424 2012
49425 2012
49426 2012
49427 2012
49428 2012
49429 2012
49430 2012
49431 2012
49432 2012
49433 2012
49434 2012
49435 2012
49436 2012
49437 2012
49438 2012
49439 2012
49440 2012
49441 2012
49442 2012
49443 2012
49444 2012
49445 2012
49446 2012
49447 2012
49448 2012
49449 2012
49450 2012
49451 2012
49452 2012
49453 2012
49454 2012
49455 2012
49456 2012
49457 2012
49458 2012
49459 2012
49460 2012
49461 2012
49462 2012
49463 2012
49464 2012
49465 2012
49466 2012
49467 2012
49468 2012
49469 2012
49470 2012
49471 2012
49472 2012
49473 2012
49474 2012
49475 2012
49476 2012
49477 2012
49478 2012
49479 2012
49480 2012
49481 2012
49482 2012
49483 2012
49484 2012
49485 2012
49486 2012
49487 2012
49488 2012
49489 2012
49490 2012
49491 2012
49492 2012
49493 2012
49494 2012
49495 2012
49496 2012
49497 2012
49498 2012
49499 2012
49500 2012
49501 2012
49502 2012
49503 2012
49504 2012
49505 2012
49506 2012
49507 2012
49508 2012
49509 2012
49510 2012
49511 2012
49512 2012
49513 2012
49514 2012
49515 2012
49516 2012
49517 2012
49518 2012
49519 2012
49520 2012
49521 2012
49522 2012
49523 2012
49524 2012
49525 2012
49526 2012
49527 2012
49528 2012
49529 2012
49530 2012
49531 2012
49532 2012
49533 2012
49534 2012
49535 2012
49536 2012
49537 2012
49538 2012
49539 2012
49540 2012
49541 2012
49542 2012
49543 2012
49544 2012
49545 2012
49546 2012
49547 2012
49548 2012
49549 2012
49550 2012
49551 2012
49552 2012
49553 2012
49554 2012
49555 2012
49556 2012
49557 2012
49558 2012
49559 2012
49560 2012
49561 2012
49562 2012
49563 2012
49564 2012
49565 2012
49566 2012
49567 2012
49568 2012
49569 2012
49570 2012
49571 2012
49572 2012
49573 2012
49574 2012
49575 2012
49576 2012
49577 2012
49578 2012
49579 2012
49580 2012
49581 2012
49582 2012
49583 2012
49584 2012
49585 2012
49586 2012
49587 2012
49588 2012
49589 2012
49590 2012
49591 2012
49592 2012
49593 2012
49594 2012
49595 2012
49596 2012
49597 2012
49598 2012
49599 2012
49600 2012
49601 2012
49602 2012
49603 2012
49604 2012
49605 2012
49606 2012
49607 2012
49608 2012
49609 2012
49610 2012
49611 2012
49612 2012
49613 2012
49614 2012
49615 2012
49616 2012
49617 2012
49618 2012
49619 2012
49620 2012
49621 2012
49622 2012
49623 2012
49624 2012
49625 2012
49626 2012
49627 2012
49628 2012
49629 2012
49630 2012
49631 2012
49632 2012
49633 2012
49634 2012
49635 2012
49636 2012
49637 2012
49638 2012
49639 2012
49640 2012
49641 2012
49642 2012
49643 2012
49644 2012
49645 2012
49646 2012
49647 2012
49648 2012
49649 2012
49650 2012
49651 2012
49652 2012
49653 2012
49654 2012
49655 2012
49656 2012
49657 2012
49658 2012
49659 2012
49660 2012
49661 2012
49662 2012
49663 2012
49664 2012
49665 2012
49666 2012
49667 2012
49668 2012
49669 2012
49670 2012
49671 2012
49672 2012
49673 2012
49674 2012
49675 2012
49676 2012
49677 2012
49678 2012
49679 2012
49680 2012
49681 2012
49682 2012
49683 2012
49684 2012
49685 2012
49686 2012
49687 2012
49688 2012
49689 2012
49690 2012
49691 2012
49692 2012
49693 2012
49694 2012
49695 2012
49696 2012
49697 2012
49698 2012
49699 2012
49700 2012
49701 2012
49702 2012
49703 2012
49704 2012
49705 2012
49706 2012
49707 2012
49708 2012
49709 2012
49710 2012
49711 2012
49712 2012
49713 2012
49714 2012
49715 2012
49716 2012
49717 2012
49718 2012
49719 2012
49720 2012
49721 2012
49722 2012
49723 2012
49724 2012
49725 2012
49726 2012
49727 2012
49728 2012
49729 2012
49730 2012
49731 2012
49732 2012
49733 2012
49734 2012
49735 2012
49736 2012
49737 2012
49738 2012
49739 2012
49740 2012
49741 2012
49742 2012
49743 2012
49744 2012
49745 2012
49746 2012
49747 2012
49748 2012
49749 2012
49750 2012
49751 2012
49752 2012
49753 2012
49754 2012
49755 2012
49756 2012
49757 2012
49758 2012
49759 2012
49760 2012
49761 2012
49762 2012
49763 2012
49764 2012
49765 2012
49766 2012
49767 2012
49768 2012
49769 2012
49770 2012
49771 2012
49772 2012
49773 2012
49774 2012
49775 2012
49776 2012
49777 2012
49778 2012
49779 2012
49780 2012
49781 2012
49782 2012
49783 2012
49784 2012
49785 2012
49786 2012
49787 2012
49788 2012
49789 2012
49790 2012
49791 2012
49792 2012
49793 2012
49794 2012
49795 2012
49796 2012
49797 2012
49798 2012
49799 2012
49800 2012
49801 2012
49802 2012
49803 2012
49804 2012
49805 2012
49806 2012
49807 2012
49808 2012
49809 2012
49810 2012
49811 2012
49812 2012
49813 2012
49814 2012
49815 2012
49816 2012
49817 2012
49818 2012
49819 2012
49820 2012
49821 2012
49822 2012
49823 2012
49824 2012
49825 2012
49826 2012
49827 2012
49828 2012
49829 2012
49830 2012
49831 2012
49832 2012
49833 2012
49834 2012
49835 2012
49836 2012
49837 2012
49838 2012
49839 2012
49840 2012
49841 2012
49842 2012
49843 2012
49844 2010
49845 2010
49846 2010
49847 2010
49848 2010
49849 2010
49850 2010
49851 2010
49852 2010
49853 2010
49854 2010
49855 2010
49856 2010
49857 2010
49858 2010
49859 2010
49860 2010
49861 2010
49862 2010
49863 2010
49864 2010
49865 2010
49866 2010
49867 2010
49868 2010
49869 2010
49870 2010
49871 2010
49872 2010
49873 2010
49874 2010
49875 2010
49876 2010
49877 2010
49878 2010
49879 2010
49880 2010
49881 2010
49882 2010
49883 2010
49884 2010
49885 2010
49886 2010
49887 2010
49888 2010
49889 2010
49890 2010
49891 2010
49892 2010
49893 2010
49894 2010
49895 2010
49896 2010
49897 2010
49898 2010
49899 2010
49900 2010
49901 2010
49902 2010
49903 2010
49904 2010
49905 2010
49906 2010
49907 2010
49908 2005
49909 2005
49910 2005
49911 2005
49912 2005
49913 2005
49914 2005
49915 2005
49916 2005
49917 2005
49918 2005
49919 2005
49920 2005
49921 2005
49922 2005
49923 2005
49924 2005
49925 2005
49926 2005
49927 2005
49928 2005
49929 2005
49930 2005
49931 2005
49932 2005
49933 2005
49934 2005
49935 2005
49936 2005
49937 2005
49938 2005
49939 2005
49940 2005
49941 2005
49942 2005
49943 2005
49944 2005
49945 2005
49946 2005
49947 2005
49948 2005
49949 2005
49950 2005
49951 2005
49952 2005
49953 2005
49954 2005
49955 2005
49956 2005
49957 2005
49958 2005
49959 2005
49960 2005
49961 2005
49962 2005
49963 2005
49964 2005
49965 2005
49966 2005
49967 2005
49968 2005
49969 2005
49970 2005
49971 2005
49972 2005
49973 2005
49974 2005
49975 2005
49976 2005
49977 2005
49978 2005
49979 2005
49980 2005
49981 2005
49982 2005
49983 2005
49984 2005
49985 2005
49986 2005
49987 2005
49988 2005
49989 2005
49990 2005
49991 2005
49992 2005
49993 2005
49994 2005
49995 2005
49996 2005
49997 2005
49998 2005
49999 2005
50000 2005
50001 2005
50002 2005
50003 2005
50004 2005
50005 2005
50006 2005
50007 2005
50008 2005
50009 2005
50010 2005
50011 2005
50012 2005
50013 2005
50014 2005
50015 2005
50016 2005
50017 2005
50018 2005
50019 2005
50020 2005
50021 2005
50022 2005
50023 2005
50024 2005
50025 2005
50026 2005
50027 2005
50028 2005
50029 2005
50030 2005
50031 2005
50032 2005
50033 2005
50034 2005
50035 2005
50036 2005
50037 2005
50038 2005
50039 2005
50040 2005
50041 2005
50042 2005
50043 2005
50044 2005
50045 2005
50046 2005
50047 2005
50048 2005
50049 2005
50050 2005
50051 2005
50052 2005
50053 2005
50054 2005
50055 2005
50056 2005
50057 2005
50058 2005
50059 2005
50060 2005
50061 2005
50062 2005
50063 2005
50064 2005
50065 2005
50066 2005
50067 2005
50068 2005
50069 2005
50070 2005
50071 2005
50072 2005
50073 2005
50074 2005
50075 2005
50076 2005
50077 2005
50078 2005
50079 2005
50080 2005
50081 2005
50082 2005
50083 2005
50084 2005
50085 2005
50086 2005
50087 2005
50088 2005
50089 2005
50090 2005
50091 2005
50092 2005
50093 2005
50094 2005
50095 2005
50096 2005
50097 2005
50098 2005
50099 2005
50100 2005
50101 2005
50102 2005
50103 2005
50104 2005
50105 2005
50106 2005
50107 2005
50108 2005
50109 2005
50110 2005
50111 2005
50112 2005
50113 2005
50114 2005
50115 2005
50116 2005
50117 2005
50118 2005
50119 2005
50120 2005
50121 2005
50122 2005
50123 2005
50124 2005
50125 2005
50126 2005
50127 2005
50128 2005
50129 2005
50130 2005
50131 2005
50132 2005
50133 2005
50134 2005
50135 2005
50136 2005
50137 2005
50138 2005
50139 2005
50140 2005
50141 2005
50142 2005
50143 2005
50144 2005
50145 2005
50146 2005
50147 2005
50148 2005
50149 2005
50150 2005
50151 2005
50152 2005
50153 2005
50154 2005
50155 2005
50156 2005
50157 2005
50158 2005
50159 2005
50160 2005
50161 2005
50162 2005
50163 2005
50164 2005
50165 2005
50166 2005
50167 2005
50168 2005
50169 2005
50170 2005
50171 2005
50172 2005
50173 2005
50174 2005
50175 2005
50176 2005
50177 2005
50178 2005
50179 2005
50180 2005
50181 2005
50182 2005
50183 2005
50184 2005
50185 2005
50186 2005
50187 2005
50188 2005
50189 2005
50190 2005
50191 2005
50192 2005
50193 2005
50194 2005
50195 2005
50196 2005
50197 2005
50198 2005
50199 2005
50200 2005
50201 2005
50202 2005
50203 2005
50204 2005
50205 2005
50206 2005
50207 2005
50208 2005
50209 2005
50210 2005
50211 2005
50212 2005
50213 2005
50214 2005
50215 2005
50216 2005
50217 2005
50218 2005
50219 2005
50220 2005
50221 2005
50222 2005
50223 2005
50224 2005
50225 2005
50226 2005
50227 2005
50228 2005
50229 2005
50230 2005
50231 2005
50232 2005
50233 2005
50234 2005
50235 2005
50236 2005
50237 2005
50238 2005
50239 2005
50240 2005
50241 2005
50242 2005
50243 2005
50244 2005
50245 2005
50246 2005
50247 2005
50248 2005
50249 2005
50250 2005
50251 2005
50252 2005
50253 2005
50254 2005
50255 2005
50256 2005
50257 2005
50258 2005
50259 2005
50260 2005
50261 2005
50262 2005
50263 2005
50264 2005
50265 2005
50266 2005
50267 2005
50268 2005
50269 2005
50270 2005
50271 2005
50272 2005
50273 2005
50274 2005
50275 2005
50276 2005
50277 2005
50278 2005
50279 2005
50280 2005
50281 2005
50282 2005
50283 2005
50284 2005
50285 2005
50286 2005
50287 2005
50288 2005
50289 2005
50290 2005
50291 2005
50292 2005
50293 2005
50294 2005
50295 2005
50296 2005
50297 2005
50298 2005
50299 2005
50300 2005
50301 2005
50302 2005
50303 2005
50304 2005
50305 2005
50306 2005
50307 2005
50308 2005
50309 2005
50310 2005
50311 2005
50312 2005
50313 2005
50314 2005
50315 2005
50316 2005
50317 2005
50318 2005
50319 2005
50320 2005
50321 2005
50322 2005
50323 2005
50324 2005
50325 2005
50326 2005
50327 2005
50328 2005
50329 2005
50330 2005
50331 2005
50332 2005
50333 2005
50334 2005
50335 2005
50336 2005
50337 2005
50338 2005
50339 2005
50340 2005
50341 2005
50342 2005
50343 2005
50344 2005
50345 2005
50346 2005
50347 2005
50348 2005
50349 2005
50350 2005
50351 2005
50352 2005
50353 2005
50354 2005
50355 2005
50356 2005
50357 2005
50358 2005
50359 2005
50360 2005
50361 2005
50362 2005
50363 2005
50364 2005
50365 2005
50366 2005
50367 2005
50368 2005
50369 2005
50370 2005
50371 2005
50372 2005
50373 2005
50374 2005
50375 2005
50376 2005
50377 2005
50378 2005
50379 2005
50380 2005
50381 2005
50382 2005
50383 2005
50384 2005
50385 2005
50386 2005
50387 2005
50388 2005
50389 2005
50390 2005
50391 2005
50392 2005
50393 2005
50394 2005
50395 2005
50396 2005
50397 2005
50398 2005
50399 2005
50400 2005
50401 2005
50402 2005
50403 2005
50404 2005
50405 2005
50406 2005
50407 2005
50408 2005
50409 2005
50410 2005
50411 2005
50412 2005
50413 2005
50414 2005
50415 2005
50416 2005
50417 2005
50418 2005
50419 2005
50420 2005
50421 2005
50422 2005
50423 2005
50424 2005
50425 2005
50426 2005
50427 2005
50428 2005
50429 2005
50430 2005
50431 2005
50432 2005
50433 2005
50434 2005
50435 2005
50436 2005
50437 2005
50438 2005
50439 2005
50440 2005
50441 2005
50442 2005
50443 2005
50444 2005
50445 2005
50446 2005
50447 2005
50448 2005
50449 2005
50450 2005
50451 2005
50452 2005
50453 2005
50454 2005
50455 2005
50456 2005
50457 2005
50458 2005
50459 2005
50460 2005
50461 2005
50462 2005
50463 2005
50464 2005
50465 2005
50466 2005
50467 2005
50468 2005
50469 2005
50470 2005
50471 2005
50472 2005
50473 2005
50474 2005
50475 2005
50476 2005
50477 2005
50478 2005
50479 2005
50480 2005
50481 2005
50482 2005
50483 2005
50484 2005
50485 2005
50486 2005
50487 2005
50488 2005
50489 2005
50490 2005
50491 2005
50492 2005
50493 2005
50494 2005
50495 2005
50496 2005
50497 2005
50498 2005
50499 2005
50500 2005
50501 2005
50502 2005
50503 2005
50504 2005
50505 2005
50506 2005
50507 2005
50508 2005
50509 2005
50510 2005
50511 2005
50512 2005
50513 2005
50514 2005
50515 2005
50516 2005
50517 2005
50518 2005
50519 2005
50520 2005
50521 2005
50522 2005
50523 2005
50524 2005
50525 2005
50526 2005
50527 2005
50528 2005
50529 2005
50530 2005
50531 2005
50532 2005
50533 2005
50534 2005
50535 2005
50536 2005
50537 2005
50538 2005
50539 2005
50540 2005
50541 2005
50542 2005
50543 2005
50544 2005
50545 2005
50546 2005
50547 2005
50548 2005
50549 2005
50550 2005
50551 2005
50552 2002
50553 2002
50554 2002
50555 2002
50556 2002
50557 2002
50558 2002
50559 2002
50560 2002
50561 2002
50562 2002
50563 2002
50564 2002
50565 2002
50566 2002
50567 2002
50568 2002
50569 2002
50570 2002
50571 2002
50572 2002
50573 2002
50574 2002
50575 2002
50576 2002
50577 2002
50578 2002
50579 2002
50580 2002
50581 2002
50582 2002
50583 2002
50584 2002
50585 2002
50586 2002
50587 2002
50588 2002
50589 2002
50590 2002
50591 2002
50592 2002
50593 2002
50594 2002
50595 2002
50596 2002
50597 2002
50598 2002
50599 2002
50600 2002
50601 2002
50602 2002
50603 2002
50604 2002
50605 2002
50606 2002
50607 2002
50608 2002
50609 2002
50610 2002
50611 2002
50612 2002
50613 2002
50614 2002
50615 2002
50616 2002
50617 2002
50618 2002
50619 2002
50620 2002
50621 2002
50622 2002
50623 2002
50624 2002
50625 2002
50626 2002
50627 2002
50628 2002
50629 2002
50630 2002
50631 2002
50632 2002
50633 2002
50634 2002
50635 2002
50636 2002
50637 2002
50638 2002
50639 2002
50640 2002
50641 2002
50642 2002
50643 2002
50644 2002
50645 2002
50646 2002
50647 2002
50648 2002
50649 2002
50650 2002
50651 2002
50652 2002
50653 2002
50654 2002
50655 2002
50656 2002
50657 2002
50658 2002
50659 2002
50660 2002
50661 2002
50662 2002
50663 2002
50664 2002
50665 2002
50666 2002
50667 2002
50668 2002
50669 2002
50670 2002
50671 2002
50672 2002
50673 2002
50674 2002
50675 2002
50676 2002
50677 2002
50678 2002
50679 2002
50680 2002
50681 2002
50682 2002
50683 2002
50684 2002
50685 2002
50686 2002
50687 2002
50688 2002
50689 2002
50690 2002
50691 2002
50692 2002
50693 2002
50694 2002
50695 2002
50696 2002
50697 2002
50698 2002
50699 2002
50700 2002
50701 2002
50702 2002
50703 2002
50704 2002
50705 2002
50706 2002
50707 2002
50708 2002
50709 2002
50710 2002
50711 2002
50712 2002
50713 2002
50714 2002
50715 2002
50716 2002
50717 2002
50718 2002
50719 2002
50720 2002
50721 2002
50722 2002
50723 2002
50724 2002
50725 2002
50726 2002
50727 2002
50728 2002
50729 2002
50730 2002
50731 2002
50732 2002
50733 2002
50734 2002
50735 2002
50736 2002
50737 2002
50738 2002
50739 2002
50740 2002
50741 2002
50742 2002
50743 2002
50744 2002
50745 2002
50746 2002
50747 2002
50748 2002
50749 2002
50750 2002
50751 2002
50752 2002
50753 2002
50754 2002
50755 2002
50756 2002
50757 2002
50758 2002
50759 2002
50760 2002
50761 2002
50762 2002
50763 2002
50764 2002
50765 2002
50766 2002
50767 2002
50768 2002
50769 2002
50770 2002
50771 2002
50772 2002
50773 2002
50774 2002
50775 2002
50776 2002
50777 2002
50778 2002
50779 2002
50780 2002
50781 2002
50782 2002
50783 2002
50784 2002
50785 2002
50786 2002
50787 2002
50788 2002
50789 2002
50790 2002
50791 2002
50792 2002
50793 2002
50794 2002
50795 2002
50796 2002
50797 2002
50798 2002
50799 2002
50800 2002
50801 2002
50802 2002
50803 2002
50804 2002
50805 2002
50806 2002
50807 2002
50808 2002
50809 2002
50810 2002
50811 2002
50812 2002
50813 2002
50814 2002
50815 2002
50816 2002
50817 2002
50818 2002
50819 2002
50820 2002
50821 2002
50822 2002
50823 2002
50824 2000
50825 2000
50826 2000
50827 2000
50828 2000
50829 2000
50830 2000
50831 2000
50832 2000
50833 2000
50834 2000
50835 2000
50836 2000
50837 2000
50838 2000
50839 2000
50840 2000
50841 2000
50842 2000
50843 2000
50844 2000
50845 2000
50846 2000
50847 2000
50848 2000
50849 2000
50850 2000
50851 2000
50852 2000
50853 2000
50854 2000
50855 2000
50856 2000
50857 2000
50858 2000
50859 2000
50860 2000
50861 2000
50862 2000
50863 2000
50864 2000
50865 2000
50866 2000
50867 2000
50868 2000
50869 2000
50870 2000
50871 2000
50872 2000
50873 2000
50874 2000
50875 2000
50876 2000
50877 2000
50878 2000
50879 2000
50880 2000
50881 2000
50882 2000
50883 2000
50884 2000
50885 2000
50886 2000
50887 2000
50888 2000
50889 2000
50890 2000
50891 2000
50892 2000
50893 2000
50894 2000
50895 2000
50896 2000
50897 2000
50898 2000
50899 2000
50900 2000
50901 2000
50902 2000
50903 2000
50904 2000
50905 2000
50906 2000
50907 2000
50908 2000
50909 2000
50910 2000
50911 2000
50912 2000
50913 2000
50914 2000
50915 2000
50916 2000
50917 2000
50918 2000
50919 2000
50920 2000
50921 2000
50922 2000
50923 2000
50924 2000
50925 2000
50926 2000
50927 2000
50928 2000
50929 2000
50930 2000
50931 2000
50932 2000
50933 2000
50934 2000
50935 2000
50936 2000
50937 2000
50938 2000
50939 2000
50940 2000
50941 2000
50942 2000
50943 2000
50944 2000
50945 2000
50946 2000
50947 2000
50948 2000
50949 2000
50950 2000
50951 2000
50952 2000
50953 2000
50954 2000
50955 2000
50956 2000
50957 2000
50958 2000
50959 2000
50960 2000
50961 2000
50962 2000
50963 2000
50964 2000
50965 2000
50966 2000
50967 2000
50968 2000
50969 2000
50970 2000
50971 2000
50972 2000
50973 2000
50974 2000
50975 2000
50976 2000
50977 2000
50978 2000
50979 2000
50980 2000
50981 2000
50982 2000
50983 2000
50984 2000
50985 2000
50986 2000
50987 2000
50988 2000
50989 2000
50990 2000
50991 2000
50992 2000
50993 2000
50994 2000
50995 2000
50996 2000
50997 2000
50998 2000
50999 2000
51000 2000
51001 2000
51002 2000
51003 2000
51004 2000
51005 2000
51006 2000
51007 2000
51008 2000
51009 2000
51010 2000
51011 2000
51012 2000
51013 2000
51014 2000
51015 2000
51016 2000
51017 2000
51018 2000
51019 2000
51020 2000
51021 2000
51022 2000
51023 2000
51024 2000
51025 2000
51026 2000
51027 2000
51028 2000
51029 2000
51030 2000
51031 2000
51032 2000
51033 2000
51034 2000
51035 2000
51036 2000
51037 2000
51038 2000
51039 2000
51040 2000
51041 2000
51042 2000
51043 2000
51044 2000
51045 2000
51046 2000
51047 2000
51048 2000
51049 2000
51050 2000
51051 2000
51052 2000
51053 2000
51054 2000
51055 2000
51056 2000
51057 2000
51058 2000
51059 2000
51060 2000
51061 2000
51062 2000
51063 2000
51064 2000
51065 2000
51066 2000
51067 2000
51068 2000
51069 2000
51070 2000
51071 2000
51072 2000
51073 2000
51074 2000
51075 2000
51076 2000
51077 2000
51078 2000
51079 2000
51080 2000
51081 2000
51082 2000
51083 2000
51084 2000
51085 2000
51086 2000
51087 2000
51088 2000
51089 2000
51090 2000
51091 2000
51092 2000
51093 2000
51094 2000
51095 2000
51096 2000
51097 2000
51098 2000
51099 2000
51100 2000
51101 2000
51102 2000
51103 2000
51104 2000
51105 2000
51106 2000
51107 2000
51108 2000
51109 2000
51110 2000
51111 2000
51112 2000
51113 2000
51114 2000
51115 2000
51116 2000
51117 2000
51118 2000
51119 2000
51120 2000
51121 2000
51122 2000
51123 2000
51124 2000
51125 2000
51126 2000
51127 2000
51128 2000
51129 2000
51130 2000
51131 2000
51132 2000
51133 2000
51134 2000
51135 2000
51136 2000
51137 2000
51138 2000
51139 2000
51140 2000
51141 2000
51142 2000
51143 2000
51144 2000
51145 2000
51146 2000
51147 2000
51148 2000
51149 2000
51150 2000
51151 2000
51152 2000
51153 2000
51154 2000
51155 2000
51156 2000
51157 2000
51158 2000
51159 2000
51160 2000
51161 2000
51162 2000
51163 2000
51164 2000
51165 2000
51166 2000
51167 2000
51168 2000
51169 2000
51170 2000
51171 2000
51172 2000
51173 2000
51174 2000
51175 2000
51176 2000
51177 2000
51178 2000
51179 2000
51180 2000
51181 2000
51182 2000
51183 2000
51184 2000
51185 2000
51186 2000
51187 2000
51188 2000
51189 2000
51190 2000
51191 2000
51192 2000
51193 2000
51194 2000
51195 2000
51196 2000
51197 2000
51198 2000
51199 2000
51200 2000
51201 2000
51202 2000
51203 2000
51204 2000
51205 2000
51206 2000
51207 2000
51208 2000
51209 2000
51210 2000
51211 2000
51212 2000
51213 2000
51214 2000
51215 2000
51216 2000
51217 2000
51218 2000
51219 2000
51220 2000
51221 2000
51222 2000
51223 2000
51224 2000
51225 2000
51226 2000
51227 2000
51228 2000
51229 2000
51230 2000
51231 2000
51232 2000
51233 2000
51234 2000
51235 2000
51236 2000
51237 2000
51238 2000
51239 2000
51240 2000
51241 2000
51242 2000
51243 2000
51244 2000
51245 2000
51246 2000
51247 2000
51248 2000
51249 2000
51250 2000
51251 2000
51252 2000
51253 2000
51254 2000
51255 2000
51256 2000
51257 2000
51258 2000
51259 2000
51260 2000
51261 2000
51262 2000
51263 2000
51264 2000
51265 2000
51266 2000
51267 2000
51268 2000
51269 2000
51270 2000
51271 2000
51272 2000
51273 2000
51274 2000
51275 2000
51276 2000
51277 2000
51278 2000
51279 2000
51280 2000
51281 2000
51282 2000
51283 2000
51284 2000
51285 2000
51286 2000
51287 2000
51288 2000
51289 2000
51290 2000
51291 2000
51292 2000
51293 2000
51294 2000
51295 2000
51296 2000
51297 2000
51298 2000
51299 2000
51300 2000
51301 2000
51302 2000
51303 2000
51304 2000
51305 2000
51306 2000
51307 2000
51308 2000
51309 2000
51310 2000
51311 2000
51312 2000
51313 2000
51314 2000
51315 2000
51316 2000
51317 2000
51318 2000
51319 2000
51320 2000
51321 2000
51322 2000
51323 2000
51324 2000
51325 2000
51326 2000
51327 2000
51328 2000
51329 2000
51330 2000
51331 2000
51332 2000
51333 2000
51334 2000
51335 2000
51336 2000
51337 2000
51338 2000
51339 2000
51340 2000
51341 2000
51342 2000
51343 2000
51344 2000
51345 2000
51346 2000
51347 2000
51348 2000
51349 2000
51350 2000
51351 2000
51352 2000
51353 2000
51354 2000
51355 2000
51356 2000
51357 2000
51358 2000
51359 2000
51360 1994
51361 1994
51362 1994
51363 1994
51364 1994
51365 1994
51366 1994
51367 1994
51368 1994
51369 1994
51370 1994
51371 1994
51372 1994
51373 1994
51374 1994
51375 1994
51376 1994
51377 1994
51378 1994
51379 1994
51380 1994
51381 1994
51382 1994
51383 1994
51384 1994
51385 1994
51386 1994
51387 1994
51388 1994
51389 1994
51390 1994
51391 1994
51392 1994
51393 1994
51394 1994
51395 1994
51396 1994
51397 1994
51398 1994
51399 1994
51400 1994
51401 1994
51402 1994
51403 1994
51404 1994
51405 1994
51406 1994
51407 1994
51408 1994
51409 1994
51410 1994
51411 1994
51412 1994
51413 1994
51414 1994
51415 1994
51416 1994
51417 1994
51418 1994
51419 1994
51420 1994
51421 1994
51422 1994
51423 1994
51424 1994
51425 1994
51426 1994
51427 1994
51428 1994
51429 1994
51430 1994
51431 1994
51432 1994
51433 1994
51434 1994
51435 1994
51436 1994
51437 1994
51438 1994
51439 1994
51440 1994
51441 1994
51442 1994
51443 1994
51444 1994
51445 1994
51446 1994
51447 1994
51448 1994
51449 1994
51450 1994
51451 1994
51452 1994
51453 1994
51454 1994
51455 1994
51456 1994
51457 1994
51458 1994
51459 1994
51460 1994
51461 1994
51462 1994
51463 1994
51464 1994
51465 1994
51466 1994
51467 1994
51468 1994
51469 1994
51470 1994
51471 1994
51472 1994
51473 1994
51474 1994
51475 1994
51476 1994
51477 1994
51478 1994
51479 1994
51480 1994
51481 1994
51482 1994
51483 1994
51484 1994
51485 1994
51486 1994
51487 1994
51488 1994
51489 1994
51490 1994
51491 1994
51492 1994
51493 1994
51494 1994
51495 1994
51496 1994
51497 1994
51498 1994
51499 1994
51500 1994
51501 1994
51502 1994
51503 1994
51504 1994
51505 1994
51506 1994
51507 1994
51508 1994
51509 1994
51510 1994
51511 1994
51512 1994
51513 1994
51514 1994
51515 1994
51516 1994
51517 1994
51518 1994
51519 1994
51520 1994
51521 1994
51522 1994
51523 1994
51524 1994
51525 1994
51526 1994
51527 1994
51528 1994
51529 1994
51530 1994
51531 1994
51532 1994
51533 1994
51534 1994
51535 1994
51536 1994
51537 1994
51538 1994
51539 1994
51540 1994
51541 1994
51542 1994
51543 1994
51544 1994
51545 1994
51546 1994
51547 1994
51548 1994
51549 1994
51550 1994
51551 1994
51552 1994
51553 1994
51554 1994
51555 1994
51556 1994
51557 1994
51558 1994
51559 1994
51560 1994
51561 1994
51562 1994
51563 1994
51564 1994
51565 1994
51566 1994
51567 1994
51568 1994
51569 1994
51570 1994
51571 1994
51572 1994
51573 1994
51574 1994
51575 1994
51576 1994
51577 1994
51578 1994
51579 1994
51580 1994
51581 1994
51582 1994
51583 1994
51584 1994
51585 1994
51586 1994
51587 1994
51588 1994
51589 1994
51590 1994
51591 1994
51592 1994
51593 1994
51594 1994
51595 1994
51596 1994
51597 1994
51598 1994
51599 1994
51600 1994
51601 1994
51602 1994
51603 1994
51604 1994
51605 1994
51606 1994
51607 1994
51608 1994
51609 1994
51610 1994
51611 1994
51612 1994
51613 1994
51614 1994
51615 1994
51616 1994
51617 1994
51618 1994
51619 1994
51620 1994
51621 1994
51622 1994
51623 1994
51624 1994
51625 1994
51626 1994
51627 1994
51628 1994
51629 1994
51630 1994
51631 1994
51632 1994
51633 1994
51634 1994
51635 1994
51636 1994
51637 1994
51638 1994
51639 1994
51640 1994
51641 1994
51642 1994
51643 1994
51644 1994
51645 1994
51646 1994
51647 1994
51648 1994
51649 1994
51650 1994
51651 1994
51652 1994
51653 1994
51654 1994
51655 1994
51656 1994
51657 1994
51658 1994
51659 1994
51660 1994
51661 1994
51662 1994
51663 1994
51664 1994
51665 1994
51666 1994
51667 1994
51668 1994
51669 1994
51670 1994
51671 1994
51672 1994
51673 1994
51674 1994
51675 1994
51676 1994
51677 1994
51678 1994
51679 1994
51680 1994
51681 1994
51682 1994
51683 1994
51684 1994
51685 1994
51686 1994
51687 1994
51688 1994
51689 1994
51690 1994
51691 1994
51692 1994
51693 1994
51694 1994
51695 1994
51696 1994
51697 1994
51698 1994
51699 1994
51700 1994
51701 1994
51702 1994
51703 1994
51704 1994
51705 1994
51706 1994
51707 1994
51708 1994
51709 1994
51710 1994
51711 1994
51712 1994
51713 1994
51714 1994
51715 1994
51716 1994
51717 1994
51718 1994
51719 1994
51720 1994
51721 1994
51722 1994
51723 1994
51724 1994
51725 1994
51726 1994
51727 1994
51728 1994
51729 1994
51730 1994
51731 1994
51732 1994
51733 1994
51734 1994
51735 1994
51736 1994
51737 1994
51738 1994
51739 1994
51740 1994
51741 1994
51742 1994
51743 1994
51744 1994
51745 1994
51746 1994
51747 1994
51748 1994
51749 1994
51750 1994
51751 1994
51752 1994
51753 1994
51754 1994
51755 1994
51756 1994
51757 1994
51758 1994
51759 1994
51760 1994
51761 1994
51762 1994
51763 1994
51764 1994
51765 1994
51766 1994
51767 1994
51768 1994
51769 1994
51770 1994
51771 1994
51772 1994
51773 1994
51774 1994
51775 1994
51776 1994
51777 1994
51778 1994
51779 1994
51780 1994
51781 1994
51782 1994
51783 1994
51784 1994
51785 1994
51786 1994
51787 1994
51788 1994
51789 1994
51790 1994
51791 1994
51792 1994
51793 1994
51794 1994
51795 1994
51796 1994
51797 1994
51798 1994
51799 1994
51800 1994
51801 1993
51802 1993
51803 1993
51804 1993
51805 1993
51806 1993
51807 1993
51808 1993
51809 1993
51810 1993
51811 1993
51812 1993
51813 1993
51814 1993
51815 1993
51816 1993
51817 1993
51818 1993
51819 1993
51820 1993
51821 1993
51822 1993
51823 1993
51824 1993
51825 1993
51826 1993
51827 1993
51828 1993
51829 1993
51830 1993
51831 1993
51832 1993
51833 1993
51834 1993
51835 1993
51836 1993
51837 1993
51838 1993
51839 1993
51840 1993
51841 1993
51842 1993
51843 1993
51844 1993
51845 1993
51846 1993
51847 1993
51848 1993
51849 1993
51850 1993
51851 1993
51852 1993
51853 1993
51854 1993
51855 1993
51856 1993
51857 1993
51858 1993
51859 1993
51860 1993
51861 1993
51862 1993
51863 1993
51864 1993
51865 1993
51866 1993
51867 1993
51868 1993
51869 1993
51870 1993
51871 1993
51872 1993
51873 1993
51874 1993
51875 1993
51876 1993
51877 1993
51878 1993
51879 1993
51880 1993
51881 1993
51882 1993
51883 1993
51884 1993
51885 1993
51886 1993
51887 1993
51888 1993
51889 1993
51890 1993
51891 1993
51892 1993
51893 1993
51894 1993
51895 1993
51896 1993
51897 1993
51898 1993
51899 1993
51900 1993
51901 1993
51902 1993
51903 1993
51904 1993
51905 1993
51906 1993
51907 1993
51908 1993
51909 1993
51910 1993
51911 1993
51912 1993
51913 1993
51914 1993
51915 1993
51916 1993
51917 1993
51918 1993
51919 1993
51920 1993
51921 1993
51922 1993
51923 1993
51924 1993
51925 1993
51926 1993
51927 1993
51928 1993
51929 1993
51930 1993
51931 1993
51932 1993
51933 1993
51934 1993
51935 1993
51936 1993
51937 1993
51938 1993
51939 1993
51940 1993
51941 1993
51942 1993
51943 1993
51944 1993
51945 1993
51946 1993
51947 1993
51948 1993
51949 1993
51950 1993
51951 1993
51952 1993
51953 1993
51954 1993
51955 1993
51956 1993
51957 1993
51958 1993
51959 1993
51960 1993
51961 1993
51962 1993
51963 1993
51964 1993
51965 1993
51966 1993
51967 1993
51968 1993
51969 1993
51970 1993
51971 1993
51972 1993
51973 1993
51974 1993
51975 1993
51976 1993
51977 1993
51978 1993
51979 1993
51980 1993
51981 1993
51982 1993
51983 1993
51984 1993
51985 1993
51986 1993
51987 1993
51988 1993
51989 1993
51990 1993
51991 1993
51992 1993
51993 1993
51994 1993
51995 1993
51996 1993
51997 1993
51998 1993
51999 1985
52000 1985
52001 1985
52002 1985
52003 1985
52004 1985
52005 1985
52006 1985
52007 1985
52008 1985
52009 1985
52010 1985
52011 1985
52012 1985
52013 1985
52014 1985
52015 1985
52016 1985
52017 1985
52018 1985
52019 1985
52020 1985
52021 1985
52022 1985
52023 1985
52024 1985
52025 1985
52026 1985
52027 1985
52028 1985
52029 1985
52030 1985
52031 1985
52032 1985
52033 1985
52034 1985
52035 1985
52036 1985
52037 1985
52038 1985
52039 1985
52040 1985
52041 1985
52042 1985
52043 1985
52044 1985
52045 1985
52046 1985
52047 1985
52048 1985
52049 1985
52050 1985
52051 1985
52052 1985
52053 1985
52054 1985
52055 1985
52056 1985
52057 1985
52058 1985
52059 1985
52060 1985
52061 1985
52062 1985
52063 1985
52064 1985
52065 1985
52066 1985
52067 1985
52068 1985
52069 1985
52070 1985
52071 1985
52072 1985
52073 1985
52074 1985
52075 1985
52076 1985
52077 1985
52078 1985
52079 1985
52080 1985
52081 1985
52082 1985
52083 1985
52084 1985
52085 1985
52086 1985
52087 1985
52088 1985
52089 1985
52090 1985
52091 1985
52092 1985
52093 1985
52094 1985
52095 1985
52096 1985
52097 1985
52098 1985
52099 1985
52100 1985
52101 1985
52102 1985
52103 1985
52104 1985
52105 1985
52106 1985
52107 1985
52108 1985
52109 1985
52110 1985
52111 1985
52112 1985
52113 1985
52114 1985
52115 1985
52116 1985
52117 1985
52118 1985
52119 1985
52120 1985
52121 1985
52122 1985
52123 1985
52124 1985
52125 1985
52126 1985
52127 1985
52128 1985
52129 1985
52130 1985
52131 1985
52132 1985
52133 1985
52134 1985
52135 1985
52136 1985
52137 1985
52138 1985
52139 1985
52140 1985
52141 1985
52142 1985
52143 1985
52144 1985
52145 1985
52146 1985
52147 1985
52148 1985
52149 1985
52150 1985
52151 1985
52152 1985
52153 1985
52154 1985
52155 1985
52156 1985
52157 1985
52158 1985
52159 1985
52160 1985
52161 1985
52162 1985
52163 1985
52164 1985
52165 1985
52166 1985
52167 1985
52168 1985
52169 1985
52170 1985
52171 1985
52172 1985
52173 1985
52174 1985
52175 1985
52176 1985
52177 1985
52178 1985
52179 1985
52180 1985
52181 1985
52182 1985
52183 1985
52184 1985
52185 1985
52186 1985
52187 1985
52188 1985
52189 1985
52190 1985
52191 1985
52192 1985
52193 1985
52194 1985
52195 1985
52196 1985
52197 1985
52198 1985
52199 1985
52200 1985
52201 1985
52202 1985
52203 1985
52204 1985
52205 1985
52206 1985
52207 1985
52208 1985
52209 1985
52210 1985
52211 1985
52212 1985
52213 1985
52214 1985
52215 1985
52216 1985
52217 1985
52218 1985
52219 1985
52220 1985
52221 1985
52222 1985
52223 1985
52224 1985
52225 1985
52226 1985
52227 1985
52228 1985
52229 1985
52230 1985
52231 1985
52232 1985
52233 1985
52234 1985
52235 1985
52236 1985
52237 1985
52238 1985
52239 1985
52240 1985
52241 1985
52242 1985
52243 1985
52244 1985
52245 1985
52246 1985
52247 1985
52248 1985
52249 1985
52250 1985
52251 1985
52252 1985
52253 1985
52254 1985
52255 1985
52256 1985
52257 1985
52258 1985
52259 1985
52260 1985
52261 1985
52262 1985
52263 1985
52264 1985
52265 1985
52266 1985
52267 1985
52268 1985
52269 1985
52270 1985
52271 1985
52272 1985
52273 1985
52274 1985
52275 1985
52276 1985
52277 1985
52278 1985
52279 1985
52280 1985
52281 1985
52282 1985
52283 1985
52284 1985
52285 1985
52286 1985
52287 1985
52288 1985
52289 1985
52290 1985
52291 1985
52292 1985
52293 1985
52294 1985
52295 1985
52296 1985
52297 1985
52298 1985
52299 1985
52300 1985
52301 1985
52302 1985
52303 1985
52304 1985
52305 1985
52306 1985
52307 1985
52308 1985
52309 1985
52310 1985
52311 1985
52312 1985
52313 1985
52314 1985
52315 1985
52316 1985
52317 1985
52318 1985
52319 1985
52320 1985
52321 1985
52322 1985
52323 1985
52324 1985
52325 1985
52326 1985
52327 1985
52328 1985
52329 1985
52330 1985
52331 1985
52332 1985
52333 1985
52334 1985
52335 1985
52336 1985
52337 1985
52338 1985
52339 1985
52340 1985
52341 1985
52342 1985
52343 1985
52344 1985
52345 1985
52346 1985
52347 1985
52348 1985
52349 1985
52350 1985
52351 1985
52352 1985
52353 1985
52354 1985
52355 1985
52356 1985
52357 1985
52358 1985
52359 1985
52360 1985
52361 1985
52362 1985
52363 1985
52364 1985
52365 1985
52366 1985
52367 1985
52368 1985
52369 1985
52370 1985
52371 1985
52372 1985
52373 1985
52374 1985
52375 1985
52376 1985
52377 1985
52378 1985
52379 1985
52380 1985
52381 1985
52382 1985
52383 1985
52384 1985
52385 1985
52386 1985
52387 1985
52388 1985
52389 1985
52390 1985
52391 1985
52392 1985
52393 1985
52394 1985
52395 1985
52396 1985
52397 1985
52398 1985
52399 1985
52400 1985
52401 1985
52402 1985
52403 1985
52404 1985
52405 1985
52406 1985
52407 1985
52408 1985
52409 1985
52410 1985
52411 1985
52412 1985
52413 1985
52414 1985
52415 1985
52416 1985
52417 1985
52418 1985
52419 1985
52420 1985
52421 1985
52422 1985
52423 1985
52424 1985
52425 1985
52426 1985
52427 1985
52428 1985
52429 1985
52430 1985
52431 1985
52432 1985
52433 1985
52434 1985
52435 1985
52436 1985
52437 1985
52438 1985
52439 1985
52440 1985
52441 1985
52442 1985
52443 1985
52444 1985
52445 1985
52446 1985
52447 1985
52448 1985
52449 1985
52450 1985
52451 1985
52452 1985
52453 1985
52454 1985
52455 1985
52456 1985
52457 1985
52458 1985
52459 1985
52460 1985
52461 1985
52462 1985
52463 1985
52464 1985
52465 1985
52466 1985
52467 1985
52468 1985
52469 1985
52470 1985
52471 1985
52472 1985
52473 1985
52474 1985
52475 1985
52476 1985
52477 1985
52478 1985
52479 1985
52480 1985
52481 1985
52482 1985
52483 1985
52484 1985
52485 1985
52486 1985
52487 1985
52488 1985
52489 1985
52490 1985
52491 1985
52492 1985
52493 1985
52494 1985
52495 1985
52496 1985
52497 1985
52498 1985
52499 1985
52500 1985
52501 1985
52502 1985
52503 1985
52504 1985
52505 1985
52506 1985
52507 1985
52508 1985
52509 1985
52510 1985
52511 1985
52512 1985
52513 1985
52514 1985
52515 1985
52516 1985
52517 1985
52518 1985
52519 1985
52520 1985
52521 1985
52522 1985
52523 1985
52524 1985
52525 1985
52526 1985
52527 1985
52528 1985
52529 1985
52530 1985
52531 1985
52532 1985
52533 1985
52534 1985
52535 1985
52536 1985
52537 1985
52538 1985
52539 1985
52540 1985
52541 1985
52542 1985
52543 1985
52544 1985
52545 1985
52546 1985
52547 1985
52548 1985
52549 1985
52550 1985
52551 1985
52552 1985
52553 1985
52554 1985
52555 1985
52556 1985
52557 1985
52558 1985
52559 1985
52560 1985
52561 1985
52562 1985
52563 1985
52564 1985
52565 1985
52566 1985
52567 1985
52568 1985
52569 1985
52570 1985
52571 1985
52572 1985
52573 1985
52574 1985
52575 1985
52576 1985
52577 1985
52578 1985
52579 1985
52580 1985
52581 1985
52582 1985
52583 1985
52584 1985
52585 1985
52586 1985
52587 1985
52588 1985
52589 1985
52590 1985
52591 1985
52592 1985
52593 1985
52594 1985
52595 1985
52596 1985
52597 1985
52598 1985
52599 1985
52600 1985
52601 1985
52602 1985
52603 1985
52604 1985
52605 1985
52606 1985
52607 1985
52608 1985
52609 1985
52610 1985
52611 1985
52612 1985
52613 1985
52614 1985
52615 1985
52616 1985
52617 1985
52618 1985
52619 1985
52620 1985
52621 1985
52622 1985
52623 1985
52624 1985
52625 1985
52626 1985
52627 1985
52628 1985
52629 1985
52630 1985
52631 1985
52632 1985
52633 1985
52634 1985
52635 1985
52636 1985
52637 1985
52638 1985
52639 1985
52640 1985
52641 1985
52642 1985
52643 1985
52644 1985
52645 1985
52646 1985
52647 1985
52648 1985
52649 1985
52650 1985
52651 1985
52652 1985
52653 1985
52654 1985
52655 1985
52656 1985
52657 1985
52658 1985
52659 1985
52660 1985
52661 1985
52662 1985
52663 1985
52664 1985
52665 1985
52666 1985
52667 1985
52668 1985
52669 1985
52670 1985
52671 1985
52672 1985
52673 1985
52674 1985
52675 1985
52676 1985
52677 1985
52678 1985
52679 1985
52680 1985
52681 1985
52682 1985
52683 1985
52684 1985
52685 1985
52686 1985
52687 1985
52688 1985
52689 1985
52690 1985
52691 1985
52692 1985
52693 1985
52694 1985
52695 1985
52696 1985
52697 1985
52698 1985
52699 1985
52700 1985
52701 1985
52702 1985
52703 1985
52704 1985
52705 1985
52706 1985
52707 1985
52708 1985
52709 1985
52710 1985
52711 1985
52712 1985
52713 1985
52714 1985
52715 1985
52716 1985
52717 1985
52718 1985
52719 1985
52720 1985
52721 1985
52722 1985
52723 1985
52724 1985
52725 1985
52726 1985
52727 1985
52728 1985
52729 1985
52730 1985
52731 1985
52732 1985
52733 1985
52734 1985
52735 1985
52736 1985
52737 1985
52738 1985
52739 1985
52740 1985
52741 1985
52742 1985
52743 1985
52744 1985
52745 1985
52746 1985
52747 1985
52748 1985
52749 1985
52750 1985
52751 1985
52752 1985
52753 1985
52754 1985
52755 1985
52756 1985
52757 1985
52758 1985
52759 1985
52760 1985
52761 1985
52762 1985
52763 1985
52764 1985
52765 1985
52766 1985
52767 1985
52768 1985
52769 1985
52770 1985
52771 1985
52772 1985
52773 1985
52774 1985
52775 1985
52776 1985
52777 1985
52778 1985
52779 1985
52780 1985
52781 1985
52782 1985
52783 1985
52784 1985
52785 1985
52786 1985
52787 1985
52788 1985
52789 1985
52790 1985
52791 1985
52792 1985
52793 1985
52794 1985
52795 1985
52796 1985
52797 1985
52798 1985
52799 1985
52800 1985
52801 1985
52802 1985
52803 1985
52804 1985
52805 1985
52806 1985
52807 1985
52808 1985
52809 1985
52810 1985
52811 1985
52812 1985
52813 1985
52814 1985
52815 1985
52816 1985
52817 1985
52818 1985
52819 1985
52820 1985
52821 1983
52822 1983
52823 1983
52824 1983
52825 1983
52826 1983
52827 1983
52828 1983
52829 1983
52830 1983
52831 1983
52832 1983
52833 1983
52834 1983
52835 1983
52836 1983
52837 1983
52838 1983
52839 1983
52840 1983
52841 1983
52842 1983
52843 1983
52844 1983
52845 1983
52846 1983
52847 1983
52848 1983
52849 1983
52850 1983
52851 1983
52852 1983
52853 1983
52854 1983
52855 1983
52856 1983
52857 1983
52858 1983
52859 1983
52860 1983
52861 1983
52862 1983
52863 1983
52864 1983
52865 1983
52866 1983
52867 1983
52868 1983
52869 1983
52870 1983
52871 1983
52872 1983
52873 1983
52874 1983
52875 1983
52876 1983
52877 1983
52878 1983
52879 1983
52880 1983
52881 1983
52882 1983
52883 1983
52884 1983
52885 1983
52886 1983
52887 1983
52888 1983
52889 1983
52890 1983
52891 1983
52892 1983
52893 1983
52894 1983
52895 1983
52896 1983
52897 1983
52898 1983
52899 1983
52900 1983
52901 1983
52902 1983
52903 1983
52904 1983
52905 1983
52906 1983
52907 1983
52908 1983
52909 1983
52910 1983
52911 1983
52912 1983
52913 1983
52914 1983
52915 1983
52916 1983
52917 1983
52918 1983
52919 1983
52920 1983
52921 1983
52922 1983
52923 1983
52924 1983
52925 1983
52926 1983
52927 1983
52928 1983
52929 1983
52930 1983
52931 1983
52932 1983
52933 1983
52934 1983
52935 1983
52936 1983
52937 1983
52938 1983
52939 1983
52940 1983
52941 1983
52942 1983
52943 1983
52944 1983
52945 1983
52946 1983
52947 1983
52948 1983
52949 1983
52950 1983
52951 1983
52952 1983
52953 1983
52954 1983
52955 1983
52956 1983
52957 1983
52958 1983
52959 1983
52960 1983
52961 1983
52962 1983
52963 1983
52964 1983
52965 1983
52966 1983
52967 1983
52968 1983
52969 1983
52970 1983
52971 1983
52972 1983
52973 1983
52974 1983
52975 1983
52976 1983
52977 1983
52978 1983
52979 1983
52980 1983
52981 1983
52982 1983
52983 1983
52984 1983
52985 1983
52986 1983
52987 1983
52988 1983
52989 1983
52990 1983
52991 1983
52992 1983
52993 1983
52994 1983
52995 1983
52996 1983
52997 1983
52998 1983
52999 1983
53000 1983
53001 1983
53002 1983
53003 1983
53004 1983
53005 1983
53006 1983
53007 1983
53008 1983
53009 1983
53010 1983
53011 1983
53012 1983
53013 1983
53014 1983
53015 1983
53016 1983
53017 1983
53018 1983
53019 1983
53020 1983
53021 1983
53022 1983
53023 1983
53024 1983
53025 1983
53026 1983
53027 1983
53028 1983
53029 1983
53030 1983
53031 1983
53032 1983
53033 1983
53034 1983
53035 1983
53036 1983
53037 1983
53038 1983
53039 1983
53040 1983
53041 1983
53042 1983
53043 1983
53044 1983
53045 1983
53046 1983
53047 1983
53048 1983
53049 1983
53050 1983
53051 1983
53052 1983
53053 1983
53054 1983
53055 1983
53056 1983
53057 1983
53058 1983
53059 1983
53060 1983
53061 1983
53062 1983
53063 1983
53064 1983
53065 1983
53066 1983
53067 1983
53068 1983
53069 1983
53070 1983
53071 1983
53072 1983
53073 1983
53074 1983
53075 1983
53076 1983
53077 1983
53078 1983
53079 1983
53080 1983
53081 1983
53082 1983
53083 1983
53084 1983
53085 1983
53086 1983
53087 1983
53088 1983
53089 1983
53090 1983
53091 1983
53092 1983
53093 1983
53094 1983
53095 1983
53096 1983
53097 1983
53098 1983
53099 1983
53100 1983
53101 1983
53102 1983
53103 1983
53104 1983
53105 1983
53106 1983
53107 1983
53108 1983
53109 1983
53110 1983
53111 1983
53112 1983
53113 1983
53114 1983
53115 1983
53116 1983
53117 1977
53118 1977
53119 1977
53120 1977
53121 1977
53122 1977
53123 1977
53124 1977
53125 1977
53126 1977
53127 1977
53128 1977
53129 1977
53130 1977
53131 1977
53132 1977
53133 1977
53134 1977
53135 1977
53136 1977
53137 1977
53138 1977
53139 1977
53140 1977
53141 1977
53142 1977
53143 1977
53144 1977
53145 1977
53146 1977
53147 1977
53148 1977
53149 1977
53150 1977
53151 1977
53152 1977
53153 1977
53154 1977
53155 1977
53156 1977
53157 1977
53158 1977
53159 1977
53160 1977
53161 1977
53162 1977
53163 1977
53164 1977
53165 1977
53166 1977
53167 1977
53168 1977
53169 1977
53170 1977
53171 1977
53172 1977
53173 1977
53174 1977
53175 1977
53176 1977
53177 1977
53178 1977
53179 1977
53180 1977
53181 1977
53182 1977
53183 1977
53184 1977
53185 1977
53186 1977
53187 1977
53188 1977
53189 1977
53190 1977
53191 1977
53192 1977
53193 1977
53194 1977
53195 1977
53196 1977
53197 1977
53198 1977
53199 1977
53200 1977
53201 1977
53202 1977
53203 1977
53204 1977
53205 1977
53206 1977
53207 1977
53208 1977
53209 1977
53210 1977
53211 1977
53212 1977
53213 1977
53214 1977
53215 1977
53216 1977
53217 1977
53218 1977
53219 1977
53220 1977
53221 1977
53222 1977
53223 1977
53224 1977
53225 1977
53226 1977
53227 1977
53228 1977
53229 1977
53230 1977
53231 1977
53232 1977
53233 1977
53234 1977
53235 1977
53236 1977
53237 1977
53238 1977
53239 1977
53240 1977
53241 1977
53242 1977
53243 1977
53244 1977
53245 1977
53246 1977
53247 1977
53248 1977
53249 1977
53250 1977
53251 1977
53252 1977
53253 1977
53254 1977
53255 1977
53256 1977
53257 1977
53258 1977
53259 1977
53260 1977
53261 1977
53262 1977
53263 1977
53264 1977
53265 1977
53266 1977
53267 1977
53268 1977
53269 1977
53270 1977
53271 1977
53272 1977
53273 1977
53274 1977
53275 1977
53276 1977
53277 1977
53278 1977
53279 1977
53280 1977
53281 1977
53282 1977
53283 1977
53284 1977
53285 1977
53286 1977
53287 1977
53288 1977
53289 1977
53290 1977
53291 1977
53292 1977
53293 1977
53294 1977
53295 1977
53296 1977
53297 1977
53298 1977
53299 1977
53300 1977
53301 1977
53302 1977
53303 1977
53304 1977
53305 1977
53306 1977
53307 1977
53308 1977
53309 1977
53310 1977
53311 1977
53312 1977
53313 1977
53314 1977
53315 1977
53316 1977
53317 1977
53318 1977
53319 1977
53320 1977
53321 1977
53322 1977
53323 1977
53324 1977
53325 1977
53326 1977
53327 1977
53328 1977
53329 1977
53330 1977
53331 1977
53332 1977
53333 1977
53334 1977
53335 1977
53336 1977
53337 1977
53338 1977
53339 1977
53340 1977
53341 1977
53342 1977
53343 1977
53344 1977
53345 1977
53346 1977
53347 1977
53348 1977
53349 1977
53350 1977
53351 1977
53352 1977
53353 1977
53354 1977
53355 1977
53356 1977
53357 1977
53358 1977
53359 1977
53360 1977
53361 1977
53362 1977
53363 1977
53364 1977
53365 1977
53366 1977
53367 1977
53368 1977
53369 1977
53370 1977
53371 1977
53372 1977
53373 1977
53374 1977
53375 1977
53376 1977
53377 1977
53378 1977
53379 1977
53380 1977
53381 1977
53382 1977
53383 1977
53384 1977
53385 1977
53386 1977
53387 1977
53388 1977
53389 1977
53390 1977
53391 1977
53392 1977
53393 1977
53394 1977
53395 1977
53396 1977
53397 1977
53398 1977
53399 1977
53400 1977
53401 1977
53402 1977
53403 1977
53404 1977
53405 1977
53406 1977
53407 1977
53408 1977
53409 1977
53410 1977
53411 1977
53412 1977
53413 1977
53414 1977
53415 1977
53416 1977
53417 1977
53418 1977
53419 1977
53420 1977
53421 1977
53422 1977
53423 1977
53424 1977
53425 1977
53426 1977
53427 1977
53428 1977
53429 1977
53430 1977
53431 1977
53432 1977
53433 1977
53434 1977
53435 1977
53436 1977
53437 1977
53438 1977
53439 1977
53440 1977
53441 1977
53442 1977
53443 1977
53444 1977
53445 1977
53446 1977
53447 1977
53448 1977
53449 1977
53450 1977
53451 1977
53452 1977
53453 1977
53454 1977
53455 1977
53456 1977
53457 1977
53458 1977
53459 1977
53460 1977
53461 1977
53462 1977
53463 1977
53464 1977
53465 1977
53466 1977
53467 1977
53468 1977
53469 1977
53470 1977
53471 1977
53472 1977
53473 1977
53474 1977
53475 1977
53476 1977
53477 1977
53478 1977
53479 1977
53480 1977
53481 1977
53482 1977
53483 1977
53484 1977
53485 1977
53486 1977
53487 1977
53488 1977
53489 1977
53490 1977
53491 1977
53492 1977
53493 1977
53494 1977
53495 1977
53496 1977
53497 1977
53498 1977
53499 1977
53500 1977
53501 1977
53502 1977
53503 1977
53504 1977
53505 1977
53506 1977
53507 1977
53508 1977
53509 1977
53510 1977
53511 1977
53512 1977
53513 1977
53514 1977
53515 1977
53516 1977
53517 1977
53518 1977
53519 1977
53520 1977
53521 1977
53522 1977
53523 1977
53524 1977
53525 1977
53526 1977
53527 1977
53528 1977
53529 1977
53530 1977
53531 1977
53532 1977
53533 1977
53534 1977
53535 1977
53536 1977
53537 1977
53538 1977
53539 1977
53540 1977
53541 1977
53542 1977
53543 1977
53544 1977
53545 1977
53546 1977
53547 1977
53548 1977
53549 1977
53550 1977
53551 1977
53552 1977
53553 1977
53554 1977
53555 1977
53556 1977
53557 1977
53558 1977
53559 1977
53560 1977
53561 1977
53562 1977
53563 1977
53564 1977
53565 1977
53566 1977
53567 1977
53568 1977
53569 1977
53570 1977
53571 1977
53572 1977
53573 1977
53574 1977
53575 1977
53576 1977
53577 1977
53578 1977
53579 1977
53580 1977
53581 1977
53582 1977
53583 1977
53584 1977
53585 1977
53586 1977
53587 1977
53588 1977
53589 1977
53590 1977
53591 1977
53592 1977
53593 1977
53594 1977
53595 1977
53596 1977
53597 1977
53598 1977
53599 1977
53600 1977
53601 1977
53602 1977
53603 1977
53604 1977
53605 1977
53606 1977
53607 1977
53608 1977
53609 1977
53610 1977
53611 1977
53612 1977
53613 1977
53614 1977
53615 1977
53616 1977
53617 1977
53618 1977
53619 1977
53620 1977
53621 1977
53622 1977
53623 1977
53624 1977
53625 1977
53626 1977
53627 1977
53628 1977
53629 1977
53630 1977
53631 1977
53632 1977
53633 1977
53634 1977
53635 1977
53636 1977
53637 1977
53638 1977
53639 1977
53640 1977
53641 1977
53642 1977
53643 1977
53644 1977
53645 1977
53646 1977
53647 1977
53648 1977
53649 1977
53650 1977
53651 1977
53652 1977
53653 1977
53654 1977
53655 1977
53656 1977
53657 1977
53658 1977
53659 1977
53660 1977
53661 1977
53662 1977
53663 1977
53664 1977
53665 1977
53666 1977
53667 1977
53668 1977
53669 1977
53670 1977
53671 1964
53672 1964
53673 1964
53674 1964
53675 1964
53676 1964
53677 1964
53678 1964
53679 1964
53680 1964
53681 1964
53682 1964
53683 1964
53684 1964
53685 1964
53686 1964
53687 1964
53688 1964
53689 1964
53690 1964
53691 1964
53692 1964
53693 1964
53694 1964
53695 1964
53696 1964
53697 1964
53698 1964
53699 1964
53700 1964
53701 1964
53702 1964
53703 1964
53704 1964
53705 1964
53706 1964
53707 1964
53708 1964
53709 1964
53710 1964
53711 1964
53712 1964
53713 1964
53714 1964
53715 1964
53716 1964
53717 1964
53718 1964
53719 1964
53720 1964
53721 1964
53722 1964
53723 1964
53724 1964
53725 1964
53726 1964
53727 1964
53728 1964
53729 1964
53730 1964
53731 1964
53732 1964
53733 1964
53734 1964
53735 1964
53736 1964
53737 1964
53738 1964
53739 1964
53740 1964
53741 1964
53742 1964
53743 1964
53744 1964
53745 1964
53746 1964
53747 1964
53748 1964
53749 1964
53750 1964
53751 1964
53752 1964
53753 1964
53754 1964
53755 1964
53756 1964
53757 1964
53758 1964
53759 1964
53760 1964
53761 1964
53762 1964
53763 1964
53764 1964
53765 1964
53766 1964
53767 1964
53768 1964
53769 1964
53770 1964
53771 1964
53772 1964
53773 1964
53774 1964
53775 1964
53776 1964
53777 1964
53778 1964
53779 1964
53780 1964
53781 1964
53782 1964
53783 1964
53784 1964
53785 1964
53786 1964
53787 1964
53788 1964
53789 1964
53790 1964
53791 1964
53792 1964
53793 1964
53794 1964
53795 1964
53796 1964
53797 1964
53798 1964
53799 1964
53800 1964
53801 1964
53802 1964
53803 1964
53804 1964
53805 1964
53806 1964
53807 1964
53808 1964
53809 1964
53810 1964
53811 1964
53812 1964
53813 1964
53814 1964
53815 1964
53816 1964
53817 1964
53818 1964
53819 1964
53820 1964
53821 1964
53822 1964
53823 1964
53824 1964
53825 1964
53826 1964
53827 1964
53828 1964
53829 1964
53830 1964
53831 1964
53832 1964
53833 1964
53834 1964
53835 1964
53836 1964
53837 1964
53838 1964
53839 1964
53840 1964
53841 1964
53842 1964
53843 1964
53844 1964
53845 1964
53846 1964
53847 1964
53848 1964
53849 1964
53850 1964
53851 1964
53852 1964
53853 1964
53854 1964
53855 1964
53856 1964
53857 1964
53858 1964
53859 1964
53860 1964
53861 1964
53862 1964
53863 1964
53864 1964
53865 1964
53866 1964
53867 1964
53868 1964
53869 1964
53870 1964
53871 1964
53872 1964
53873 1964
53874 1964
53875 1964
53876 1964
53877 1964
53878 1964
53879 1964
53880 1964
53881 1964
53882 1964
53883 1964
53884 1964
53885 1964
53886 1964
53887 1964
53888 1964
53889 1964
53890 1964
53891 1964
53892 1964
53893 1961
53894 1961
53895 1961
53896 1961
53897 1961
53898 1961
53899 1961
53900 1961
53901 1961
53902 1961
53903 1961
53904 1961
53905 1961
53906 1961
53907 1961
53908 1961
53909 1961
53910 1961
53911 1961
53912 1961
53913 1961
53914 1961
53915 1961
53916 1961
53917 1961
53918 1961
53919 1961
53920 1961
53921 1961
53922 1961
53923 1961
53924 1961
53925 1961
53926 1961
53927 1961
53928 1961
53929 1961
53930 1961
53931 1961
53932 1961
53933 1961
53934 1961
53935 1961
53936 1961
53937 1961
53938 1961
53939 1961
53940 1961
53941 1961
53942 1961
53943 1961
53944 1961
53945 1961
53946 1961
53947 1961
53948 1961
53949 1961
53950 1961
53951 1961
53952 1961
53953 1961
53954 1961
53955 1961
53956 1961
53957 1961
53958 1961
53959 1961
53960 1961
53961 1961
53962 1961
53963 1961
53964 1961
53965 1961
53966 1961
53967 1961
53968 1961
53969 1961
53970 1961
53971 1961
53972 1961
53973 1961
53974 1961
53975 1961
53976 1961
53977 1961
53978 1961
53979 1961
53980 1961
53981 1961
53982 1961
53983 1961
53984 1961
53985 1961
53986 1961
53987 1961
53988 1961
53989 1961
53990 1957
53991 1957
53992 1957
53993 1957
53994 1957
53995 1957
53996 1957
53997 1957
53998 1957
53999 1957
54000 1957
54001 1957
54002 1957
54003 1957
54004 1957
54005 1957
54006 1957
54007 1957
54008 1957
54009 1957
54010 1957
54011 1957
54012 1957
54013 1957
54014 1957
54015 1957
54016 1957
54017 1957
54018 1957
54019 1957
54020 1957
54021 1957
54022 1957
54023 1957
54024 1957
54025 1957
54026 1957
54027 1957
54028 1957
54029 1957
54030 1957
54031 1957
54032 1957
54033 1957
54034 1957
54035 1957
54036 1957
54037 1957
54038 1957
54039 1957
54040 1957
54041 1957
54042 1957
54043 1957
54044 1957
54045 1957
54046 1957
54047 1957
54048 1957
54049 1957
54050 1957
54051 1957
54052 1957
54053 1957
54054 1957
54055 1957
54056 1957
54057 1957
54058 1957
54059 1957
54060 1957
54061 1957
54062 1957
54063 1957
54064 1957
54065 1957
54066 1957
54067 1957
54068 1957
54069 1957
54070 1957
54071 1957
54072 1957
54073 1957
54074 1957
54075 1957
54076 1957
54077 1957
54078 1957
54079 1957
54080 1957
54081 1957
54082 1957
54083 1957
54084 1957
54085 1957
54086 1957
54087 1957
54088 1957
54089 1957
54090 1957
54091 1957
54092 1957
54093 1957
54094 1957
54095 1957
54096 1957
54097 1957
54098 1957
54099 1957
54100 1957
54101 1957
54102 1957
54103 1957
54104 1957
54105 1957
54106 1957
54107 1957
54108 1957
54109 1957
54110 1957
54111 1957
54112 1957
54113 1957
54114 1957
54115 1957
54116 1957
54117 1957
54118 1957
54119 1957
54120 1957
54121 1957
54122 1957
54123 1957
54124 1957
54125 1957
54126 1957
54127 1957
54128 1957
54129 1957
54130 1957
54131 1957
54132 1957
54133 1957
54134 1957
54135 1957
54136 1957
54137 1957
54138 1957
54139 1957
54140 1957
54141 1957
54142 1957
54143 1957
54144 1957
54145 1957
54146 1957
54147 1957
54148 1957
54149 1957
54150 1957
54151 1957
54152 1957
54153 1957
54154 1957
54155 1957
54156 1957
54157 1957
54158 1957
54159 1957
54160 1957
54161 1957
54162 1957
54163 1957
54164 1957
54165 1957
54166 1957
54167 1957
54168 1957
54169 1957
54170 1957
54171 1957
54172 1957
54173 1957
54174 1957
54175 1957
54176 1957
54177 1957
54178 1957
54179 1957
54180 1957
54181 1957
54182 1957
54183 1957
54184 1957
54185 1957
54186 1957
54187 1957
54188 1957
54189 1957
54190 1957
54191 1957
54192 1957
54193 1957
54194 1957
54195 1957
54196 1957
54197 1957
54198 1957
54199 1957
54200 1957
54201 1957
54202 1957
54203 1957
54204 1957
54205 1957
54206 1957
54207 1957
54208 1957
54209 1957
54210 1957
54211 1957
54212 1957
54213 1957
54214 1957
54215 1957
54216 1957
54217 1957
54218 1957
54219 1957
54220 1957
54221 1957
54222 1957
54223 1957
54224 1957
54225 1957
54226 1957
54227 1957
54228 1957
54229 1957
54230 1957
54231 1957
54232 1957
54233 1957
54234 1957
54235 1957
54236 1957
54237 1956
54238 1956
54239 1956
54240 1956
54241 1956
54242 1956
54243 1956
54244 1956
54245 1956
54246 1956
54247 1956
54248 1956
54249 1956
54250 1956
54251 1956
54252 1956
54253 1956
54254 1956
54255 1956
54256 1956
54257 1956
54258 1956
54259 1949
54260 1949
54261 1949
54262 1949
54263 1949
54264 1949
54265 1949
54266 1949
54267 1949
54268 1949
54269 1949
54270 1949
54271 1949
54272 1949
54273 1949
54274 1949
54275 1949
54276 1949
54277 1949
54278 1949
54279 1949
54280 1949
54281 1949
54282 1949
54283 1949
54284 1949
54285 1949
54286 1949
54287 1949
54288 1949
54289 1949
54290 1930
54291 1930
54292 1930
54293 1930
54294 1930
54295 1930
54296 1930
54297 1930
54298 1930
54299 1930
54300 1930
54301 1930
54302 1930
54303 1930
54304 1930
54305 1930
54306 1930
54307 1930
54308 1930
54309 1930
54310 1930
54311 1930
54312 1930
54313 1930
54314 1930
54315 1930
54316 1930
54317 1930
54318 1930
54319 1930
54320 1930
54321 1930
54322 1930
54323 1930
54324 1930
54325 1930
54326 1930
54327 1930
54328 1930
54329 1930
54330 1930
54331 1930
54332 1930
54333 1930
54334 1930
54335 1930
54336 1930
54337 1930
54338 1930
54339 1930
54340 1930
54341 1930
54342 1930
54343 1930
54344 1930
54345 1930
54346 1930
54347 1930
54348 1930
54349 1930
54350 1930
54351 1930
54352 1930
54353 1930
54354 1930
54355 1930
54356 1930
54357 1930
54358 1930
54359 1930
54360 1930
54361 1930
54362 1930
54363 1930
54364 1930
54365 1930
54366 1930
54367 1930
54368 1930
54369 1930
54370 1930
54371 1930
54372 1930
54373 1930
54374 1930
54375 1930
54376 1930
54377 1930
54378 1930
54379 1930
54380 1930
54381 1930
54382 1930
54383 1930
54384 1930
54385 1930
54386 1930
54387 1930
54388 1930
54389 1930
54390 1930
54391 1930
54392 1930
54393 1930
54394 1930
54395 1930
54396 1930
54397 1930
54398 1930
54399 1930
54400 1930
54401 1930
54402 1930
54403 1930
54404 1930
54405 1930
54406 1930
54407 1930
54408 1930
54409 1930
54410 1930
54411 1930
54412 1930
54413 1930
54414 1930
54415 1930
54416 1930
54417 1930
54418 1930
54419 1930
54420 1930
54421 1930
54422 1930
54423 1930
54424 1930
54425 1930
54426 1930
54427 1930
54428 1930
54429 1930
54430 1930
54431 1930
54432 1930
54433 1930
54434 1930
54435 1930
54436 1930
54437 1930
54438 1930
54439 1930
54440 1930
54441 1930
54442 1930
54443 1930
54444 1930
54445 1930
54446 1930
54447 1930
54448 1930
54449 1930
54450 1930
54451 1930
54452 1930
54453 1930
54454 1930
54455 1930
54456 1930
54457 1930
54458 1930
54459 1930
54460 1930
54461 1930
54462 1930
54463 1930
54464 1930
54465 1930
54466 1930
54467 1930
54468 1930
54469 1930
54470 1930
54471 1930
54472 1930
54473 1930
54474 1930
54475 1930
54476 1930
54477 1930
54478 1930
54479 1930
54480 1930
54481 1930
54482 1930
54483 1930
54484 1930
54485 1930
54486 1930
54487 1930
54488 1930
54489 1930
54490 1930
54491 1930
54492 1930
54493 1930
54494 1930
54495 1930
54496 1930
54497 1930
54498 1930
54499 1930
54500 1930
54501 1930
54502 1930
54503 1930
54504 1930
54505 1930
54506 1930
54507 1930
54508 1930
54509 1930
54510 1930
54511 1930
54512 1930
54513 1930
54514 1930
54515 1930
54516 1930
54517 1930
54518 1930
54519 1930
54520 1930
54521 1930
54522 1930
54523 1930
54524 1930
54525 1930
54526 1930
54527 1930
54528 1930
54529 1930
54530 1930
54531 1930
54532 1930
54533 1930
54534 1930
54535 1930
54536 1930
54537 1930
54538 1930
54539 1930
54540 1930
54541 1930
54542 1930
54543 1930
54544 1930
54545 1930
54546 1930
54547 1930
54548 1930
54549 1930
54550 1930
54551 1930
54552 1930
54553 1930
54554 1930
54555 1930
54556 1930
54557 1930
54558 1930
54559 1930
54560 1930
54561 1930
54562 1930
54563 1930
54564 1930
54565 1930
54566 1930
54567 1930
54568 1930
54569 1930
54570 1930
54571 1930
54572 1930
54573 1930
54574 1930
54575 1930
54576 1930
54577 1930
54578 1930
54579 1930
54580 1930
54581 1930
54582 1930
54583 1930
54584 1930
54585 1930
54586 1930
54587 1930
54588 1930
54589 1930
54590 1930
54591 1930
54592 1930
54593 1930
54594 1930
54595 1930
54596 1930
54597 1930
54598 1930
54599 1930
54600 1930
54601 1930
54602 1930
54603 1930
54604 1930
54605 1930
54606 1930
54607 1930
54608 1930
54609 1930
54610 1930
54611 1930
54612 1930
54613 1930
54614 1930
54615 1930
54616 1930
54617 1930
54618 1930
54619 1930
54620 1930
54621 1930
54622 1930
54623 1930
54624 1930
54625 1930
54626 1930
54627 1930
54628 1930
54629 1930
54630 1930
54631 1930
54632 1930
54633 1930
54634 1930
54635 1930
54636 1930
54637 1930
54638 1930
54639 1930
54640 1930
54641 1930
54642 1930
54643 1930
54644 1930
54645 1930
54646 1930
54647 1930
54648 1930
54649 1930
54650 1930
54651 1930
54652 1930
54653 1930
54654 1930
54655 1930
54656 1930
54657 1930
54658 1930
54659 1930
54660 1930
54661 1930
54662 1930
54663 1930
54664 1930
54665 1930
54666 1930
54667 1930
54668 1930
54669 1930
54670 1930
54671 1930
54672 1930
54673 1930
54674 1930
54675 1930
54676 1930
54677 1930
54678 1930
54679 1930
54680 1930
54681 1930
54682 1930
54683 1930
54684 1930
54685 1930
54686 1930
54687 1930
54688 1930
54689 1930
54690 1930
54691 1930
54692 1930
54693 1930
54694 1930
54695 1930
54696 1930
54697 1930
54698 1930
54699 1930
54700 1930
54701 1930
54702 1930
54703 1930
54704 1930
54705 1930
54706 1930
54707 1930
54708 1930
54709 1930
54710 1930
54711 1930
54712 1930
54713 1930
54714 1930
54715 1930
54716 1930
54717 1930
54718 1930
54719 1930
54720 1930
54721 1930
54722 1930
54723 1930
54724 1930
54725 1930
54726 1930
54727 1930
54728 1930
54729 1930
54730 1930
54731 1930
54732 1930
54733 1930
54734 1930
54735 1930
54736 1930
54737 1930
54738 1930
54739 1930
54740 1930
54741 1930
54742 1930
54743 1930
54744 1930
54745 1930
54746 1930
54747 1930
54748 1930
54749 1930
54750 1930
54751 1930
54752 1930
54753 1930
54754 1930
54755 1930
54756 1930
54757 1930
54758 1930
54759 1930
54760 1930
54761 1930
54762 1930
54763 1930
54764 1930
54765 1930
54766 1930
54767 1930
54768 1930
54769 1930
54770 1930
54771 1930
54772 1930
54773 1930
54774 1930
54775 1930
54776 1930
54777 1930
54778 1930
54779 1930
54780 1930
54781 1930
54782 1930
54783 1930
54784 1930
54785 1930
54786 1930
54787 1930
54788 1930
54789 1930
54790 1930
54791 1930
54792 1930
54793 1930
54794 1930
54795 1930
54796 1930
54797 1930
54798 1930
54799 1930
54800 1930
54801 1930
54802 1930
54803 1930
54804 1930
54805 1930
54806 1930
54807 1930
54808 1930
54809 1930
54810 1930
54811 1930
54812 1930
54813 1930
54814 1930
54815 1930
54816 1930
54817 1930
54818 1930
54819 1930
54820 1930
54821 1930
54822 1930
54823 1930
54824 1930
54825 1930
54826 1930
54827 1930
54828 1930
54829 1930
54830 1930
54831 1930
54832 1930
54833 1930
54834 1930
54835 1930
54836 1930
54837 1930
54838 1930
54839 1930
54840 1930
54841 1930
54842 1930
54843 1930
54844 1930
54845 1930
54846 1930
54847 1930
54848 1930
54849 1930
54850 1930
54851 1930
54852 1930
54853 1930
54854 1930
54855 1930
54856 1930
54857 1930
54858 1930
54859 1930
54860 1930
54861 1930
54862 1930
54863 1930
54864 1930
54865 1930
54866 1930
54867 1930
54868 1930
54869 1930
54870 1930
54871 1930
54872 1930
54873 1930
54874 1930
54875 1930
54876 1930
54877 1930
54878 1930
54879 1930
54880 1930
54881 1930
54882 1930
54883 1930
54884 1930
54885 1930
54886 1930
54887 1930
54888 1930
54889 1930
54890 1930
54891 1930
54892 1930
54893 1929
54894 1929
54895 1929
54896 1929
54897 1929
54898 1929
54899 1929
54900 1929
54901 1929
54902 1929
54903 1929
54904 1929
54905 1929
54906 1929
54907 1929
54908 1929
54909 1929
54910 1929
54911 1929
54912 1929
54913 1929
54914 1929
54915 1929
54916 1929
54917 1929
54918 1929
54919 1929
54920 1929
54921 1929
54922 1929
54923 1929
54924 1929
54925 1929
54926 1929
54927 1929
54928 1929
54929 1929
54930 1929
54931 1929
54932 1929
54933 1929
54934 1929
54935 1929
54936 1929
54937 1929
54938 1929
54939 1929
54940 1929
54941 1929
54942 1929
54943 1929
54944 1929
54945 1929
54946 1929
54947 1929
54948 1929
54949 1929
54950 1929
54951 1929
54952 1929
54953 1929
54954 1929
54955 1929
54956 1929
54957 1929
54958 1929
54959 1929
54960 1929
54961 1929
54962 1929
54963 1929
54964 1929
54965 1929
54966 1929
54967 1929
54968 1929
54969 1929
54970 1929
54971 1929
54972 1929
54973 1929
54974 1929
54975 1929
54976 1929
54977 1929
54978 1929
54979 1929
54980 1929
54981 1929
54982 1929
54983 1929
54984 1929
54985 1929
54986 1929
54987 1929
54988 1929
54989 1929
54990 1929
54991 1929
54992 1929
54993 1929
54994 1929
54995 1929
54996 1929
54997 1929
54998 1929
54999 1929
55000 1929
55001 1929
55002 1929
55003 1929
55004 1929
55005 1929
55006 1929
55007 1929
55008 1929
55009 1929
55010 1929
55011 1929
55012 1929
55013 1929
55014 1929
55015 1929
55016 1929
55017 1929
55018 1929
55019 1929
55020 1929
55021 1929
55022 1929
55023 1929
55024 1929
55025 1929
55026 1929
55027 1929
55028 1929
55029 1929
55030 1929
55031 1929
55032 1929
55033 1929
55034 1929
55035 1929
55036 1929
55037 1929
55038 1929
55039 1929
55040 1929
55041 1929
55042 1929
55043 1929
55044 1929
55045 1929
55046 1929
55047 1929
55048 1929
55049 1929
55050 1929
55051 1929
55052 1929
55053 1929
55054 1929
55055 1929
55056 1929
55057 1929
55058 1929
55059 1929
55060 1929
55061 1929
55062 1929
55063 1929
55064 1929
55065 1929
55066 1929
55067 1929
55068 1929
55069 1929
55070 1929
55071 1929
55072 1929
55073 1929
55074 1929
55075 1929
55076 1929
55077 1929
55078 1929
55079 1929
55080 1929
55081 1929
55082 1929
55083 1929
55084 1929
55085 1929
55086 1929
55087 1929
55088 1929
55089 1929
55090 1929
55091 1929
55092 1929
55093 1929
55094 1929
55095 1929
55096 1929
55097 1929
55098 1929
55099 1929
55100 1929
55101 1929
55102 1929
55103 1929
55104 1929
55105 1929
55106 1929
55107 1929
55108 1929
55109 1929
55110 1929
55111 1929
55112 1929
55113 1929
55114 1929
55115 1929
55116 1929
55117 1929
55118 1929
55119 1929
55120 1929
55121 1929
55122 1929
55123 1929
55124 1929
55125 1929
55126 1929
55127 1929
55128 1929
55129 1929
55130 1929
55131 1929
55132 1929
55133 1929
55134 1929
55135 1929
55136 1929
55137 1929
55138 1929
55139 1929
55140 1929
55141 1929
55142 1929
55143 1929
55144 1929
55145 1929
55146 1929
55147 1929
55148 1929
55149 1929
55150 1929
55151 1929
55152 1929
55153 1929
55154 1929
55155 1929
55156 1929
55157 1929
55158 1929
55159 1929
55160 1929
55161 1929
55162 1929
55163 1929
55164 1929
55165 1929
55166 1929
55167 1929
55168 1929
55169 1929
55170 1929
55171 1929
55172 1929
55173 1929
55174 1929
55175 1929
55176 1929
55177 1929
55178 1929
55179 1929
55180 1929
55181 1929
55182 1929
55183 1929
55184 1929
55185 1929
55186 1929
55187 1929
55188 1929
55189 1929
55190 1929
55191 1929
55192 1929
55193 1929
55194 1929
55195 1929
55196 1929
55197 1929
55198 1929
55199 1929
55200 1929
55201 1929
55202 1929
55203 1929
55204 1929
55205 1929
55206 1929
55207 1929
55208 1929
55209 1929
55210 1929
55211 1929
55212 1929
55213 1929
55214 1929
55215 1929
55216 1929
55217 1929
55218 1929
55219 1929
55220 1929
55221 1929
55222 1929
55223 1929
55224 1929
55225 1929
55226 1929
55227 1929
55228 1929
55229 1929
55230 1929
55231 1929
55232 1929
55233 1929
55234 1929
55235 1929
55236 1929
55237 1929
55238 1929
55239 1929
55240 1929
55241 1929
55242 1929
55243 1929
55244 1929
55245 1929
55246 1929
55247 1929
55248 1929
55249 1929
55250 1929
55251 1929
55252 1929
55253 1929
55254 1929
55255 1929
55256 1929
55257 1929
55258 1929
55259 1929
55260 1929
55261 1929
55262 1929
55263 1929
55264 1929
55265 1929
55266 1929
55267 1929
55268 1929
55269 1929
55270 1929
55271 1929
55272 1929
55273 1929
55274 1929
55275 1929
55276 1929
55277 1929
55278 1929
55279 1929
55280 1929
55281 1929
55282 1929
55283 1929
55284 1929
55285 1929
55286 1929
55287 1929
55288 1929
55289 1929
55290 1929
55291 1929
55292 1929
55293 1929
55294 1929
55295 1929
55296 1929
55297 1929
55298 1929
55299 1929
55300 1929
55301 1929
55302 1929
55303 1929
55304 1929
55305 1929
55306 1929
55307 1929
55308 1929
55309 1929
55310 1929
55311 1929
55312 1929
55313 1929
55314 1929
55315 1929
55316 1929
55317 1929
55318 1929
55319 1929
55320 1929
55321 1929
55322 1929
55323 1929
55324 1929
55325 1929
55326 1929
55327 1929
55328 1929
55329 1929
55330 1929
55331 1929
55332 1929
55333 1929
55334 1929
55335 1929
55336 1929
55337 1929
55338 1929
55339 1929
55340 1929
55341 1929
55342 1929
55343 1929
55344 1929
55345 1929
55346 1929
55347 1929
55348 1929
55349 1929
55350 1929
55351 1929
55352 1929
55353 1929
55354 1929
55355 1929
55356 1929
55357 1929
55358 1929
55359 1929
55360 1929
55361 1929
55362 1929
55363 1929
55364 1929
55365 1929
55366 1929
55367 1929
55368 1929
55369 1929
55370 1929
55371 1929
55372 1929
55373 1929
55374 1929
55375 1929
55376 1929
55377 1929
55378 1929
55379 1929
55380 1929
55381 1929
55382 1929
55383 1929
55384 1929
55385 1929
55386 1929
55387 1929
55388 1929
55389 1929
55390 1929
55391 1929
55392 1929
55393 1929
55394 1929
55395 1929
55396 1929
55397 1929
55398 1929
55399 1929
55400 1929
55401 1929
55402 1929
55403 1929
55404 1929
55405 1929
55406 1929
55407 1929
55408 1929
55409 1929
55410 1929
55411 1929
55412 1929
55413 1929
55414 1929
55415 1929
55416 1929
55417 1929
55418 1929
55419 1929
55420 1929
55421 1929
55422 1929
55423 1929
55424 1929
55425 1929
55426 1929
55427 1929
55428 1929
55429 1929
55430 1929
55431 1929
55432 1929
55433 1929
55434 1929
55435 1929
55436 1929
55437 1929
55438 1929
55439 1929
55440 1929
55441 1929
55442 1929
55443 1929
55444 1929
55445 1929
55446 1929
55447 1929
55448 1929
55449 1929
55450 1929
55451 1929
55452 1929
55453 1929
55454 1929
55455 1929
55456 1929
55457 1929
55458 1929
55459 1929
55460 1929
55461 1929
55462 1929
55463 1929
55464 1929
55465 1929
55466 1929
55467 1929
55468 1929
55469 1929
55470 1929
55471 1929
55472 1929
55473 1929
55474 1929
55475 1929
55476 1929
55477 1929
55478 1929
55479 1929
55480 1929
55481 1929
55482 1929
55483 1929
55484 1929
55485 1929
55486 1929
55487 1929
55488 1929
55489 1929
55490 1929
55491 1929
55492 1929
55493 1929
55494 1929
55495 1929
55496 1929
55497 1929
55498 1929
55499 1929
55500 1929
55501 1929
55502 1929
55503 1929
55504 1929
55505 1929
55506 1929
55507 1929
55508 1929
55509 1929
55510 1929
55511 1929
55512 1929
55513 1929
55514 1929
55515 1929
55516 1923
55517 1923
55518 1923
55519 1923
55520 1923
55521 1923
55522 1923
55523 1923
55524 1923
55525 1923
55526 1923
55527 1923
55528 1923
55529 1923
55530 1923
55531 1923
55532 1923
55533 1923
55534 1923
55535 1923
55536 1923
55537 1923
55538 1923
55539 1923
55540 1923
55541 1923
55542 1923
55543 1923
55544 1923
55545 1923
55546 1923
55547 1923
55548 1923
55549 1923
55550 1923
55551 1923
55552 1923
55553 1923
55554 1923
55555 1923
55556 1923
55557 1923
55558 1923
55559 1923
55560 1923
55561 1923
55562 1923
55563 1923
55564 1923
55565 1923
55566 1923
55567 1923
55568 1923
55569 1923
55570 1923
55571 1923
55572 1923
55573 1923
55574 1923
55575 1923
55576 1923
55577 1923
55578 1923
55579 1923
55580 1923
55581 1923
55582 1923
55583 1923
55584 1923
55585 1923
55586 1923
55587 1923
55588 1923
55589 1923
55590 1923
55591 1923
55592 1923
55593 1923
55594 1923
55595 1923
55596 1923
55597 1923
55598 1923
55599 1923
55600 1923
55601 1923
55602 1923
55603 1923
55604 1923
55605 1923
55606 1923
55607 1923
55608 1923
55609 1923
55610 1923
55611 1923
55612 1923
55613 1923
55614 1923
55615 1923
55616 1923
55617 1923
55618 1923
55619 1923
55620 1923
55621 1923
55622 1923
55623 1923
55624 1923
55625 1923
55626 1923
55627 1923
55628 1923
55629 1923
55630 1923
55631 1923
55632 1923
55633 1923
55634 1923
55635 1923
55636 1923
55637 1923
55638 1923
55639 1923
55640 1923
55641 1923
55642 1923
55643 1923
55644 1923
55645 1923
55646 1923
55647 1923
55648 1923
55649 1923
55650 1923
55651 1923
55652 1923
55653 1923
55654 1923
55655 1923
55656 1923
55657 1923
55658 1923
55659 1923
55660 1923
55661 1923
55662 1923
55663 1923
55664 1923
55665 1923
55666 1923
55667 1923
55668 1923
55669 1923
55670 1923
55671 1923
55672 1923
55673 1923
55674 1923
55675 1923
55676 1923
55677 1923
55678 1923
55679 1923
55680 1923
55681 1923
55682 1923
55683 1923
55684 1923
55685 1923
55686 1923
55687 1923
55688 1923
55689 1923
55690 1923
55691 1923
55692 1923
55693 1923
55694 1923
55695 1923
55696 1923
55697 1923
55698 1923
55699 1923
55700 1923
55701 1923
55702 1923
55703 1923
55704 1923
55705 1923
55706 1923
55707 1923
55708 1923
55709 1923
55710 1923
55711 1923
55712 1923
55713 1923
55714 1923
55715 1923
55716 1923
55717 1923
55718 1923
55719 1923
55720 1923
55721 1923
55722 1923
55723 1923
55724 1923
55725 1923
55726 1923
55727 1923
55728 1923
55729 1923
55730 1923
55731 1923
55732 1923
55733 1923
55734 1923
55735 1923
55736 1923
55737 1923
55738 1923
55739 1923
55740 1923
55741 1923
55742 1923
55743 1923
55744 1923
55745 1923
55746 1923
55747 1923
55748 1923
55749 1923
55750 1923
55751 1923
55752 1923
55753 1923
55754 1923
55755 1923
55756 1923
55757 1923
55758 1923
55759 1923
55760 1923
55761 1923
55762 1923
55763 1923
55764 1923
55765 1923
55766 1923
55767 1923
55768 1923
55769 1923
55770 1923
55771 1923
55772 1923
55773 1923
55774 1923
55775 1923
55776 1923
55777 1923
55778 1923
55779 1923
55780 1923
55781 1923
55782 1923
55783 1923
55784 1923
55785 1923
55786 1923
55787 1923
55788 1923
55789 1923
55790 1923
55791 1923
55792 1923
55793 1923
55794 1923
55795 1923
55796 1923
55797 1923
55798 1923
55799 1923
55800 1923
55801 1923
55802 1923
55803 1923
55804 1923
55805 1923
55806 1923
55807 1923
55808 1923
55809 1923
55810 1923
55811 1923
55812 1923
55813 1923
55814 1923
55815 1923
55816 1923
55817 1923
55818 1923
55819 1923
55820 1923
55821 1923
55822 1923
55823 1923
55824 1923
55825 1923
55826 1923
55827 1923
55828 1923
55829 1923
55830 1923
55831 1923
55832 1923
55833 1923
55834 1923
55835 1923
55836 1923
55837 1923
55838 1923
55839 1923
55840 1923
55841 1923
55842 1923
55843 1923
55844 1923
55845 1923
55846 1920
55847 1920
55848 1920
55849 1920
55850 1920
55851 1920
55852 1920
55853 1920
55854 1920
55855 1920
55856 1920
55857 1920
55858 1920
55859 1920
55860 1920
55861 1920
55862 1920
55863 1920
55864 1920
55865 1920
55866 1920
55867 1920
55868 1920
55869 1920
55870 1920
55871 1920
55872 1920
55873 1920
55874 1920
55875 1920
55876 1920
55877 1920
55878 1920
55879 1920
55880 1920
55881 1920
55882 1920
55883 1920
55884 1920
55885 1920
55886 1920
55887 1920
55888 1920
55889 1920
55890 1920
55891 1920
55892 1920
55893 1920
55894 1920
55895 1920
55896 1920
55897 1920
55898 1920
55899 1920
55900 1920
55901 1920
55902 1920
55903 1920
55904 1920
55905 1920
55906 1920
55907 1920
55908 1920
55909 1920
55910 1920
55911 1920
55912 1920
55913 1920
55914 1920
55915 1920
55916 1920
55917 1920
55918 1920
55919 1920
55920 1920
55921 1920
55922 1920
55923 1920
55924 1920
55925 1920
55926 1920
55927 1920
55928 1920
55929 1920
55930 1920
55931 1920
55932 1920
55933 1920
55934 1920
55935 1920
55936 1920
55937 1920
55938 1920
55939 1920
55940 1920
55941 1920
55942 1920
55943 1920
55944 1920
55945 1920
55946 1920
55947 1920
55948 1920
55949 1920
55950 1920
55951 1920
55952 1920
55953 1920
55954 1920
55955 1920
55956 1920
55957 1920
55958 1920
55959 1920
55960 1920
55961 1920
55962 1920
55963 1920
55964 1920
55965 1920
55966 1920
55967 1920
55968 1920
55969 1920
55970 1920
55971 1920
55972 1920
55973 1920
55974 1920
55975 1920
55976 1920
55977 1920
55978 1920
55979 1920
55980 1920
55981 1920
55982 1920
55983 1920
55984 1920
55985 1920
55986 1920
55987 1920
55988 1920
55989 1920
55990 1920
55991 1920
55992 1920
55993 1920
55994 1920
55995 1920
55996 1920
55997 1920
55998 1920
55999 1920
56000 1920
56001 1920
56002 1920
56003 1920
56004 1920
56005 1920
56006 1920
56007 1920
56008 1920
56009 1920
56010 1920
56011 1920
56012 1920
56013 1920
56014 1920
56015 1920
56016 1920
56017 1920
56018 1920
56019 1920
56020 1920
56021 1920
56022 1920
56023 1920
56024 1920
56025 1920
56026 1920
56027 1920
56028 1920
56029 1920
56030 1920
56031 1920
56032 1920
56033 1920
56034 1920
56035 1920
56036 1920
56037 1920
56038 1920
56039 1920
56040 1920
56041 1920
56042 1920
56043 1920
56044 1920
56045 1920
56046 1920
56047 1920
56048 1920
56049 1920
56050 1920
56051 1920
56052 1920
56053 1920
56054 1920
56055 1920
56056 1920
56057 1920
56058 1920
56059 1920
56060 1920
56061 1920
56062 1920
56063 1920
56064 1920
56065 1920
56066 1920
56067 1920
56068 1920
56069 1920
56070 1920
56071 1920
56072 1920
56073 1920
56074 1920
56075 1920
56076 1920
56077 1920
56078 1920
56079 1920
56080 1920
56081 1920
56082 1920
56083 1920
56084 1920
56085 1920
56086 1920
56087 1920
56088 1920
56089 1920
56090 1920
56091 1920
56092 1920
56093 1920
56094 1920
56095 1920
56096 1920
56097 1920
56098 1920
56099 1920
56100 1920
56101 1920
56102 1920
56103 1920
56104 1920
56105 1920
56106 1920
56107 1920
56108 1920
56109 1920
56110 1920
56111 1920
56112 1920
56113 1920
56114 1920
56115 1920
56116 1920
56117 1920
56118 1920
56119 1920
56120 1920
56121 1920
56122 1920
56123 1920
56124 1920
56125 1920
56126 1920
56127 1920
56128 1920
56129 1920
56130 1920
56131 1920
56132 1920
56133 1920
56134 1920
56135 1920
56136 1920
56137 1920
56138 1920
56139 1920
56140 1920
56141 1920
56142 1920
56143 1920
56144 1920
56145 1920
56146 1920
56147 1920
56148 1920
56149 1920
56150 1920
56151 1920
56152 1920
56153 1920
56154 1920
56155 1920
56156 1920
56157 1920
56158 1920
56159 1920
56160 1920
56161 1920
56162 1920
56163 1920
56164 1920
56165 1920
56166 1920
56167 1920
56168 1920
56169 1920
56170 1920
56171 1920
56172 1920
56173 1920
56174 1920
56175 1920
56176 1920
56177 1920
56178 1920
56179 1920
56180 1920
56181 1920
56182 1920
56183 1920
56184 1920
56185 1920
56186 1920
56187 1920
56188 1920
56189 1920
56190 1920
56191 1920
56192 1920
56193 1920
56194 1920
56195 1920
56196 1920
56197 1920
56198 1920
56199 1920
56200 1920
56201 1920
56202 1920
56203 1920
56204 1920
56205 1920
56206 1920
56207 1920
56208 1920
56209 1920
56210 1920
56211 1920
56212 1920
56213 1920
56214 1920
56215 1920
56216 1920
56217 1920
56218 1920
56219 1920
56220 1920
56221 1920
56222 1920
56223 1920
56224 1920
56225 1920
56226 1920
56227 1920
56228 1920
56229 1920
56230 1920
56231 1920
56232 1920
56233 1920
56234 1920
56235 1920
56236 1920
56237 1920
56238 1920
56239 1920
56240 1920
56241 1920
56242 1920
56243 1920
56244 1920
56245 1920
56246 1920
56247 1920
56248 1920
56249 1920
56250 1920
56251 1920
56252 1920
56253 1920
56254 1920
56255 1920
56256 1920
56257 1920
56258 1920
56259 1920
56260 1920
56261 1920
56262 1920
56263 1920
56264 1920
56265 1920
56266 1920
56267 1920
56268 1920
56269 1920
56270 1920
56271 1920
56272 1920
56273 1920
56274 1920
56275 1920
56276 1920
56277 1920
56278 1920
56279 1920
56280 1920
56281 1920
56282 1920
56283 1920
56284 1920
56285 1920
56286 1920
56287 1920
56288 1920
56289 1920
56290 1920
56291 1920
56292 1920
56293 1920
56294 1920
56295 1920
56296 1920
56297 1920
56298 1920
56299 1920
56300 1920
56301 1920
56302 1920
56303 1920
56304 1920
56305 1920
56306 1920
56307 1920
56308 1920
56309 1920
56310 1920
56311 1920
56312 1920
56313 1920
56314 1920
56315 1920
56316 1920
56317 1920
56318 1920
56319 1920
56320 1920
56321 1920
56322 1920
56323 1920
56324 1920
56325 1920
56326 1920
56327 1920
56328 1920
56329 1920
56330 1920
56331 1920
56332 1920
56333 1920
56334 1920
56335 1920
56336 1920
56337 1920
56338 1920
56339 1920
56340 1920
56341 1920
56342 1920
56343 1920
56344 1920
56345 1920
56346 1920
56347 1920
56348 1920
56349 1920
56350 1920
56351 1920
56352 1920
56353 1920
56354 1920
56355 1920
56356 1920
56357 1920
56358 1920
56359 1920
56360 1920
56361 1920
56362 1920
56363 1920
56364 1920
56365 1920
56366 1920
56367 1920
56368 1920
56369 1920
56370 1920
56371 1920
56372 1920
56373 1920
56374 1920
56375 1920
56376 1920
56377 1920
56378 1920
56379 1920
56380 1920
56381 1920
56382 1920
56383 1920
56384 1920
56385 1920
56386 1920
56387 1920
56388 1920
56389 1920
56390 1920
56391 1920
56392 1920
56393 1920
56394 1920
56395 1920
56396 1920
56397 1920
56398 1920
56399 1920
56400 1920
56401 1920
56402 1920
56403 1920
56404 1920
56405 1920
56406 1920
56407 1920
56408 1920
56409 1920
56410 1920
56411 1920
56412 1920
56413 1920
56414 1920
56415 1920
56416 1920
56417 1920
56418 1920
56419 1920
56420 1920
56421 1920
56422 1920
56423 1920
56424 1920
56425 1920
56426 1920
56427 1920
56428 1920
56429 1920
56430 1920
56431 1920
56432 1920
56433 1920
56434 1920
56435 1920
56436 1920
56437 1920
56438 1920
56439 1920
56440 1920
56441 1920
56442 1920
56443 1920
56444 1920
56445 1920
56446 1920
56447 1920
56448 1920
56449 1920
56450 1920
56451 1920
56452 1920
56453 1920
56454 1920
56455 1920
56456 1920
56457 1920
56458 1920
56459 1920
56460 1920
56461 1920
56462 1920
56463 1920
56464 1920
56465 1920
56466 1920
56467 1920
56468 1920
56469 1920
56470 1920
56471 1920
56472 1920
56473 1920
56474 1920
56475 1920
56476 1920
56477 1920
56478 1920
56479 1920
56480 1920
56481 1920
56482 1920
56483 1920
56484 1920
56485 1920
56486 1920
56487 1920
56488 1920
56489 1920
56490 1920
56491 1920
56492 1920
56493 1920
56494 1920
56495 1920
56496 1920
56497 1920
56498 1920
56499 1920
56500 1920
56501 1920
56502 1920
56503 1920
56504 1920
56505 1920
56506 1920
56507 1920
56508 1920
56509 1920
56510 1920
56511 1920
56512 1920
56513 1920
56514 1920
56515 1920
56516 1920
56517 1920
56518 1920
56519 1920
56520 1920
56521 1920
56522 1920
56523 1920
56524 1920
56525 1920
56526 1920
56527 1920
56528 1920
56529 1920
56530 1920
56531 1920
56532 1920
56533 1920
56534 1920
56535 1920
56536 1920
56537 1920
56538 1920
56539 1920
56540 1920
56541 1920
56542 1920
56543 1920
56544 1920
56545 1920
56546 1920
56547 1920
56548 1920
56549 1920
56550 1920
56551 1920
56552 1920
56553 1920
56554 1920
56555 1920
56556 1920
56557 1920
56558 1920
56559 1920
56560 1920
56561 1920
56562 1920
56563 1920
56564 1920
56565 1920
56566 1920
56567 1920
56568 1920
56569 1920
56570 1920
56571 1920
56572 1920
56573 1920
56574 1920
56575 1920
56576 1920
56577 1920
56578 1920
56579 1920
56580 1920
56581 1920
56582 1920
56583 1920
56584 1920
56585 1920
56586 1920
56587 1920
56588 1920
56589 1920
56590 1920
56591 1920
56592 1920
56593 1920
56594 1920
56595 1920
56596 1920
56597 1920
56598 1920
56599 1920
56600 1920
56601 1920
56602 1920
56603 1920
56604 1920
56605 1920
56606 1920
56607 1920
56608 1920
56609 1920
56610 1920
56611 1920
56612 1920
56613 1920
56614 1920
56615 1920
56616 1920
56617 1920
56618 1920
56619 1920
56620 1920
56621 1920
56622 1920
56623 1920
56624 1920
56625 1920
56626 1920
56627 1920
56628 1920
56629 1920
56630 1920
56631 1920
56632 1920
56633 1920
56634 1920
56635 1920
56636 1920
56637 1920
56638 1920
56639 1920
56640 1920
56641 1920
56642 1920
56643 1920
56644 1920
56645 1920
56646 1920
56647 1920
56648 1920
56649 1920
56650 1920
56651 1920
56652 1920
56653 1920
56654 1920
56655 1920
56656 1920
56657 1920
56658 1920
56659 1920
56660 1920
56661 1920
56662 1920
56663 1920
56664 1920
56665 1920
56666 1920
56667 1920
56668 1920
56669 1920
56670 1920
56671 1920
56672 1920
56673 1920
56674 1920
56675 1920
56676 1920
56677 1920
56678 1920
56679 1920
56680 1920
56681 1920
56682 1920
56683 1920
56684 1920
56685 1920
56686 1920
56687 1920
56688 1920
56689 1920
56690 1920
56691 1920
56692 1920
56693 1920
56694 1920
56695 1920
56696 1920
56697 1920
56698 1920
56699 1920
56700 1920
56701 1920
56702 1920
56703 1920
56704 1920
56705 1920
56706 1920
56707 1920
56708 1920
56709 1920
56710 1920
56711 1920
56712 1920
56713 1920
56714 1920
56715 1920
56716 1920
56717 1920
56718 1920
56719 1920
56720 1920
56721 1920
56722 1920
56723 1920
56724 1920
56725 1920
56726 1920
56727 1920
56728 1920
56729 1920
56730 1920
56731 1920
56732 1920
56733 1920
56734 1920
56735 1920
56736 1920
56737 1920
56738 1920
56739 1920
56740 1920
56741 1920
56742 1920
56743 1920
56744 1920
56745 1920
56746 1920
56747 1920
56748 1920
56749 1920
56750 1920
56751 1920
56752 1920
56753 1920
56754 1920
56755 1920
56756 1920
56757 1920
56758 1920
56759 1920
56760 1920
56761 1920
56762 1920
56763 1920
56764 1920
56765 1920
56766 1920
56767 1920
56768 1920
56769 1920
56770 1920
56771 1920
56772 1920
56773 1920
56774 1920
56775 1920
56776 1920
56777 1920
56778 1919
56779 1919
56780 1916
56781 1916
56782 1916
56783 1916
56784 1916
56785 1916
56786 1916
56787 1916
56788 1916
56789 1916
56790 1916
56791 1916
56792 1916
56793 1916
56794 1916
56795 1916
56796 1916
56797 1916
56798 1916
56799 1916
56800 1916
56801 1916
56802 1916
56803 1916
56804 1916
56805 1916
56806 1916
56807 1916
56808 1916
56809 1916
56810 1916
56811 1916
56812 1916
56813 1916
56814 1916
56815 1916
56816 1916
56817 1916
56818 1916
56819 1916
56820 1916
56821 1916
56822 1916
56823 1916
56824 1916
56825 1916
56826 1916
56827 1916
56828 1916
56829 1916
56830 1916
56831 1916
56832 1916
56833 1916
56834 1916
56835 1916
56836 1916
56837 1916
56838 1916
56839 1916
56840 1916
56841 1916
56842 1916
56843 1916
56844 1916
56845 1916
56846 1916
56847 1916
56848 1916
56849 1916
56850 1916
56851 1916
56852 1916
56853 1916
56854 1916
56855 1916
56856 1916
56857 1916
56858 1916
56859 1916
56860 1916
56861 1916
56862 1916
56863 1916
56864 1916
56865 1916
56866 1916
56867 1916
56868 1916
56869 1916
56870 1916
56871 1916
56872 1916
56873 1916
56874 1916
56875 1916
56876 1916
56877 1916
56878 1916
56879 1916
56880 1916
56881 1916
56882 1916
56883 1916
56884 1916
56885 1916
56886 1916
56887 1916
56888 1916
56889 1916
56890 1916
56891 1916
56892 1916
56893 1916
56894 1916
56895 1916
56896 1916
56897 1916
56898 1916
56899 1916
56900 1916
56901 1916
56902 1916
56903 1916
56904 1916
56905 1916
56906 1916
56907 1916
56908 1916
56909 1916
56910 1916
56911 1916
56912 1916
56913 1916
56914 1916
56915 1916
56916 1916
56917 1916
56918 1916
56919 1916
56920 1916
56921 1916
56922 1916
56923 1916
56924 1916
56925 1916
56926 1916
56927 1916
56928 1916
56929 1916
56930 1916
56931 1916
56932 1916
56933 1916
56934 1916
56935 1916
56936 1916
56937 1916
56938 1916
56939 1916
56940 1916
56941 1916
56942 1916
56943 1916
56944 1916
56945 1916
56946 1916
56947 1916
56948 1916
56949 1916
56950 1916
56951 1916
56952 1916
56953 1916
56954 1916
56955 1916
56956 1916
56957 1916
56958 1916
56959 1916
56960 1916
56961 1916
56962 1916
56963 1916
56964 1916
56965 1916
56966 1916
56967 1916
56968 1916
56969 1916
56970 1916
56971 1916
56972 1916
56973 1916
56974 1916
56975 1916
56976 1916
56977 1916
56978 1916
56979 1916
56980 1916
56981 1916
56982 1916
56983 1916
56984 1916
56985 1916
56986 1916
56987 1916
56988 1916
56989 1916
56990 1916
56991 1916
56992 1916
56993 1916
56994 1916
56995 1916
56996 1916
56997 1916
56998 1916
56999 1916
57000 1916
57001 1916
57002 1916
57003 1916
57004 1916
57005 1916
57006 1916
57007 1916
57008 1916
57009 1916
57010 1916
57011 1916
57012 1916
57013 1916
57014 1916
57015 1916
57016 1916
57017 1916
57018 1916
57019 1916
57020 1916
57021 1916
57022 1916
57023 1916
57024 1916
57025 1916
57026 1916
57027 1916
57028 1916
57029 1916
57030 1916
57031 1916
57032 1916
57033 1916
57034 1916
57035 1916
57036 1916
57037 1916
57038 1916
57039 1916
57040 1916
57041 1916
57042 1916
57043 1916
57044 1916
57045 1916
57046 1916
57047 1916
57048 1916
57049 1916
57050 1916
57051 1916
57052 1916
57053 1916
57054 1916
57055 1916
57056 1916
57057 1916
57058 1916
57059 1916
57060 1916
57061 1916
57062 1916
57063 1916
57064 1916
57065 1916
57066 1916
57067 1916
57068 1916
57069 1916
57070 1916
57071 1916
57072 1916
57073 1916
57074 1916
57075 1916
57076 1916
57077 1916
57078 1916
57079 1916
57080 1916
57081 1916
57082 1916
57083 1916
57084 1916
57085 1916
57086 1916
57087 1916
57088 1916
57089 1916
57090 1916
57091 1916
57092 1916
57093 1916
57094 1916
57095 1916
57096 1916
57097 1916
57098 1916
57099 1916
57100 1916
57101 1916
57102 1916
57103 1916
57104 1916
57105 1916
57106 1916
57107 1916
57108 1916
57109 1916
57110 1916
57111 1916
57112 1916
57113 1916
57114 1916
57115 1916
57116 1916
57117 1916
57118 1916
57119 1916
57120 1916
57121 1916
57122 1916
57123 1916
57124 1916
57125 1916
57126 1916
57127 1916
57128 1916
57129 1916
57130 1916
57131 1916
57132 1916
57133 1916
57134 1916
57135 1916
57136 1916
57137 1916
57138 1916
57139 1916
57140 1916
57141 1916
57142 1916
57143 1916
57144 1916
57145 1916
57146 1916
57147 1916
57148 1916
57149 1916
57150 1916
57151 1916
57152 1916
57153 1916
57154 1916
57155 1916
57156 1916
57157 1916
57158 1916
57159 1916
57160 1916
57161 1916
57162 1916
57163 1916
57164 1916
57165 1916
57166 1916
57167 1916
57168 1916
57169 1916
57170 1916
57171 1916
57172 1916
57173 1916
57174 1916
57175 1916
57176 1916
57177 1916
57178 1916
57179 1916
57180 1916
57181 1916
57182 1916
57183 1916
57184 1916
57185 1916
57186 1916
57187 1916
57188 1916
57189 1916
57190 1916
57191 1916
57192 1916
57193 1916
57194 1916
57195 1916
57196 1916
57197 1916
57198 1916
57199 1916
57200 1916
57201 1916
57202 1916
57203 1916
57204 1916
57205 1916
57206 1916
57207 1916
57208 1916
57209 1916
57210 1916
57211 1916
57212 1916
57213 1916
57214 1916
57215 1916
57216 1916
57217 1916
57218 1916
57219 1916
57220 1916
57221 1916
57222 1916
57223 1916
57224 1916
57225 1916
57226 1916
57227 1916
57228 1916
57229 1916
57230 1916
57231 1916
57232 1916
57233 1916
57234 1916
57235 1916
57236 1916
57237 1916
57238 1916
57239 1916
57240 1916
57241 1916
57242 1916
57243 1916
57244 1916
57245 1916
57246 1916
57247 1916
57248 1916
57249 1916
57250 1916
57251 1916
57252 1916
57253 1916
57254 1916
57255 1916
57256 1916
57257 1916
57258 1916
57259 1916
57260 1916
57261 1916
57262 1916
57263 1916
57264 1916
57265 1916
57266 1916
57267 1916
57268 1916
57269 1916
57270 1916
57271 1916
57272 1916
57273 1916
57274 1916
57275 1916
57276 1916
57277 1916
57278 1916
57279 1916
57280 1916
57281 1916
57282 1916
57283 1916
57284 1916
57285 1916
57286 1916
57287 1916
57288 1916
57289 1916
57290 1916
57291 1916
57292 1916
57293 1916
57294 1916
57295 1916
57296 1916
57297 1916
57298 1916
57299 1916
57300 1916
57301 1916
57302 1916
57303 1916
57304 1916
57305 1916
57306 1916
57307 1916
57308 1916
57309 1916
57310 1916
57311 1916
57312 1916
57313 1916
57314 1916
57315 1916
57316 1916
57317 1916
57318 1916
57319 1916
57320 1916
57321 1916
57322 1916
57323 1916
57324 1916
57325 1916
57326 1916
57327 1916
57328 1916
57329 1916
57330 1916
57331 1916
57332 1916
57333 1916
57334 1916
57335 1916
57336 1916
57337 1916
57338 1916
57339 1916
57340 1916
57341 1916
57342 1916
57343 1916
57344 1916
57345 1916
57346 1916
57347 1916
57348 1916
57349 1916
57350 1916
57351 1916
57352 1916
57353 1916
57354 1916
57355 1916
57356 1916
57357 1916
57358 1916
57359 1916
57360 1916
57361 1916
57362 1916
57363 1916
57364 1916
57365 1916
57366 1916
57367 1916
57368 1916
57369 1916
57370 1916
57371 1916
57372 1916
57373 1916
57374 1916
57375 1916
57376 1916
57377 1916
57378 1916
57379 1916
57380 1916
57381 1916
57382 1916
57383 1916
57384 1916
57385 1916
57386 1916
57387 1916
57388 1916
57389 1916
57390 1916
57391 1916
57392 1916
57393 1916
57394 1916
57395 1916
57396 1916
57397 1916
57398 1916
57399 1916
57400 1916
57401 1916
57402 1916
57403 1916
57404 1916
57405 1916
57406 1916
57407 1916
57408 1916
57409 1916
57410 1916
57411 1916
57412 1916
57413 1916
57414 1916
57415 1916
57416 1916
57417 1916
57418 1916
57419 1916
57420 1916
57421 1916
57422 1916
57423 1916
57424 1916
57425 1916
57426 1916
57427 1916
57428 1916
57429 1916
57430 1916
57431 1916
57432 1916
57433 1916
57434 1916
57435 1916
57436 1916
57437 1916
57438 1916
57439 1916
57440 1916
57441 1916
57442 1916
57443 1916
57444 1916
57445 1916
57446 1916
57447 1916
57448 1916
57449 1916
57450 1916
57451 1916
57452 1916
57453 1916
57454 1916
57455 1916
57456 1916
57457 1916
57458 1916
57459 1916
57460 1916
57461 1916
57462 1916
57463 1916
57464 1916
57465 1916
57466 1916
57467 1916
57468 1916
57469 1916
57470 1916
57471 1916
57472 1916
57473 1916
57474 1916
57475 1916
57476 1916
57477 1916
57478 1916
57479 1916
57480 1916
57481 1916
57482 1916
57483 1916
57484 1916
57485 1916
57486 1916
57487 1916
57488 1916
57489 1916
57490 1916
57491 1916
57492 1916
57493 1916
57494 1916
57495 1916
57496 1916
57497 1916
57498 1916
57499 1916
57500 1916
57501 1916
57502 1916
57503 1916
57504 1916
57505 1916
57506 1916
57507 1916
57508 1916
57509 1916
57510 1916
57511 1916
57512 1916
57513 1916
57514 1916
57515 1916
57516 1916
57517 1916
57518 1916
57519 1916
57520 1916
57521 1916
57522 1916
57523 1916
57524 1916
57525 1916
57526 1916
57527 1916
57528 1916
57529 1916
57530 1916
57531 1916
57532 1916
57533 1916
57534 1916
57535 1916
57536 1916
57537 1916
57538 1916
57539 1916
57540 1916
57541 1916
57542 1916
57543 1916
57544 1916
57545 1916
57546 1916
57547 1916
57548 1916
57549 1916
57550 1916
57551 1916
57552 1916
57553 1916
57554 1916
57555 1916
57556 1916
57557 1916
57558 1916
57559 1916
57560 1916
57561 1916
57562 1916
57563 1916
57564 1916
57565 1916
57566 1916
57567 1916
57568 1916
57569 1916
57570 1916
57571 1916
57572 1916
57573 1916
57574 1916
57575 1916
57576 1916
57577 1916
57578 1916
57579 1916
57580 1916
57581 1916
57582 1916
57583 1916
57584 1916
57585 1916
57586 1916
57587 1916
57588 1916
57589 1916
57590 1916
57591 1916
57592 1916
57593 1916
57594 1916
57595 1916
57596 1916
57597 1916
57598 1916
57599 1916
57600 1916
57601 1916
57602 1916
57603 1916
57604 1916
57605 1916
57606 1916
57607 1916
57608 1916
57609 1916
57610 1916
57611 1916
57612 1916
57613 1916
57614 1916
57615 1916
57616 1916
57617 1916
57618 1916
57619 1916
57620 1916
57621 1916
57622 1916
57623 1916
57624 1916
57625 1916
57626 1916
57627 1916
57628 1916
57629 1916
57630 1916
57631 1916
57632 1916
57633 1916
57634 1916
57635 1916
57636 1916
57637 1916
57638 1916
57639 1916
57640 1916
57641 1916
57642 1916
57643 1916
57644 1916
57645 1916
57646 1916
57647 1916
57648 1916
57649 1916
57650 1916
57651 1916
57652 1916
57653 1916
57654 1916
57655 1916
57656 1916
57657 1916
57658 1916
57659 1916
57660 1916
57661 1916
57662 1916
57663 1916
57664 1916
57665 1916
57666 1916
57667 1916
57668 1916
57669 1916
57670 1916
57671 1916
57672 1916
57673 1916
57674 1916
57675 1916
57676 1916
57677 1916
57678 1916
57679 1916
57680 1916
57681 1916
57682 1916
57683 1916
57684 1916
57685 1916
57686 1916
57687 1916
57688 1916
57689 1916
57690 1916
57691 1916
57692 1916
57693 1916
57694 1916
57695 1916
57696 1916
57697 1916
57698 1916
57699 1916
57700 1916
57701 1916
57702 1916
57703 1916
57704 1916
57705 1916
57706 1916
57707 1916
57708 1916
57709 1916
57710 1916
57711 1916
57712 1916
57713 1916
57714 1916
57715 1916
57716 1916
57717 1916
57718 1916
57719 1916
57720 1916
57721 1916
57722 1916
57723 1916
57724 1916
57725 1916
57726 1916
57727 1916
57728 1916
57729 1916
57730 1916
57731 1916
57732 1916
57733 1916
57734 1916
57735 1916
57736 1916
57737 1916
57738 1916
57739 1916
57740 1916
57741 1916
57742 1916
57743 1916
57744 1916
57745 1916
57746 1916
57747 1916
57748 1916
57749 1916
57750 1916
57751 1916
57752 1916
57753 1916
57754 1916
57755 1916
57756 1916
57757 1916
57758 1916
57759 1916
57760 1916
57761 1916
57762 1916
57763 1916
57764 1916
57765 1916
57766 1916
57767 1916
57768 1916
57769 1916
57770 1916
57771 1916
57772 1916
57773 1916
57774 1916
57775 1916
57776 1916
57777 1916
57778 1916
57779 1916
57780 1916
57781 1916
57782 1916
57783 1916
57784 1916
57785 1916
57786 1916
57787 1916
57788 1916
57789 1916
57790 1916
57791 1916
57792 1916
57793 1916
57794 1916
57795 1916
57796 1916
57797 1916
57798 1916
57799 1916
57800 1916
57801 1916
57802 1916
57803 1916
57804 1916
57805 1916
57806 1916
57807 1916
57808 1916
57809 1916
57810 1916
57811 1916
57812 1916
57813 1916
57814 1916
57815 1916
57816 1916
57817 1916
57818 1916
57819 1916
57820 1916
57821 1916
57822 1916
57823 1916
57824 1916
57825 1916
57826 1916
57827 1916
57828 1916
57829 1916
57830 1916
57831 1916
57832 1916
57833 1916
57834 1916
57835 1916
57836 1916
57837 1916
57838 1916
57839 1916
57840 1916
57841 1916
57842 1916
57843 1916
57844 1916
57845 1916
57846 1916
57847 1916
57848 1916
57849 1916
57850 1916
57851 1916
57852 1916
57853 1916
57854 1916
57855 1916
57856 1916
57857 1916
57858 1916
57859 1916
57860 1916
57861 1916
57862 1916
57863 1916
57864 1916
57865 1916
57866 1916
57867 1916
57868 1916
57869 1916
57870 1916
57871 1916
57872 1916
57873 1916
57874 1916
57875 1916
57876 1916
57877 1916
57878 1916
57879 1916
57880 1916
57881 1916
57882 1916
57883 1916
57884 1916
57885 1916
57886 1916
57887 1916
57888 1916
57889 1916
57890 1916
57891 1916
57892 1916
57893 1916
57894 1916
57895 1916
57896 1916
57897 1916
57898 1916
57899 1916
57900 1916
57901 1916
57902 1916
57903 1916
57904 1916
57905 1916
57906 1916
57907 1916
57908 1916
57909 1916
57910 1916
57911 1916
57912 1916
57913 1916
57914 1916
57915 1916
57916 1916
57917 1916
57918 1916
57919 1916
57920 1916
57921 1916
57922 1916
57923 1916
57924 1916
57925 1916
57926 1916
57927 1916
57928 1916
57929 1916
57930 1916
57931 1916
57932 1916
57933 1916
57934 1916
57935 1916
57936 1916
57937 1916
57938 1916
57939 1916
57940 1916
57941 1916
57942 1916
57943 1916
57944 1916
57945 1916
57946 1916
57947 1916
57948 1916
57949 1916
57950 1916
57951 1916
57952 1916
57953 1916
57954 1916
57955 1916
57956 1916
57957 1916
57958 1916
57959 1916
57960 1916
57961 1916
57962 1916
57963 1916
57964 1916
57965 1916
57966 1916
57967 1916
57968 1916
57969 1916
57970 1916
57971 1916
57972 1916
57973 1916
57974 1916
57975 1916
57976 1916
57977 1916
57978 1916
57979 1916
57980 1916
57981 1916
57982 1916
57983 1916
57984 1916
57985 1916
57986 1916
57987 1916
57988 1916
57989 1916
57990 1916
57991 1916
57992 1916
57993 1916
57994 1916
57995 1916
57996 1916
57997 1916
57998 1916
57999 1916
58000 1916
58001 1916
58002 1916
58003 1916
58004 1916
58005 1916
58006 1916
58007 1916
58008 1916
58009 1916
58010 1916
58011 1916
58012 1916
58013 1916
58014 1916
58015 1916
58016 1916
58017 1916
58018 1916
58019 1916
58020 1916
58021 1916
58022 1916
58023 1916
58024 1916
58025 1916
58026 1916
58027 1916
58028 1916
58029 1916
58030 1916
58031 1916
58032 1916
58033 1916
58034 1916
58035 1916
58036 1916
58037 1916
58038 1916
58039 1916
58040 1916
58041 1916
58042 1916
58043 1916
58044 1916
58045 1916
58046 1916
58047 1916
58048 1916
58049 1916
58050 1916
58051 1916
58052 1916
58053 1916
58054 1916
58055 1916
58056 1916
58057 1916
58058 1916
58059 1916
58060 1916
58061 1916
58062 1916
58063 1916
58064 1916
58065 1916
58066 1916
58067 1916
58068 1916
58069 1916
58070 1916
58071 1916
58072 1916
58073 1916
58074 1916
58075 1916
58076 1916
58077 1916
58078 1916
58079 1916
58080 1916
58081 1916
58082 1916
58083 1916
58084 1916
58085 1916
58086 1916
58087 1916
58088 1916
58089 1916
58090 1916
58091 1916
58092 1916
58093 1916
58094 1916
58095 1916
58096 1916
58097 1916
58098 1916
58099 1916
58100 1916
58101 1916
58102 1916
58103 1916
58104 1916
58105 1916
58106 1916
58107 1916
58108 1916
58109 1916
58110 1916
58111 1916
58112 1916
58113 1916
58114 1916
58115 1916
58116 1916
58117 1916
58118 1916
58119 1916
58120 1916
58121 1916
58122 1916
58123 1916
58124 1916
58125 1916
58126 1916
58127 1916
58128 1916
58129 1916
58130 1916
58131 1916
58132 1916
58133 1916
58134 1916
58135 1916
58136 1916
58137 1916
58138 1916
58139 1916
58140 1916
58141 1916
58142 1916
58143 1916
58144 1916
58145 1916
58146 1916
58147 1916
58148 1916
58149 1916
58150 1916
58151 1916
58152 1916
58153 1916
58154 1916
58155 1916
58156 1916
58157 1916
58158 1916
58159 1916
58160 1916
58161 1916
58162 1916
58163 1916
58164 1916
58165 1916
58166 1916
58167 1916
58168 1916
58169 1916
58170 1916
58171 1916
58172 1916
58173 1916
58174 1916
58175 1916
58176 1916
58177 1916
58178 1916
58179 1916
58180 1916
58181 1916
58182 1916
58183 1916
58184 1916
58185 1916
58186 1916
58187 1916
58188 1916
58189 1916
58190 1916
58191 1916
58192 1916
58193 1916
58194 1916
58195 1916
58196 1916
58197 1916
58198 1916
58199 1916
58200 1916
58201 1916
58202 1916
58203 1916
58204 1916
58205 1916
58206 1916
58207 1916
58208 1916
58209 1916
58210 1916
58211 1916
58212 1916
58213 1916
58214 1916
58215 1916
58216 1916
58217 1916
58218 1916
58219 1916
58220 1916
58221 1916
58222 1916
58223 1916
58224 1916
58225 1916
58226 1916
58227 1916
58228 1916
58229 1916
58230 1916
58231 1916
58232 1916
58233 1916
58234 1916
58235 1916
58236 1916
58237 1916
58238 1916
58239 1916
58240 1916
58241 1916
58242 1916
58243 1916
58244 1916
58245 1916
58246 1916
58247 1916
58248 1916
58249 1916
58250 1916
58251 1916
58252 1916
58253 1916
58254 1916
58255 1916
58256 1916
58257 1916
58258 1916
58259 1916
58260 1916
58261 1916
58262 1916
58263 1916
58264 1916
58265 1916
58266 1916
58267 1916
58268 1916
58269 1916
58270 1916
58271 1916
58272 1916
58273 1916
58274 1916
58275 1916
58276 1916
58277 1916
58278 1916
58279 1916
58280 1916
58281 1916
58282 1916
58283 1916
58284 1916
58285 1916
58286 1916
58287 1916
58288 1916
58289 1916
58290 1916
58291 1916
58292 1916
58293 1916
58294 1916
58295 1916
58296 1916
58297 1916
58298 1916
58299 1916
58300 1916
58301 1916
58302 1916
58303 1916
58304 1916
58305 1916
58306 1916
58307 1916
58308 1916
58309 1916
58310 1916
58311 1916
58312 1916
58313 1916
58314 1916
58315 1916
58316 1916
58317 1916
58318 1916
58319 1916
58320 1916
58321 1916
58322 1916
58323 1916
58324 1916
58325 1916
58326 1916
58327 1916
58328 1916
58329 1916
58330 1916
58331 1916
58332 1916
58333 1916
58334 1916
58335 1916
58336 1916
58337 1916
58338 1916
58339 1916
58340 1916
58341 1916
58342 1916
58343 1916
58344 1916
58345 1916
58346 1916
58347 1916
58348 1916
58349 1916
58350 1916
58351 1916
58352 1916
58353 1916
58354 1916
58355 1916
58356 1916
58357 1916
58358 1916
58359 1916
58360 1916
58361 1916
58362 1916
58363 1916
58364 1916
58365 1916
58366 1916
58367 1916
58368 1916
58369 1916
58370 1916
58371 1916
58372 1916
58373 1916
58374 1916
58375 1916
58376 1916
58377 1916
58378 1916
58379 1916
58380 1916
58381 1916
58382 1916
58383 1916
58384 1916
58385 1916
58386 1916
58387 1916
58388 1916
58389 1916
58390 1916
58391 1916
58392 1916
58393 1916
58394 1916
58395 1916
58396 1916
58397 1916
58398 1916
58399 1916
58400 1916
58401 1916
58402 1916
58403 1916
58404 1916
58405 1916
58406 1916
58407 1916
58408 1916
58409 1916
58410 1916
58411 1916
58412 1916
58413 1916
58414 1916
58415 1916
58416 1916
58417 1916
58418 1916
58419 1916
58420 1916
58421 1916
58422 1916
58423 1916
58424 1916
58425 1916
58426 1916
58427 1916
58428 1916
58429 1916
58430 1916
58431 1916
58432 1916
58433 1916
58434 1916
58435 1916
58436 1916
58437 1916
58438 1916
58439 1916
58440 1916
58441 1916
58442 1916
58443 1916
58444 1916
58445 1916
58446 1916
58447 1916
58448 1916
58449 1916
58450 1916
58451 1916
58452 1916
58453 1916
58454 1916
58455 1916
58456 1916
58457 1916
58458 1916
58459 1916
58460 1916
58461 1916
58462 1916
58463 1916
58464 1916
58465 1916
58466 1916
58467 1916
58468 1916
58469 1916
58470 1916
58471 1916
58472 1916
58473 1916
58474 1916
58475 1916
58476 1916
58477 1916
58478 1916
58479 1916
58480 1916
58481 1916
58482 1916
58483 1916
58484 1916
58485 1916
58486 1916
58487 1916
58488 1916
58489 1916
58490 1916
58491 1916
58492 1916
58493 1916
58494 1916
58495 1916
58496 1916
58497 1916
58498 1916
58499 1916
58500 1916
58501 1916
58502 1916
58503 1916
58504 1916
58505 1916
58506 1916
58507 1916
58508 1916
58509 1916
58510 1916
58511 1916
58512 1916
58513 1916
58514 1916
58515 1916
58516 1916
58517 1916
58518 1916
58519 1916
58520 1916
58521 1916
58522 1916
58523 1916
58524 1916
58525 1916
58526 1916
58527 1916
58528 1916
58529 1916
58530 1916
58531 1916
58532 1916
58533 1916
58534 1916
58535 1916
58536 1916
58537 1916
58538 1916
58539 1916
58540 1916
58541 1916
58542 1916
58543 1916
58544 1916
58545 1916
58546 1916
58547 1916
58548 1916
58549 1916
58550 1916
58551 1916
58552 1916
58553 1916
58554 1916
58555 1916
58556 1916
58557 1916
58558 1916
58559 1916
58560 1916
58561 1916
58562 1916
58563 1916
58564 1916
58565 1916
58566 1916
58567 1916
58568 1916
58569 1916
58570 1916
58571 1916
58572 1916
58573 1916
58574 1916
58575 1916
58576 1916
58577 1916
58578 1916
58579 1916
58580 1916
58581 1916
58582 1916
58583 1916
58584 1916
58585 1916
58586 1916
58587 1916
58588 1916
58589 1916
58590 1916
58591 1916
58592 1916
58593 1916
58594 1916
58595 1916
58596 1916
58597 1916
58598 1916
58599 1916
58600 1916
58601 1916
58602 1916
58603 1916
58604 1916
58605 1916
58606 1916
58607 1916
58608 1916
58609 1916
58610 1916
58611 1916
58612 1916
58613 1916
58614 1916
58615 1916
58616 1916
58617 1916
58618 1916
58619 1916
58620 1916
58621 1916
58622 1916
58623 1916
58624 1916
58625 1916
58626 1916
58627 1916
58628 1916
58629 1916
58630 1916
58631 1916
58632 1916
58633 1916
58634 1916
58635 1916
58636 1916
58637 1916
58638 1916
58639 1916
58640 1916
58641 1916
58642 1916
58643 1916
58644 1916
58645 1916
58646 1916
58647 1916
58648 1916
58649 1916
58650 1916
58651 1916
58652 1916
58653 1916
58654 1916
58655 1916
58656 1916
58657 1916
58658 1916
58659 1916
58660 1916
58661 1916
58662 1916
58663 1916
58664 1916
58665 1916
58666 1916
58667 1916
58668 1916
58669 1916
58670 1916
58671 1916
58672 1916
58673 1916
58674 1916
58675 1916
58676 1916
58677 1916
58678 1916
58679 1916
58680 1916
58681 1916
58682 1916
58683 1916
58684 1916
58685 1916
58686 1916
58687 1916
58688 1916
58689 1916
58690 1916
58691 1916
58692 1916
58693 1916
58694 1916
58695 1916
58696 1916
58697 1916
58698 1916
58699 1916
58700 1916
58701 1916
58702 1916
58703 1916
58704 1916
58705 1916
58706 1916
58707 1916
58708 1916
58709 1916
58710 1916
58711 1916
58712 1916
58713 1916
58714 1916
58715 1916
58716 1916
58717 1916
58718 1916
58719 1916
58720 1916
58721 1916
58722 1916
58723 1916
58724 1916
58725 1916
58726 1916
58727 1916
58728 1916
58729 1916
58730 1916
58731 1916
58732 1916
58733 1916
58734 1916
58735 1916
58736 1916
58737 1916
58738 1916
58739 1916
58740 1916
58741 1916
58742 1916
58743 1916
58744 1916
58745 1916
58746 1916
58747 1916
58748 1916
58749 1916
58750 1916
58751 1916
58752 1916
58753 1916
58754 1916
58755 1916
58756 1916
58757 1916
58758 1916
58759 1916
58760 1916
58761 1916
58762 1916
58763 1916
58764 1916
58765 1916
58766 1916
58767 1916
58768 1916
58769 1916
58770 1916
58771 1916
58772 1916
58773 1916
58774 1916
58775 1916
58776 1916
58777 1916
58778 1916
58779 1916
58780 1916
58781 1916
58782 1916
58783 1916
58784 1916
58785 1916
58786 1916
58787 1916
58788 1916
58789 1916
58790 1916
58791 1916
58792 1916
58793 1916
58794 1916
58795 1916
58796 1916
58797 1916
58798 1916
58799 1916
58800 1916
58801 1916
58802 1916
58803 1916
58804 1916
58805 1916
58806 1916
58807 1916
58808 1916
58809 1916
58810 1916
58811 1916
58812 1916
58813 1916
58814 1916
58815 1916
58816 1916
58817 1916
58818 1916
58819 1916
58820 1916
58821 1916
58822 1916
58823 1916
58824 1916
58825 1916
58826 1916
58827 1916
58828 1916
58829 1916
58830 1916
58831 1916
58832 1916
58833 1916
58834 1916
58835 1916
58836 1916
58837 1916
58838 1916
58839 1916
58840 1916
58841 1916
58842 1916
58843 1916
58844 1916
58845 1916
58846 1916
58847 1916
58848 1916
58849 1916
58850 1916
58851 1916
58852 1916
58853 1916
58854 1916
58855 1916
58856 1916
58857 1916
58858 1916
58859 1916
58860 1916
58861 1916
58862 1916
58863 1916
58864 1916
58865 1916
58866 1916
58867 1916
58868 1916
58869 1916
58870 1916
58871 1916
58872 1916
58873 1916
58874 1916
58875 1916
58876 1916
58877 1916
58878 1916
58879 1916
58880 1916
58881 1916
58882 1916
58883 1916
58884 1916
58885 1916
58886 1916
58887 1916
58888 1916
58889 1916
58890 1916
58891 1916
58892 1916
58893 1916
58894 1916
58895 1916
58896 1916
58897 1916
58898 1916
58899 1916
58900 1916
58901 1916
58902 1916
58903 1916
58904 1916
58905 1916
58906 1916
58907 1916
58908 1916
58909 1916
58910 1916
58911 1916
58912 1916
58913 1916
58914 1916
58915 1916
58916 1916
58917 1916
58918 1916
58919 1916
58920 1916
58921 1916
58922 1916
58923 1916
58924 1916
58925 1916
58926 1916
58927 1916
58928 1916
58929 1916
58930 1916
58931 1916
58932 1916
58933 1916
58934 1916
58935 1916
58936 1916
58937 1916
58938 1916
58939 1916
58940 1916
58941 1916
58942 1916
58943 1916
58944 1916
58945 1916
58946 1916
58947 1916
58948 1916
58949 1916
58950 1916
58951 1916
58952 1916
58953 1916
58954 1916
58955 1916
58956 1916
58957 1916
58958 1916
58959 1916
58960 1916
58961 1916
58962 1916
58963 1916
58964 1916
58965 1916
58966 1916
58967 1916
58968 1916
58969 1916
58970 1916
58971 1916
58972 1916
58973 1916
58974 1916
58975 1916
58976 1916
58977 1916
58978 1916
58979 1916
58980 1916
58981 1916
58982 1916
58983 1916
58984 1916
58985 1916
58986 1916
58987 1916
58988 1916
58989 1916
58990 1916
58991 1916
58992 1916
58993 1916
58994 1916
58995 1916
58996 1916
58997 1916
58998 1916
58999 1916
59000 1916
59001 1916
59002 1916
59003 1916
59004 1916
59005 1916
59006 1916
59007 1916
59008 1916
59009 1916
59010 1916
59011 1916
59012 1916
59013 1916
59014 1916
59015 1916
59016 1916
59017 1916
59018 1916
59019 1916
59020 1916
59021 1916
59022 1916
59023 1916
59024 1916
59025 1916
59026 1916
59027 1916
59028 1916
59029 1916
59030 1916
59031 1916
59032 1916
59033 1916
59034 1916
59035 1916
59036 1916
59037 1916
59038 1916
59039 1916
59040 1916
59041 1916
59042 1916
59043 1916
59044 1916
59045 1912
59046 1912
59047 1912
59048 1912
59049 1912
59050 1912
59051 1912
59052 1912
59053 1912
59054 1912
59055 1912
59056 1912
59057 1912
59058 1912
59059 1912
59060 1912
59061 1912
59062 1912
59063 1912
59064 1912
59065 1912
59066 1912
59067 1912
59068 1912
59069 1912
59070 1912
59071 1912
59072 1912
59073 1912
59074 1912
59075 1912
59076 1912
59077 1912
59078 1912
59079 1912
59080 1912
59081 1912
59082 1912
59083 1912
59084 1912
59085 1912
59086 1912
59087 1912
59088 1912
59089 1912
59090 1912
59091 1912
59092 1912
59093 1912
59094 1912
59095 1912
59096 1912
59097 1912
59098 1912
59099 1912
59100 1912
59101 1912
59102 1912
59103 1912
59104 1912
59105 1912
59106 1912
59107 1912
59108 1912
59109 1912
59110 1912
59111 1912
59112 1912
59113 1912
59114 1912
59115 1912
59116 1912
59117 1912
59118 1912
59119 1912
59120 1912
59121 1912
59122 1912
59123 1912
59124 1912
59125 1912
59126 1912
59127 1912
59128 1912
59129 1912
59130 1912
59131 1912
59132 1912
59133 1912
59134 1912
59135 1912
59136 1912
59137 1912
59138 1912
59139 1912
59140 1912
59141 1912
59142 1912
59143 1912
59144 1912
59145 1912
59146 1912
59147 1912
59148 1912
59149 1912
59150 1912
59151 1912
59152 1912
59153 1912
59154 1912
59155 1912
59156 1912
59157 1912
59158 1912
59159 1912
59160 1912
59161 1912
59162 1912
59163 1912
59164 1912
59165 1912
59166 1912
59167 1912
59168 1912
59169 1912
59170 1912
59171 1912
59172 1912
59173 1912
59174 1912
59175 1912
59176 1912
59177 1912
59178 1912
59179 1912
59180 1912
59181 1912
59182 1912
59183 1912
59184 1912
59185 1912
59186 1912
59187 1912
59188 1912
59189 1912
59190 1912
59191 1912
59192 1912
59193 1912
59194 1912
59195 1912
59196 1912
59197 1912
59198 1912
59199 1912
59200 1912
59201 1912
59202 1912
59203 1912
59204 1912
59205 1912
59206 1912
59207 1912
59208 1912
59209 1912
59210 1912
59211 1912
59212 1912
59213 1912
59214 1912
59215 1912
59216 1912
59217 1912
59218 1912
59219 1912
59220 1912
59221 1912
59222 1912
59223 1912
59224 1912
59225 1912
59226 1912
59227 1912
59228 1912
59229 1912
59230 1912
59231 1912
59232 1912
59233 1912
59234 1912
59235 1912
59236 1912
59237 1912
59238 1912
59239 1912
59240 1912
59241 1912
59242 1912
59243 1912
59244 1912
59245 1912
59246 1912
59247 1912
59248 1912
59249 1912
59250 1912
59251 1912
59252 1912
59253 1912
59254 1912
59255 1912
59256 1912
59257 1912
59258 1912
59259 1912
59260 1912
59261 1912
59262 1912
59263 1912
59264 1912
59265 1912
59266 1912
59267 1912
59268 1912
59269 1912
59270 1912
59271 1912
59272 1912
59273 1912
59274 1912
59275 1912
59276 1912
59277 1912
59278 1912
59279 1912
59280 1912
59281 1912
59282 1912
59283 1912
59284 1912
59285 1912
59286 1912
59287 1912
59288 1912
59289 1912
59290 1912
59291 1912
59292 1912
59293 1912
59294 1912
59295 1912
59296 1912
59297 1912
59298 1912
59299 1912
59300 1912
59301 1912
59302 1912
59303 1912
59304 1912
59305 1912
59306 1912
59307 1912
59308 1912
59309 1912
59310 1912
59311 1912
59312 1912
59313 1912
59314 1912
59315 1912
59316 1912
59317 1908
59318 1908
59319 1908
59320 1908
59321 1908
59322 1908
59323 1908
59324 1908
59325 1908
59326 1908
59327 1908
59328 1908
59329 1908
59330 1908
59331 1908
59332 1908
59333 1908
59334 1908
59335 1908
59336 1908
59337 1908
59338 1908
59339 1908
59340 1908
59341 1908
59342 1908
59343 1908
59344 1908
59345 1908
59346 1908
59347 1908
59348 1908
59349 1908
59350 1908
59351 1908
59352 1908
59353 1908
59354 1908
59355 1908
59356 1908
59357 1908
59358 1908
59359 1908
59360 1908
59361 1908
59362 1908
59363 1908
59364 1908
59365 1908
59366 1908
59367 1908
59368 1908
59369 1908
59370 1908
59371 1908
59372 1908
59373 1908
59374 1908
59375 1908
59376 1908
59377 1908
59378 1908
59379 1908
59380 1908
59381 1908
59382 1908
59383 1908
59384 1908
59385 1908
59386 1908
59387 1908
59388 1908
59389 1908
59390 1908
59391 1908
59392 1908
59393 1908
59394 1908
59395 1908
59396 1908
59397 1908
59398 1908
59399 1908
59400 1908
59401 1908
59402 1908
59403 1908
59404 1908
59405 1908
59406 1908
59407 1908
59408 1908
59409 1908
59410 1908
59411 1908
59412 1908
59413 1908
59414 1908
59415 1908
59416 1908
59417 1908
59418 1908
59419 1908
59420 1908
59421 1908
59422 1908
59423 1908
59424 1908
59425 1908
59426 1908
59427 1908
59428 1908
59429 1908
59430 1908
59431 1908
59432 1908
59433 1908
59434 1908
59435 1908
59436 1908
59437 1908
59438 1908
59439 1908
59440 1908
59441 1908
59442 1908
59443 1908
59444 1908
59445 1908
59446 1908
59447 1908
59448 1908
59449 1908
59450 1908
59451 1908
59452 1908
59453 1908
59454 1908
59455 1908
59456 1908
59457 1908
59458 1908
59459 1908
59460 1908
59461 1908
59462 1908
59463 1908
59464 1908
59465 1908
59466 1908
59467 1908
59468 1908
59469 1908
59470 1908
59471 1908
59472 1908
59473 1908
59474 1908
59475 1908
59476 1908
59477 1908
59478 1908
59479 1908
59480 1908
59481 1908
59482 1908
59483 1908
59484 1908
59485 1908
59486 1908
59487 1908
59488 1908
59489 1908
59490 1908
59491 1908
59492 1908
59493 1908
59494 1908
59495 1908
59496 1908
59497 1908
59498 1908
59499 1908
59500 1908
59501 1908
59502 1908
59503 1908
59504 1908
59505 1908
59506 1908
59507 1908
59508 1908
59509 1908
59510 1908
59511 1908
59512 1908
59513 1908
59514 1908
59515 1908
59516 1908
59517 1908
59518 1908
59519 1908
59520 1908
59521 1908
59522 1908
59523 1908
59524 1908
59525 1908
59526 1908
59527 1908
59528 1908
59529 1908
59530 1908
59531 1908
59532 1908
59533 1908
59534 1908
59535 1908
59536 1908
59537 1908
59538 1908
59539 1908
59540 1908
59541 1908
59542 1908
59543 1908
59544 1908
59545 1908
59546 1908
59547 1908
59548 1908
59549 1908
59550 1908
59551 1908
59552 1908
59553 1908
59554 1908
59555 1908
59556 1908
59557 1908
59558 1908
59559 1908
59560 1908
59561 1908
59562 1908
59563 1908
59564 1908
59565 1908
59566 1908
59567 1908
59568 1908
59569 1908
59570 1908
59571 1908
59572 1908
59573 1908
59574 1908
59575 1908
59576 1908
59577 1908
59578 1908
59579 1908
59580 1908
59581 1908
59582 1908
59583 1908
59584 1908
59585 1908
59586 1908
59587 1908
59588 1908
59589 1908
59590 1908
59591 1908
59592 1908
59593 1908
59594 1908
59595 1908
59596 1908
59597 1908
59598 1908
59599 1908
59600 1908
59601 1908
59602 1908
59603 1908
59604 1908
59605 1908
59606 1908
59607 1908
59608 1908
59609 1908
59610 1908
59611 1908
59612 1908
59613 1908
59614 1908
59615 1908
59616 1908
59617 1908
59618 1908
59619 1908
59620 1908
59621 1908
59622 1908
59623 1908
59624 1908
59625 1908
59626 1908
59627 1908
59628 1908
59629 1908
59630 1908
59631 1908
59632 1908
59633 1908
59634 1908
59635 1908
59636 1908
59637 1908
59638 1908
59639 1908
59640 1908
59641 1908
59642 1908
59643 1908
59644 1908
59645 1908
59646 1908
59647 1908
59648 1908
59649 1908
59650 1908
59651 1908
59652 1908
59653 1908
59654 1908
59655 1908
59656 1908
59657 1908
59658 1908
59659 1908
59660 1908
59661 1908
59662 1908
59663 1908
59664 1908
59665 1908
59666 1908
59667 1908
59668 1908
59669 1908
59670 1908
59671 1908
59672 1908
59673 1908
59674 1908
59675 1908
59676 1908
59677 1908
59678 1908
59679 1908
59680 1908
59681 1908
59682 1908
59683 1908
59684 1908
59685 1908
59686 1908
59687 1908
59688 1908
59689 1906
59690 1906
59691 1906
59692 1906
59693 1906
59694 1906
59695 1906
59696 1906
59697 1906
59698 1906
59699 1906
59700 1906
59701 1906
59702 1906
59703 1906
59704 1906
59705 1906
59706 1906
59707 1906
59708 1906
59709 1906
59710 1906
59711 1906
59712 1906
59713 1906
59714 1906
59715 1906
59716 1906
59717 1906
59718 1906
59719 1906
59720 1906
59721 1906
59722 1906
59723 1906
59724 1906
59725 1906
59726 1906
59727 1906
59728 1906
59729 1906
59730 1906
59731 1906
59732 1906
59733 1906
59734 1906
59735 1906
59736 1906
59737 1906
59738 1906
59739 1906
59740 1906
59741 1906
59742 1906
59743 1906
59744 1906
59745 1906
59746 1906
59747 1906
59748 1906
59749 1906
59750 1906
59751 1906
59752 1906
59753 1906
59754 1906
59755 1906
59756 1906
59757 1906
59758 1906
59759 1906
59760 1906
59761 1906
59762 1906
59763 1906
59764 1906
59765 1906
59766 1906
59767 1906
59768 1906
59769 1906
59770 1906
59771 1906
59772 1906
59773 1906
59774 1906
59775 1906
59776 1906
59777 1906
59778 1906
59779 1906
59780 1906
59781 1906
59782 1906
59783 1906
59784 1906
59785 1906
59786 1906
59787 1906
59788 1906
59789 1906
59790 1906
59791 1906
59792 1906
59793 1906
59794 1906
59795 1906
59796 1906
59797 1906
59798 1906
59799 1906
59800 1906
59801 1906
59802 1906
59803 1906
59804 1906
59805 1906
59806 1906
59807 1906
59808 1906
59809 1906
59810 1906
59811 1906
59812 1906
59813 1906
59814 1906
59815 1906
59816 1906
59817 1906
59818 1906
59819 1906
59820 1906
59821 1906
59822 1906
59823 1906
59824 1906
59825 1906
59826 1906
59827 1906
59828 1906
59829 1906
59830 1906
59831 1906
59832 1906
59833 1906
59834 1906
59835 1906
59836 1906
59837 1906
59838 1906
59839 1906
59840 1906
59841 1906
59842 1906
59843 1906
59844 1906
59845 1906
59846 1906
59847 1906
59848 1906
59849 1906
59850 1906
59851 1906
59852 1906
59853 1906
59854 1906
59855 1906
59856 1906
59857 1906
59858 1906
59859 1906
59860 1906
59861 1906
59862 1906
59863 1906
59864 1906
59865 1906
59866 1906
59867 1906
59868 1906
59869 1906
59870 1906
59871 1906
59872 1906
59873 1906
59874 1906
59875 1906
59876 1906
59877 1906
59878 1906
59879 1906
59880 1906
59881 1906
59882 1906
59883 1906
59884 1906
59885 1906
59886 1906
59887 1906
59888 1906
59889 1906
59890 1906
59891 1906
59892 1906
59893 1906
59894 1906
59895 1906
59896 1905
59897 1905
59898 1905
59899 1905
59900 1905
59901 1905
59902 1905
59903 1905
59904 1905
59905 1905
59906 1905
59907 1905
59908 1905
59909 1905
59910 1905
59911 1905
59912 1905
59913 1905
59914 1905
59915 1905
59916 1905
59917 1905
59918 1905
59919 1905
59920 1905
59921 1905
59922 1905
59923 1905
59924 1905
59925 1905
59926 1905
59927 1905
59928 1905
59929 1905
59930 1905
59931 1905
59932 1905
59933 1905
59934 1905
59935 1905
59936 1905
59937 1905
59938 1905
59939 1905
59940 1905
59941 1905
59942 1905
59943 1905
59944 1905
59945 1905
59946 1905
59947 1905
59948 1905
59949 1905
59950 1905
59951 1905
59952 1905
59953 1905
59954 1905
59955 1905
59956 1905
59957 1905
59958 1905
59959 1905
59960 1905
59961 1905
59962 1905
59963 1905
59964 1905
59965 1905
59966 1905
59967 1905
59968 1905
59969 1905
59970 1905
59971 1905
59972 1905
59973 1905
59974 1905
59975 1905
59976 1905
59977 1905
59978 1905
59979 1905
59980 1905
59981 1905
59982 1905
59983 1905
59984 1905
59985 1905
59986 1905
59987 1905
59988 1905
59989 1905
59990 1905
59991 1905
59992 1905
59993 1905
59994 1905
59995 1905
59996 1905
59997 1905
59998 1905
59999 1905
60000 1905
60001 1905
60002 1905
60003 1905
60004 1905
60005 1905
60006 1905
60007 1905
60008 1905
60009 1905
60010 1905
60011 1905
60012 1905
60013 1905
60014 1905
60015 1905
60016 1905
60017 1905
60018 1905
60019 1905
60020 1905
60021 1905
60022 1905
60023 1905
60024 1905
60025 1905
60026 1905
60027 1905
60028 1905
60029 1905
60030 1905
60031 1905
60032 1905
60033 1905
60034 1905
60035 1905
60036 1905
60037 1905
60038 1905
60039 1905
60040 1905
60041 1905
60042 1905
60043 1905
60044 1905
60045 1905
60046 1905
60047 1905
60048 1905
60049 1905
60050 1905
60051 1905
60052 1905
60053 1905
60054 1905
60055 1905
60056 1905
60057 1905
60058 1905
60059 1905
60060 1905
60061 1905
60062 1905
60063 1905
60064 1905
60065 1905
60066 1905
60067 1905
60068 1905
60069 1905
60070 1905
60071 1905
60072 1905
60073 1905
60074 1905
60075 1905
60076 1905
60077 1905
60078 1905
60079 1905
60080 1905
60081 1905
60082 1905
60083 1905
60084 1905
60085 1905
60086 1905
60087 1905
60088 1905
60089 1905
60090 1905
60091 1905
60092 1905
60093 1905
60094 1905
60095 1905
60096 1905
60097 1905
60098 1905
60099 1905
60100 1905
60101 1905
60102 1905
60103 1905
60104 1905
60105 1905
60106 1905
60107 1905
60108 1905
60109 1905
60110 1905
60111 1905
60112 1905
60113 1905
60114 1904
60115 1904
60116 1904
60117 1904
60118 1904
60119 1904
60120 1904
60121 1904
60122 1904
60123 1904
60124 1904
60125 1904
60126 1904
60127 1904
60128 1904
60129 1904
60130 1904
60131 1904
60132 1904
60133 1904
60134 1904
60135 1904
60136 1904
60137 1904
60138 1904
60139 1904
60140 1904
60141 1904
60142 1904
60143 1904
60144 1904
60145 1904
60146 1904
60147 1904
60148 1904
60149 1904
60150 1904
60151 1904
60152 1904
60153 1904
60154 1904
60155 1904
60156 1904
60157 1904
60158 1904
60159 1904
60160 1904
60161 1904
60162 1904
60163 1904
60164 1904
60165 1904
60166 1904
60167 1904
60168 1904
60169 1904
60170 1904
60171 1904
60172 1904
60173 1904
60174 1904
60175 1904
60176 1904
60177 1904
60178 1904
60179 1904
60180 1904
60181 1904
60182 1904
60183 1904
60184 1904
60185 1904
60186 1904
60187 1904
60188 1904
60189 1904
60190 1904
60191 1904
60192 1904
60193 1904
60194 1904
60195 1904
60196 1904
60197 1904
60198 1904
60199 1904
60200 1904
60201 1904
60202 1904
60203 1904
60204 1904
60205 1904
60206 1904
60207 1904
60208 1904
60209 1904
60210 1904
60211 1904
60212 1904
60213 1904
60214 1904
60215 1904
60216 1904
60217 1904
60218 1904
60219 1904
60220 1904
60221 1904
60222 1904
60223 1904
60224 1904
60225 1904
60226 1904
60227 1904
60228 1904
60229 1904
60230 1904
60231 1904
60232 1904
60233 1904
60234 1904
60235 1904
60236 1904
60237 1904
60238 1904
60239 1904
60240 1904
60241 1904
60242 1904
60243 1904
60244 1904
60245 1904
60246 1904
60247 1904
60248 1904
60249 1904
60250 1904
60251 1904
60252 1904
60253 1904
60254 1904
60255 1904
60256 1904
60257 1904
60258 1904
60259 1904
60260 1904
60261 1904
60262 1904
60263 1904
60264 1904
60265 1904
60266 1904
60267 1904
60268 1904
60269 1904
60270 1904
60271 1904
60272 1904
60273 1904
60274 1904
60275 1904
60276 1904
60277 1904
60278 1904
60279 1904
60280 1904
60281 1904
60282 1904
60283 1904
60284 1904
60285 1904
60286 1904
60287 1904
60288 1904
60289 1904
60290 1904
60291 1904
60292 1904
60293 1904
60294 1904
60295 1904
60296 1904
60297 1904
60298 1904
60299 1904
60300 1904
60301 1904
60302 1904
60303 1904
60304 1904
60305 1904
60306 1904
60307 1904
60308 1904
60309 1904
60310 1904
60311 1904
60312 1904
60313 1904
60314 1904
60315 1904
60316 1904
60317 1904
60318 1904
60319 1904
60320 1904
60321 1904
60322 1904
60323 1904
60324 1904
60325 1904
60326 1904
60327 1904
60328 1904
60329 1904
60330 1904
60331 1904
60332 1904
60333 1904
60334 1904
60335 1904
60336 1904
60337 1904
60338 1904
60339 1904
60340 1904
60341 1904
60342 1904
60343 1904
60344 1904
60345 1904
60346 1904
60347 1904
60348 1904
60349 1904
60350 1904
60351 1904
60352 1904
60353 1904
60354 1904
60355 1904
60356 1904
60357 1904
60358 1904
60359 1904
60360 1904
60361 1904
60362 1904
60363 1904
60364 1904
60365 1904
60366 1904
60367 1904
60368 1904
60369 1904
60370 1904
60371 1904
60372 1904
60373 1904
60374 1904
60375 1904
60376 1904
60377 1904
60378 1904
60379 1904
60380 1904
60381 1904
60382 1904
60383 1904
60384 1904
60385 1904
60386 1904
60387 1904
60388 1904
60389 1904
60390 1904
60391 1904
60392 1904
60393 1904
60394 1904
60395 1904
60396 1904
60397 1904
60398 1904
60399 1904
60400 1904
60401 1904
60402 1904
60403 1904
60404 1904
60405 1904
60406 1904
60407 1904
60408 1904
60409 1904
60410 1904
60411 1904
60412 1904
60413 1904
60414 1904
60415 1904
60416 1904
60417 1904
60418 1904
60419 1904
60420 1904
60421 1904
60422 1904
60423 1904
60424 1904
60425 1904
60426 1904
60427 1904
60428 1904
60429 1904
60430 1904
60431 1904
60432 1904
60433 1904
60434 1904
60435 1904
60436 1904
60437 1904
60438 1904
60439 1904
60440 1904
60441 1904
60442 1904
60443 1904
60444 1904
60445 1904
60446 1904
60447 1904
60448 1904
60449 1904
60450 1904
60451 1904
60452 1904
60453 1904
60454 1904
60455 1904
60456 1904
60457 1904
60458 1904
60459 1904
60460 1904
60461 1904
60462 1904
60463 1904
60464 1904
60465 1904
60466 1904
60467 1904
60468 1904
60469 1904
60470 1904
60471 1904
60472 1904
60473 1904
60474 1904
60475 1904
60476 1904
60477 1904
60478 1904
60479 1904
60480 1904
60481 1904
60482 1904
60483 1904
60484 1904
60485 1904
60486 1904
60487 1904
60488 1904
60489 1904
60490 1904
60491 1904
60492 1904
60493 1904
60494 1904
60495 1904
60496 1904
60497 1904
60498 1904
60499 1904
60500 1904
60501 1904
60502 1904
60503 1904
60504 1904
60505 1904
60506 1904
60507 1904
60508 1904
60509 1904
60510 1904
60511 1904
60512 1904
60513 1904
60514 1904
60515 1904
60516 1904
60517 1904
60518 1904
60519 1904
60520 1904
60521 1904
60522 1904
60523 1904
60524 1904
60525 1904
60526 1904
60527 1904
60528 1904
60529 1904
60530 1904
60531 1904
60532 1904
60533 1904
60534 1904
60535 1904
60536 1904
60537 1904
60538 1904
60539 1904
60540 1904
60541 1904
60542 1904
60543 1904
60544 1904
60545 1904
60546 1904
60547 1904
60548 1904
60549 1904
60550 1904
60551 1904
60552 1904
60553 1904
60554 1904
60555 1904
60556 1904
60557 1904
60558 1904
60559 1904
60560 1904
60561 1904
60562 1904
60563 1904
60564 1904
60565 1904
60566 1904
60567 1904
60568 1904
60569 1904
60570 1904
60571 1904
60572 1904
60573 1904
60574 1904
60575 1904
60576 1904
60577 1904
60578 1904
60579 1904
60580 1904
60581 1904
60582 1904
60583 1904
60584 1904
60585 1904
60586 1904
60587 1904
60588 1904
60589 1904
60590 1904
60591 1904
60592 1904
60593 1904
60594 1904
60595 1904
60596 1904
60597 1904
60598 1904
60599 1904
60600 1904
60601 1904
60602 1904
60603 1904
60604 1904
60605 1904
60606 1904
60607 1904
60608 1904
60609 1904
60610 1904
60611 1904
60612 1904
60613 1904
60614 1904
60615 1904
60616 1904
60617 1904
60618 1904
60619 1904
60620 1904
60621 1904
60622 1904
60623 1904
60624 1904
60625 1904
60626 1904
60627 1904
60628 1904
60629 1904
60630 1904
60631 1904
60632 1904
60633 1904
60634 1904
60635 1904
60636 1904
60637 1904
60638 1904
60639 1904
60640 1904
60641 1904
60642 1904
60643 1904
60644 1904
60645 1904
60646 1904
60647 1904
60648 1904
60649 1904
60650 1904
60651 1904
60652 1904
60653 1904
60654 1904
60655 1904
60656 1904
60657 1904
60658 1904
60659 1904
60660 1904
60661 1904
60662 1904
60663 1904
60664 1904
60665 1904
60666 1904
60667 1904
60668 1904
60669 1904
60670 1904
60671 1904
60672 1904
60673 1904
60674 1904
60675 1904
60676 1904
60677 1904
60678 1904
60679 1904
60680 1904
60681 1904
60682 1904
60683 1904
60684 1904
60685 1904
60686 1904
60687 1904
60688 1904
60689 1904
60690 1904
60691 1904
60692 1904
60693 1904
60694 1904
60695 1904
60696 1904
60697 1904
60698 1904
60699 1904
60700 1904
60701 1904
60702 1904
60703 1904
60704 1904
60705 1904
60706 1904
60707 1904
60708 1904
60709 1904
60710 1904
60711 1904
60712 1904
60713 1904
60714 1904
60715 1904
60716 1904
60717 1904
60718 1904
60719 1904
60720 1904
60721 1904
60722 1904
60723 1904
60724 1904
60725 1904
60726 1904
60727 1904
60728 1904
60729 1904
60730 1904
60731 1904
60732 1904
60733 1904
60734 1904
60735 1904
60736 1904
60737 1904
60738 1904
60739 1904
60740 1904
60741 1904
60742 1904
60743 1904
60744 1904
60745 1904
60746 1904
60747 1904
60748 1904
60749 1904
60750 1904
60751 1904
60752 1904
60753 1904
60754 1904
60755 1904
60756 1904
60757 1904
60758 1904
60759 1904
60760 1904
60761 1904
60762 1904
60763 1904
60764 1904
60765 1904
60766 1904
60767 1904
60768 1904
60769 1904
60770 1904
60771 1904
60772 1904
60773 1904
60774 1904
60775 1904
60776 1904
60777 1904
60778 1904
60779 1904
60780 1904
60781 1904
60782 1904
60783 1904
60784 1904
60785 1904
60786 1904
60787 1904
60788 1904
60789 1904
60790 1904
60791 1904
60792 1904
60793 1904
60794 1904
60795 1904
60796 1904
60797 1904
60798 1904
60799 1904
60800 1904
60801 1904
60802 1904
60803 1904
60804 1904
60805 1904
60806 1904
60807 1904
60808 1904
60809 1904
60810 1904
60811 1904
60812 1904
60813 1904
60814 1904
60815 1904
60816 1904
60817 1904
60818 1904
60819 1904
60820 1904
60821 1904
60822 1904
60823 1904
60824 1904
60825 1904
60826 1904
60827 1904
60828 1904
60829 1904
60830 1904
60831 1904
60832 1904
60833 1904
60834 1904
60835 1904
60836 1904
60837 1904
60838 1904
60839 1904
60840 1904
60841 1904
60842 1904
60843 1904
60844 1904
60845 1904
60846 1904
60847 1904
60848 1904
60849 1904
60850 1904
60851 1904
60852 1904
60853 1904
60854 1904
60855 1904
60856 1904
60857 1904
60858 1904
60859 1904
60860 1904
60861 1904
60862 1904
60863 1904
60864 1904
60865 1904
60866 1904
60867 1904
60868 1904
60869 1904
60870 1904
60871 1904
60872 1904
60873 1904
60874 1904
60875 1904
60876 1904
60877 1904
60878 1904
60879 1904
60880 1904
60881 1904
60882 1904
60883 1904
60884 1904
60885 1904
60886 1904
60887 1904
60888 1904
60889 1904
60890 1904
60891 1902
60892 1902
60893 1902
60894 1902
60895 1902
60896 1902
60897 1902
60898 1902
60899 1902
60900 1902
60901 1902
60902 1902
60903 1902
60904 1902
60905 1902
60906 1902
60907 1902
60908 1902
60909 1902
60910 1902
60911 1902
60912 1902
60913 1902
60914 1902
60915 1902
60916 1902
60917 1902
60918 1902
60919 1902
60920 1902
60921 1902
60922 1902
60923 1902
60924 1902
60925 1902
60926 1902
60927 1902
60928 1902
60929 1902
60930 1902
60931 1902
60932 1902
60933 1902
60934 1902
60935 1902
60936 1902
60937 1902
60938 1902
60939 1902
60940 1902
60941 1902
60942 1902
60943 1902
60944 1902
60945 1902
60946 1902
60947 1902
60948 1902
60949 1902
60950 1902
60951 1902
60952 1902
60953 1902
60954 1902
60955 1902
60956 1902
60957 1902
60958 1902
60959 1902
60960 1902
60961 1902
60962 1902
60963 1902
60964 1902
60965 1902
60966 1902
60967 1902
60968 1902
60969 1902
60970 1902
60971 1902
60972 1902
60973 1902
60974 1902
60975 1902
60976 1902
60977 1902
60978 1902
60979 1902
60980 1902
60981 1902
60982 1902
60983 1902
60984 1902
60985 1902
60986 1902
60987 1902
60988 1902
60989 1902
60990 1902
60991 1902
60992 1902
60993 1902
60994 1902
60995 1902
60996 1902
60997 1902
60998 1902
60999 1902
61000 1902
61001 1902
61002 1902
61003 1902
61004 1902
61005 1902
61006 1902
61007 1902
61008 1902
61009 1902
61010 1902
61011 1902
61012 1902
61013 1902
61014 1902
61015 1902
61016 1902
61017 1902
61018 1902
61019 1902
61020 1902
61021 1902
61022 1902
61023 1902
61024 1902
61025 1902
61026 1902
61027 1902
61028 1902
61029 1902
61030 1902
61031 1902
61032 1902
61033 1902
61034 1902
61035 1902
61036 1902
61037 1902
61038 1902
61039 1902
61040 1902
61041 1902
61042 1902
61043 1902
61044 1902
61045 1902
61046 1902
61047 1902
61048 1902
61049 1902
61050 1902
61051 1902
61052 1902
61053 1902
61054 1902
61055 1902
61056 1902
61057 1902
61058 1902
61059 1902
61060 1902
61061 1902
61062 1902
61063 1902
61064 1902
61065 1902
61066 1902
61067 1902
61068 1902
61069 1902
61070 1902
61071 1902
61072 1902
61073 1902
61074 1902
61075 1902
61076 1902
61077 1902
61078 1902
61079 1902
61080 1902
61081 1902
61082 1902
61083 1902
61084 1902
61085 1902
61086 1902
61087 1902
61088 1902
61089 1902
61090 1902
61091 1902
61092 1902
61093 1902
61094 1902
61095 1902
61096 1902
61097 1902
61098 1902
61099 1900
61100 1900
61101 1900
61102 1900
61103 1900
61104 1900
61105 1900
61106 1900
61107 1900
61108 1900
61109 1900
61110 1900
61111 1900
61112 1900
61113 1900
61114 1900
61115 1900
61116 1900
61117 1900
61118 1900
61119 1900
61120 1900
61121 1900
61122 1900
61123 1900
61124 1900
61125 1900
61126 1900
61127 1900
61128 1900
61129 1900
61130 1900
61131 1900
61132 1900
61133 1900
61134 1900
61135 1900
61136 1900
61137 1900
61138 1900
61139 1900
61140 1900
61141 1900
61142 1900
61143 1900
61144 1900
61145 1900
61146 1900
61147 1900
61148 1900
61149 1900
61150 1900
61151 1900
61152 1900
61153 1900
61154 1900
61155 1900
61156 1900
61157 1900
61158 1900
61159 1900
61160 1900
61161 1900
61162 1900
61163 1900
61164 1900
61165 1900
61166 1900
61167 1900
61168 1900
61169 1900
61170 1900
61171 1900
61172 1900
61173 1900
61174 1900
61175 1900
61176 1900
61177 1900
61178 1900
61179 1900
61180 1900
61181 1900
61182 1900
61183 1900
61184 1900
61185 1900
61186 1900
61187 1900
61188 1900
61189 1900
61190 1900
61191 1900
61192 1900
61193 1900
61194 1900
61195 1900
61196 1900
61197 1900
61198 1900
61199 1900
61200 1900
61201 1900
61202 1900
61203 1900
61204 1895
61205 1895
61206 1895
61207 1895
61208 1895
61209 1895
61210 1895
61211 1895
61212 1895
61213 1895
61214 1895
61215 1895
61216 1895
61217 1895
61218 1895
61219 1895
61220 1895
61221 1895
61222 1895
61223 1895
61224 1895
61225 1895
61226 1895
61227 1895
61228 1895
61229 1895
61230 1895
61231 1895
61232 1895
61233 1895
61234 1895
61235 1895
61236 1895
61237 1895
61238 1895
61239 1895
61240 1895
61241 1895
61242 1895
61243 1895
61244 1895
61245 1895
61246 1895
61247 1895
61248 1895
61249 1895
61250 1895
61251 1895
61252 1895
61253 1895
61254 1895
61255 1895
61256 1895
61257 1895
61258 1895
61259 1895
61260 1895
61261 1895
61262 1895
61263 1895
61264 1895
61265 1895
61266 1895
61267 1895
61268 1895
61269 1895
61270 1895
61271 1895
61272 1895
61273 1895
61274 1895
61275 1895
61276 1895
61277 1895
61278 1895
61279 1895
61280 1895
61281 1895
61282 1895
61283 1895
61284 1895
61285 1895
61286 1895
61287 1895
61288 1895
61289 1895
61290 1895
61291 1895
61292 1895
61293 1895
61294 1895
61295 1895
61296 1895
61297 1895
61298 1895
61299 1895
61300 1895
61301 1895
61302 1895
61303 1895
61304 1895
61305 1895
61306 1895
61307 1895
61308 1895
61309 1895
61310 1895
61311 1895
61312 1895
61313 1895
61314 1895
61315 1895
61316 1895
61317 1895
61318 1895
61319 1895
61320 1895
61321 1895
61322 1895
61323 1895
61324 1895
61325 1895
61326 1895
61327 1895
61328 1895
61329 1895
61330 1895
61331 1895
61332 1895
61333 1895
61334 1895
61335 1895
61336 1895
61337 1895
61338 1895
61339 1895
61340 1895
61341 1895
61342 1895
61343 1895
61344 1895
61345 1895
61346 1895
61347 1895
61348 1895
61349 1895
61350 1895
61351 1895
61352 1895
61353 1895
61354 1895
61355 1895
61356 1895
61357 1895
61358 1895
61359 1895
61360 1895
61361 1895
61362 1895
61363 1895
61364 1895
61365 1895
61366 1895
61367 1895
61368 1895
61369 1895
61370 1895
61371 1895
61372 1895
61373 1895
61374 1895
61375 1895
61376 1895
61377 1895
61378 1895
61379 1895
61380 1895
61381 1895
61382 1895
61383 1895
61384 1895
61385 1895
61386 1895
61387 1895
61388 1895
61389 1895
61390 1895
61391 1895
61392 1895
61393 1895
61394 1895
61395 1895
61396 1895
61397 1895
61398 1895
61399 1895
61400 1895
61401 1895
61402 1895
61403 1895
61404 1895
61405 1895
61406 1895
61407 1895
61408 1895
61409 1895
61410 1895
61411 1895
61412 1895
61413 1895
61414 1895
61415 1895
61416 1895
61417 1895
61418 1895
61419 1895
61420 1895
61421 1895
61422 1895
61423 1895
61424 1895
61425 1895
61426 1895
61427 1895
61428 1895
61429 1895
61430 1895
61431 1895
61432 1895
61433 1895
61434 1895
61435 1895
61436 1895
61437 1895
61438 1895
61439 1895
61440 1895
61441 1895
61442 1895
61443 1895
61444 1895
61445 1895
61446 1895
61447 1895
61448 1895
61449 1895
61450 1895
61451 1895
61452 1895
61453 1895
61454 1895
61455 1895
61456 1895
61457 1895
61458 1895
61459 1895
61460 1895
61461 1895
61462 1895
61463 1895
61464 1895
61465 1895
61466 1895
61467 1895
61468 1895
61469 1894
61470 1894
61471 1894
61472 1894
61473 1894
61474 1894
61475 1894
61476 1894
61477 1894
61478 1894
61479 1894
61480 1894
61481 1894
61482 1894
61483 1894
61484 1894
61485 1894
61486 1894
61487 1894
61488 1894
61489 1894
61490 1894
61491 1894
61492 1894
61493 1894
61494 1894
61495 1894
61496 1894
61497 1894
61498 1894
61499 1894
61500 1894
61501 1894
61502 1894
61503 1894
61504 1894
61505 1894
61506 1894
61507 1894
61508 1894
61509 1894
61510 1894
61511 1894
61512 1894
61513 1894
61514 1894
61515 1894
61516 1894
61517 1894
61518 1894
61519 1894
61520 1894
61521 1894
61522 1894
61523 1894
61524 1894
61525 1894
61526 1894
61527 1894
61528 1894
61529 1894
61530 1894
61531 1894
61532 1894
61533 1894
61534 1894
61535 1894
61536 1894
61537 1894
61538 1894
61539 1894
61540 1894
61541 1894
61542 1894
61543 1894
61544 1894
61545 1894
61546 1894
61547 1894
61548 1894
61549 1894
61550 1894
61551 1894
61552 1894
61553 1894
61554 1894
61555 1894
61556 1894
61557 1894
61558 1894
61559 1894
61560 1894
61561 1894
61562 1894
61563 1894
61564 1894
61565 1894
61566 1894
61567 1894
61568 1894
61569 1894
61570 1894
61571 1894
61572 1894
61573 1894
61574 1894
61575 1894
61576 1894
61577 1894
61578 1894
61579 1894
61580 1894
61581 1894
61582 1894
61583 1894
61584 1894
61585 1894
61586 1894
61587 1894
61588 1894
61589 1894
61590 1894
61591 1894
61592 1894
61593 1894
61594 1894
61595 1894
61596 1894
61597 1894
61598 1894
61599 1894
61600 1894
61601 1894
61602 1894
61603 1894
61604 1894
61605 1894
61606 1894
61607 1894
61608 1894
61609 1894
61610 1894
61611 1894
61612 1894
61613 1894
61614 1894
61615 1894
61616 1894
61617 1894
61618 1894
61619 1894
61620 1894
61621 1894
61622 1894
61623 1894
61624 1894
61625 1894
61626 1894
61627 1894
61628 1894
61629 1894
61630 1894
61631 1894
61632 1894
61633 1894
61634 1894
61635 1894
61636 1894
61637 1894
61638 1894
61639 1894
61640 1894
61641 1894
61642 1894
61643 1894
61644 1894
61645 1894
61646 1894
61647 1894
61648 1894
61649 1894
61650 1894
61651 1894
61652 1894
61653 1894
61654 1894
61655 1894
61656 1894
61657 1894
61658 1894
61659 1894
61660 1887
61661 1887
61662 1887
61663 1887
61664 1887
61665 1887
61666 1887
61667 1887
61668 1887
61669 1887
61670 1887
61671 1887
61672 1887
61673 1887
61674 1887
61675 1887
61676 1887
61677 1887
61678 1887
61679 1887
61680 1887
61681 1887
61682 1887
61683 1887
61684 1887
61685 1887
61686 1887
61687 1887
61688 1887
61689 1887
61690 1887
61691 1887
61692 1887
61693 1887
61694 1887
61695 1887
61696 1887
61697 1887
61698 1887
61699 1887
61700 1887
61701 1887
61702 1887
61703 1887
61704 1887
61705 1887
61706 1887
61707 1887
61708 1887
61709 1887
61710 1887
61711 1887
61712 1887
61713 1887
61714 1887
61715 1887
61716 1887
61717 1887
61718 1887
61719 1887
61720 1887
61721 1887
61722 1887
61723 1887
61724 1887
61725 1887
61726 1887
61727 1887
61728 1887
61729 1887
61730 1887
61731 1887
61732 1887
61733 1887
61734 1887
61735 1887
61736 1887
61737 1887
61738 1887
61739 1887
61740 1887
61741 1887
61742 1887
61743 1887
61744 1887
61745 1887
61746 1887
61747 1887
61748 1887
61749 1887
61750 1887
61751 1887
61752 1887
61753 1887
61754 1887
61755 1887
61756 1887
61757 1887
61758 1887
61759 1887
61760 1887
61761 1887
61762 1887
61763 1887
61764 1887
61765 1887
61766 1887
61767 1887
61768 1887
61769 1887
61770 1887
61771 1887
61772 1887
61773 1887
61774 1887
61775 1887
61776 1887
61777 1887
61778 1887
61779 1887
61780 1887
61781 1887
61782 1887
61783 1887
61784 1887
61785 1887
61786 1887
61787 1887
61788 1887
61789 1887
61790 1887
61791 1887
61792 1887
61793 1887
61794 1887
61795 1887
61796 1887
61797 1887
61798 1887
61799 1887
61800 1887
61801 1887
61802 1887
61803 1887
61804 1887
61805 1887
61806 1887
61807 1887
61808 1887
61809 1887
61810 1887
61811 1887
61812 1887
61813 1887
61814 1887
61815 1887
61816 1887
61817 1887
61818 1887
61819 1887
61820 1887
61821 1887
61822 1887
61823 1887
61824 1887
61825 1887
61826 1887
61827 1887
61828 1887
61829 1887
61830 1887
61831 1887
61832 1887
61833 1887
61834 1887
61835 1887
61836 1887
61837 1887
61838 1887
61839 1887
61840 1887
61841 1887
61842 1887
61843 1887
61844 1887
61845 1887
61846 1887
61847 1887
61848 1887
61849 1887
61850 1887
61851 1887
61852 1887
61853 1887
61854 1887
61855 1887
61856 1887
61857 1887
61858 1887
61859 1887
61860 1887
61861 1887
61862 1887
61863 1887
61864 1887
61865 1887
61866 1887
61867 1887
61868 1887
61869 1887
61870 1887
61871 1887
61872 1887
61873 1887
61874 1887
61875 1887
61876 1887
61877 1887
61878 1887
61879 1887
61880 1887
61881 1887
61882 1887
61883 1887
61884 1887
61885 1887
61886 1887
61887 1887
61888 1887
61889 1887
61890 1887
61891 1887
61892 1887
61893 1887
61894 1887
61895 1887
61896 1887
61897 1887
61898 1887
61899 1887
61900 1887
61901 1887
61902 1887
61903 1887
61904 1887
61905 1887
61906 1887
61907 1887
61908 1887
61909 1887
61910 1887
61911 1887
61912 1887
61913 1887
61914 1887
61915 1887
61916 1887
61917 1887
61918 1887
61919 1887
61920 1887
61921 1887
61922 1887
61923 1887
61924 1887
61925 1887
61926 1887
61927 1887
61928 1887
61929 1887
61930 1887
61931 1887
61932 1887
61933 1887
61934 1887
61935 1887
61936 1887
61937 1887
61938 1887
61939 1887
61940 1887
61941 1887
61942 1887
61943 1887
61944 1887
61945 1887
61946 1887
61947 1887
61948 1887
61949 1887
61950 1887
61951 1887
61952 1887
61953 1887
61954 1887
61955 1887
61956 1887
61957 1887
61958 1887
61959 1887
61960 1887
61961 1887
61962 1887
61963 1887
61964 1887
61965 1887
61966 1887
61967 1887
61968 1887
61969 1887
61970 1887
61971 1887
61972 1887
61973 1887
61974 1887
61975 1887
61976 1887
61977 1887
61978 1887
61979 1887
61980 1887
61981 1887
61982 1887
61983 1887
61984 1887
61985 1887
61986 1887
61987 1887
61988 1887
61989 1887
61990 1887
61991 1887
61992 1887
61993 1887
61994 1887
61995 1887
61996 1887
61997 1887
61998 1887
61999 1887
62000 1887
62001 1887
62002 1887
62003 1887
62004 1887
62005 1887
62006 1887
62007 1887
62008 1887
62009 1887
62010 1887
62011 1887
62012 1887
62013 1887
62014 1887
62015 1887
62016 1887
62017 1887
62018 1887
62019 1887
62020 1887
62021 1887
62022 1887
62023 1887
62024 1887
62025 1887
62026 1887
62027 1887
62028 1887
62029 1887
62030 1887
62031 1887
62032 1887
62033 1887
62034 1887
62035 1887
62036 1887
62037 1887
62038 1887
62039 1887
62040 1887
62041 1887
62042 1887
62043 1887
62044 1887
62045 1887
62046 1887
62047 1887
62048 1887
62049 1887
62050 1887
62051 1887
62052 1887
62053 1887
62054 1887
62055 1887
62056 1887
62057 1887
62058 1887
62059 1887
62060 1887
62061 1887
62062 1887
62063 1887
62064 1887
62065 1887
62066 1887
62067 1887
62068 1887
62069 1887
62070 1887
62071 1887
62072 1887
62073 1887
62074 1887
62075 1887
62076 1887
62077 1887
62078 1887
62079 1887
62080 1887
62081 1887
62082 1887
62083 1887
62084 1887
62085 1887
62086 1887
62087 1887
62088 1887
62089 1887
62090 1887
62091 1887
62092 1887
62093 1887
62094 1887
62095 1887
62096 1887
62097 1887
62098 1887
62099 1887
62100 1887
62101 1887
62102 1887
62103 1887
62104 1887
62105 1887
62106 1887
62107 1887
62108 1887
62109 1887
62110 1887
62111 1887
62112 1887
62113 1887
62114 1887
62115 1887
62116 1887
62117 1887
62118 1887
62119 1887
62120 1887
62121 1887
62122 1887
62123 1887
62124 1887
62125 1887
62126 1887
62127 1887
62128 1887
62129 1887
62130 1887
62131 1887
62132 1887
62133 1887
62134 1887
62135 1887
62136 1887
62137 1887
62138 1887
62139 1887
62140 1887
62141 1887
62142 1887
62143 1887
62144 1887
62145 1887
62146 1887
62147 1887
62148 1887
62149 1887
62150 1887
62151 1887
62152 1887
62153 1887
62154 1887
62155 1887
62156 1887
62157 1887
62158 1887
62159 1887
62160 1887
62161 1887
62162 1887
62163 1887
62164 1887
62165 1887
62166 1887
62167 1887
62168 1887
62169 1887
62170 1887
62171 1887
62172 1887
62173 1887
62174 1887
62175 1887
62176 1887
62177 1887
62178 1887
62179 1887
62180 1887
62181 1887
62182 1887
62183 1887
62184 1887
62185 1887
62186 1887
62187 1887
62188 1887
62189 1887
62190 1887
62191 1887
62192 1887
62193 1887
62194 1887
62195 1887
62196 1887
62197 1887
62198 1887
62199 1887
62200 1887
62201 1887
62202 1887
62203 1887
62204 1887
62205 1887
62206 1887
62207 1887
62208 1887
62209 1887
62210 1887
62211 1887
62212 1887
62213 1887
62214 1887
62215 1887
62216 1887
62217 1887
62218 1887
62219 1887
62220 1887
62221 1887
62222 1887
62223 1887
62224 1887
62225 1887
62226 1887
62227 1887
62228 1887
62229 1887
62230 1887
62231 1887
62232 1887
62233 1887
62234 1887
62235 1887
62236 1887
62237 1887
62238 1887
62239 1887
62240 1887
62241 1887
62242 1887
62243 1887
62244 1887
62245 1887
62246 1887
62247 1887
62248 1887
62249 1887
62250 1887
62251 1887
62252 1887
62253 1887
62254 1887
62255 1887
62256 1887
62257 1887
62258 1887
62259 1887
62260 1887
62261 1887
62262 1887
62263 1887
62264 1887
62265 1887
62266 1887
62267 1887
62268 1887
62269 1887
62270 1887
62271 1887
62272 1887
62273 1887
62274 1887
62275 1887
62276 1887
62277 1887
62278 1887
62279 1887
62280 1887
62281 1887
62282 1887
62283 1887
62284 1887
62285 1887
62286 1887
62287 1887
62288 1887
62289 1887
62290 1887
62291 1887
62292 1887
62293 1887
62294 1887
62295 1887
62296 1887
62297 1887
62298 1887
62299 1887
62300 1887
62301 1887
62302 1887
62303 1887
62304 1887
62305 1887
62306 1887
62307 1887
62308 1887
62309 1887
62310 1887
62311 1887
62312 1887
62313 1887
62314 1887
62315 1887
62316 1887
62317 1887
62318 1887
62319 1887
62320 1887
62321 1887
62322 1887
62323 1887
62324 1887
62325 1887
62326 1887
62327 1887
62328 1887
62329 1887
62330 1887
62331 1887
62332 1887
62333 1887
62334 1887
62335 1887
62336 1887
62337 1887
62338 1887
62339 1887
62340 1887
62341 1887
62342 1887
62343 1887
62344 1887
62345 1887
62346 1887
62347 1887
62348 1887
62349 1887
62350 1887
62351 1887
62352 1887
62353 1887
62354 1887
62355 1887
62356 1887
62357 1887
62358 1887
62359 1887
62360 1887
62361 1887
62362 1887
62363 1887
62364 1887
62365 1887
62366 1887
62367 1887
62368 1887
62369 1887
62370 1887
62371 1887
62372 1887
62373 1887
62374 1887
62375 1887
62376 1887
62377 1887
62378 1887
62379 1887
62380 1887
62381 1887
62382 1887
62383 1887
62384 1887
62385 1887
62386 1887
62387 1887
62388 1887
62389 1887
62390 1887
62391 1887
62392 1887
62393 1887
62394 1887
62395 1887
62396 1887
62397 1887
62398 1887
62399 1887
62400 1887
62401 1887
62402 1887
62403 1887
62404 1887
62405 1887
62406 1887
62407 1887
62408 1887
62409 1887
62410 1887
62411 1887
62412 1887
62413 1887
62414 1887
62415 1887
62416 1887
62417 1887
62418 1887
62419 1887
62420 1887
62421 1887
62422 1887
62423 1887
62424 1887
62425 1887
62426 1887
62427 1887
62428 1887
62429 1887
62430 1887
62431 1887
62432 1887
62433 1887
62434 1887
62435 1887
62436 1887
62437 1887
62438 1887
62439 1887
62440 1887
62441 1887
62442 1887
62443 1887
62444 1887
62445 1887
62446 1887
62447 1887
62448 1887
62449 1887
62450 1887
62451 1887
62452 1887
62453 1887
62454 1887
62455 1887
62456 1887
62457 1887
62458 1887
62459 1887
62460 1887
62461 1887
62462 1887
62463 1887
62464 1887
62465 1887
62466 1887
62467 1887
62468 1887
62469 1887
62470 1887
62471 1887
62472 1887
62473 1887
62474 1887
62475 1887
62476 1887
62477 1887
62478 1887
62479 1887
62480 1887
62481 1887
62482 1887
62483 1887
62484 1887
62485 1887
62486 1887
62487 1887
62488 1887
62489 1887
62490 1887
62491 1887
62492 1887
62493 1887
62494 1887
62495 1887
62496 1887
62497 1887
62498 1887
62499 1887
62500 1887
62501 1887
62502 1887
62503 1887
62504 1887
62505 1887
62506 1887
62507 1887
62508 1887
62509 1887
62510 1887
62511 1887
62512 1887
62513 1887
62514 1887
62515 1887
62516 1887
62517 1887
62518 1887
62519 1887
62520 1887
62521 1887
62522 1887
62523 1887
62524 1887
62525 1887
62526 1887
62527 1887
62528 1887
62529 1887
62530 1887
62531 1887
62532 1887
62533 1887
62534 1887
62535 1887
62536 1887
62537 1887
62538 1887
62539 1887
62540 1887
62541 1887
62542 1887
62543 1887
62544 1887
62545 1887
62546 1887
62547 1887
62548 1887
62549 1887
62550 1887
62551 1887
62552 1887
62553 1887
62554 1887
62555 1887
62556 1887
62557 1887
62558 1887
62559 1887
62560 1887
62561 1887
62562 1887
62563 1887
62564 1887
62565 1887
62566 1887
62567 1887
62568 1887
62569 1887
62570 1887
62571 1887
62572 1887
62573 1887
62574 1887
62575 1887
62576 1887
62577 1887
62578 1887
62579 1887
62580 1887
62581 1887
62582 1887
62583 1887
62584 1887
62585 1887
62586 1887
62587 1887
62588 1887
62589 1887
62590 1887
62591 1887
62592 1887
62593 1887
62594 1887
62595 1887
62596 1887
62597 1887
62598 1887
62599 1887
62600 1887
62601 1887
62602 1887
62603 1887
62604 1887
62605 1887
62606 1887
62607 1887
62608 1887
62609 1887
62610 1887
62611 1887
62612 1887
62613 1887
62614 1887
62615 1887
62616 1887
62617 1887
62618 1887
62619 1887
62620 1887
62621 1887
62622 1887
62623 1887
62624 1887
62625 1887
62626 1887
62627 1887
62628 1887
62629 1887
62630 1887
62631 1887
62632 1887
62633 1887
62634 1887
62635 1887
62636 1887
62637 1887
62638 1887
62639 1887
62640 1887
62641 1887
62642 1887
62643 1887
62644 1887
62645 1887
62646 1887
62647 1887
62648 1887
62649 1887
62650 1887
62651 1887
62652 1887
62653 1887
62654 1887
62655 1887
62656 1887
62657 1887
62658 1887
62659 1887
62660 1887
62661 1887
62662 1887
62663 1887
62664 1887
62665 1887
62666 1887
62667 1887
62668 1887
62669 1887
62670 1887
62671 1887
62672 1887
62673 1887
62674 1887
62675 1887
62676 1887
62677 1887
62678 1887
62679 1887
62680 1887
62681 1887
62682 1887
62683 1887
62684 1887
62685 1887
62686 1887
62687 1887
62688 1887
62689 1887
62690 1887
62691 1887
62692 1887
62693 1887
62694 1887
62695 1887
62696 1887
62697 1887
62698 1887
62699 1887
62700 1887
62701 1887
62702 1887
62703 1887
62704 1887
62705 1887
62706 1887
62707 1887
62708 1887
62709 1887
62710 1887
62711 1887
62712 1887
62713 1887
62714 1887
62715 1887
62716 1887
62717 1887
62718 1887
62719 1887
62720 1887
62721 1887
62722 1887
62723 1887
62724 1887
62725 1887
62726 1887
62727 1887
62728 1887
62729 1887
62730 1887
62731 1887
62732 1887
62733 1887
62734 1887
62735 1887
62736 1887
62737 1887
62738 1887
62739 1887
62740 1887
62741 1887
62742 1887
62743 1887
62744 1887
62745 1887
62746 1887
62747 1887
62748 1887
62749 1887
62750 1887
62751 1887
62752 1887
62753 1887
62754 1887
62755 1887
62756 1887
62757 1887
62758 1887
62759 1887
62760 1887
62761 1887
62762 1887
62763 1887
62764 1887
62765 1887
62766 1887
62767 1887
62768 1887
62769 1887
62770 1887
62771 1885
62772 1885
62773 1885
62774 1885
62775 1885
62776 1885
62777 1885
62778 1885
62779 1885
62780 1885
62781 1885
62782 1885
62783 1885
62784 1885
62785 1885
62786 1885
62787 1885
62788 1885
62789 1885
62790 1885
62791 1885
62792 1885
62793 1885
62794 1885
62795 1885
62796 1885
62797 1885
62798 1885
62799 1885
62800 1885
62801 1885
62802 1885
62803 1885
62804 1885
62805 1885
62806 1885
62807 1885
62808 1885
62809 1885
62810 1885
62811 1885
62812 1885
62813 1885
62814 1885
62815 1885
62816 1885
62817 1885
62818 1885
62819 1885
62820 1885
62821 1885
62822 1885
62823 1885
62824 1885
62825 1885
62826 1885
62827 1885
62828 1885
62829 1885
62830 1885
62831 1885
62832 1885
62833 1885
62834 1885
62835 1885
62836 1885
62837 1885
62838 1885
62839 1885
62840 1885
62841 1885
62842 1885
62843 1885
62844 1885
62845 1885
62846 1885
62847 1885
62848 1885
62849 1885
62850 1885
62851 1885
62852 1885
62853 1885
62854 1885
62855 1885
62856 1885
62857 1885
62858 1885
62859 1885
62860 1885
62861 1885
62862 1885
62863 1885
62864 1885
62865 1885
62866 1885
62867 1885
62868 1885
62869 1885
62870 1885
62871 1885
62872 1885
62873 1885
62874 1885
62875 1885
62876 1885
62877 1885
62878 1885
62879 1885
62880 1885
62881 1885
62882 1885
62883 1885
62884 1885
62885 1885
62886 1885
62887 1885
62888 1885
62889 1885
62890 1885
62891 1885
62892 1885
62893 1885
62894 1885
62895 1885
62896 1885
62897 1885
62898 1885
62899 1885
62900 1885
62901 1885
62902 1885
62903 1885
62904 1885
62905 1885
62906 1885
62907 1885
62908 1885
62909 1885
62910 1885
62911 1885
62912 1885
62913 1885
62914 1885
62915 1885
62916 1885
62917 1885
62918 1885
62919 1885
62920 1885
62921 1885
62922 1885
62923 1885
62924 1885
62925 1885
62926 1885
62927 1885
62928 1885
62929 1885
62930 1885
62931 1885
62932 1885
62933 1885
62934 1885
62935 1885
62936 1885
62937 1885
62938 1885
62939 1885
62940 1885
62941 1885
62942 1885
62943 1885
62944 1885
62945 1885
62946 1885
62947 1885
62948 1885
62949 1885
62950 1885
62951 1885
62952 1885
62953 1885
62954 1885
62955 1885
62956 1885
62957 1885
62958 1885
62959 1885
62960 1885
62961 1885
62962 1885
62963 1885
62964 1885
62965 1885
62966 1885
62967 1885
62968 1885
62969 1885
62970 1885
62971 1885
62972 1885
62973 1885
62974 1885
62975 1885
62976 1885
62977 1885
62978 1885
62979 1885
62980 1885
62981 1885
62982 1885
62983 1885
62984 1885
62985 1885
62986 1885
62987 1885
62988 1885
62989 1885
62990 1885
62991 1885
62992 1885
62993 1885
62994 1885
62995 1885
62996 1885
62997 1885
62998 1885
62999 1885
63000 1885
63001 1885
63002 1885
63003 1885
63004 1885
63005 1885
63006 1885
63007 1885
63008 1885
63009 1885
63010 1885
63011 1885
63012 1885
63013 1885
63014 1885
63015 1885
63016 1885
63017 1885
63018 1885
63019 1885
63020 1885
63021 1885
63022 1885
63023 1885
63024 1885
63025 1885
63026 1885
63027 1885
63028 1885
63029 1885
63030 1885
63031 1885
63032 1885
63033 1885
63034 1885
63035 1885
63036 1885
63037 1885
63038 1885
63039 1885
63040 1885
63041 1885
63042 1885
63043 1885
63044 1885
63045 1885
63046 1885
63047 1885
63048 1885
63049 1885
63050 1885
63051 1885
63052 1885
63053 1885
63054 1885
63055 1885
63056 1885
63057 1885
63058 1885
63059 1885
63060 1885
63061 1885
63062 1885
63063 1885
63064 1885
63065 1885
63066 1885
63067 1885
63068 1885
63069 1885
63070 1885
63071 1885
63072 1885
63073 1885
63074 1885
63075 1885
63076 1885
63077 1885
63078 1885
63079 1885
63080 1885
63081 1885
63082 1885
63083 1885
63084 1885
63085 1885
63086 1885
63087 1885
63088 1885
63089 1885
63090 1885
63091 1885
63092 1885
63093 1885
63094 1885
63095 1885
63096 1885
63097 1885
63098 1885
63099 1885
63100 1885
63101 1885
63102 1885
63103 1885
63104 1885
63105 1885
63106 1885
63107 1885
63108 1885
63109 1885
63110 1885
63111 1885
63112 1885
63113 1885
63114 1885
63115 1885
63116 1885
63117 1885
63118 1885
63119 1885
63120 1885
63121 1885
63122 1885
63123 1885
63124 1885
63125 1885
63126 1885
63127 1885
63128 1885
63129 1885
63130 1885
63131 1885
63132 1885
63133 1885
63134 1885
63135 1885
63136 1885
63137 1885
63138 1885
63139 1885
63140 1885
63141 1885
63142 1885
63143 1885
63144 1885
63145 1885
63146 1885
63147 1885
63148 1885
63149 1885
63150 1885
63151 1885
63152 1885
63153 1885
63154 1885
63155 1885
63156 1885
63157 1885
63158 1885
63159 1885
63160 1885
63161 1885
63162 1885
63163 1885
63164 1885
63165 1885
63166 1885
63167 1885
63168 1885
63169 1885
63170 1885
63171 1885
63172 1885
63173 1885
63174 1885
63175 1885
63176 1885
63177 1885
63178 1885
63179 1885
63180 1885
63181 1885
63182 1885
63183 1885
63184 1885
63185 1885
63186 1885
63187 1885
63188 1885
63189 1885
63190 1885
63191 1885
63192 1885
63193 1885
63194 1885
63195 1885
63196 1885
63197 1885
63198 1885
63199 1885
63200 1885
63201 1885
63202 1885
63203 1885
63204 1885
63205 1885
63206 1885
63207 1885
63208 1885
63209 1885
63210 1885
63211 1885
63212 1885
63213 1885
63214 1885
63215 1885
63216 1885
63217 1885
63218 1885
63219 1885
63220 1885
63221 1885
63222 1885
63223 1885
63224 1885
63225 1885
63226 1885
63227 1885
63228 1885
63229 1885
63230 1885
63231 1885
63232 1885
63233 1885
63234 1885
63235 1885
63236 1885
63237 1885
63238 1885
63239 1885
63240 1885
63241 1885
63242 1885
63243 1885
63244 1885
63245 1885
63246 1885
63247 1885
63248 1885
63249 1885
63250 1885
63251 1885
63252 1885
63253 1885
63254 1885
63255 1885
63256 1885
63257 1885
63258 1885
63259 1885
63260 1885
63261 1885
63262 1885
63263 1885
63264 1885
63265 1885
63266 1885
63267 1885
63268 1885
63269 1885
63270 1885
63271 1885
63272 1885
63273 1885
63274 1885
63275 1885
63276 1885
63277 1885
63278 1885
63279 1885
63280 1885
63281 1885
63282 1885
63283 1885
63284 1885
63285 1885
63286 1885
63287 1885
63288 1885
63289 1885
63290 1885
63291 1885
63292 1885
63293 1885
63294 1885
63295 1885
63296 1885
63297 1885
63298 1885
63299 1885
63300 1879
63301 1879
63302 1879
63303 1879
63304 1879
63305 1879
63306 1879
63307 1879
63308 1879
63309 1879
63310 1879
63311 1879
63312 1879
63313 1879
63314 1879
63315 1879
63316 1879
63317 1879
63318 1879
63319 1879
63320 1879
63321 1879
63322 1879
63323 1879
63324 1879
63325 1879
63326 1879
63327 1879
63328 1879
63329 1879
63330 1879
63331 1879
63332 1879
63333 1879
63334 1879
63335 1879
63336 1879
63337 1879
63338 1879
63339 1879
63340 1879
63341 1879
63342 1879
63343 1879
63344 1879
63345 1879
63346 1879
63347 1879
63348 1879
63349 1879
63350 1879
63351 1879
63352 1879
63353 1879
63354 1879
63355 1879
63356 1879
63357 1879
63358 1879
63359 1879
63360 1879
63361 1879
63362 1879
63363 1879
63364 1879
63365 1879
63366 1879
63367 1879
63368 1879
63369 1879
63370 1879
63371 1879
63372 1879
63373 1879
63374 1879
63375 1879
63376 1879
63377 1879
63378 1879
63379 1879
63380 1879
63381 1879
63382 1879
63383 1879
63384 1879
63385 1879
63386 1879
63387 1879
63388 1879
63389 1879
63390 1879
63391 1879
63392 1879
63393 1879
63394 1879
63395 1879
63396 1879
63397 1879
63398 1879
63399 1879
63400 1879
63401 1879
63402 1879
63403 1879
63404 1879
63405 1879
63406 1879
63407 1879
63408 1879
63409 1879
63410 1879
63411 1879
63412 1879
63413 1879
63414 1879
63415 1879
63416 1879
63417 1879
63418 1879
63419 1879
63420 1879
63421 1879
63422 1879
63423 1879
63424 1879
63425 1879
63426 1879
63427 1879
63428 1879
63429 1879
63430 1879
63431 1879
63432 1879
63433 1879
63434 1879
63435 1879
63436 1879
63437 1879
63438 1879
63439 1879
63440 1879
63441 1879
63442 1879
63443 1879
63444 1879
63445 1879
63446 1879
63447 1879
63448 1879
63449 1879
63450 1879
63451 1879
63452 1879
63453 1879
63454 1879
63455 1879
63456 1879
63457 1879
63458 1879
63459 1879
63460 1879
63461 1879
63462 1879
63463 1879
63464 1879
63465 1879
63466 1879
63467 1879
63468 1879
63469 1879
63470 1879
63471 1879
63472 1879
63473 1879
63474 1879
63475 1879
63476 1879
63477 1879
63478 1879
63479 1879
63480 1879
63481 1879
63482 1879
63483 1879
63484 1879
63485 1879
63486 1879
63487 1879
63488 1879
63489 1879
63490 1879
63491 1879
63492 1879
63493 1879
63494 1879
63495 1879
63496 1879
63497 1879
63498 1879
63499 1879
63500 1879
63501 1879
63502 1879
63503 1879
63504 1879
63505 1879
63506 1879
63507 1879
63508 1879
63509 1879
63510 1879
63511 1879
63512 1879
63513 1879
63514 1879
63515 1879
63516 1879
63517 1879
63518 1879
63519 1879
63520 1879
63521 1879
63522 1879
63523 1879
63524 1879
63525 1879
63526 1879
63527 1879
63528 1879
63529 1879
63530 1879
63531 1879
63532 1879
63533 1879
63534 1879
63535 1879
63536 1879
63537 1879
63538 1879
63539 1879
63540 1879
63541 1879
63542 1879
63543 1879
63544 1879
63545 1879
63546 1879
63547 1879
63548 1879
63549 1879
63550 1879
63551 1879
63552 1879
63553 1879
63554 1879
63555 1879
63556 1879
63557 1879
63558 1879
63559 1879
63560 1879
63561 1879
63562 1879
63563 1879
63564 1879
63565 1879
63566 1879
63567 1879
63568 1879
63569 1879
63570 1879
63571 1879
63572 1879
63573 1879
63574 1879
63575 1879
63576 1879
63577 1879
63578 1879
63579 1879
63580 1879
63581 1879
63582 1879
63583 1879
63584 1879
63585 1879
63586 1879
63587 1879
63588 1879
63589 1879
63590 1879
63591 1879
63592 1879
63593 1879
63594 1879
63595 1879
63596 1879
63597 1879
63598 1879
63599 1879
63600 1879
63601 1879
63602 1879
63603 1879
63604 1879
63605 1879
63606 1879
63607 1879
63608 1879
63609 1879
63610 1879
63611 1879
63612 1879
63613 1879
63614 1879
63615 1879
63616 1879
63617 1879
63618 1879
63619 1879
63620 1879
63621 1879
63622 1879
63623 1879
63624 1879
63625 1879
63626 1879
63627 1879
63628 1879
63629 1879
63630 1879
63631 1879
63632 1879
63633 1879
63634 1879
63635 1879
63636 1879
63637 1879
63638 1879
63639 1879
63640 1879
63641 1879
63642 1879
63643 1879
63644 1879
63645 1879
63646 1879
63647 1879
63648 1879
63649 1879
63650 1879
63651 1879
63652 1879
63653 1879
63654 1879
63655 1879
63656 1879
63657 1879
63658 1879
63659 1879
63660 1879
63661 1879
63662 1879
63663 1879
63664 1879
63665 1879
63666 1879
63667 1879
63668 1879
63669 1879
63670 1879
63671 1879
63672 1879
63673 1879
63674 1879
63675 1879
63676 1879
63677 1879
63678 1879
63679 1879
63680 1879
63681 1879
63682 1879
63683 1879
63684 1879
63685 1879
63686 1879
63687 1879
63688 1879
63689 1879
63690 1879
63691 1879
63692 1879
63693 1879
63694 1879
63695 1879
63696 1879
63697 1879
63698 1879
63699 1879
63700 1879
63701 1879
63702 1879
63703 1879
63704 1879
63705 1879
63706 1879
63707 1879
63708 1879
63709 1879
63710 1879
63711 1879
63712 1879
63713 1879
63714 1879
63715 1879
63716 1879
63717 1879
63718 1879
63719 1879
63720 1879
63721 1879
63722 1879
63723 1879
63724 1879
63725 1879
63726 1879
63727 1879
63728 1879
63729 1879
63730 1879
63731 1879
63732 1879
63733 1879
63734 1879
63735 1879
63736 1879
63737 1879
63738 1879
63739 1879
63740 1879
63741 1879
63742 1879
63743 1879
63744 1879
63745 1879
63746 1879
63747 1879
63748 1879
63749 1879
63750 1879
63751 1879
63752 1879
63753 1879
63754 1879
63755 1879
63756 1879
63757 1879
63758 1879
63759 1879
63760 1879
63761 1879
63762 1879
63763 1879
63764 1879
63765 1879
63766 1879
63767 1879
63768 1879
63769 1879
63770 1879
63771 1879
63772 1879
63773 1879
63774 1879
63775 1879
63776 1879
63777 1879
63778 1879
63779 1879
63780 1879
63781 1879
63782 1879
63783 1879
63784 1879
63785 1879
63786 1879
63787 1879
63788 1879
63789 1879
63790 1879
63791 1879
63792 1879
63793 1879
63794 1879
63795 1879
63796 1879
63797 1879
63798 1879
63799 1879
63800 1879
63801 1879
63802 1879
63803 1879
63804 1879
63805 1879
63806 1879
63807 1879
63808 1879
63809 1879
63810 1879
63811 1879
63812 1879
63813 1879
63814 1879
63815 1879
63816 1879
63817 1879
63818 1877
63819 1877
63820 1877
63821 1877
63822 1877
63823 1877
63824 1877
63825 1877
63826 1877
63827 1877
63828 1877
63829 1877
63830 1877
63831 1877
63832 1877
63833 1877
63834 1877
63835 1877
63836 1877
63837 1877
63838 1877
63839 1877
63840 1877
63841 1877
63842 1877
63843 1877
63844 1877
63845 1877
63846 1877
63847 1877
63848 1877
63849 1877
63850 1877
63851 1877
63852 1877
63853 1877
63854 1877
63855 1877
63856 1877
63857 1877
63858 1877
63859 1877
63860 1877
63861 1877
63862 1877
63863 1877
63864 1877
63865 1877
63866 1877
63867 1877
63868 1877
63869 1877
63870 1877
63871 1877
63872 1877
63873 1877
63874 1877
63875 1877
63876 1877
63877 1877
63878 1877
63879 1877
63880 1877
63881 1877
63882 1877
63883 1877
63884 1877
63885 1877
63886 1877
63887 1877
63888 1877
63889 1877
63890 1877
63891 1877
63892 1877
63893 1877
63894 1877
63895 1877
63896 1877
63897 1877
63898 1877
63899 1877
63900 1877
63901 1877
63902 1877
63903 1877
63904 1877
63905 1877
63906 1877
63907 1877
63908 1877
63909 1877
63910 1877
63911 1877
63912 1877
63913 1877
63914 1877
63915 1877
63916 1877
63917 1877
63918 1877
63919 1877
63920 1877
63921 1877
63922 1877
63923 1877
63924 1877
63925 1877
63926 1877
63927 1877
63928 1877
63929 1877
63930 1877
63931 1877
63932 1877
63933 1877
63934 1877
63935 1877
63936 1877
63937 1877
63938 1877
63939 1877
63940 1877
63941 1877
63942 1877
63943 1877
63944 1877
63945 1877
63946 1877
63947 1877
63948 1877
63949 1877
63950 1877
63951 1877
63952 1877
63953 1877
63954 1877
63955 1877
63956 1877
63957 1877
63958 1877
63959 1877
63960 1877
63961 1877
63962 1877
63963 1877
63964 1877
63965 1877
63966 1877
63967 1877
63968 1877
63969 1877
63970 1877
63971 1877
63972 1877
63973 1877
63974 1877
63975 1877
63976 1877
63977 1877
63978 1877
63979 1877
63980 1877
63981 1877
63982 1877
63983 1877
63984 1877
63985 1877
63986 1877
63987 1877
63988 1877
63989 1877
63990 1877
63991 1877
63992 1877
63993 1877
63994 1877
63995 1877
63996 1877
63997 1877
63998 1877
63999 1877
64000 1877
64001 1877
64002 1877
64003 1877
64004 1877
64005 1877
64006 1877
64007 1877
64008 1877
64009 1877
64010 1877
64011 1877
64012 1877
64013 1877
64014 1877
64015 1877
64016 1877
64017 1877
64018 1877
64019 1877
64020 1877
64021 1877
64022 1877
64023 1877
64024 1877
64025 1877
64026 1877
64027 1877
64028 1877
64029 1877
64030 1877
64031 1877
64032 1877
64033 1877
64034 1877
64035 1877
64036 1877
64037 1877
64038 1877
64039 1877
64040 1877
64041 1877
64042 1877
64043 1877
64044 1877
64045 1877
64046 1877
64047 1877
64048 1877
64049 1877
64050 1877
64051 1877
64052 1877
64053 1877
64054 1877
64055 1877
64056 1877
64057 1877
64058 1877
64059 1877
64060 1877
64061 1877
64062 1877
64063 1877
64064 1877
64065 1877
64066 1877
64067 1877
64068 1877
64069 1877
64070 1877
64071 1877
64072 1877
64073 1877
64074 1877
64075 1877
64076 1877
64077 1877
64078 1877
64079 1877
64080 1877
64081 1877
64082 1877
64083 1877
64084 1877
64085 1877
64086 1877
64087 1877
64088 1877
64089 1877
64090 1877
64091 1877
64092 1877
64093 1877
64094 1877
64095 1877
64096 1877
64097 1877
64098 1877
64099 1877
64100 1877
64101 1877
64102 1877
64103 1877
64104 1877
64105 1877
64106 1877
64107 1877
64108 1877
64109 1877
64110 1877
64111 1877
64112 1877
64113 1877
64114 1877
64115 1877
64116 1877
64117 1877
64118 1877
64119 1877
64120 1877
64121 1877
64122 1877
64123 1877
64124 1877
64125 1877
64126 1877
64127 1877
64128 1877
64129 1877
64130 1877
64131 1877
64132 1877
64133 1877
64134 1877
64135 1877
64136 1877
64137 1877
64138 1877
64139 1877
64140 1877
64141 1877
64142 1877
64143 1877
64144 1877
64145 1877
64146 1877
64147 1877
64148 1877
64149 1877
64150 1877
64151 1877
64152 1877
64153 1877
64154 1877
64155 1877
64156 1877
64157 1877
64158 1877
64159 1877
64160 1877
64161 1877
64162 1877
64163 1877
64164 1877
64165 1877
64166 1877
64167 1877
64168 1877
64169 1877
64170 1877
64171 1877
64172 1877
64173 1877
64174 1877
64175 1877
64176 1877
64177 1877
64178 1877
64179 1877
64180 1877
64181 1877
64182 1877
64183 1877
64184 1877
64185 1877
64186 1877
64187 1877
64188 1877
64189 1877
64190 1877
64191 1877
64192 1877
64193 1877
64194 1877
64195 1877
64196 1877
64197 1877
64198 1877
64199 1877
64200 1877
64201 1877
64202 1877
64203 1877
64204 1877
64205 1877
64206 1877
64207 1877
64208 1877
64209 1877
64210 1877
64211 1877
64212 1877
64213 1877
64214 1877
64215 1877
64216 1877
64217 1877
64218 1877
64219 1877
64220 1877
64221 1877
64222 1877
64223 1877
64224 1877
64225 1877
64226 1877
64227 1877
64228 1877
64229 1877
64230 1877
64231 1877
64232 1877
64233 1877
64234 1877
64235 1877
64236 1877
64237 1877
64238 1877
64239 1877
64240 1877
64241 1877
64242 1877
64243 1877
64244 1877
64245 1877
64246 1877
64247 1877
64248 1877
64249 1877
64250 1877
64251 1877
64252 1877
64253 1877
64254 1877
64255 1877
64256 1877
64257 1877
64258 1877
64259 1877
64260 1877
64261 1877
64262 1877
64263 1877
64264 1877
64265 1877
64266 1877
64267 1877
64268 1877
64269 1877
64270 1877
64271 1877
64272 1877
64273 1877
64274 1877
64275 1877
64276 1877
64277 1877
64278 1877
64279 1877
64280 1877
64281 1877
64282 1877
64283 1877
64284 1877
64285 1877
64286 1877
64287 1877
64288 1877
64289 1877
64290 1877
64291 1877
64292 1877
64293 1877
64294 1877
64295 1877
64296 1877
64297 1877
64298 1877
64299 1877
64300 1877
64301 1877
64302 1877
64303 1877
64304 1877
64305 1877
64306 1877
64307 1877
64308 1877
64309 1877
64310 1877
64311 1877
64312 1877
64313 1877
64314 1877
64315 1877
64316 1877
64317 1877
64318 1877
64319 1877
64320 1877
64321 1877
64322 1877
64323 1877
64324 1877
64325 1877
64326 1877
64327 1877
64328 1877
64329 1877
64330 1877
64331 1877
64332 1877
64333 1877
64334 1877
64335 1877
64336 1877
64337 1877
64338 1877
64339 1877
64340 1877
64341 1877
64342 1877
64343 1877
64344 1877
64345 1877
64346 1877
64347 1877
64348 1877
64349 1877
64350 1877
64351 1877
64352 1877
64353 1877
64354 1877
64355 1877
64356 1877
64357 1877
64358 1877
64359 1877
64360 1877
64361 1877
64362 1877
64363 1877
64364 1877
64365 1877
64366 1877
64367 1877
64368 1877
64369 1877
64370 1877
64371 1877
64372 1877
64373 1877
64374 1877
64375 1877
64376 1877
64377 1877
64378 1877
64379 1877
64380 1877
64381 1877
64382 1877
64383 1877
64384 1877
64385 1877
64386 1877
64387 1877
64388 1877
64389 1877
64390 1877
64391 1877
64392 1877
64393 1877
64394 1877
64395 1877
64396 1877
64397 1877
64398 1877
64399 1877
64400 1877
64401 1877
64402 1877
64403 1877
64404 1877
64405 1877
64406 1877
64407 1877
64408 1877
64409 1877
64410 1877
64411 1877
64412 1877
64413 1877
64414 1877
64415 1877
64416 1877
64417 1877
64418 1877
64419 1877
64420 1877
64421 1877
64422 1877
64423 1877
64424 1877
64425 1877
64426 1877
64427 1877
64428 1877
64429 1877
64430 1877
64431 1877
64432 1877
64433 1877
64434 1877
64435 1877
64436 1877
64437 1877
64438 1877
64439 1877
64440 1877
64441 1877
64442 1877
64443 1877
64444 1877
64445 1877
64446 1877
64447 1877
64448 1877
64449 1877
64450 1877
64451 1877
64452 1877
64453 1877
64454 1877
64455 1877
64456 1877
64457 1877
64458 1877
64459 1877
64460 1877
64461 1877
64462 1877
64463 1877
64464 1877
64465 1877
64466 1877
64467 1877
64468 1877
64469 1877
64470 1877
64471 1877
64472 1877
64473 1877
64474 1877
64475 1877
64476 1877
64477 1877
64478 1877
64479 1877
64480 1877
64481 1877
64482 1877
64483 1877
64484 1877
64485 1877
64486 1877
64487 1877
64488 1877
64489 1877
64490 1877
64491 1877
64492 1877
64493 1877
64494 1877
64495 1877
64496 1877
64497 1877
64498 1877
64499 1877
64500 1877
64501 1877
64502 1877
64503 1877
64504 1877
64505 1877
64506 1877
64507 1877
64508 1877
64509 1877
64510 1877
64511 1877
64512 1877
64513 1877
64514 1877
64515 1877
64516 1877
64517 1877
64518 1877
64519 1877
64520 1877
64521 1877
64522 1877
64523 1877
64524 1877
64525 1877
64526 1877
64527 1877
64528 1877
64529 1877
64530 1877
64531 1877
64532 1877
64533 1877
64534 1877
64535 1877
64536 1877
64537 1877
64538 1877
64539 1877
64540 1877
64541 1877
64542 1877
64543 1877
64544 1877
64545 1877
64546 1877
64547 1877
64548 1877
64549 1877
64550 1877
64551 1877
64552 1877
64553 1877
64554 1877
64555 1877
64556 1877
64557 1877
64558 1877
64559 1877
64560 1877
64561 1877
64562 1877
64563 1877
64564 1877
64565 1877
64566 1877
64567 1877
64568 1877
64569 1877
64570 1877
64571 1877
64572 1877
64573 1877
64574 1877
64575 1877
64576 1877
64577 1877
64578 1877
64579 1877
64580 1877
64581 1877
64582 1877
64583 1877
64584 1877
64585 1877
64586 1877
64587 1877
64588 1877
64589 1877
64590 1877
64591 1877
64592 1877
64593 1877
64594 1877
64595 1877
64596 1877
64597 1877
64598 1877
64599 1877
64600 1877
64601 1877
64602 1877
64603 1877
64604 1877
64605 1877
64606 1877
64607 1877
64608 1877
64609 1877
64610 1877
64611 1877
64612 1877
64613 1877
64614 1877
64615 1877
64616 1877
64617 1877
64618 1877
64619 1877
64620 1877
64621 1877
64622 1877
64623 1877
64624 1877
64625 1877
64626 1877
64627 1877
64628 1877
64629 1877
64630 1877
64631 1877
64632 1877
64633 1877
64634 1877
64635 1877
64636 1877
64637 1877
64638 1877
64639 1877
64640 1877
64641 1877
64642 1877
64643 1877
64644 1877
64645 1877
64646 1877
64647 1877
64648 1877
64649 1877
64650 1877
64651 1877
64652 1877
64653 1877
64654 1877
64655 1877
64656 1877
64657 1877
64658 1877
64659 1877
64660 1877
64661 1877
64662 1877
64663 1877
64664 1877
64665 1877
64666 1877
64667 1877
64668 1877
64669 1877
64670 1877
64671 1877
64672 1877
64673 1877
64674 1877
64675 1877
64676 1877
64677 1877
64678 1877
64679 1877
64680 1877
64681 1877
64682 1877
64683 1877
64684 1877
64685 1877
64686 1877
64687 1877
64688 1877
64689 1877
64690 1877
64691 1877
64692 1877
64693 1877
64694 1877
64695 1877
64696 1877
64697 1877
64698 1877
64699 1877
64700 1877
64701 1877
64702 1877
64703 1877
64704 1877
64705 1877
64706 1877
64707 1877
64708 1877
64709 1877
64710 1877
64711 1877
64712 1877
64713 1877
64714 1877
64715 1877
64716 1877
64717 1877
64718 1877
64719 1877
64720 1877
64721 1877
64722 1877
64723 1877
64724 1877
64725 1877
64726 1877
64727 1877
64728 1877
64729 1877
64730 1877
64731 1877
64732 1877
64733 1877
64734 1877
64735 1877
64736 1877
64737 1877
64738 1877
64739 1877
64740 1877
64741 1877
64742 1877
64743 1877
64744 1877
64745 1877
64746 1877
64747 1877
64748 1877
64749 1877
64750 1877
64751 1877
64752 1877
64753 1877
64754 1877
64755 1877
64756 1877
64757 1877
64758 1877
64759 1877
64760 1877
64761 1877
64762 1877
64763 1877
64764 1877
64765 1877
64766 1877
64767 1877
64768 1877
64769 1877
64770 1877
64771 1877
64772 1877
64773 1877
64774 1877
64775 1877
64776 1877
64777 1877
64778 1877
64779 1877
64780 1877
64781 1877
64782 1877
64783 1877
64784 1877
64785 1877
64786 1877
64787 1877
64788 1877
64789 1877
64790 1877
64791 1877
64792 1877
64793 1877
64794 1877
64795 1877
64796 1877
64797 1877
64798 1877
64799 1877
64800 1877
64801 1877
64802 1877
64803 1877
64804 1877
64805 1877
64806 1877
64807 1877
64808 1877
64809 1877
64810 1877
64811 1877
64812 1877
64813 1877
64814 1877
64815 1877
64816 1877
64817 1877
64818 1877
64819 1877
64820 1877
64821 1877
64822 1877
64823 1877
64824 1877
64825 1877
64826 1877
64827 1877
64828 1877
64829 1877
64830 1877
64831 1877
64832 1877
64833 1877
64834 1877
64835 1877
64836 1877
64837 1877
64838 1877
64839 1877
64840 1877
64841 1877
64842 1877
64843 1877
64844 1877
64845 1877
64846 1877
64847 1877
64848 1877
64849 1877
64850 1877
64851 1877
64852 1877
64853 1877
64854 1877
64855 1877
64856 1877
64857 1877
64858 1877
64859 1877
64860 1877
64861 1877
64862 1877
64863 1877
64864 1877
64865 1877
64866 1877
64867 1877
64868 1877
64869 1877
64870 1877
64871 1877
64872 1877
64873 1877
64874 1877
64875 1877
64876 1877
64877 1877
64878 1877
64879 1877
64880 1877
64881 1877
64882 1877
64883 1877
64884 1877
64885 1877
64886 1877
64887 1877
64888 1877
64889 1877
64890 1877
64891 1877
64892 1877
64893 1877
64894 1877
64895 1877
64896 1877
64897 1877
64898 1877
64899 1877
64900 1877
64901 1877
64902 1877
64903 1877
64904 1877
64905 1877
64906 1877
64907 1877
64908 1877
64909 1877
64910 1876
64911 1876
64912 1876
64913 1876
64914 1876
64915 1876
64916 1876
64917 1876
64918 1876
64919 1876
64920 1876
64921 1876
64922 1876
64923 1876
64924 1876
64925 1876
64926 1876
64927 1876
64928 1876
64929 1876
64930 1876
64931 1876
64932 1876
64933 1876
64934 1876
64935 1876
64936 1876
64937 1876
64938 1876
64939 1876
64940 1876
64941 1876
64942 1876
64943 1876
64944 1876
64945 1876
64946 1876
64947 1876
64948 1876
64949 1876
64950 1876
64951 1876
64952 1876
64953 1876
64954 1876
64955 1876
64956 1876
64957 1876
64958 1876
64959 1876
64960 1876
64961 1876
64962 1876
64963 1876
64964 1876
64965 1876
64966 1876
64967 1876
64968 1876
64969 1876
64970 1876
64971 1876
64972 1876
64973 1876
64974 1876
64975 1876
64976 1876
64977 1876
64978 1876
64979 1876
64980 1876
64981 1876
64982 1876
64983 1876
64984 1876
64985 1876
64986 1876
64987 1876
64988 1876
64989 1876
64990 1876
64991 1876
64992 1876
64993 1876
64994 1876
64995 1876
64996 1876
64997 1876
64998 1876
64999 1876
65000 1876
65001 1876
65002 1876
65003 1876
65004 1876
65005 1876
65006 1876
65007 1876
65008 1876
65009 1876
65010 1876
65011 1876
65012 1876
65013 1876
65014 1876
65015 1876
65016 1876
65017 1876
65018 1876
65019 1876
65020 1876
65021 1876
65022 1876
65023 1876
65024 1876
65025 1876
65026 1876
65027 1876
65028 1876
65029 1876
65030 1876
65031 1876
65032 1876
65033 1876
65034 1876
65035 1876
65036 1876
65037 1876
65038 1876
65039 1876
65040 1876
65041 1876
65042 1876
65043 1876
65044 1876
65045 1876
65046 1876
65047 1876
65048 1876
65049 1876
65050 1876
65051 1876
65052 1876
65053 1876
65054 1876
65055 1876
65056 1876
65057 1876
65058 1876
65059 1876
65060 1876
65061 1876
65062 1876
65063 1876
65064 1876
65065 1876
65066 1876
65067 1876
65068 1876
65069 1876
65070 1876
65071 1876
65072 1876
65073 1876
65074 1876
65075 1876
65076 1876
65077 1876
65078 1876
65079 1876
65080 1876
65081 1876
65082 1876
65083 1876
65084 1876
65085 1876
65086 1876
65087 1876
65088 1876
65089 1876
65090 1876
65091 1876
65092 1876
65093 1876
65094 1876
65095 1876
65096 1876
65097 1876
65098 1876
65099 1876
65100 1876
65101 1876
65102 1876
65103 1876
65104 1876
65105 1876
65106 1876
65107 1876
65108 1876
65109 1876
65110 1876
65111 1876
65112 1876
65113 1876
65114 1876
65115 1876
65116 1876
65117 1876
65118 1876
65119 1876
65120 1876
65121 1876
65122 1876
65123 1876
65124 1876
65125 1876
65126 1876
65127 1876
65128 1876
65129 1876
65130 1876
65131 1876
65132 1876
65133 1876
65134 1876
65135 1876
65136 1876
65137 1876
65138 1876
65139 1876
65140 1876
65141 1876
65142 1876
65143 1876
65144 1876
65145 1876
65146 1876
65147 1876
65148 1876
65149 1876
65150 1876
65151 1876
65152 1876
65153 1876
65154 1876
65155 1876
65156 1876
65157 1876
65158 1876
65159 1876
65160 1876
65161 1876
65162 1876
65163 1876
65164 1876
65165 1876
65166 1876
65167 1876
65168 1876
65169 1876
65170 1876
65171 1876
65172 1876
65173 1876
65174 1876
65175 1876
65176 1876
65177 1876
65178 1876
65179 1876
65180 1876
65181 1876
65182 1876
65183 1876
65184 1876
65185 1876
65186 1876
65187 1876
65188 1876
65189 1876
65190 1876
65191 1876
65192 1876
65193 1876
65194 1876
65195 1876
65196 1876
65197 1876
65198 1876
65199 1876
65200 1876
65201 1876
65202 1876
65203 1876
65204 1876
65205 1876
65206 1876
65207 1876
65208 1876
65209 1876
65210 1876
65211 1876
65212 1876
65213 1876
65214 1876
65215 1876
65216 1876
65217 1876
65218 1876
65219 1876
65220 1876
65221 1876
65222 1876
65223 1876
65224 1876
65225 1876
65226 1876
65227 1876
65228 1876
65229 1876
65230 1876
65231 1876
65232 1876
65233 1876
65234 1876
65235 1876
65236 1876
65237 1876
65238 1876
65239 1876
65240 1876
65241 1876
65242 1876
65243 1876
65244 1876
65245 1876
65246 1876
65247 1876
65248 1876
65249 1876
65250 1876
65251 1876
65252 1876
65253 1876
65254 1876
65255 1876
65256 1876
65257 1876
65258 1876
65259 1876
65260 1876
65261 1876
65262 1876
65263 1876
65264 1876
65265 1876
65266 1876
65267 1876
65268 1876
65269 1876
65270 1876
65271 1876
65272 1876
65273 1876
65274 1876
65275 1876
65276 1876
65277 1876
65278 1876
65279 1876
65280 1876
65281 1876
65282 1876
65283 1876
65284 1876
65285 1876
65286 1876
65287 1876
65288 1876
65289 1876
65290 1876
65291 1876
65292 1876
65293 1876
65294 1876
65295 1876
65296 1876
65297 1876
65298 1876
65299 1876
65300 1876
65301 1876
65302 1876
65303 1876
65304 1876
65305 1876
65306 1876
65307 1876
65308 1876
65309 1876
65310 1876
65311 1876
65312 1876
65313 1876
65314 1876
65315 1876
65316 1876
65317 1876
65318 1876
65319 1876
65320 1876
65321 1876
65322 1876
65323 1876
65324 1876
65325 1876
65326 1876
65327 1876
65328 1876
65329 1876
65330 1876
65331 1876
65332 1876
65333 1876
65334 1876
65335 1876
65336 1876
65337 1876
65338 1876
65339 1876
65340 1876
65341 1876
65342 1876
65343 1876
65344 1876
65345 1876
65346 1876
65347 1876
65348 1876
65349 1876
65350 1876
65351 1876
65352 1876
65353 1876
65354 1876
65355 1876
65356 1876
65357 1876
65358 1876
65359 1876
65360 1876
65361 1876
65362 1876
65363 1876
65364 1876
65365 1876
65366 1876
65367 1876
65368 1876
65369 1876
65370 1876
65371 1876
65372 1876
65373 1876
65374 1876
65375 1876
65376 1876
65377 1876
65378 1876
65379 1876
65380 1876
65381 1876
65382 1876
65383 1876
65384 1876
65385 1876
65386 1876
65387 1876
65388 1876
65389 1876
65390 1876
65391 1876
65392 1876
65393 1876
65394 1876
65395 1876
65396 1876
65397 1876
65398 1876
65399 1876
65400 1876
65401 1876
65402 1876
65403 1876
65404 1876
65405 1876
65406 1876
65407 1876
65408 1876
65409 1876
65410 1876
65411 1876
65412 1876
65413 1876
65414 1876
65415 1876
65416 1876
65417 1876
65418 1876
65419 1876
65420 1876
65421 1876
65422 1876
65423 1876
65424 1876
65425 1876
65426 1876
65427 1876
65428 1876
65429 1876
65430 1876
65431 1876
65432 1876
65433 1876
65434 1876
65435 1876
65436 1876
65437 1876
65438 1876
65439 1876
65440 1876
65441 1876
65442 1876
65443 1876
65444 1876
65445 1876
65446 1876
65447 1876
65448 1876
65449 1876
65450 1876
65451 1876
65452 1876
65453 1876
65454 1876
65455 1876
65456 1876
65457 1876
65458 1876
65459 1876
65460 1876
65461 1876
65462 1876
65463 1876
65464 1876
65465 1876
65466 1876
65467 1876
65468 1876
65469 1876
65470 1876
65471 1876
65472 1876
65473 1876
65474 1876
65475 1876
65476 1876
65477 1876
65478 1876
65479 1876
65480 1876
65481 1876
65482 1876
65483 1876
65484 1876
65485 1876
65486 1876
65487 1876
65488 1876
65489 1876
65490 1876
65491 1876
65492 1876
65493 1876
65494 1876
65495 1876
65496 1876
65497 1876
65498 1876
65499 1876
65500 1876
65501 1876
65502 1876
65503 1876
65504 1876
65505 1876
65506 1876
65507 1876
65508 1876
65509 1876
65510 1876
65511 1876
65512 1876
65513 1876
65514 1876
65515 1876
65516 1876
65517 1876
65518 1876
65519 1876
65520 1876
65521 1876
65522 1876
65523 1876
65524 1876
65525 1876
65526 1876
65527 1876
65528 1876
65529 1876
65530 1876
65531 1876
65532 1876
65533 1876
65534 1876
65535 1876
65536 1876
65537 1876
65538 1876
65539 1876
65540 1876
65541 1876
65542 1876
65543 1876
65544 1876
65545 1876
65546 1876
65547 1876
65548 1876
65549 1876
65550 1876
65551 1876
65552 1876
65553 1876
65554 1876
65555 1876
65556 1876
65557 1876
65558 1876
65559 1876
65560 1876
65561 1876
65562 1876
65563 1876
65564 1876
65565 1876
65566 1876
65567 1876
65568 1876
65569 1876
65570 1876
65571 1876
65572 1876
65573 1876
65574 1876
65575 1876
65576 1876
65577 1876
65578 1876
65579 1876
65580 1876
65581 1876
65582 1876
65583 1876
65584 1876
65585 1876
65586 1876
65587 1876
65588 1876
65589 1876
65590 1876
65591 1876
65592 1876
65593 1876
65594 1876
65595 1876
65596 1876
65597 1876
65598 1876
65599 1876
65600 1876
65601 1876
65602 1876
65603 1876
65604 1876
65605 1876
65606 1876
65607 1876
65608 1876
65609 1876
65610 1876
65611 1876
65612 1876
65613 1876
65614 1876
65615 1876
65616 1876
65617 1876
65618 1876
65619 1876
65620 1876
65621 1876
65622 1876
65623 1876
65624 1876
65625 1876
65626 1876
65627 1876
65628 1876
65629 1876
65630 1876
65631 1876
65632 1876
65633 1876
65634 1876
65635 1876
65636 1876
65637 1876
65638 1876
65639 1876
65640 1876
65641 1876
65642 1876
65643 1876
65644 1876
65645 1876
65646 1876
65647 1876
65648 1876
65649 1876
65650 1876
65651 1876
65652 1876
65653 1876
65654 1876
65655 1876
65656 1876
65657 1876
65658 1876
65659 1876
65660 1876
65661 1876
65662 1876
65663 1876
65664 1876
65665 1876
65666 1876
65667 1876
65668 1876
65669 1876
65670 1876
65671 1876
65672 1876
65673 1876
65674 1876
65675 1876
65676 1876
65677 1876
65678 1876
65679 1876
65680 1876
65681 1876
65682 1876
65683 1876
65684 1876
65685 1876
65686 1876
65687 1876
65688 1876
65689 1876
65690 1876
65691 1876
65692 1876
65693 1876
65694 1876
65695 1876
65696 1876
65697 1876
65698 1876
65699 1876
65700 1876
65701 1876
65702 1876
65703 1876
65704 1876
65705 1876
65706 1876
65707 1876
65708 1876
65709 1876
65710 1876
65711 1876
65712 1876
65713 1876
65714 1876
65715 1876
65716 1876
65717 1876
65718 1876
65719 1876
65720 1876
65721 1876
65722 1876
65723 1876
65724 1876
65725 1876
65726 1876
65727 1876
65728 1876
65729 1876
65730 1876
65731 1876
65732 1876
65733 1876
65734 1876
65735 1876
65736 1876
65737 1876
65738 1876
65739 1876
65740 1876
65741 1876
65742 1876
65743 1876
65744 1876
65745 1876
65746 1876
65747 1876
65748 1876
65749 1876
65750 1876
65751 1876
65752 1876
65753 1876
65754 1876
65755 1876
65756 1876
65757 1876
65758 1876
65759 1876
65760 1876
65761 1876
65762 1876
65763 1876
65764 1876
65765 1876
65766 1876
65767 1876
65768 1876
65769 1876
65770 1876
65771 1876
65772 1876
65773 1876
65774 1876
65775 1876
65776 1876
65777 1876
65778 1876
65779 1876
65780 1876
65781 1876
65782 1876
65783 1876
65784 1876
65785 1876
65786 1876
65787 1876
65788 1876
65789 1876
65790 1876
65791 1876
65792 1876
65793 1876
65794 1876
65795 1876
65796 1876
65797 1876
65798 1876
65799 1876
65800 1876
65801 1876
65802 1876
65803 1876
65804 1876
65805 1876
65806 1876
65807 1876
65808 1876
65809 1876
65810 1876
65811 1876
65812 1876
65813 1876
65814 1876
65815 1876
65816 1876
65817 1876
65818 1876
65819 1876
65820 1876
65821 1876
65822 1876
65823 1876
65824 1876
65825 1876
65826 1876
65827 1876
65828 1876
65829 1876
65830 1876
65831 1876
65832 1876
65833 1876
65834 1876
65835 1876
65836 1876
65837 1876
65838 1876
65839 1876
65840 1876
65841 1875
65842 1875
65843 1875
65844 1875
65845 1875
65846 1875
65847 1875
65848 1875
65849 1875
65850 1875
65851 1875
65852 1875
65853 1875
65854 1875
65855 1875
65856 1875
65857 1875
65858 1875
65859 1875
65860 1875
65861 1875
65862 1875
65863 1875
65864 1875
65865 1875
65866 1875
65867 1875
65868 1875
65869 1875
65870 1875
65871 1875
65872 1875
65873 1875
65874 1875
65875 1875
65876 1875
65877 1875
65878 1875
65879 1875
65880 1875
65881 1875
65882 1875
65883 1875
65884 1875
65885 1875
65886 1875
65887 1875
65888 1875
65889 1875
65890 1875
65891 1875
65892 1875
65893 1875
65894 1875
65895 1875
65896 1875
65897 1875
65898 1875
65899 1875
65900 1875
65901 1875
65902 1875
65903 1875
65904 1875
65905 1875
65906 1875
65907 1875
65908 1875
65909 1875
65910 1875
65911 1875
65912 1875
65913 1875
65914 1875
65915 1875
65916 1875
65917 1875
65918 1875
65919 1875
65920 1875
65921 1875
65922 1875
65923 1875
65924 1875
65925 1875
65926 1875
65927 1875
65928 1875
65929 1875
65930 1875
65931 1875
65932 1875
65933 1875
65934 1875
65935 1875
65936 1875
65937 1875
65938 1875
65939 1875
65940 1875
65941 1875
65942 1875
65943 1875
65944 1875
65945 1875
65946 1875
65947 1875
65948 1875
65949 1875
65950 1875
65951 1875
65952 1875
65953 1875
65954 1875
65955 1875
65956 1875
65957 1875
65958 1875
65959 1875
65960 1875
65961 1875
65962 1875
65963 1875
65964 1875
65965 1875
65966 1875
65967 1875
65968 1875
65969 1875
65970 1875
65971 1875
65972 1875
65973 1875
65974 1875
65975 1875
65976 1875
65977 1875
65978 1875
65979 1875
65980 1875
65981 1875
65982 1875
65983 1875
65984 1875
65985 1875
65986 1875
65987 1875
65988 1875
65989 1875
65990 1875
65991 1875
65992 1875
65993 1875
65994 1875
65995 1875
65996 1875
65997 1875
65998 1875
65999 1875
66000 1875
66001 1875
66002 1875
66003 1875
66004 1875
66005 1875
66006 1875
66007 1875
66008 1875
66009 1875
66010 1875
66011 1875
66012 1875
66013 1875
66014 1875
66015 1875
66016 1875
66017 1875
66018 1875
66019 1875
66020 1875
66021 1875
66022 1875
66023 1875
66024 1875
66025 1875
66026 1875
66027 1875
66028 1875
66029 1875
66030 1875
66031 1875
66032 1875
66033 1875
66034 1875
66035 1875
66036 1875
66037 1875
66038 1875
66039 1875
66040 1875
66041 1875
66042 1875
66043 1875
66044 1875
66045 1875
66046 1875
66047 1875
66048 1875
66049 1875
66050 1875
66051 1875
66052 1875
66053 1875
66054 1875
66055 1875
66056 1875
66057 1875
66058 1875
66059 1875
66060 1875
66061 1875
66062 1875
66063 1875
66064 1875
66065 1875
66066 1875
66067 1875
66068 1875
66069 1875
66070 1875
66071 1875
66072 1875
66073 1875
66074 1875
66075 1875
66076 1875
66077 1875
66078 1875
66079 1875
66080 1875
66081 1875
66082 1875
66083 1875
66084 1875
66085 1875
66086 1875
66087 1875
66088 1875
66089 1875
66090 1875
66091 1875
66092 1875
66093 1875
66094 1875
66095 1875
66096 1875
66097 1875
66098 1875
66099 1875
66100 1875
66101 1875
66102 1875
66103 1875
66104 1875
66105 1875
66106 1875
66107 1875
66108 1875
66109 1875
66110 1875
66111 1875
66112 1875
66113 1875
66114 1875
66115 1875
66116 1875
66117 1875
66118 1875
66119 1875
66120 1875
66121 1875
66122 1875
66123 1875
66124 1875
66125 1875
66126 1875
66127 1875
66128 1875
66129 1875
66130 1875
66131 1875
66132 1875
66133 1875
66134 1875
66135 1875
66136 1875
66137 1875
66138 1875
66139 1875
66140 1875
66141 1875
66142 1875
66143 1875
66144 1875
66145 1875
66146 1875
66147 1875
66148 1875
66149 1875
66150 1875
66151 1875
66152 1875
66153 1875
66154 1875
66155 1875
66156 1875
66157 1875
66158 1875
66159 1875
66160 1875
66161 1875
66162 1875
66163 1875
66164 1875
66165 1875
66166 1875
66167 1875
66168 1875
66169 1875
66170 1875
66171 1875
66172 1875
66173 1875
66174 1875
66175 1875
66176 1875
66177 1875
66178 1875
66179 1875
66180 1875
66181 1875
66182 1875
66183 1875
66184 1875
66185 1875
66186 1875
66187 1875
66188 1875
66189 1875
66190 1875
66191 1875
66192 1875
66193 1875
66194 1875
66195 1875
66196 1875
66197 1875
66198 1875
66199 1875
66200 1875
66201 1875
66202 1875
66203 1875
66204 1875
66205 1875
66206 1875
66207 1875
66208 1875
66209 1875
66210 1875
66211 1875
66212 1875
66213 1875
66214 1875
66215 1875
66216 1875
66217 1875
66218 1875
66219 1875
66220 1875
66221 1875
66222 1875
66223 1875
66224 1875
66225 1875
66226 1875
66227 1875
66228 1875
66229 1875
66230 1875
66231 1875
66232 1875
66233 1875
66234 1875
66235 1875
66236 1875
66237 1875
66238 1875
66239 1875
66240 1875
66241 1875
66242 1875
66243 1875
66244 1875
66245 1875
66246 1875
66247 1875
66248 1875
66249 1875
66250 1875
66251 1875
66252 1875
66253 1875
66254 1875
66255 1875
66256 1875
66257 1875
66258 1875
66259 1875
66260 1875
66261 1875
66262 1875
66263 1875
66264 1875
66265 1875
66266 1875
66267 1875
66268 1875
66269 1875
66270 1875
66271 1875
66272 1875
66273 1875
66274 1875
66275 1875
66276 1875
66277 1875
66278 1875
66279 1875
66280 1875
66281 1875
66282 1875
66283 1875
66284 1875
66285 1875
66286 1875
66287 1875
66288 1875
66289 1875
66290 1875
66291 1875
66292 1875
66293 1875
66294 1875
66295 1875
66296 1875
66297 1875
66298 1875
66299 1875
66300 1875
66301 1875
66302 1875
66303 1875
66304 1875
66305 1875
66306 1875
66307 1875
66308 1875
66309 1875
66310 1875
66311 1875
66312 1875
66313 1875
66314 1875
66315 1875
66316 1875
66317 1875
66318 1875
66319 1875
66320 1875
66321 1875
66322 1875
66323 1875
66324 1875
66325 1875
66326 1875
66327 1875
66328 1875
66329 1875
66330 1875
66331 1875
66332 1875
66333 1875
66334 1875
66335 1875
66336 1875
66337 1875
66338 1875
66339 1875
66340 1875
66341 1875
66342 1875
66343 1875
66344 1875
66345 1875
66346 1875
66347 1875
66348 1875
66349 1875
66350 1875
66351 1875
66352 1875
66353 1875
66354 1875
66355 1875
66356 1875
66357 1875
66358 1875
66359 1875
66360 1875
66361 1875
66362 1875
66363 1875
66364 1875
66365 1875
66366 1875
66367 1875
66368 1875
66369 1875
66370 1875
66371 1875
66372 1875
66373 1875
66374 1875
66375 1875
66376 1875
66377 1875
66378 1875
66379 1875
66380 1875
66381 1875
66382 1875
66383 1875
66384 1875
66385 1875
66386 1875
66387 1875
66388 1875
66389 1875
66390 1875
66391 1875
66392 1875
66393 1875
66394 1875
66395 1875
66396 1875
66397 1875
66398 1875
66399 1875
66400 1875
66401 1875
66402 1875
66403 1875
66404 1875
66405 1875
66406 1875
66407 1875
66408 1875
66409 1875
66410 1875
66411 1875
66412 1875
66413 1875
66414 1875
66415 1875
66416 1875
66417 1875
66418 1875
66419 1875
66420 1875
66421 1875
66422 1875
66423 1875
66424 1875
66425 1875
66426 1875
66427 1875
66428 1875
66429 1875
66430 1875
66431 1875
66432 1875
66433 1875
66434 1875
66435 1875
66436 1875
66437 1875
66438 1875
66439 1875
66440 1875
66441 1875
66442 1875
66443 1875
66444 1875
66445 1875
66446 1875
66447 1875
66448 1875
66449 1875
66450 1875
66451 1875
66452 1875
66453 1875
66454 1875
66455 1875
66456 1875
66457 1875
66458 1875
66459 1875
66460 1875
66461 1875
66462 1875
66463 1875
66464 1875
66465 1875
66466 1875
66467 1875
66468 1875
66469 1875
66470 1875
66471 1875
66472 1875
66473 1875
66474 1875
66475 1875
66476 1875
66477 1875
66478 1875
66479 1875
66480 1875
66481 1875
66482 1875
66483 1875
66484 1875
66485 1875
66486 1875
66487 1875
66488 1875
66489 1875
66490 1875
66491 1875
66492 1875
66493 1875
66494 1875
66495 1875
66496 1875
66497 1875
66498 1875
66499 1875
66500 1875
66501 1875
66502 1875
66503 1875
66504 1875
66505 1875
66506 1875
66507 1875
66508 1875
66509 1875
66510 1875
66511 1875
66512 1875
66513 1875
66514 1875
66515 1875
66516 1875
66517 1875
66518 1875
66519 1875
66520 1875
66521 1875
66522 1875
66523 1875
66524 1875
66525 1875
66526 1875
66527 1875
66528 1875
66529 1875
66530 1875
66531 1875
66532 1875
66533 1875
66534 1875
66535 1875
66536 1875
66537 1875
66538 1875
66539 1875
66540 1875
66541 1875
66542 1875
66543 1875
66544 1875
66545 1875
66546 1875
66547 1875
66548 1875
66549 1875
66550 1875
66551 1875
66552 1875
66553 1875
66554 1875
66555 1875
66556 1875
66557 1875
66558 1875
66559 1875
66560 1875
66561 1875
66562 1875
66563 1875
66564 1875
66565 1875
66566 1875
66567 1875
66568 1875
66569 1875
66570 1875
66571 1875
66572 1875
66573 1875
66574 1875
66575 1875
66576 1875
66577 1875
66578 1875
66579 1875
66580 1875
66581 1875
66582 1875
66583 1875
66584 1875
66585 1875
66586 1875
66587 1875
66588 1875
66589 1875
66590 1875
66591 1875
66592 1875
66593 1875
66594 1875
66595 1875
66596 1875
66597 1875
66598 1875
66599 1875
66600 1875
66601 1875
66602 1875
66603 1875
66604 1875
66605 1875
66606 1875
66607 1875
66608 1875
66609 1875
66610 1875
66611 1875
66612 1875
66613 1875
66614 1875
66615 1875
66616 1875
66617 1875
66618 1875
66619 1875
66620 1875
66621 1875
66622 1875
66623 1875
66624 1875
66625 1875
66626 1875
66627 1875
66628 1875
66629 1875
66630 1875
66631 1875
66632 1875
66633 1875
66634 1875
66635 1875
66636 1875
66637 1875
66638 1875
66639 1875
66640 1875
66641 1875
66642 1875
66643 1875
66644 1875
66645 1875
66646 1875
66647 1875
66648 1875
66649 1875
66650 1875
66651 1875
66652 1875
66653 1875
66654 1875
66655 1875
66656 1875
66657 1875
66658 1875
66659 1875
66660 1875
66661 1875
66662 1875
66663 1875
66664 1875
66665 1875
66666 1875
66667 1875
66668 1875
66669 1875
66670 1875
66671 1875
66672 1875
66673 1875
66674 1875
66675 1875
66676 1875
66677 1875
66678 1875
66679 1875
66680 1875
66681 1875
66682 1875
66683 1875
66684 1875
66685 1875
66686 1875
66687 1875
66688 1875
66689 1875
66690 1875
66691 1875
66692 1875
66693 1875
66694 1875
66695 1875
66696 1875
66697 1875
66698 1875
66699 1875
66700 1875
66701 1875
66702 1875
66703 1875
66704 1875
66705 1875
66706 1875
66707 1875
66708 1875
66709 1875
66710 1875
66711 1875
66712 1875
66713 1875
66714 1875
66715 1875
66716 1875
66717 1875
66718 1875
66719 1875
66720 1875
66721 1875
66722 1875
66723 1875
66724 1875
66725 1875
66726 1875
66727 1875
66728 1875
66729 1875
66730 1875
66731 1875
66732 1875
66733 1875
66734 1875
66735 1875
66736 1875
66737 1875
66738 1875
66739 1875
66740 1875
66741 1875
66742 1875
66743 1875
66744 1875
66745 1875
66746 1875
66747 1875
66748 1875
66749 1875
66750 1875
66751 1875
66752 1875
66753 1875
66754 1875
66755 1875
66756 1875
66757 1875
66758 1875
66759 1875
66760 1875
66761 1875
66762 1875
66763 1875
66764 1875
66765 1875
66766 1875
66767 1875
66768 1875
66769 1875
66770 1875
66771 1875
66772 1875
66773 1875
66774 1875
66775 1875
66776 1875
66777 1875
66778 1875
66779 1875
66780 1875
66781 1875
66782 1875
66783 1875
66784 1875
66785 1875
66786 1875
66787 1875
66788 1875
66789 1875
66790 1875
66791 1875
66792 1875
66793 1875
66794 1875
66795 1875
66796 1875
66797 1875
66798 1875
66799 1875
66800 1875
66801 1875
66802 1875
66803 1875
66804 1875
66805 1875
66806 1875
66807 1875
66808 1875
66809 1875
66810 1875
66811 1875
66812 1875
66813 1875
66814 1875
66815 1875
66816 1875
66817 1875
66818 1875
66819 1875
66820 1875
66821 1875
66822 1875
66823 1875
66824 1875
66825 1875
66826 1875
66827 1875
66828 1875
66829 1875
66830 1875
66831 1875
66832 1875
66833 1875
66834 1875
66835 1875
66836 1875
66837 1875
66838 1875
66839 1875
66840 1875
66841 1875
66842 1875
66843 1875
66844 1875
66845 1875
66846 1875
66847 1875
66848 1875
66849 1875
66850 1875
66851 1875
66852 1875
66853 1875
66854 1875
66855 1875
66856 1875
66857 1875
66858 1875
66859 1875
66860 1875
66861 1875
66862 1875
66863 1875
66864 1875
66865 1875
66866 1875
66867 1875
66868 1875
66869 1875
66870 1875
66871 1875
66872 1875
66873 1875
66874 1875
66875 1875
66876 1875
66877 1875
66878 1875
66879 1875
66880 1875
66881 1875
66882 1875
66883 1875
66884 1875
66885 1875
66886 1875
66887 1875
66888 1875
66889 1875
66890 1875
66891 1875
66892 1875
66893 1875
66894 1875
66895 1875
66896 1875
66897 1875
66898 1875
66899 1875
66900 1875
66901 1875
66902 1875
66903 1875
66904 1875
66905 1875
66906 1875
66907 1875
66908 1875
66909 1875
66910 1875
66911 1875
66912 1875
66913 1875
66914 1875
66915 1875
66916 1875
66917 1875
66918 1875
66919 1875
66920 1875
66921 1875
66922 1875
66923 1875
66924 1875
66925 1875
66926 1875
66927 1875
66928 1875
66929 1875
66930 1875
66931 1875
66932 1875
66933 1875
66934 1875
66935 1875
66936 1875
66937 1875
66938 1875
66939 1875
66940 1875
66941 1875
66942 1875
66943 1875
66944 1875
66945 1875
66946 1875
66947 1875
66948 1875
66949 1875
66950 1875
66951 1875
66952 1875
66953 1875
66954 1875
66955 1875
66956 1875
66957 1875
66958 1875
66959 1875
66960 1875
66961 1875
66962 1875
66963 1875
66964 1875
66965 1875
66966 1875
66967 1875
66968 1875
66969 1875
66970 1875
66971 1875
66972 1875
66973 1875
66974 1875
66975 1875
66976 1875
66977 1875
66978 1875
66979 1875
66980 1875
66981 1875
66982 1875
66983 1875
66984 1875
66985 1875
66986 1875
66987 1875
66988 1875
66989 1875
66990 1875
