1 6992
2 6968
3 6961
4 6956
5 6946
6 6946
7 6946
8 6934
9 6903
10 6894
11 6894
12 6892
13 6892
14 6892
15 6892
16 6886
17 6882
18 6882
19 6845
20 6843
21 6824
22 6802
23 6802
24 6802
25 6800
26 6800
27 6800
28 6800
29 6800
30 6770
31 6757
32 6757
33 6757
34 6745
35 6745
36 6733
37 6733
38 6733
39 6725
40 6725
41 6725
42 6725
43 6725
44 6725
45 6701
46 6701
47 6691
48 6691
49 6681
50 6663
51 6663
52 6659
53 6659
54 6659
55 6659
56 6659
57 6659
58 6659
59 6655
60 6655
61 6655
62 6655
63 6613
64 6611
65 6604
66 6604
67 6604
68 6597
69 6587
70 6587
71 6559
72 6559
73 6559
74 6559
75 6537
76 6532
77 6532
78 6531
79 6519
80 6518
81 6518
82 6512
83 6484
84 6484
85 6484
86 6484
87 6469
88 6469
89 6461
90 6461
91 6461
92 6442
93 6442
94 6442
95 6442
96 6424
97 6424
98 6424
99 6424
100 6409
101 6409
102 6409
103 6398
104 6398
105 6398
106 6380
107 6380
108 6380
109 6380
110 6380
111 6380
112 6370
113 6329
114 6329
115 6301
116 6301
117 6289
118 6289
119 6289
120 6289
121 6288
122 6286
123 6286
124 6286
125 6286
126 6286
127 6286
128 6286
129 6286
130 6277
131 6277
132 6277
133 6277
134 6277
135 6277
136 6271
137 6271
138 6254
139 6254
140 6254
141 6254
142 6254
143 6239
144 6239
145 6239
146 6239
147 6209
148 6209
149 6209
150 6201
151 6201
152 6201
153 6201
154 6201
155 6201
156 6201
157 6163
158 6135
159 6135
160 6080
161 6080
162 6080
163 6060
164 6040
165 6038
166 6038
167 6038
168 6029
169 6022
170 6022
171 6022
172 6022
173 6022
174 6000
175 6000
176 5999
177 5999
178 5999
179 5999
180 5997
181 5996
182 5996
183 5969
184 5942
185 5932
186 5932
187 5931
188 5925
189 5925
190 5925
191 5925
192 5917
193 5917
194 5917
195 5917
196 5917
197 5917
198 5898
199 5898
200 5885
201 5877
202 5873
203 5873
204 5873
205 5873
206 5873
207 5873
208 5871
209 5871
210 5871
211 5871
212 5871
213 5852
214 5852
215 5852
216 5852
217 5836
218 5836
219 5836
220 5836
221 5836
222 5836
223 5836
224 5836
225 5836
226 5824
227 5824
228 5816
229 5816
230 5816
231 5816
232 5816
233 5801
234 5801
235 5801
236 5801
237 5801
238 5801
239 5801
240 5801
241 5801
242 5801
243 5801
244 5771
245 5771
246 5771
247 5761
248 5761
249 5761
250 5761
251 5761
252 5761
253 5761
254 5761
255 5756
256 5756
257 5756
258 5755
259 5755
260 5755
261 5755
262 5755
263 5755
264 5738
265 5738
266 5728
267 5728
268 5727
269 5727
270 5727
271 5725
272 5725
273 5720
274 5720
275 5720
276 5720
277 5720
278 5697
279 5684
280 5684
281 5684
282 5684
283 5684
284 5684
285 5684
286 5684
287 5684
288 5684
289 5684
290 5674
291 5674
292 5674
293 5673
294 5673
295 5673
296 5673
297 5673
298 5673
299 5673
300 5668
301 5668
302 5653
303 5641
304 5641
305 5641
306 5641
307 5641
308 5641
309 5641
310 5641
311 5611
312 5611
313 5611
314 5611
315 5611
316 5611
317 5611
318 5560
319 5560
320 5533
321 5533
322 5533
323 5495
324 5495
325 5495
326 5495
327 5495
328 5495
329 5474
330 5474
331 5474
332 5474
333 5474
334 5466
335 5447
336 5447
337 5447
338 5447
339 5443
340 5443
341 5443
342 5425
343 5425
344 5425
345 5419
346 5419
347 5419
348 5419
349 5419
350 5418
351 5418
352 5418
353 5418
354 5418
355 5418
356 5418
357 5418
358 5418
359 5415
360 5411
361 5408
362 5408
363 5408
364 5396
365 5396
366 5396
367 5396
368 5396
369 5396
370 5396
371 5396
372 5396
373 5396
374 5396
375 5383
376 5383
377 5383
378 5383
379 5380
380 5380
381 5380
382 5380
383 5380
384 5380
385 5380
386 5380
387 5380
388 5380
389 5380
390 5380
391 5380
392 5374
393 5374
394 5374
395 5372
396 5372
397 5372
398 5372
399 5372
400 5372
401 5356
402 5356
403 5356
404 5356
405 5356
406 5348
407 5348
408 5348
409 5348
410 5348
411 5348
412 5347
413 5347
414 5347
415 5327
416 5327
417 5325
418 5325
419 5325
420 5325
421 5325
422 5325
423 5325
424 5325
425 5325
426 5325
427 5325
428 5325
429 5310
430 5310
431 5298
432 5278
433 5278
434 5274
435 5274
436 5226
437 5211
438 5211
439 5211
440 5211
441 5211
442 5211
443 5211
444 5211
445 5211
446 5199
447 5199
448 5199
449 5199
450 5199
451 5194
452 5194
453 5194
454 5194
455 5194
456 5194
457 5193
458 5184
459 5184
460 5171
461 5171
462 5171
463 5171
464 5171
465 5171
466 5171
467 5171
468 5167
469 5167
470 5166
471 5166
472 5166
473 5166
474 5166
475 5161
476 5161
477 5161
478 5161
479 5153
480 5153
481 5153
482 5146
483 5146
484 5146
485 5146
486 5145
487 5144
488 5144
489 5141
490 5133
491 5130
492 5130
493 5130
494 5122
495 5122
496 5114
497 5114
498 5114
499 5114
500 5091
501 5091
502 5077
503 5077
504 5077
505 5077
506 5074
507 5074
508 5074
509 5074
510 5074
511 5074
512 5074
513 5074
514 5074
515 5074
516 5074
517 5074
518 5074
519 5068
520 5055
521 5055
522 5055
523 5055
524 5055
525 5046
526 5046
527 5046
528 5045
529 5045
530 5045
531 5045
532 5045
533 5045
534 5035
535 5035
536 5031
537 5031
538 5031
539 5031
540 5031
541 5026
542 5026
543 5026
544 5026
545 5026
546 5026
547 5025
548 5025
549 5025
550 5025
551 5025
552 5025
553 5025
554 5005
555 5005
556 5005
557 5005
558 5005
559 5005
560 5005
561 5005
562 4995
563 4995
564 4995
565 4995
566 4995
567 4992
568 4984
569 4984
570 4984
571 4984
572 4984
573 4984
574 4984
575 4984
576 4984
577 4984
578 4984
579 4984
580 4984
581 4962
582 4962
583 4962
584 4962
585 4962
586 4962
587 4962
588 4962
589 4962
590 4962
591 4962
592 4962
593 4962
594 4962
595 4962
596 4962
597 4953
598 4953
599 4953
600 4951
601 4951
602 4951
603 4951
604 4951
605 4951
606 4951
607 4951
608 4951
609 4951
610 4951
611 4951
612 4951
613 4951
614 4951
615 4951
616 4948
617 4948
618 4948
619 4948
620 4948
621 4948
622 4937
623 4937
624 4937
625 4937
626 4937
627 4937
628 4937
629 4937
630 4937
631 4937
632 4937
633 4916
634 4916
635 4916
636 4916
637 4916
638 4910
639 4910
640 4910
641 4910
642 4910
643 4910
644 4910
645 4910
646 4910
647 4910
648 4910
649 4910
650 4910
651 4910
652 4910
653 4910
654 4908
655 4908
656 4908
657 4908
658 4908
659 4907
660 4907
661 4907
662 4907
663 4907
664 4907
665 4905
666 4905
667 4905
668 4905
669 4905
670 4905
671 4905
672 4905
673 4905
674 4893
675 4893
676 4893
677 4893
678 4893
679 4893
680 4893
681 4893
682 4893
683 4893
684 4893
685 4893
686 4888
687 4888
688 4888
689 4888
690 4888
691 4888
692 4888
693 4888
694 4888
695 4888
696 4888
697 4888
698 4888
699 4888
700 4888
701 4888
702 4888
703 4888
704 4888
705 4888
706 4888
707 4888
708 4888
709 4888
710 4888
711 4888
712 4888
713 4888
714 4888
715 4888
716 4888
717 4888
718 4888
719 4887
720 4887
721 4887
722 4887
723 4887
724 4887
725 4887
726 4882
727 4882
728 4882
729 4882
730 4882
731 4882
732 4882
733 4882
734 4882
735 4882
736 4882
737 4880
738 4880
739 4880
740 4880
741 4880
742 4880
743 4880
744 4880
745 4880
746 4880
747 4880
748 4880
749 4876
750 4876
751 4864
752 4864
753 4864
754 4864
755 4863
756 4863
757 4863
758 4860
759 4860
760 4860
761 4860
762 4860
763 4860
764 4860
765 4860
766 4860
767 4860
768 4860
769 4852
770 4852
771 4852
772 4824
773 4824
774 4824
775 4820
776 4818
777 4818
778 4818
779 4818
780 4818
781 4818
782 4818
783 4818
784 4818
785 4818
786 4801
787 4801
788 4801
789 4801
790 4801
791 4801
792 4801
793 4801
794 4801
795 4801
796 4801
797 4794
798 4794
799 4794
800 4794
801 4794
802 4794
803 4794
804 4794
805 4780
806 4780
807 4775
808 4750
809 4750
810 4750
811 4741
812 4741
813 4741
814 4741
815 4741
816 4741
817 4741
818 4741
819 4741
820 4741
821 4741
822 4741
823 4741
824 4741
825 4741
826 4741
827 4740
828 4740
829 4740
830 4740
831 4740
832 4740
833 4740
834 4740
835 4735
836 4735
837 4735
838 4735
839 4735
840 4735
841 4730
842 4730
843 4730
844 4730
845 4730
846 4730
847 4730
848 4730
849 4730
850 4727
851 4727
852 4727
853 4727
854 4727
855 4727
856 4717
857 4717
858 4693
859 4693
860 4672
861 4672
862 4672
863 4672
864 4672
865 4672
866 4672
867 4672
868 4672
869 4642
870 4642
871 4642
872 4642
873 4642
874 4642
875 4642
876 4642
877 4642
878 4642
879 4642
880 4642
881 4642
882 4642
883 4642
884 4642
885 4642
886 4642
887 4642
888 4642
889 4642
890 4642
891 4642
892 4642
893 4642
894 4642
895 4642
896 4642
897 4642
898 4642
899 4642
900 4642
901 4642
902 4633
903 4633
904 4633
905 4633
906 4633
907 4615
908 4615
909 4615
910 4615
911 4615
912 4615
913 4604
914 4604
915 4604
916 4604
917 4604
918 4604
919 4604
920 4604
921 4604
922 4595
923 4595
924 4592
925 4592
926 4592
927 4592
928 4592
929 4592
930 4592
931 4587
932 4587
933 4579
934 4579
935 4579
936 4579
937 4579
938 4579
939 4579
940 4579
941 4579
942 4579
943 4558
944 4558
945 4558
946 4558
947 4558
948 4558
949 4558
950 4558
951 4558
952 4558
953 4558
954 4558
955 4558
956 4558
957 4558
958 4558
959 4558
960 4558
961 4558
962 4558
963 4558
964 4558
965 4558
966 4558
967 4558
968 4558
969 4558
970 4558
971 4558
972 4558
973 4534
974 4534
975 4500
976 4500
977 4500
978 4500
979 4500
980 4500
981 4500
982 4500
983 4500
984 4500
985 4500
986 4500
987 4500
988 4500
989 4500
990 4500
991 4500
992 4500
993 4500
994 4500
995 4500
996 4500
997 4500
998 4500
999 4500
1000 4500
1001 4500
1002 4500
1003 4500
1004 4500
1005 4500
1006 4500
1007 4500
1008 4500
1009 4500
1010 4500
1011 4487
1012 4487
1013 4487
1014 4487
1015 4487
1016 4487
1017 4487
1018 4487
1019 4487
1020 4487
1021 4487
1022 4487
1023 4487
1024 4487
1025 4487
1026 4487
1027 4487
1028 4487
1029 4487
1030 4487
1031 4487
1032 4487
1033 4487
1034 4487
1035 4487
1036 4487
1037 4487
1038 4487
1039 4487
1040 4487
1041 4487
1042 4487
1043 4480
1044 4480
1045 4480
1046 4480
1047 4480
1048 4480
1049 4480
1050 4480
1051 4480
1052 4480
1053 4480
1054 4480
1055 4480
1056 4480
1057 4480
1058 4480
1059 4471
1060 4453
1061 4453
1062 4452
1063 4452
1064 4452
1065 4452
1066 4452
1067 4452
1068 4452
1069 4452
1070 4452
1071 4452
1072 4450
1073 4450
1074 4446
1075 4446
1076 4446
1077 4446
1078 4446
1079 4446
1080 4446
1081 4446
1082 4446
1083 4446
1084 4446
1085 4446
1086 4446
1087 4435
1088 4435
1089 4435
1090 4435
1091 4435
1092 4435
1093 4435
1094 4435
1095 4435
1096 4435
1097 4435
1098 4435
1099 4435
1100 4427
1101 4427
1102 4427
1103 4427
1104 4427
1105 4427
1106 4427
1107 4427
1108 4427
1109 4427
1110 4407
1111 4407
1112 4407
1113 4407
1114 4407
1115 4407
1116 4407
1117 4407
1118 4407
1119 4407
1120 4407
1121 4407
1122 4407
1123 4407
1124 4407
1125 4407
1126 4407
1127 4407
1128 4407
1129 4407
1130 4403
1131 4403
1132 4403
1133 4403
1134 4403
1135 4403
1136 4403
1137 4403
1138 4402
1139 4402
1140 4402
1141 4402
1142 4402
1143 4402
1144 4402
1145 4402
1146 4402
1147 4402
1148 4397
1149 4389
1150 4389
1151 4389
1152 4389
1153 4389
1154 4389
1155 4389
1156 4389
1157 4389
1158 4389
1159 4389
1160 4389
1161 4389
1162 4389
1163 4370
1164 4370
1165 4370
1166 4370
1167 4370
1168 4370
1169 4370
1170 4370
1171 4370
1172 4370
1173 4370
1174 4370
1175 4370
1176 4370
1177 4370
1178 4368
1179 4368
1180 4368
1181 4361
1182 4361
1183 4361
1184 4361
1185 4361
1186 4361
1187 4361
1188 4361
1189 4353
1190 4353
1191 4353
1192 4353
1193 4353
1194 4353
1195 4353
1196 4353
1197 4353
1198 4353
1199 4353
1200 4353
1201 4353
1202 4339
1203 4339
1204 4339
1205 4338
1206 4338
1207 4338
1208 4338
1209 4338
1210 4338
1211 4338
1212 4338
1213 4338
1214 4338
1215 4338
1216 4338
1217 4338
1218 4338
1219 4338
1220 4336
1221 4336
1222 4336
1223 4336
1224 4336
1225 4336
1226 4336
1227 4320
1228 4320
1229 4320
1230 4320
1231 4320
1232 4320
1233 4320
1234 4320
1235 4320
1236 4320
1237 4320
1238 4320
1239 4320
1240 4320
1241 4320
1242 4320
1243 4320
1244 4320
1245 4320
1246 4320
1247 4320
1248 4320
1249 4320
1250 4320
1251 4320
1252 4320
1253 4320
1254 4320
1255 4320
1256 4320
1257 4320
1258 4320
1259 4320
1260 4320
1261 4320
1262 4320
1263 4320
1264 4320
1265 4320
1266 4320
1267 4320
1268 4316
1269 4316
1270 4316
1271 4316
1272 4316
1273 4316
1274 4316
1275 4316
1276 4316
1277 4316
1278 4316
1279 4316
1280 4316
1281 4316
1282 4316
1283 4316
1284 4316
1285 4316
1286 4316
1287 4316
1288 4316
1289 4316
1290 4316
1291 4312
1292 4312
1293 4312
1294 4312
1295 4312
1296 4310
1297 4310
1298 4310
1299 4307
1300 4307
1301 4307
1302 4307
1303 4307
1304 4307
1305 4307
1306 4307
1307 4307
1308 4307
1309 4281
1310 4281
1311 4281
1312 4281
1313 4281
1314 4281
1315 4279
1316 4279
1317 4279
1318 4279
1319 4279
1320 4279
1321 4279
1322 4279
1323 4279
1324 4279
1325 4279
1326 4279
1327 4279
1328 4279
1329 4279
1330 4279
1331 4279
1332 4279
1333 4279
1334 4279
1335 4279
1336 4279
1337 4279
1338 4279
1339 4279
1340 4279
1341 4279
1342 4279
1343 4279
1344 4279
1345 4279
1346 4279
1347 4279
1348 4279
1349 4279
1350 4279
1351 4279
1352 4279
1353 4279
1354 4278
1355 4278
1356 4278
1357 4278
1358 4278
1359 4278
1360 4278
1361 4278
1362 4278
1363 4278
1364 4276
1365 4276
1366 4276
1367 4276
1368 4276
1369 4276
1370 4276
1371 4276
1372 4276
1373 4276
1374 4276
1375 4276
1376 4276
1377 4276
1378 4276
1379 4276
1380 4276
1381 4276
1382 4276
1383 4276
1384 4276
1385 4276
1386 4276
1387 4276
1388 4276
1389 4276
1390 4276
1391 4276
1392 4276
1393 4276
1394 4276
1395 4276
1396 4276
1397 4276
1398 4276
1399 4276
1400 4276
1401 4267
1402 4267
1403 4267
1404 4264
1405 4264
1406 4261
1407 4261
1408 4261
1409 4261
1410 4261
1411 4261
1412 4261
1413 4254
1414 4254
1415 4254
1416 4254
1417 4254
1418 4254
1419 4254
1420 4254
1421 4254
1422 4254
1423 4254
1424 4254
1425 4254
1426 4254
1427 4254
1428 4254
1429 4254
1430 4254
1431 4254
1432 4254
1433 4254
1434 4254
1435 4254
1436 4254
1437 4248
1438 4248
1439 4248
1440 4248
1441 4248
1442 4248
1443 4248
1444 4248
1445 4248
1446 4248
1447 4248
1448 4243
1449 4243
1450 4232
1451 4232
1452 4232
1453 4232
1454 4232
1455 4232
1456 4232
1457 4232
1458 4232
1459 4232
1460 4232
1461 4232
1462 4232
1463 4232
1464 4232
1465 4232
1466 4232
1467 4232
1468 4232
1469 4232
1470 4232
1471 4232
1472 4232
1473 4232
1474 4232
1475 4232
1476 4232
1477 4232
1478 4232
1479 4232
1480 4232
1481 4232
1482 4232
1483 4232
1484 4232
1485 4232
1486 4232
1487 4232
1488 4232
1489 4231
1490 4231
1491 4231
1492 4231
1493 4231
1494 4231
1495 4231
1496 4231
1497 4231
1498 4231
1499 4231
1500 4231
1501 4231
1502 4230
1503 4221
1504 4221
1505 4221
1506 4221
1507 4221
1508 4221
1509 4221
1510 4221
1511 4221
1512 4221
1513 4221
1514 4221
1515 4221
1516 4221
1517 4221
1518 4221
1519 4221
1520 4220
1521 4220
1522 4220
1523 4220
1524 4220
1525 4220
1526 4220
1527 4220
1528 4220
1529 4220
1530 4220
1531 4220
1532 4220
1533 4220
1534 4220
1535 4220
1536 4220
1537 4220
1538 4220
1539 4217
1540 4217
1541 4217
1542 4217
1543 4217
1544 4217
1545 4217
1546 4217
1547 4217
1548 4207
1549 4203
1550 4203
1551 4203
1552 4203
1553 4203
1554 4203
1555 4195
1556 4195
1557 4195
1558 4195
1559 4195
1560 4195
1561 4195
1562 4195
1563 4195
1564 4195
1565 4195
1566 4195
1567 4195
1568 4195
1569 4195
1570 4195
1571 4195
1572 4195
1573 4195
1574 4195
1575 4195
1576 4195
1577 4195
1578 4195
1579 4195
1580 4195
1581 4195
1582 4195
1583 4195
1584 4195
1585 4195
1586 4195
1587 4195
1588 4195
1589 4195
1590 4195
1591 4188
1592 4188
1593 4188
1594 4188
1595 4188
1596 4188
1597 4188
1598 4188
1599 4188
1600 4188
1601 4188
1602 4188
1603 4188
1604 4188
1605 4188
1606 4188
1607 4188
1608 4188
1609 4188
1610 4188
1611 4188
1612 4188
1613 4188
1614 4188
1615 4188
1616 4188
1617 4188
1618 4188
1619 4188
1620 4188
1621 4177
1622 4177
1623 4177
1624 4177
1625 4177
1626 4177
1627 4177
1628 4177
1629 4177
1630 4177
1631 4177
1632 4177
1633 4177
1634 4171
1635 4171
1636 4171
1637 4171
1638 4171
1639 4171
1640 4171
1641 4171
1642 4171
1643 4171
1644 4171
1645 4152
1646 4152
1647 4152
1648 4152
1649 4152
1650 4152
1651 4133
1652 4133
1653 4133
1654 4133
1655 4133
1656 4133
1657 4133
1658 4133
1659 4133
1660 4133
1661 4133
1662 4133
1663 4133
1664 4133
1665 4133
1666 4133
1667 4133
1668 4133
1669 4133
1670 4133
1671 4133
1672 4133
1673 4133
1674 4133
1675 4133
1676 4133
1677 4133
1678 4133
1679 4133
1680 4133
1681 4133
1682 4133
1683 4132
1684 4132
1685 4132
1686 4125
1687 4125
1688 4125
1689 4125
1690 4125
1691 4125
1692 4125
1693 4125
1694 4125
1695 4125
1696 4125
1697 4125
1698 4125
1699 4125
1700 4125
1701 4125
1702 4125
1703 4125
1704 4125
1705 4125
1706 4125
1707 4125
1708 4125
1709 4125
1710 4125
1711 4125
1712 4125
1713 4125
1714 4125
1715 4125
1716 4125
1717 4125
1718 4125
1719 4125
1720 4125
1721 4125
1722 4125
1723 4123
1724 4123
1725 4123
1726 4123
1727 4123
1728 4123
1729 4123
1730 4123
1731 4123
1732 4123
1733 4123
1734 4123
1735 4106
1736 4106
1737 4106
1738 4106
1739 4106
1740 4106
1741 4106
1742 4106
1743 4106
1744 4106
1745 4106
1746 4105
1747 4105
1748 4105
1749 4105
1750 4099
1751 4099
1752 4099
1753 4099
1754 4099
1755 4099
1756 4077
1757 4077
1758 4077
1759 4077
1760 4077
1761 4070
1762 4070
1763 4070
1764 4070
1765 4070
1766 4070
1767 4070
1768 4070
1769 4070
1770 4070
1771 4070
1772 4070
1773 4070
1774 4070
1775 4070
1776 4070
1777 4070
1778 4070
1779 4070
1780 4067
1781 4067
1782 4067
1783 4056
1784 4056
1785 4056
1786 4056
1787 4056
1788 4056
1789 4056
1790 4056
1791 4041
1792 4041
1793 4041
1794 4041
1795 4041
1796 4026
1797 4026
1798 4026
1799 4026
1800 4026
1801 4026
1802 4026
1803 4026
1804 4026
1805 4026
1806 4026
1807 4026
1808 4026
1809 4026
1810 4026
1811 4026
1812 4026
1813 4026
1814 4026
1815 4026
1816 4015
1817 4015
1818 4015
1819 4003
1820 4003
1821 4003
1822 4003
1823 4003
1824 4003
1825 4003
1826 4003
1827 4003
1828 4003
1829 4003
1830 4003
1831 4003
1832 4003
1833 4003
1834 4003
1835 4003
1836 4003
1837 4003
1838 4003
1839 4003
1840 4003
1841 4003
1842 4003
1843 4003
1844 4003
1845 4003
1846 4003
1847 4003
1848 4003
1849 4003
1850 4003
1851 4003
1852 4003
1853 4003
1854 4003
1855 4003
1856 4003
1857 4003
1858 4003
1859 4003
1860 4003
1861 4003
1862 4003
1863 4003
1864 4003
1865 4003
1866 4003
1867 4003
1868 4003
1869 4003
1870 4003
1871 4003
1872 4003
1873 4003
1874 4003
1875 4003
1876 4003
1877 4003
1878 4001
1879 4001
1880 4001
1881 4001
1882 4001
1883 4001
1884 4001
1885 4001
1886 4001
1887 4001
1888 4001
1889 4001
1890 4001
1891 4001
1892 4001
1893 4001
1894 4001
1895 4001
1896 4001
1897 4001
1898 4001
1899 4001
1900 4001
1901 4001
1902 4001
1903 4001
1904 4001
1905 4001
1906 4001
1907 4001
1908 4001
1909 4001
1910 4001
1911 4001
1912 4001
1913 4001
1914 4001
1915 4001
1916 4001
1917 4001
1918 4001
1919 4001
1920 4001
1921 4001
1922 4001
1923 4001
1924 4001
1925 4001
1926 4001
1927 4001
1928 4001
1929 4001
1930 4001
1931 4001
1932 4001
1933 4001
1934 4001
1935 4001
1936 4001
1937 4001
1938 4001
1939 3998
1940 3998
1941 3998
1942 3998
1943 3998
1944 3998
1945 3998
1946 3998
1947 3998
1948 3998
1949 3998
1950 3998
1951 3998
1952 3998
1953 3998
1954 3998
1955 3998
1956 3998
1957 3998
1958 3998
1959 3998
1960 3998
1961 3998
1962 3998
1963 3998
1964 3998
1965 3998
1966 3998
1967 3992
1968 3984
1969 3984
1970 3984
1971 3984
1972 3983
1973 3983
1974 3983
1975 3983
1976 3983
1977 3983
1978 3983
1979 3983
1980 3983
1981 3983
1982 3983
1983 3983
1984 3983
1985 3983
1986 3983
1987 3983
1988 3983
1989 3983
1990 3983
1991 3983
1992 3983
1993 3983
1994 3983
1995 3983
1996 3983
1997 3982
1998 3982
1999 3982
2000 3982
2001 3982
2002 3982
2003 3982
2004 3982
2005 3982
2006 3982
2007 3982
2008 3982
2009 3974
2010 3974
2011 3974
2012 3974
2013 3961
2014 3961
2015 3961
2016 3961
2017 3961
2018 3961
2019 3961
2020 3958
2021 3958
2022 3958
2023 3958
2024 3958
2025 3958
2026 3958
2027 3958
2028 3958
2029 3958
2030 3958
2031 3958
2032 3958
2033 3958
2034 3958
2035 3958
2036 3958
2037 3958
2038 3958
2039 3958
2040 3958
2041 3952
2042 3952
2043 3952
2044 3952
2045 3939
2046 3939
2047 3939
2048 3939
2049 3939
2050 3939
2051 3939
2052 3939
2053 3939
2054 3939
2055 3939
2056 3939
2057 3939
2058 3939
2059 3939
2060 3939
2061 3939
2062 3939
2063 3939
2064 3939
2065 3930
2066 3930
2067 3930
2068 3930
2069 3930
2070 3930
2071 3930
2072 3930
2073 3930
2074 3930
2075 3930
2076 3930
2077 3930
2078 3930
2079 3930
2080 3930
2081 3930
2082 3930
2083 3930
2084 3930
2085 3930
2086 3930
2087 3930
2088 3930
2089 3930
2090 3930
2091 3930
2092 3928
2093 3925
2094 3925
2095 3925
2096 3925
2097 3925
2098 3925
2099 3925
2100 3925
2101 3925
2102 3925
2103 3925
2104 3925
2105 3925
2106 3925
2107 3925
2108 3925
2109 3925
2110 3925
2111 3925
2112 3925
2113 3925
2114 3925
2115 3925
2116 3925
2117 3925
2118 3925
2119 3925
2120 3925
2121 3925
2122 3912
2123 3912
2124 3912
2125 3912
2126 3912
2127 3912
2128 3912
2129 3912
2130 3912
2131 3912
2132 3912
2133 3912
2134 3912
2135 3912
2136 3912
2137 3912
2138 3912
2139 3912
2140 3912
2141 3912
2142 3912
2143 3912
2144 3912
2145 3912
2146 3912
2147 3912
2148 3912
2149 3912
2150 3912
2151 3912
2152 3912
2153 3912
2154 3912
2155 3912
2156 3912
2157 3912
2158 3912
2159 3912
2160 3912
2161 3912
2162 3912
2163 3912
2164 3912
2165 3912
2166 3912
2167 3912
2168 3912
2169 3910
2170 3910
2171 3910
2172 3910
2173 3910
2174 3910
2175 3910
2176 3910
2177 3910
2178 3910
2179 3910
2180 3910
2181 3910
2182 3910
2183 3910
2184 3910
2185 3910
2186 3910
2187 3910
2188 3910
2189 3910
2190 3910
2191 3910
2192 3910
2193 3910
2194 3910
2195 3910
2196 3910
2197 3910
2198 3910
2199 3910
2200 3910
2201 3910
2202 3910
2203 3910
2204 3910
2205 3910
2206 3910
2207 3910
2208 3910
2209 3910
2210 3910
2211 3910
2212 3910
2213 3910
2214 3910
2215 3910
2216 3910
2217 3910
2218 3910
2219 3910
2220 3910
2221 3910
2222 3910
2223 3910
2224 3910
2225 3910
2226 3910
2227 3910
2228 3910
2229 3910
2230 3910
2231 3910
2232 3910
2233 3910
2234 3910
2235 3910
2236 3910
2237 3910
2238 3910
2239 3910
2240 3910
2241 3910
2242 3910
2243 3910
2244 3910
2245 3910
2246 3910
2247 3910
2248 3910
2249 3908
2250 3908
2251 3903
2252 3903
2253 3903
2254 3903
2255 3903
2256 3903
2257 3903
2258 3903
2259 3903
2260 3903
2261 3903
2262 3903
2263 3903
2264 3903
2265 3903
2266 3903
2267 3903
2268 3903
2269 3903
2270 3903
2271 3903
2272 3903
2273 3903
2274 3903
2275 3903
2276 3903
2277 3903
2278 3903
2279 3903
2280 3903
2281 3903
2282 3903
2283 3903
2284 3903
2285 3901
2286 3901
2287 3901
2288 3901
2289 3901
2290 3896
2291 3896
2292 3896
2293 3896
2294 3896
2295 3895
2296 3895
2297 3895
2298 3895
2299 3895
2300 3895
2301 3895
2302 3895
2303 3895
2304 3895
2305 3888
2306 3888
2307 3888
2308 3888
2309 3888
2310 3872
2311 3872
2312 3872
2313 3872
2314 3872
2315 3872
2316 3872
2317 3872
2318 3872
2319 3872
2320 3872
2321 3872
2322 3872
2323 3872
2324 3872
2325 3851
2326 3851
2327 3851
2328 3851
2329 3850
2330 3850
2331 3850
2332 3850
2333 3850
2334 3850
2335 3841
2336 3841
2337 3841
2338 3841
2339 3841
2340 3841
2341 3841
2342 3841
2343 3833
2344 3833
2345 3833
2346 3833
2347 3833
2348 3833
2349 3833
2350 3833
2351 3833
2352 3833
2353 3833
2354 3833
2355 3833
2356 3833
2357 3833
2358 3833
2359 3826
2360 3826
2361 3826
2362 3826
2363 3826
2364 3826
2365 3826
2366 3813
2367 3813
2368 3813
2369 3813
2370 3813
2371 3813
2372 3813
2373 3813
2374 3813
2375 3813
2376 3813
2377 3813
2378 3798
2379 3798
2380 3798
2381 3798
2382 3798
2383 3798
2384 3798
2385 3798
2386 3798
2387 3798
2388 3798
2389 3798
2390 3798
2391 3798
2392 3798
2393 3798
2394 3798
2395 3798
2396 3798
2397 3798
2398 3798
2399 3798
2400 3798
2401 3798
2402 3796
2403 3796
2404 3796
2405 3796
2406 3796
2407 3796
2408 3796
2409 3796
2410 3796
2411 3796
2412 3796
2413 3796
2414 3796
2415 3796
2416 3796
2417 3796
2418 3796
2419 3796
2420 3789
2421 3789
2422 3789
2423 3789
2424 3789
2425 3789
2426 3789
2427 3789
2428 3789
2429 3789
2430 3789
2431 3789
2432 3789
2433 3789
2434 3789
2435 3789
2436 3789
2437 3789
2438 3789
2439 3789
2440 3789
2441 3789
2442 3789
2443 3789
2444 3789
2445 3785
2446 3785
2447 3785
2448 3785
2449 3785
2450 3785
2451 3785
2452 3785
2453 3785
2454 3785
2455 3785
2456 3785
2457 3785
2458 3785
2459 3785
2460 3785
2461 3785
2462 3785
2463 3785
2464 3785
2465 3785
2466 3785
2467 3785
2468 3785
2469 3785
2470 3785
2471 3785
2472 3785
2473 3785
2474 3785
2475 3780
2476 3780
2477 3780
2478 3780
2479 3780
2480 3780
2481 3780
2482 3780
2483 3780
2484 3780
2485 3780
2486 3780
2487 3780
2488 3780
2489 3780
2490 3780
2491 3780
2492 3780
2493 3780
2494 3780
2495 3780
2496 3780
2497 3772
2498 3772
2499 3772
2500 3772
2501 3772
2502 3772
2503 3772
2504 3772
2505 3772
2506 3772
2507 3772
2508 3772
2509 3769
2510 3769
2511 3769
2512 3766
2513 3766
2514 3766
2515 3766
2516 3766
2517 3766
2518 3766
2519 3766
2520 3766
2521 3766
2522 3766
2523 3766
2524 3766
2525 3766
2526 3766
2527 3766
2528 3766
2529 3766
2530 3766
2531 3766
2532 3766
2533 3766
2534 3766
2535 3766
2536 3766
2537 3766
2538 3766
2539 3766
2540 3766
2541 3766
2542 3766
2543 3766
2544 3766
2545 3766
2546 3766
2547 3766
2548 3766
2549 3766
2550 3766
2551 3766
2552 3766
2553 3763
2554 3763
2555 3763
2556 3763
2557 3763
2558 3763
2559 3763
2560 3763
2561 3763
2562 3763
2563 3763
2564 3763
2565 3763
2566 3763
2567 3763
2568 3763
2569 3763
2570 3763
2571 3763
2572 3763
2573 3763
2574 3763
2575 3763
2576 3763
2577 3763
2578 3763
2579 3763
2580 3763
2581 3763
2582 3763
2583 3750
2584 3750
2585 3750
2586 3750
2587 3750
2588 3750
2589 3750
2590 3750
2591 3745
2592 3745
2593 3745
2594 3745
2595 3745
2596 3745
2597 3745
2598 3745
2599 3745
2600 3745
2601 3745
2602 3745
2603 3745
2604 3745
2605 3745
2606 3745
2607 3745
2608 3745
2609 3745
2610 3745
2611 3745
2612 3745
2613 3745
2614 3745
2615 3745
2616 3745
2617 3745
2618 3745
2619 3745
2620 3745
2621 3745
2622 3745
2623 3745
2624 3745
2625 3745
2626 3745
2627 3745
2628 3745
2629 3745
2630 3745
2631 3745
2632 3745
2633 3745
2634 3745
2635 3745
2636 3745
2637 3745
2638 3745
2639 3734
2640 3734
2641 3734
2642 3734
2643 3728
2644 3728
2645 3727
2646 3727
2647 3718
2648 3718
2649 3718
2650 3718
2651 3718
2652 3718
2653 3718
2654 3718
2655 3718
2656 3718
2657 3718
2658 3718
2659 3718
2660 3718
2661 3718
2662 3718
2663 3705
2664 3705
2665 3705
2666 3703
2667 3703
2668 3703
2669 3703
2670 3703
2671 3703
2672 3703
2673 3703
2674 3703
2675 3703
2676 3703
2677 3703
2678 3703
2679 3703
2680 3703
2681 3703
2682 3703
2683 3703
2684 3703
2685 3703
2686 3703
2687 3703
2688 3703
2689 3703
2690 3703
2691 3703
2692 3703
2693 3696
2694 3696
2695 3696
2696 3696
2697 3696
2698 3696
2699 3696
2700 3696
2701 3696
2702 3696
2703 3696
2704 3696
2705 3696
2706 3696
2707 3696
2708 3696
2709 3696
2710 3696
2711 3696
2712 3696
2713 3696
2714 3696
2715 3696
2716 3696
2717 3696
2718 3696
2719 3696
2720 3696
2721 3696
2722 3696
2723 3696
2724 3696
2725 3696
2726 3696
2727 3696
2728 3696
2729 3696
2730 3696
2731 3696
2732 3696
2733 3696
2734 3696
2735 3696
2736 3696
2737 3696
2738 3696
2739 3696
2740 3696
2741 3696
2742 3696
2743 3696
2744 3696
2745 3696
2746 3696
2747 3696
2748 3696
2749 3696
2750 3696
2751 3696
2752 3696
2753 3696
2754 3696
2755 3695
2756 3695
2757 3695
2758 3695
2759 3695
2760 3695
2761 3695
2762 3695
2763 3695
2764 3695
2765 3695
2766 3695
2767 3695
2768 3695
2769 3695
2770 3689
2771 3689
2772 3689
2773 3688
2774 3688
2775 3688
2776 3688
2777 3688
2778 3688
2779 3688
2780 3688
2781 3688
2782 3688
2783 3688
2784 3681
2785 3681
2786 3681
2787 3681
2788 3681
2789 3681
2790 3681
2791 3681
2792 3681
2793 3681
2794 3681
2795 3681
2796 3681
2797 3681
2798 3681
2799 3681
2800 3681
2801 3681
2802 3680
2803 3680
2804 3680
2805 3680
2806 3680
2807 3680
2808 3680
2809 3680
2810 3680
2811 3680
2812 3680
2813 3680
2814 3680
2815 3680
2816 3680
2817 3680
2818 3680
2819 3680
2820 3680
2821 3680
2822 3680
2823 3680
2824 3680
2825 3680
2826 3680
2827 3680
2828 3680
2829 3680
2830 3680
2831 3680
2832 3680
2833 3680
2834 3680
2835 3680
2836 3680
2837 3680
2838 3680
2839 3680
2840 3680
2841 3680
2842 3680
2843 3680
2844 3680
2845 3680
2846 3680
2847 3680
2848 3680
2849 3680
2850 3680
2851 3680
2852 3680
2853 3680
2854 3680
2855 3674
2856 3674
2857 3674
2858 3674
2859 3674
2860 3674
2861 3674
2862 3674
2863 3674
2864 3674
2865 3674
2866 3674
2867 3674
2868 3674
2869 3674
2870 3674
2871 3674
2872 3674
2873 3674
2874 3674
2875 3674
2876 3674
2877 3674
2878 3674
2879 3674
2880 3674
2881 3674
2882 3673
2883 3673
2884 3673
2885 3673
2886 3673
2887 3673
2888 3673
2889 3671
2890 3656
2891 3656
2892 3656
2893 3656
2894 3656
2895 3656
2896 3656
2897 3656
2898 3655
2899 3655
2900 3655
2901 3655
2902 3655
2903 3655
2904 3647
2905 3647
2906 3647
2907 3647
2908 3647
2909 3647
2910 3647
2911 3647
2912 3643
2913 3643
2914 3643
2915 3643
2916 3643
2917 3643
2918 3643
2919 3643
2920 3643
2921 3643
2922 3643
2923 3643
2924 3643
2925 3635
2926 3635
2927 3635
2928 3635
2929 3635
2930 3635
2931 3635
2932 3635
2933 3635
2934 3635
2935 3635
2936 3635
2937 3635
2938 3631
2939 3631
2940 3631
2941 3631
2942 3631
2943 3631
2944 3631
2945 3631
2946 3631
2947 3631
2948 3631
2949 3631
2950 3631
2951 3631
2952 3631
2953 3631
2954 3631
2955 3631
2956 3631
2957 3631
2958 3631
2959 3631
2960 3631
2961 3631
2962 3631
2963 3631
2964 3631
2965 3631
2966 3631
2967 3631
2968 3631
2969 3631
2970 3631
2971 3631
2972 3631
2973 3623
2974 3623
2975 3623
2976 3623
2977 3623
2978 3623
2979 3623
2980 3623
2981 3623
2982 3623
2983 3623
2984 3623
2985 3623
2986 3623
2987 3623
2988 3623
2989 3623
2990 3623
2991 3623
2992 3623
2993 3623
2994 3623
2995 3623
2996 3623
2997 3623
2998 3623
2999 3623
3000 3623
3001 3623
3002 3623
3003 3623
3004 3623
3005 3623
3006 3623
3007 3623
3008 3623
3009 3623
3010 3623
3011 3623
3012 3623
3013 3623
3014 3623
3015 3623
3016 3623
3017 3623
3018 3623
3019 3615
3020 3615
3021 3615
3022 3615
3023 3615
3024 3615
3025 3615
3026 3615
3027 3615
3028 3615
3029 3615
3030 3615
3031 3615
3032 3615
3033 3615
3034 3615
3035 3615
3036 3615
3037 3615
3038 3615
3039 3615
3040 3615
3041 3615
3042 3615
3043 3615
3044 3615
3045 3615
3046 3615
3047 3615
3048 3615
3049 3615
3050 3615
3051 3615
3052 3615
3053 3615
3054 3615
3055 3615
3056 3615
3057 3615
3058 3615
3059 3615
3060 3615
3061 3615
3062 3615
3063 3615
3064 3615
3065 3615
3066 3615
3067 3615
3068 3615
3069 3615
3070 3615
3071 3615
3072 3615
3073 3615
3074 3615
3075 3615
3076 3615
3077 3615
3078 3615
3079 3615
3080 3615
3081 3615
3082 3615
3083 3615
3084 3615
3085 3615
3086 3615
3087 3615
3088 3615
3089 3615
3090 3615
3091 3615
3092 3615
3093 3615
3094 3615
3095 3615
3096 3615
3097 3615
3098 3615
3099 3615
3100 3615
3101 3615
3102 3615
3103 3615
3104 3615
3105 3615
3106 3615
3107 3615
3108 3615
3109 3615
3110 3615
3111 3615
3112 3615
3113 3615
3114 3615
3115 3615
3116 3615
3117 3615
3118 3615
3119 3615
3120 3615
3121 3615
3122 3615
3123 3615
3124 3615
3125 3615
3126 3615
3127 3615
3128 3615
3129 3615
3130 3615
3131 3615
3132 3614
3133 3614
3134 3614
3135 3614
3136 3614
3137 3614
3138 3614
3139 3614
3140 3614
3141 3614
3142 3614
3143 3614
3144 3614
3145 3614
3146 3614
3147 3614
3148 3614
3149 3614
3150 3614
3151 3614
3152 3614
3153 3614
3154 3614
3155 3614
3156 3614
3157 3614
3158 3614
3159 3614
3160 3614
3161 3614
3162 3614
3163 3614
3164 3614
3165 3614
3166 3614
3167 3614
3168 3614
3169 3614
3170 3614
3171 3614
3172 3614
3173 3614
3174 3614
3175 3614
3176 3614
3177 3614
3178 3614
3179 3614
3180 3614
3181 3614
3182 3614
3183 3614
3184 3614
3185 3614
3186 3614
3187 3614
3188 3614
3189 3614
3190 3614
3191 3614
3192 3614
3193 3614
3194 3614
3195 3614
3196 3614
3197 3614
3198 3614
3199 3614
3200 3614
3201 3614
3202 3614
3203 3614
3204 3614
3205 3614
3206 3614
3207 3614
3208 3614
3209 3614
3210 3614
3211 3614
3212 3614
3213 3614
3214 3614
3215 3614
3216 3614
3217 3614
3218 3614
3219 3614
3220 3613
3221 3613
3222 3613
3223 3613
3224 3613
3225 3613
3226 3613
3227 3613
3228 3613
3229 3613
3230 3613
3231 3613
3232 3613
3233 3613
3234 3613
3235 3613
3236 3613
3237 3613
3238 3613
3239 3613
3240 3613
3241 3613
3242 3613
3243 3609
3244 3609
3245 3609
3246 3609
3247 3609
3248 3609
3249 3609
3250 3609
3251 3609
3252 3609
3253 3588
3254 3588
3255 3588
3256 3588
3257 3588
3258 3588
3259 3588
3260 3588
3261 3588
3262 3588
3263 3588
3264 3588
3265 3588
3266 3588
3267 3588
3268 3588
3269 3588
3270 3588
3271 3588
3272 3588
3273 3588
3274 3588
3275 3588
3276 3588
3277 3588
3278 3588
3279 3588
3280 3588
3281 3588
3282 3588
3283 3588
3284 3588
3285 3588
3286 3588
3287 3588
3288 3588
3289 3588
3290 3588
3291 3588
3292 3588
3293 3588
3294 3588
3295 3588
3296 3588
3297 3588
3298 3588
3299 3588
3300 3588
3301 3588
3302 3588
3303 3588
3304 3588
3305 3588
3306 3588
3307 3588
3308 3588
3309 3588
3310 3588
3311 3588
3312 3588
3313 3588
3314 3588
3315 3588
3316 3588
3317 3588
3318 3588
3319 3588
3320 3588
3321 3588
3322 3588
3323 3588
3324 3588
3325 3588
3326 3588
3327 3588
3328 3588
3329 3588
3330 3588
3331 3586
3332 3586
3333 3586
3334 3586
3335 3586
3336 3586
3337 3586
3338 3586
3339 3586
3340 3586
3341 3586
3342 3586
3343 3586
3344 3586
3345 3586
3346 3586
3347 3586
3348 3586
3349 3586
3350 3586
3351 3586
3352 3583
3353 3583
3354 3583
3355 3583
3356 3583
3357 3583
3358 3583
3359 3583
3360 3583
3361 3583
3362 3583
3363 3583
3364 3583
3365 3583
3366 3583
3367 3583
3368 3583
3369 3583
3370 3583
3371 3583
3372 3582
3373 3582
3374 3582
3375 3582
3376 3582
3377 3582
3378 3582
3379 3582
3380 3582
3381 3582
3382 3582
3383 3582
3384 3582
3385 3582
3386 3582
3387 3582
3388 3582
3389 3582
3390 3582
3391 3582
3392 3582
3393 3582
3394 3582
3395 3582
3396 3582
3397 3582
3398 3582
3399 3582
3400 3582
3401 3582
3402 3582
3403 3582
3404 3582
3405 3582
3406 3582
3407 3582
3408 3576
3409 3576
3410 3576
3411 3575
3412 3575
3413 3575
3414 3575
3415 3575
3416 3575
3417 3575
3418 3575
3419 3575
3420 3575
3421 3575
3422 3575
3423 3575
3424 3575
3425 3575
3426 3575
3427 3575
3428 3560
3429 3560
3430 3547
3431 3547
3432 3545
3433 3545
3434 3545
3435 3545
3436 3545
3437 3545
3438 3545
3439 3545
3440 3545
3441 3545
3442 3545
3443 3545
3444 3545
3445 3545
3446 3545
3447 3545
3448 3545
3449 3545
3450 3545
3451 3545
3452 3545
3453 3545
3454 3545
3455 3545
3456 3545
3457 3545
3458 3545
3459 3545
3460 3545
3461 3541
3462 3541
3463 3541
3464 3541
3465 3541
3466 3541
3467 3541
3468 3541
3469 3541
3470 3541
3471 3541
3472 3541
3473 3541
3474 3541
3475 3541
3476 3541
3477 3541
3478 3541
3479 3541
3480 3541
3481 3541
3482 3540
3483 3540
3484 3540
3485 3540
3486 3540
3487 3540
3488 3540
3489 3540
3490 3540
3491 3540
3492 3533
3493 3533
3494 3533
3495 3533
3496 3533
3497 3533
3498 3533
3499 3533
3500 3533
3501 3533
3502 3533
3503 3530
3504 3530
3505 3530
3506 3530
3507 3530
3508 3530
3509 3525
3510 3525
3511 3525
3512 3525
3513 3525
3514 3525
3515 3525
3516 3525
3517 3525
3518 3525
3519 3525
3520 3525
3521 3525
3522 3525
3523 3525
3524 3525
3525 3525
3526 3525
3527 3525
3528 3525
3529 3525
3530 3525
3531 3525
3532 3525
3533 3525
3534 3525
3535 3525
3536 3525
3537 3525
3538 3525
3539 3525
3540 3525
3541 3525
3542 3525
3543 3525
3544 3525
3545 3525
3546 3525
3547 3525
3548 3525
3549 3525
3550 3523
3551 3523
3552 3523
3553 3523
3554 3523
3555 3523
3556 3523
3557 3512
3558 3512
3559 3512
3560 3512
3561 3512
3562 3512
3563 3512
3564 3512
3565 3512
3566 3500
3567 3500
3568 3500
3569 3500
3570 3500
3571 3500
3572 3500
3573 3500
3574 3500
3575 3500
3576 3500
3577 3500
3578 3500
3579 3500
3580 3500
3581 3500
3582 3500
3583 3500
3584 3500
3585 3500
3586 3500
3587 3500
3588 3500
3589 3500
3590 3500
3591 3500
3592 3500
3593 3500
3594 3500
3595 3500
3596 3500
3597 3493
3598 3493
3599 3493
3600 3493
3601 3493
3602 3493
3603 3493
3604 3493
3605 3493
3606 3493
3607 3493
3608 3493
3609 3493
3610 3493
3611 3493
3612 3493
3613 3493
3614 3493
3615 3493
3616 3493
3617 3493
3618 3493
3619 3493
3620 3493
3621 3493
3622 3493
3623 3493
3624 3493
3625 3493
3626 3493
3627 3493
3628 3493
3629 3493
3630 3493
3631 3493
3632 3493
3633 3493
3634 3493
3635 3493
3636 3493
3637 3493
3638 3493
3639 3493
3640 3493
3641 3493
3642 3493
3643 3493
3644 3487
3645 3487
3646 3487
3647 3487
3648 3487
3649 3487
3650 3487
3651 3487
3652 3487
3653 3487
3654 3487
3655 3487
3656 3487
3657 3487
3658 3487
3659 3487
3660 3487
3661 3487
3662 3487
3663 3487
3664 3487
3665 3487
3666 3487
3667 3487
3668 3487
3669 3487
3670 3485
3671 3485
3672 3485
3673 3485
3674 3485
3675 3485
3676 3485
3677 3485
3678 3485
3679 3485
3680 3485
3681 3485
3682 3484
3683 3484
3684 3484
3685 3484
3686 3484
3687 3484
3688 3484
3689 3484
3690 3484
3691 3484
3692 3484
3693 3484
3694 3484
3695 3484
3696 3484
3697 3484
3698 3484
3699 3484
3700 3484
3701 3484
3702 3484
3703 3484
3704 3484
3705 3484
3706 3484
3707 3484
3708 3484
3709 3484
3710 3484
3711 3484
3712 3484
3713 3484
3714 3484
3715 3484
3716 3484
3717 3484
3718 3484
3719 3484
3720 3484
3721 3484
3722 3484
3723 3484
3724 3480
3725 3480
3726 3480
3727 3480
3728 3479
3729 3479
3730 3479
3731 3479
3732 3479
3733 3479
3734 3479
3735 3479
3736 3479
3737 3479
3738 3479
3739 3479
3740 3479
3741 3479
3742 3479
3743 3479
3744 3479
3745 3479
3746 3479
3747 3479
3748 3479
3749 3479
3750 3479
3751 3479
3752 3479
3753 3479
3754 3479
3755 3479
3756 3479
3757 3479
3758 3479
3759 3479
3760 3479
3761 3479
3762 3479
3763 3479
3764 3473
3765 3473
3766 3473
3767 3473
3768 3473
3769 3473
3770 3473
3771 3473
3772 3473
3773 3473
3774 3473
3775 3473
3776 3473
3777 3473
3778 3473
3779 3473
3780 3473
3781 3473
3782 3473
3783 3473
3784 3473
3785 3473
3786 3473
3787 3473
3788 3473
3789 3473
3790 3473
3791 3473
3792 3473
3793 3473
3794 3473
3795 3473
3796 3473
3797 3473
3798 3473
3799 3473
3800 3473
3801 3473
3802 3473
3803 3473
3804 3473
3805 3473
3806 3473
3807 3473
3808 3473
3809 3473
3810 3473
3811 3473
3812 3473
3813 3473
3814 3473
3815 3473
3816 3473
3817 3473
3818 3473
3819 3473
3820 3473
3821 3473
3822 3473
3823 3473
3824 3473
3825 3473
3826 3473
3827 3473
3828 3473
3829 3473
3830 3473
3831 3473
3832 3473
3833 3473
3834 3473
3835 3473
3836 3473
3837 3473
3838 3473
3839 3473
3840 3473
3841 3473
3842 3473
3843 3473
3844 3473
3845 3473
3846 3473
3847 3473
3848 3473
3849 3473
3850 3473
3851 3473
3852 3473
3853 3473
3854 3473
3855 3473
3856 3473
3857 3473
3858 3473
3859 3473
3860 3473
3861 3473
3862 3473
3863 3473
3864 3473
3865 3473
3866 3473
3867 3473
3868 3473
3869 3473
3870 3473
3871 3473
3872 3473
3873 3473
3874 3473
3875 3473
3876 3473
3877 3473
3878 3473
3879 3462
3880 3462
3881 3462
3882 3462
3883 3462
3884 3462
3885 3462
3886 3462
3887 3462
3888 3462
3889 3462
3890 3462
3891 3462
3892 3462
3893 3462
3894 3462
3895 3462
3896 3462
3897 3462
3898 3462
3899 3462
3900 3462
3901 3462
3902 3462
3903 3462
3904 3462
3905 3462
3906 3462
3907 3462
3908 3462
3909 3462
3910 3462
3911 3462
3912 3462
3913 3462
3914 3462
3915 3462
3916 3462
3917 3462
3918 3462
3919 3462
3920 3462
3921 3462
3922 3462
3923 3462
3924 3462
3925 3462
3926 3462
3927 3462
3928 3462
3929 3462
3930 3462
3931 3462
3932 3462
3933 3462
3934 3462
3935 3462
3936 3462
3937 3462
3938 3462
3939 3462
3940 3462
3941 3462
3942 3462
3943 3462
3944 3462
3945 3462
3946 3462
3947 3462
3948 3462
3949 3462
3950 3462
3951 3462
3952 3462
3953 3462
3954 3462
3955 3462
3956 3455
3957 3455
3958 3455
3959 3455
3960 3455
3961 3455
3962 3455
3963 3455
3964 3455
3965 3455
3966 3455
3967 3455
3968 3455
3969 3455
3970 3455
3971 3455
3972 3455
3973 3455
3974 3455
3975 3455
3976 3455
3977 3455
3978 3455
3979 3455
3980 3455
3981 3455
3982 3455
3983 3455
3984 3455
3985 3455
3986 3455
3987 3455
3988 3455
3989 3455
3990 3455
3991 3455
3992 3455
3993 3455
3994 3455
3995 3455
3996 3455
3997 3455
3998 3455
3999 3455
4000 3455
4001 3455
4002 3455
4003 3455
4004 3455
4005 3455
4006 3455
4007 3455
4008 3455
4009 3452
4010 3452
4011 3452
4012 3452
4013 3452
4014 3452
4015 3452
4016 3452
4017 3452
4018 3452
4019 3452
4020 3452
4021 3452
4022 3452
4023 3452
4024 3452
4025 3452
4026 3452
4027 3452
4028 3452
4029 3452
4030 3452
4031 3452
4032 3452
4033 3452
4034 3452
4035 3445
4036 3445
4037 3445
4038 3445
4039 3445
4040 3445
4041 3445
4042 3445
4043 3445
4044 3445
4045 3445
4046 3445
4047 3445
4048 3445
4049 3445
4050 3445
4051 3445
4052 3445
4053 3445
4054 3445
4055 3445
4056 3445
4057 3445
4058 3445
4059 3445
4060 3445
4061 3445
4062 3445
4063 3445
4064 3445
4065 3445
4066 3445
4067 3445
4068 3445
4069 3445
4070 3445
4071 3445
4072 3445
4073 3445
4074 3445
4075 3445
4076 3445
4077 3445
4078 3445
4079 3445
4080 3445
4081 3445
4082 3445
4083 3445
4084 3445
4085 3442
4086 3442
4087 3442
4088 3442
4089 3442
4090 3442
4091 3442
4092 3442
4093 3442
4094 3442
4095 3442
4096 3442
4097 3442
4098 3442
4099 3442
4100 3442
4101 3442
4102 3442
4103 3442
4104 3442
4105 3442
4106 3442
4107 3442
4108 3442
4109 3442
4110 3442
4111 3442
4112 3442
4113 3442
4114 3442
4115 3442
4116 3442
4117 3442
4118 3442
4119 3442
4120 3442
4121 3442
4122 3442
4123 3442
4124 3438
4125 3438
4126 3438
4127 3438
4128 3438
4129 3438
4130 3438
4131 3438
4132 3438
4133 3438
4134 3438
4135 3438
4136 3438
4137 3438
4138 3438
4139 3438
4140 3438
4141 3438
4142 3438
4143 3438
4144 3438
4145 3438
4146 3438
4147 3438
4148 3438
4149 3438
4150 3438
4151 3438
4152 3438
4153 3438
4154 3438
4155 3438
4156 3438
4157 3438
4158 3438
4159 3438
4160 3438
4161 3438
4162 3438
4163 3438
4164 3438
4165 3438
4166 3438
4167 3438
4168 3438
4169 3438
4170 3438
4171 3438
4172 3422
4173 3422
4174 3422
4175 3422
4176 3422
4177 3422
4178 3422
4179 3422
4180 3422
4181 3422
4182 3422
4183 3422
4184 3415
4185 3415
4186 3415
4187 3415
4188 3415
4189 3415
4190 3415
4191 3415
4192 3415
4193 3415
4194 3415
4195 3415
4196 3415
4197 3415
4198 3415
4199 3415
4200 3415
4201 3415
4202 3415
4203 3415
4204 3415
4205 3415
4206 3415
4207 3415
4208 3415
4209 3415
4210 3415
4211 3415
4212 3415
4213 3415
4214 3415
4215 3415
4216 3415
4217 3415
4218 3415
4219 3415
4220 3415
4221 3415
4222 3415
4223 3415
4224 3415
4225 3415
4226 3415
4227 3415
4228 3415
4229 3415
4230 3415
4231 3415
4232 3415
4233 3415
4234 3415
4235 3415
4236 3415
4237 3415
4238 3415
4239 3415
4240 3415
4241 3415
4242 3415
4243 3415
4244 3415
4245 3415
4246 3415
4247 3415
4248 3415
4249 3415
4250 3415
4251 3415
4252 3415
4253 3415
4254 3415
4255 3415
4256 3415
4257 3415
4258 3415
4259 3415
4260 3415
4261 3415
4262 3415
4263 3415
4264 3415
4265 3415
4266 3415
4267 3411
4268 3411
4269 3411
4270 3411
4271 3411
4272 3411
4273 3411
4274 3411
4275 3411
4276 3411
4277 3411
4278 3411
4279 3411
4280 3411
4281 3411
4282 3396
4283 3396
4284 3396
4285 3396
4286 3396
4287 3396
4288 3396
4289 3396
4290 3396
4291 3396
4292 3396
4293 3396
4294 3396
4295 3396
4296 3396
4297 3396
4298 3396
4299 3396
4300 3396
4301 3396
4302 3396
4303 3396
4304 3396
4305 3396
4306 3396
4307 3396
4308 3396
4309 3396
4310 3396
4311 3396
4312 3396
4313 3396
4314 3396
4315 3396
4316 3396
4317 3381
4318 3381
4319 3381
4320 3381
4321 3381
4322 3381
4323 3381
4324 3381
4325 3381
4326 3381
4327 3381
4328 3381
4329 3381
4330 3381
4331 3381
4332 3381
4333 3381
4334 3381
4335 3381
4336 3381
4337 3381
4338 3381
4339 3381
4340 3381
4341 3381
4342 3381
4343 3381
4344 3381
4345 3381
4346 3381
4347 3381
4348 3381
4349 3381
4350 3381
4351 3381
4352 3381
4353 3381
4354 3381
4355 3381
4356 3381
4357 3381
4358 3381
4359 3381
4360 3381
4361 3381
4362 3381
4363 3381
4364 3381
4365 3381
4366 3381
4367 3381
4368 3381
4369 3381
4370 3381
4371 3381
4372 3381
4373 3381
4374 3381
4375 3381
4376 3381
4377 3381
4378 3381
4379 3381
4380 3381
4381 3381
4382 3381
4383 3381
4384 3381
4385 3381
4386 3381
4387 3381
4388 3381
4389 3381
4390 3381
4391 3381
4392 3381
4393 3381
4394 3381
4395 3381
4396 3381
4397 3381
4398 3381
4399 3381
4400 3381
4401 3381
4402 3381
4403 3381
4404 3381
4405 3381
4406 3381
4407 3381
4408 3381
4409 3381
4410 3381
4411 3381
4412 3381
4413 3381
4414 3381
4415 3381
4416 3381
4417 3381
4418 3381
4419 3381
4420 3381
4421 3381
4422 3381
4423 3381
4424 3381
4425 3381
4426 3381
4427 3381
4428 3381
4429 3381
4430 3381
4431 3381
4432 3381
4433 3381
4434 3381
4435 3381
4436 3381
4437 3381
4438 3381
4439 3381
4440 3381
4441 3381
4442 3381
4443 3381
4444 3381
4445 3381
4446 3368
4447 3368
4448 3368
4449 3368
4450 3368
4451 3368
4452 3368
4453 3368
4454 3368
4455 3368
4456 3368
4457 3368
4458 3368
4459 3368
4460 3368
4461 3368
4462 3368
4463 3368
4464 3368
4465 3368
4466 3368
4467 3359
4468 3359
4469 3359
4470 3359
4471 3359
4472 3359
4473 3359
4474 3359
4475 3359
4476 3359
4477 3359
4478 3359
4479 3359
4480 3359
4481 3359
4482 3359
4483 3359
4484 3359
4485 3359
4486 3359
4487 3359
4488 3359
4489 3359
4490 3359
4491 3359
4492 3359
4493 3359
4494 3359
4495 3359
4496 3359
4497 3359
4498 3359
4499 3359
4500 3359
4501 3357
4502 3357
4503 3357
4504 3357
4505 3357
4506 3357
4507 3357
4508 3357
4509 3357
4510 3357
4511 3357
4512 3357
4513 3357
4514 3357
4515 3357
4516 3357
4517 3355
4518 3344
4519 3344
4520 3344
4521 3344
4522 3344
4523 3344
4524 3344
4525 3344
4526 3344
4527 3344
4528 3344
4529 3344
4530 3344
4531 3344
4532 3344
4533 3344
4534 3344
4535 3344
4536 3344
4537 3344
4538 3344
4539 3344
4540 3343
4541 3343
4542 3343
4543 3343
4544 3343
4545 3343
4546 3342
4547 3342
4548 3342
4549 3342
4550 3342
4551 3342
4552 3342
4553 3342
4554 3342
4555 3342
4556 3342
4557 3342
4558 3342
4559 3342
4560 3342
4561 3342
4562 3342
4563 3342
4564 3342
4565 3342
4566 3342
4567 3342
4568 3342
4569 3342
4570 3342
4571 3342
4572 3342
4573 3342
4574 3342
4575 3342
4576 3336
4577 3336
4578 3336
4579 3336
4580 3336
4581 3336
4582 3336
4583 3336
4584 3336
4585 3336
4586 3336
4587 3336
4588 3336
4589 3336
4590 3336
4591 3336
4592 3336
4593 3336
4594 3336
4595 3336
4596 3336
4597 3336
4598 3336
4599 3336
4600 3336
4601 3336
4602 3336
4603 3336
4604 3336
4605 3336
4606 3336
4607 3336
4608 3336
4609 3336
4610 3336
4611 3336
4612 3336
4613 3336
4614 3336
4615 3336
4616 3336
4617 3336
4618 3336
4619 3336
4620 3336
4621 3336
4622 3336
4623 3336
4624 3336
4625 3336
4626 3336
4627 3336
4628 3336
4629 3336
4630 3336
4631 3336
4632 3336
4633 3330
4634 3330
4635 3330
4636 3330
4637 3330
4638 3330
4639 3330
4640 3330
4641 3330
4642 3330
4643 3330
4644 3330
4645 3330
4646 3330
4647 3330
4648 3330
4649 3330
4650 3330
4651 3330
4652 3330
4653 3330
4654 3330
4655 3330
4656 3330
4657 3330
4658 3330
4659 3330
4660 3330
4661 3330
4662 3330
4663 3330
4664 3330
4665 3330
4666 3330
4667 3330
4668 3330
4669 3330
4670 3330
4671 3330
4672 3330
4673 3330
4674 3330
4675 3330
4676 3330
4677 3330
4678 3330
4679 3330
4680 3330
4681 3330
4682 3330
4683 3330
4684 3330
4685 3330
4686 3330
4687 3330
4688 3330
4689 3330
4690 3330
4691 3330
4692 3330
4693 3330
4694 3330
4695 3330
4696 3330
4697 3330
4698 3330
4699 3330
4700 3330
4701 3330
4702 3330
4703 3330
4704 3330
4705 3330
4706 3330
4707 3330
4708 3330
4709 3330
4710 3330
4711 3330
4712 3320
4713 3320
4714 3320
4715 3320
4716 3320
4717 3320
4718 3320
4719 3320
4720 3320
4721 3320
4722 3320
4723 3320
4724 3320
4725 3320
4726 3320
4727 3320
4728 3320
4729 3320
4730 3320
4731 3320
4732 3320
4733 3320
4734 3320
4735 3320
4736 3320
4737 3320
4738 3320
4739 3320
4740 3320
4741 3320
4742 3320
4743 3320
4744 3320
4745 3320
4746 3320
4747 3320
4748 3320
4749 3320
4750 3320
4751 3320
4752 3320
4753 3320
4754 3320
4755 3320
4756 3320
4757 3320
4758 3320
4759 3320
4760 3317
4761 3317
4762 3317
4763 3317
4764 3317
4765 3317
4766 3317
4767 3317
4768 3317
4769 3317
4770 3317
4771 3317
4772 3317
4773 3317
4774 3317
4775 3317
4776 3317
4777 3317
4778 3317
4779 3317
4780 3317
4781 3317
4782 3317
4783 3317
4784 3317
4785 3317
4786 3317
4787 3317
4788 3317
4789 3317
4790 3317
4791 3317
4792 3317
4793 3317
4794 3317
4795 3317
4796 3317
4797 3317
4798 3300
4799 3300
4800 3300
4801 3300
4802 3300
4803 3300
4804 3300
4805 3300
4806 3300
4807 3300
4808 3300
4809 3300
4810 3300
4811 3300
4812 3300
4813 3300
4814 3300
4815 3300
4816 3300
4817 3300
4818 3300
4819 3300
4820 3300
4821 3300
4822 3300
4823 3300
4824 3300
4825 3300
4826 3299
4827 3299
4828 3299
4829 3299
4830 3299
4831 3299
4832 3299
4833 3299
4834 3299
4835 3299
4836 3299
4837 3299
4838 3299
4839 3299
4840 3299
4841 3299
4842 3299
4843 3299
4844 3299
4845 3299
4846 3299
4847 3299
4848 3299
4849 3299
4850 3299
4851 3299
4852 3299
4853 3299
4854 3299
4855 3299
4856 3299
4857 3299
4858 3299
4859 3299
4860 3299
4861 3299
4862 3299
4863 3294
4864 3294
4865 3294
4866 3294
4867 3294
4868 3294
4869 3294
4870 3294
4871 3294
4872 3294
4873 3294
4874 3294
4875 3294
4876 3294
4877 3294
4878 3294
4879 3294
4880 3294
4881 3294
4882 3294
4883 3294
4884 3294
4885 3294
4886 3294
4887 3294
4888 3294
4889 3294
4890 3294
4891 3294
4892 3294
4893 3294
4894 3290
4895 3290
4896 3290
4897 3290
4898 3290
4899 3290
4900 3290
4901 3290
4902 3290
4903 3290
4904 3290
4905 3290
4906 3290
4907 3290
4908 3290
4909 3290
4910 3290
4911 3290
4912 3290
4913 3290
4914 3290
4915 3290
4916 3290
4917 3290
4918 3290
4919 3290
4920 3290
4921 3290
4922 3290
4923 3290
4924 3290
4925 3290
4926 3290
4927 3290
4928 3290
4929 3290
4930 3290
4931 3290
4932 3290
4933 3290
4934 3290
4935 3290
4936 3290
4937 3290
4938 3290
4939 3290
4940 3290
4941 3290
4942 3290
4943 3290
4944 3290
4945 3290
4946 3290
4947 3290
4948 3290
4949 3290
4950 3290
4951 3290
4952 3290
4953 3290
4954 3290
4955 3290
4956 3290
4957 3290
4958 3290
4959 3290
4960 3290
4961 3290
4962 3290
4963 3290
4964 3290
4965 3290
4966 3290
4967 3290
4968 3290
4969 3290
4970 3290
4971 3290
4972 3289
4973 3289
4974 3289
4975 3289
4976 3289
4977 3289
4978 3289
4979 3289
4980 3289
4981 3289
4982 3289
4983 3289
4984 3289
4985 3289
4986 3289
4987 3289
4988 3289
4989 3289
4990 3289
4991 3289
4992 3289
4993 3289
4994 3289
4995 3289
4996 3289
4997 3289
4998 3279
4999 3279
5000 3279
5001 3279
5002 3279
5003 3279
5004 3279
5005 3279
5006 3279
5007 3255
5008 3255
5009 3255
5010 3255
5011 3255
5012 3255
5013 3255
5014 3255
5015 3250
5016 3250
5017 3250
5018 3250
5019 3250
5020 3250
5021 3250
5022 3250
5023 3250
5024 3250
5025 3250
5026 3250
5027 3245
5028 3245
5029 3240
5030 3240
5031 3240
5032 3240
5033 3240
5034 3240
5035 3240
5036 3240
5037 3240
5038 3240
5039 3240
5040 3240
5041 3240
5042 3240
5043 3240
5044 3240
5045 3240
5046 3240
5047 3240
5048 3240
5049 3240
5050 3240
5051 3240
5052 3240
5053 3240
5054 3240
5055 3240
5056 3240
5057 3240
5058 3240
5059 3240
5060 3240
5061 3240
5062 3240
5063 3240
5064 3240
5065 3240
5066 3240
5067 3240
5068 3240
5069 3240
5070 3240
5071 3240
5072 3240
5073 3240
5074 3240
5075 3240
5076 3240
5077 3240
5078 3240
5079 3240
5080 3236
5081 3236
5082 3236
5083 3236
5084 3236
5085 3236
5086 3236
5087 3230
5088 3230
5089 3230
5090 3230
5091 3228
5092 3228
5093 3228
5094 3228
5095 3228
5096 3228
5097 3228
5098 3227
5099 3227
5100 3227
5101 3227
5102 3227
5103 3227
5104 3227
5105 3211
5106 3211
5107 3211
5108 3211
5109 3211
5110 3211
5111 3211
5112 3206
5113 3206
5114 3206
5115 3206
5116 3206
5117 3206
5118 3206
5119 3206
5120 3206
5121 3206
5122 3206
5123 3206
5124 3206
5125 3206
5126 3206
5127 3206
5128 3206
5129 3206
5130 3206
5131 3206
5132 3206
5133 3206
5134 3206
5135 3206
5136 3206
5137 3206
5138 3206
5139 3206
5140 3206
5141 3206
5142 3206
5143 3206
5144 3206
5145 3206
5146 3206
5147 3206
5148 3206
5149 3206
5150 3206
5151 3206
5152 3206
5153 3206
5154 3206
5155 3206
5156 3206
5157 3206
5158 3206
5159 3201
5160 3201
5161 3201
5162 3201
5163 3201
5164 3201
5165 3201
5166 3201
5167 3189
5168 3189
5169 3189
5170 3189
5171 3189
5172 3188
5173 3188
5174 3188
5175 3188
5176 3188
5177 3188
5178 3188
5179 3188
5180 3188
5181 3188
5182 3188
5183 3188
5184 3188
5185 3188
5186 3188
5187 3188
5188 3188
5189 3188
5190 3188
5191 3188
5192 3188
5193 3188
5194 3188
5195 3188
5196 3188
5197 3188
5198 3188
5199 3188
5200 3188
5201 3188
5202 3188
5203 3188
5204 3188
5205 3188
5206 3188
5207 3188
5208 3188
5209 3188
5210 3188
5211 3188
5212 3188
5213 3188
5214 3188
5215 3188
5216 3188
5217 3188
5218 3188
5219 3188
5220 3188
5221 3188
5222 3188
5223 3188
5224 3188
5225 3188
5226 3188
5227 3188
5228 3188
5229 3188
5230 3188
5231 3188
5232 3188
5233 3184
5234 3184
5235 3184
5236 3184
5237 3184
5238 3184
5239 3184
5240 3184
5241 3184
5242 3184
5243 3184
5244 3184
5245 3184
5246 3184
5247 3184
5248 3184
5249 3184
5250 3184
5251 3184
5252 3184
5253 3184
5254 3184
5255 3184
5256 3184
5257 3184
5258 3184
5259 3184
5260 3184
5261 3184
5262 3184
5263 3184
5264 3184
5265 3184
5266 3184
5267 3184
5268 3184
5269 3184
5270 3184
5271 3184
5272 3184
5273 3184
5274 3184
5275 3184
5276 3184
5277 3184
5278 3184
5279 3184
5280 3184
5281 3184
5282 3184
5283 3184
5284 3184
5285 3184
5286 3184
5287 3184
5288 3184
5289 3184
5290 3184
5291 3183
5292 3183
5293 3183
5294 3183
5295 3183
5296 3183
5297 3183
5298 3183
5299 3183
5300 3183
5301 3183
5302 3183
5303 3183
5304 3183
5305 3183
5306 3183
5307 3183
5308 3183
5309 3183
5310 3183
5311 3183
5312 3183
5313 3183
5314 3183
5315 3183
5316 3183
5317 3183
5318 3183
5319 3183
5320 3183
5321 3183
5322 3183
5323 3183
5324 3183
5325 3183
5326 3183
5327 3183
5328 3183
5329 3179
5330 3179
5331 3179
5332 3179
5333 3179
5334 3179
5335 3179
5336 3179
5337 3179
5338 3179
5339 3179
5340 3179
5341 3179
5342 3179
5343 3179
5344 3179
5345 3179
5346 3179
5347 3179
5348 3179
5349 3179
5350 3179
5351 3179
5352 3179
5353 3179
5354 3179
5355 3179
5356 3179
5357 3179
5358 3179
5359 3179
5360 3179
5361 3179
5362 3179
5363 3179
5364 3179
5365 3179
5366 3179
5367 3179
5368 3179
5369 3179
5370 3179
5371 3179
5372 3168
5373 3168
5374 3168
5375 3168
5376 3168
5377 3168
5378 3168
5379 3168
5380 3168
5381 3168
5382 3168
5383 3168
5384 3168
5385 3168
5386 3168
5387 3168
5388 3168
5389 3168
5390 3168
5391 3167
5392 3167
5393 3167
5394 3167
5395 3167
5396 3167
5397 3167
5398 3167
5399 3167
5400 3167
5401 3167
5402 3167
5403 3167
5404 3167
5405 3167
5406 3167
5407 3167
5408 3167
5409 3164
5410 3164
5411 3164
5412 3164
5413 3164
5414 3164
5415 3164
5416 3164
5417 3164
5418 3164
5419 3163
5420 3163
5421 3163
5422 3163
5423 3163
5424 3163
5425 3163
5426 3163
5427 3163
5428 3163
5429 3163
5430 3163
5431 3163
5432 3163
5433 3163
5434 3163
5435 3163
5436 3163
5437 3163
5438 3163
5439 3163
5440 3163
5441 3163
5442 3163
5443 3163
5444 3163
5445 3163
5446 3161
5447 3161
5448 3161
5449 3161
5450 3161
5451 3161
5452 3161
5453 3161
5454 3161
5455 3161
5456 3161
5457 3161
5458 3161
5459 3161
5460 3161
5461 3161
5462 3161
5463 3161
5464 3161
5465 3161
5466 3161
5467 3161
5468 3161
5469 3155
5470 3155
5471 3155
5472 3155
5473 3155
5474 3155
5475 3155
5476 3155
5477 3155
5478 3155
5479 3155
5480 3155
5481 3155
5482 3155
5483 3155
5484 3155
5485 3155
5486 3155
5487 3155
5488 3155
5489 3155
5490 3155
5491 3155
5492 3155
5493 3155
5494 3155
5495 3155
5496 3155
5497 3155
5498 3155
5499 3155
5500 3155
5501 3155
5502 3155
5503 3155
5504 3155
5505 3155
5506 3155
5507 3155
5508 3155
5509 3155
5510 3155
5511 3155
5512 3155
5513 3155
5514 3155
5515 3155
5516 3155
5517 3155
5518 3155
5519 3155
5520 3155
5521 3155
5522 3155
5523 3155
5524 3155
5525 3155
5526 3155
5527 3155
5528 3155
5529 3155
5530 3155
5531 3155
5532 3155
5533 3127
5534 3127
5535 3127
5536 3127
5537 3127
5538 3127
5539 3127
5540 3127
5541 3127
5542 3127
5543 3127
5544 3127
5545 3127
5546 3116
5547 3116
5548 3116
5549 3116
5550 3116
5551 3116
5552 3116
5553 3116
5554 3116
5555 3116
5556 3116
5557 3116
5558 3116
5559 3116
5560 3116
5561 3116
5562 3116
5563 3116
5564 3116
5565 3116
5566 3116
5567 3116
5568 3116
5569 3116
5570 3116
5571 3116
5572 3116
5573 3116
5574 3116
5575 3116
5576 3116
5577 3116
5578 3116
5579 3116
5580 3116
5581 3116
5582 3116
5583 3111
5584 3111
5585 3111
5586 3111
5587 3111
5588 3111
5589 3111
5590 3111
5591 3111
5592 3111
5593 3111
5594 3111
5595 3111
5596 3111
5597 3111
5598 3111
5599 3111
5600 3111
5601 3111
5602 3111
5603 3104
5604 3104
5605 3104
5606 3104
5607 3104
5608 3104
5609 3104
5610 3104
5611 3104
5612 3104
5613 3104
5614 3104
5615 3104
5616 3104
5617 3104
5618 3104
5619 3104
5620 3104
5621 3104
5622 3104
5623 3104
5624 3104
5625 3104
5626 3104
5627 3104
5628 3104
5629 3104
5630 3104
5631 3104
5632 3104
5633 3104
5634 3104
5635 3104
5636 3104
5637 3104
5638 3104
5639 3104
5640 3104
5641 3104
5642 3104
5643 3104
5644 3104
5645 3104
5646 3104
5647 3104
5648 3104
5649 3104
5650 3104
5651 3104
5652 3104
5653 3104
5654 3104
5655 3104
5656 3104
5657 3104
5658 3104
5659 3104
5660 3104
5661 3104
5662 3104
5663 3104
5664 3104
5665 3104
5666 3104
5667 3104
5668 3104
5669 3104
5670 3104
5671 3104
5672 3104
5673 3104
5674 3104
5675 3104
5676 3104
5677 3104
5678 3104
5679 3104
5680 3104
5681 3104
5682 3104
5683 3104
5684 3104
5685 3104
5686 3104
5687 3104
5688 3104
5689 3104
5690 3104
5691 3104
5692 3104
5693 3104
5694 3104
5695 3104
5696 3104
5697 3104
5698 3104
5699 3104
5700 3095
5701 3095
5702 3095
5703 3095
5704 3095
5705 3095
5706 3095
5707 3095
5708 3095
5709 3095
5710 3095
5711 3095
5712 3095
5713 3095
5714 3095
5715 3095
5716 3095
5717 3095
5718 3095
5719 3095
5720 3095
5721 3095
5722 3095
5723 3091
5724 3091
5725 3091
5726 3091
5727 3091
5728 3091
5729 3091
5730 3091
5731 3091
5732 3091
5733 3091
5734 3091
5735 3091
5736 3091
5737 3091
5738 3091
5739 3091
5740 3091
5741 3091
5742 3091
5743 3081
5744 3081
5745 3081
5746 3081
5747 3081
5748 3081
5749 3081
5750 3081
5751 3081
5752 3081
5753 3081
5754 3081
5755 3081
5756 3081
5757 3081
5758 3081
5759 3081
5760 3081
5761 3081
5762 3066
5763 3066
5764 3066
5765 3066
5766 3066
5767 3066
5768 3066
5769 3066
5770 3066
5771 3066
5772 3066
5773 3066
5774 3066
5775 3066
5776 3066
5777 3066
5778 3066
5779 3066
5780 3066
5781 3066
5782 3066
5783 3066
5784 3066
5785 3066
5786 3066
5787 3066
5788 3066
5789 3066
5790 3066
5791 3066
5792 3066
5793 3066
5794 3066
5795 3066
5796 3066
5797 3066
5798 3066
5799 3066
5800 3066
5801 3066
5802 3066
5803 3066
5804 3066
5805 3066
5806 3066
5807 3066
5808 3066
5809 3066
5810 3066
5811 3066
5812 3066
5813 3066
5814 3066
5815 3066
5816 3066
5817 3066
5818 3066
5819 3066
5820 3066
5821 3066
5822 3066
5823 3066
5824 3066
5825 3066
5826 3066
5827 3066
5828 3066
5829 3066
5830 3066
5831 3066
5832 3066
5833 3066
5834 3066
5835 3066
5836 3066
5837 3066
5838 3066
5839 3066
5840 3066
5841 3066
5842 3066
5843 3066
5844 3066
5845 3066
5846 3066
5847 3066
5848 3066
5849 3066
5850 3066
5851 3066
5852 3066
5853 3066
5854 3066
5855 3066
5856 3066
5857 3066
5858 3066
5859 3066
5860 3066
5861 3058
5862 3058
5863 3058
5864 3058
5865 3058
5866 3058
5867 3058
5868 3058
5869 3058
5870 3058
5871 3058
5872 3058
5873 3058
5874 3058
5875 3058
5876 3058
5877 3058
5878 3058
5879 3058
5880 3058
5881 3058
5882 3058
5883 3058
5884 3058
5885 3058
5886 3058
5887 3058
5888 3058
5889 3058
5890 3058
5891 3049
5892 3049
5893 3049
5894 3049
5895 3049
5896 3049
5897 3049
5898 3049
5899 3049
5900 3049
5901 3049
5902 3049
5903 3049
5904 3049
5905 3049
5906 3049
5907 3049
5908 3049
5909 3049
5910 3049
5911 3049
5912 3036
5913 3036
5914 3036
5915 3036
5916 3036
5917 3036
5918 3036
5919 3036
5920 3036
5921 3036
5922 3036
5923 3036
5924 3036
5925 3036
5926 3036
5927 3036
5928 3036
5929 3036
5930 3036
5931 3036
5932 3036
5933 3036
5934 3036
5935 3036
5936 3036
5937 3036
5938 3036
5939 3036
5940 3036
5941 3036
5942 3036
5943 3036
5944 3036
5945 3036
5946 3036
5947 3036
5948 3025
5949 3025
5950 3025
5951 3025
5952 3025
5953 3025
5954 3025
5955 3025
5956 3025
5957 3025
5958 3025
5959 3025
5960 3025
5961 3025
5962 3025
5963 3025
5964 3025
5965 3025
5966 3025
5967 3025
5968 3025
5969 3025
5970 3025
5971 3025
5972 3025
5973 3025
5974 3025
5975 3025
5976 3025
5977 3025
5978 3025
5979 3025
5980 3025
5981 3025
5982 3025
5983 3025
5984 3025
5985 3025
5986 3025
5987 3025
5988 3025
5989 3025
5990 3025
5991 3025
5992 3025
5993 3025
5994 3025
5995 3025
5996 3025
5997 3025
5998 3025
5999 3025
6000 3024
6001 3024
6002 3024
6003 3024
6004 3024
6005 3024
6006 3024
6007 3024
6008 3024
6009 3024
6010 3024
6011 3024
6012 3024
6013 3024
6014 3024
6015 3024
6016 3015
6017 3015
6018 3015
6019 3015
6020 3015
6021 3015
6022 3015
6023 3015
6024 3015
6025 3015
6026 3015
6027 3015
6028 3015
6029 3015
6030 3015
6031 3015
6032 3015
6033 3015
6034 3015
6035 3015
6036 2999
6037 2999
6038 2999
6039 2999
6040 2999
6041 2999
6042 2999
6043 2999
6044 2999
6045 2999
6046 2999
6047 2999
6048 2999
6049 2999
6050 2999
6051 2999
6052 2999
6053 2999
6054 2999
6055 2999
6056 2999
6057 2999
6058 2999
6059 2999
6060 2999
6061 2999
6062 2999
6063 2999
6064 2999
6065 2999
6066 2999
6067 2999
6068 2999
6069 2999
6070 2999
6071 2999
6072 2999
6073 2998
6074 2998
6075 2998
6076 2998
6077 2998
6078 2998
6079 2998
6080 2998
6081 2998
6082 2998
6083 2998
6084 2998
6085 2998
6086 2998
6087 2998
6088 2998
6089 2998
6090 2998
6091 2998
6092 2998
6093 2998
6094 2998
6095 2998
6096 2998
6097 2998
6098 2998
6099 2998
6100 2998
6101 2998
6102 2998
6103 2998
6104 2998
6105 2998
6106 2998
6107 2998
6108 2998
6109 2998
6110 2998
6111 2998
6112 2998
6113 2998
6114 2998
6115 2998
6116 2998
6117 2998
6118 2998
6119 2998
6120 2998
6121 2998
6122 2998
6123 2998
6124 2998
6125 2998
6126 2998
6127 2998
6128 2998
6129 2998
6130 2998
6131 2998
6132 2998
6133 2998
6134 2998
6135 2998
6136 2998
6137 2998
6138 2998
6139 2998
6140 2998
6141 2998
6142 2998
6143 2998
6144 2998
6145 2998
6146 2998
6147 2998
6148 2998
6149 2998
6150 2998
6151 2998
6152 2998
6153 2998
6154 2998
6155 2998
6156 2998
6157 2998
6158 2998
6159 2998
6160 2998
6161 2998
6162 2998
6163 2998
6164 2998
6165 2998
6166 2998
6167 2998
6168 2998
6169 2998
6170 2998
6171 2998
6172 2998
6173 2998
6174 2998
6175 2998
6176 2998
6177 2998
6178 2998
6179 2998
6180 2998
6181 2998
6182 2998
6183 2998
6184 2998
6185 2998
6186 2998
6187 2998
6188 2998
6189 2998
6190 2998
6191 2998
6192 2998
6193 2998
6194 2998
6195 2998
6196 2998
6197 2998
6198 2998
6199 2998
6200 2998
6201 2998
6202 2998
6203 2998
6204 2998
6205 2998
6206 2998
6207 2998
6208 2998
6209 2998
6210 2998
6211 2998
6212 2998
6213 2993
6214 2993
6215 2993
6216 2993
6217 2993
6218 2993
6219 2993
6220 2993
6221 2993
6222 2993
6223 2993
6224 2993
6225 2993
6226 2993
6227 2993
6228 2993
6229 2993
6230 2993
6231 2993
6232 2993
6233 2993
6234 2993
6235 2992
6236 2992
6237 2992
6238 2992
6239 2992
6240 2992
6241 2992
6242 2992
6243 2992
6244 2992
6245 2992
6246 2992
6247 2992
6248 2992
6249 2992
6250 2992
6251 2992
6252 2992
6253 2992
6254 2992
6255 2992
6256 2992
6257 2992
6258 2992
6259 2992
6260 2992
6261 2992
6262 2992
6263 2992
6264 2992
6265 2992
6266 2992
6267 2992
6268 2992
6269 2992
6270 2992
6271 2988
6272 2988
6273 2988
6274 2988
6275 2988
6276 2988
6277 2988
6278 2988
6279 2988
6280 2988
6281 2988
6282 2988
6283 2988
6284 2988
6285 2988
6286 2988
6287 2988
6288 2988
6289 2988
6290 2988
6291 2988
6292 2988
6293 2988
6294 2988
6295 2988
6296 2988
6297 2988
6298 2988
6299 2988
6300 2988
6301 2988
6302 2988
6303 2988
6304 2988
6305 2988
6306 2988
6307 2988
6308 2988
6309 2988
6310 2988
6311 2988
6312 2988
6313 2988
6314 2988
6315 2988
6316 2988
6317 2988
6318 2988
6319 2988
6320 2988
6321 2988
6322 2988
6323 2988
6324 2988
6325 2988
6326 2988
6327 2988
6328 2988
6329 2988
6330 2988
6331 2988
6332 2988
6333 2988
6334 2988
6335 2988
6336 2988
6337 2988
6338 2988
6339 2988
6340 2988
6341 2988
6342 2988
6343 2988
6344 2988
6345 2988
6346 2988
6347 2988
6348 2988
6349 2988
6350 2988
6351 2988
6352 2988
6353 2988
6354 2988
6355 2988
6356 2988
6357 2988
6358 2988
6359 2988
6360 2988
6361 2988
6362 2988
6363 2988
6364 2988
6365 2988
6366 2988
6367 2988
6368 2988
6369 2988
6370 2988
6371 2988
6372 2988
6373 2988
6374 2988
6375 2988
6376 2988
6377 2988
6378 2988
6379 2988
6380 2988
6381 2988
6382 2988
6383 2988
6384 2988
6385 2988
6386 2988
6387 2988
6388 2988
6389 2988
6390 2988
6391 2988
6392 2988
6393 2988
6394 2988
6395 2988
6396 2978
6397 2978
6398 2978
6399 2978
6400 2978
6401 2978
6402 2978
6403 2978
6404 2978
6405 2978
6406 2978
6407 2978
6408 2978
6409 2978
6410 2978
6411 2978
6412 2978
6413 2978
6414 2978
6415 2978
6416 2978
6417 2978
6418 2978
6419 2978
6420 2978
6421 2978
6422 2978
6423 2978
6424 2977
6425 2977
6426 2977
6427 2977
6428 2977
6429 2977
6430 2977
6431 2977
6432 2977
6433 2977
6434 2977
6435 2977
6436 2977
6437 2977
6438 2977
6439 2977
6440 2977
6441 2977
6442 2977
6443 2977
6444 2977
6445 2977
6446 2977
6447 2977
6448 2977
6449 2977
6450 2977
6451 2977
6452 2977
6453 2977
6454 2977
6455 2977
6456 2975
6457 2975
6458 2975
6459 2975
6460 2975
6461 2975
6462 2975
6463 2975
6464 2975
6465 2975
6466 2975
6467 2975
6468 2975
6469 2975
6470 2975
6471 2975
6472 2975
6473 2975
6474 2975
6475 2975
6476 2975
6477 2975
6478 2975
6479 2975
6480 2975
6481 2975
6482 2975
6483 2975
6484 2975
6485 2975
6486 2975
6487 2975
6488 2975
6489 2975
6490 2975
6491 2975
6492 2975
6493 2975
6494 2975
6495 2975
6496 2975
6497 2975
6498 2975
6499 2975
6500 2975
6501 2975
6502 2975
6503 2975
6504 2975
6505 2975
6506 2975
6507 2975
6508 2975
6509 2975
6510 2975
6511 2975
6512 2975
6513 2975
6514 2975
6515 2975
6516 2975
6517 2975
6518 2975
6519 2975
6520 2975
6521 2975
6522 2975
6523 2975
6524 2975
6525 2975
6526 2975
6527 2975
6528 2975
6529 2975
6530 2975
6531 2975
6532 2975
6533 2975
6534 2975
6535 2958
6536 2958
6537 2958
6538 2958
6539 2958
6540 2958
6541 2958
6542 2958
6543 2958
6544 2958
6545 2958
6546 2958
6547 2958
6548 2958
6549 2958
6550 2958
6551 2958
6552 2958
6553 2958
6554 2958
6555 2958
6556 2958
6557 2958
6558 2958
6559 2958
6560 2958
6561 2958
6562 2958
6563 2958
6564 2958
6565 2955
6566 2955
6567 2955
6568 2955
6569 2955
6570 2955
6571 2955
6572 2955
6573 2955
6574 2955
6575 2955
6576 2955
6577 2955
6578 2955
6579 2948
6580 2948
6581 2948
6582 2948
6583 2948
6584 2948
6585 2948
6586 2948
6587 2948
6588 2948
6589 2948
6590 2948
6591 2948
6592 2948
6593 2948
6594 2948
6595 2948
6596 2948
6597 2948
6598 2948
6599 2948
6600 2948
6601 2948
6602 2948
6603 2948
6604 2948
6605 2948
6606 2948
6607 2948
6608 2948
6609 2948
6610 2948
6611 2927
6612 2927
6613 2927
6614 2927
6615 2927
6616 2927
6617 2927
6618 2927
6619 2927
6620 2927
6621 2927
6622 2927
6623 2927
6624 2917
6625 2917
6626 2917
6627 2917
6628 2917
6629 2917
6630 2917
6631 2917
6632 2917
6633 2917
6634 2917
6635 2917
6636 2917
6637 2917
6638 2917
6639 2917
6640 2917
6641 2917
6642 2917
6643 2917
6644 2917
6645 2917
6646 2917
6647 2917
6648 2917
6649 2917
6650 2916
6651 2916
6652 2916
6653 2916
6654 2916
6655 2916
6656 2916
6657 2910
6658 2910
6659 2908
6660 2908
6661 2908
6662 2908
6663 2908
6664 2908
6665 2908
6666 2908
6667 2908
6668 2908
6669 2908
6670 2908
6671 2908
6672 2908
6673 2908
6674 2908
6675 2908
6676 2908
6677 2908
6678 2908
6679 2908
6680 2908
6681 2908
6682 2908
6683 2908
6684 2908
6685 2908
6686 2908
6687 2908
6688 2908
6689 2906
6690 2906
6691 2906
6692 2906
6693 2906
6694 2906
6695 2906
6696 2906
6697 2906
6698 2906
6699 2893
6700 2893
6701 2893
6702 2893
6703 2893
6704 2893
6705 2893
6706 2893
6707 2893
6708 2893
6709 2893
6710 2893
6711 2893
6712 2893
6713 2893
6714 2893
6715 2893
6716 2893
6717 2893
6718 2893
6719 2893
6720 2893
6721 2893
6722 2893
6723 2893
6724 2893
6725 2893
6726 2893
6727 2886
6728 2886
6729 2886
6730 2886
6731 2886
6732 2886
6733 2886
6734 2886
6735 2886
6736 2886
6737 2886
6738 2886
6739 2886
6740 2886
6741 2886
6742 2886
6743 2886
6744 2886
6745 2886
6746 2886
6747 2886
6748 2886
6749 2886
6750 2886
6751 2886
6752 2886
6753 2886
6754 2886
6755 2886
6756 2886
6757 2886
6758 2886
6759 2886
6760 2886
6761 2886
6762 2886
6763 2886
6764 2886
6765 2886
6766 2886
6767 2886
6768 2886
6769 2886
6770 2886
6771 2886
6772 2886
6773 2886
6774 2886
6775 2886
6776 2886
6777 2886
6778 2886
6779 2886
6780 2886
6781 2886
6782 2886
6783 2886
6784 2886
6785 2886
6786 2886
6787 2886
6788 2886
6789 2886
6790 2886
6791 2886
6792 2886
6793 2886
6794 2886
6795 2886
6796 2886
6797 2886
6798 2886
6799 2886
6800 2886
6801 2886
6802 2886
6803 2886
6804 2886
6805 2886
6806 2886
6807 2886
6808 2882
6809 2882
6810 2882
6811 2882
6812 2882
6813 2882
6814 2882
6815 2882
6816 2882
6817 2882
6818 2882
6819 2882
6820 2882
6821 2882
6822 2882
6823 2882
6824 2882
6825 2882
6826 2882
6827 2882
6828 2882
6829 2882
6830 2882
6831 2882
6832 2882
6833 2882
6834 2882
6835 2882
6836 2882
6837 2882
6838 2882
6839 2882
6840 2862
6841 2862
6842 2862
6843 2862
6844 2862
6845 2862
6846 2862
6847 2862
6848 2862
6849 2862
6850 2862
6851 2849
6852 2849
6853 2849
6854 2849
6855 2849
6856 2849
6857 2849
6858 2849
6859 2849
6860 2849
6861 2849
6862 2849
6863 2849
6864 2849
6865 2849
6866 2849
6867 2849
6868 2849
6869 2849
6870 2849
6871 2849
6872 2849
6873 2849
6874 2849
6875 2849
6876 2849
6877 2849
6878 2849
6879 2849
6880 2849
6881 2849
6882 2849
6883 2849
6884 2849
6885 2849
6886 2849
6887 2849
6888 2849
6889 2849
6890 2849
6891 2849
6892 2849
6893 2849
6894 2849
6895 2849
6896 2849
6897 2849
6898 2849
6899 2849
6900 2849
6901 2849
6902 2849
6903 2849
6904 2849
6905 2849
6906 2849
6907 2849
6908 2849
6909 2849
6910 2849
6911 2849
6912 2849
6913 2849
6914 2849
6915 2849
6916 2849
6917 2849
6918 2849
6919 2849
6920 2849
6921 2849
6922 2849
6923 2849
6924 2849
6925 2849
6926 2849
6927 2849
6928 2849
6929 2849
6930 2849
6931 2849
6932 2849
6933 2849
6934 2849
6935 2849
6936 2848
6937 2848
6938 2845
6939 2845
6940 2845
6941 2845
6942 2845
6943 2845
6944 2845
6945 2845
6946 2845
6947 2845
6948 2845
6949 2845
6950 2845
6951 2845
6952 2845
6953 2845
6954 2845
6955 2845
6956 2845
6957 2845
6958 2845
6959 2845
6960 2845
6961 2845
6962 2845
6963 2845
6964 2845
6965 2845
6966 2845
6967 2845
6968 2845
6969 2845
6970 2845
6971 2845
6972 2845
6973 2845
6974 2845
6975 2845
6976 2845
6977 2845
6978 2845
6979 2845
6980 2845
6981 2845
6982 2845
6983 2845
6984 2845
6985 2845
6986 2845
6987 2845
6988 2845
6989 2845
6990 2845
6991 2845
6992 2845
6993 2845
6994 2845
6995 2845
6996 2845
6997 2845
6998 2845
6999 2845
7000 2845
7001 2845
7002 2845
7003 2845
7004 2845
7005 2845
7006 2845
7007 2844
7008 2844
7009 2844
7010 2844
7011 2844
7012 2844
7013 2844
7014 2844
7015 2844
7016 2844
7017 2844
7018 2844
7019 2844
7020 2844
7021 2844
7022 2844
7023 2844
7024 2844
7025 2844
7026 2844
7027 2844
7028 2844
7029 2844
7030 2844
7031 2844
7032 2844
7033 2844
7034 2844
7035 2844
7036 2844
7037 2844
7038 2844
7039 2844
7040 2844
7041 2844
7042 2844
7043 2844
7044 2844
7045 2844
7046 2844
7047 2844
7048 2844
7049 2844
7050 2844
7051 2844
7052 2844
7053 2844
7054 2844
7055 2844
7056 2844
7057 2844
7058 2844
7059 2844
7060 2844
7061 2844
7062 2844
7063 2844
7064 2844
7065 2844
7066 2844
7067 2844
7068 2844
7069 2844
7070 2844
7071 2844
7072 2844
7073 2844
7074 2844
7075 2844
7076 2844
7077 2844
7078 2844
7079 2844
7080 2844
7081 2844
7082 2844
7083 2844
7084 2844
7085 2844
7086 2844
7087 2844
7088 2844
7089 2844
7090 2844
7091 2844
7092 2844
7093 2844
7094 2844
7095 2844
7096 2844
7097 2844
7098 2844
7099 2844
7100 2844
7101 2844
7102 2844
7103 2844
7104 2844
7105 2844
7106 2844
7107 2844
7108 2844
7109 2844
7110 2844
7111 2844
7112 2844
7113 2844
7114 2844
7115 2844
7116 2844
7117 2844
7118 2844
7119 2844
7120 2844
7121 2844
7122 2844
7123 2844
7124 2844
7125 2844
7126 2844
7127 2844
7128 2844
7129 2844
7130 2844
7131 2844
7132 2844
7133 2844
7134 2844
7135 2844
7136 2844
7137 2844
7138 2844
7139 2844
7140 2844
7141 2844
7142 2844
7143 2844
7144 2844
7145 2844
7146 2844
7147 2844
7148 2844
7149 2844
7150 2844
7151 2844
7152 2844
7153 2844
7154 2844
7155 2844
7156 2844
7157 2844
7158 2844
7159 2844
7160 2844
7161 2844
7162 2844
7163 2844
7164 2844
7165 2844
7166 2844
7167 2844
7168 2844
7169 2844
7170 2844
7171 2844
7172 2844
7173 2844
7174 2844
7175 2844
7176 2844
7177 2844
7178 2844
7179 2844
7180 2844
7181 2844
7182 2844
7183 2844
7184 2844
7185 2844
7186 2844
7187 2844
7188 2844
7189 2844
7190 2844
7191 2844
7192 2844
7193 2844
7194 2844
7195 2844
7196 2844
7197 2843
7198 2843
7199 2843
7200 2843
7201 2843
7202 2843
7203 2835
7204 2835
7205 2834
7206 2834
7207 2834
7208 2834
7209 2834
7210 2834
7211 2834
7212 2834
7213 2834
7214 2834
7215 2834
7216 2834
7217 2834
7218 2834
7219 2834
7220 2834
7221 2834
7222 2834
7223 2834
7224 2834
7225 2834
7226 2834
7227 2834
7228 2834
7229 2834
7230 2834
7231 2834
7232 2834
7233 2834
7234 2834
7235 2834
7236 2833
7237 2833
7238 2833
7239 2833
7240 2833
7241 2833
7242 2833
7243 2833
7244 2833
7245 2833
7246 2833
7247 2833
7248 2833
7249 2833
7250 2833
7251 2833
7252 2833
7253 2833
7254 2833
7255 2833
7256 2833
7257 2833
7258 2833
7259 2833
7260 2833
7261 2833
7262 2833
7263 2833
7264 2833
7265 2833
7266 2833
7267 2833
7268 2833
7269 2833
7270 2833
7271 2833
7272 2833
7273 2833
7274 2833
7275 2833
7276 2833
7277 2833
7278 2833
7279 2833
7280 2833
7281 2833
7282 2833
7283 2833
7284 2833
7285 2833
7286 2833
7287 2833
7288 2833
7289 2833
7290 2833
7291 2833
7292 2833
7293 2833
7294 2833
7295 2833
7296 2833
7297 2833
7298 2833
7299 2833
7300 2833
7301 2833
7302 2833
7303 2833
7304 2833
7305 2833
7306 2833
7307 2833
7308 2833
7309 2833
7310 2833
7311 2833
7312 2833
7313 2833
7314 2833
7315 2833
7316 2833
7317 2833
7318 2833
7319 2833
7320 2833
7321 2833
7322 2833
7323 2833
7324 2833
7325 2833
7326 2833
7327 2833
7328 2833
7329 2833
7330 2833
7331 2833
7332 2833
7333 2833
7334 2833
7335 2833
7336 2833
7337 2833
7338 2833
7339 2833
7340 2833
7341 2833
7342 2833
7343 2833
7344 2833
7345 2833
7346 2833
7347 2833
7348 2833
7349 2833
7350 2833
7351 2833
7352 2833
7353 2833
7354 2833
7355 2833
7356 2833
7357 2833
7358 2833
7359 2833
7360 2833
7361 2833
7362 2833
7363 2833
7364 2833
7365 2833
7366 2833
7367 2833
7368 2833
7369 2833
7370 2833
7371 2833
7372 2833
7373 2833
7374 2833
7375 2833
7376 2833
7377 2833
7378 2833
7379 2833
7380 2833
7381 2833
7382 2833
7383 2833
7384 2833
7385 2833
7386 2833
7387 2833
7388 2833
7389 2833
7390 2833
7391 2833
7392 2833
7393 2833
7394 2833
7395 2833
7396 2833
7397 2833
7398 2833
7399 2833
7400 2833
7401 2833
7402 2833
7403 2833
7404 2833
7405 2833
7406 2833
7407 2833
7408 2833
7409 2833
7410 2833
7411 2833
7412 2833
7413 2833
7414 2833
7415 2833
7416 2833
7417 2833
7418 2833
7419 2833
7420 2833
7421 2833
7422 2833
7423 2833
7424 2833
7425 2833
7426 2833
7427 2833
7428 2833
7429 2833
7430 2833
7431 2833
7432 2833
7433 2833
7434 2833
7435 2833
7436 2833
7437 2833
7438 2833
7439 2833
7440 2833
7441 2833
7442 2833
7443 2833
7444 2833
7445 2833
7446 2833
7447 2833
7448 2833
7449 2833
7450 2833
7451 2833
7452 2833
7453 2833
7454 2833
7455 2833
7456 2833
7457 2833
7458 2833
7459 2833
7460 2833
7461 2833
7462 2833
7463 2833
7464 2833
7465 2833
7466 2833
7467 2833
7468 2833
7469 2833
7470 2833
7471 2833
7472 2833
7473 2833
7474 2833
7475 2833
7476 2833
7477 2833
7478 2833
7479 2833
7480 2833
7481 2833
7482 2833
7483 2833
7484 2833
7485 2833
7486 2825
7487 2825
7488 2825
7489 2825
7490 2825
7491 2825
7492 2825
7493 2825
7494 2825
7495 2825
7496 2825
7497 2825
7498 2825
7499 2825
7500 2825
7501 2825
7502 2825
7503 2825
7504 2825
7505 2825
7506 2819
7507 2819
7508 2819
7509 2819
7510 2819
7511 2819
7512 2819
7513 2819
7514 2819
7515 2819
7516 2819
7517 2819
7518 2819
7519 2819
7520 2819
7521 2819
7522 2819
7523 2819
7524 2819
7525 2819
7526 2819
7527 2819
7528 2819
7529 2819
7530 2819
7531 2819
7532 2819
7533 2819
7534 2819
7535 2819
7536 2819
7537 2819
7538 2819
7539 2819
7540 2819
7541 2819
7542 2819
7543 2819
7544 2819
7545 2819
7546 2819
7547 2819
7548 2819
7549 2819
7550 2819
7551 2819
7552 2819
7553 2819
7554 2819
7555 2819
7556 2819
7557 2819
7558 2819
7559 2819
7560 2819
7561 2819
7562 2819
7563 2819
7564 2819
7565 2819
7566 2819
7567 2819
7568 2819
7569 2819
7570 2819
7571 2819
7572 2819
7573 2819
7574 2819
7575 2819
7576 2819
7577 2819
7578 2819
7579 2819
7580 2819
7581 2819
7582 2819
7583 2819
7584 2819
7585 2819
7586 2819
7587 2819
7588 2819
7589 2819
7590 2819
7591 2819
7592 2819
7593 2819
7594 2819
7595 2819
7596 2819
7597 2819
7598 2819
7599 2819
7600 2819
7601 2819
7602 2819
7603 2819
7604 2819
7605 2819
7606 2819
7607 2819
7608 2819
7609 2819
7610 2819
7611 2819
7612 2819
7613 2819
7614 2819
7615 2819
7616 2819
7617 2819
7618 2819
7619 2819
7620 2819
7621 2819
7622 2819
7623 2819
7624 2819
7625 2819
7626 2819
7627 2819
7628 2819
7629 2819
7630 2819
7631 2819
7632 2819
7633 2819
7634 2819
7635 2819
7636 2819
7637 2819
7638 2819
7639 2819
7640 2819
7641 2819
7642 2819
7643 2819
7644 2819
7645 2819
7646 2819
7647 2819
7648 2819
7649 2819
7650 2819
7651 2819
7652 2819
7653 2819
7654 2819
7655 2819
7656 2819
7657 2819
7658 2819
7659 2819
7660 2819
7661 2819
7662 2819
7663 2819
7664 2819
7665 2819
7666 2819
7667 2819
7668 2819
7669 2819
7670 2819
7671 2819
7672 2819
7673 2819
7674 2819
7675 2819
7676 2819
7677 2819
7678 2819
7679 2819
7680 2819
7681 2819
7682 2819
7683 2819
7684 2819
7685 2819
7686 2819
7687 2819
7688 2819
7689 2818
7690 2818
7691 2818
7692 2818
7693 2818
7694 2818
7695 2818
7696 2818
7697 2818
7698 2818
7699 2818
7700 2818
7701 2818
7702 2818
7703 2818
7704 2818
7705 2818
7706 2818
7707 2818
7708 2818
7709 2818
7710 2818
7711 2818
7712 2818
7713 2818
7714 2818
7715 2818
7716 2818
7717 2818
7718 2818
7719 2818
7720 2818
7721 2818
7722 2818
7723 2818
7724 2818
7725 2818
7726 2818
7727 2818
7728 2818
7729 2818
7730 2818
7731 2818
7732 2818
7733 2818
7734 2818
7735 2818
7736 2818
7737 2818
7738 2818
7739 2818
7740 2818
7741 2818
7742 2818
7743 2818
7744 2818
7745 2818
7746 2818
7747 2818
7748 2818
7749 2818
7750 2818
7751 2818
7752 2818
7753 2818
7754 2818
7755 2818
7756 2818
7757 2818
7758 2818
7759 2818
7760 2818
7761 2818
7762 2818
7763 2818
7764 2818
7765 2818
7766 2818
7767 2818
7768 2818
7769 2818
7770 2818
7771 2818
7772 2818
7773 2818
7774 2818
7775 2818
7776 2818
7777 2818
7778 2818
7779 2818
7780 2818
7781 2818
7782 2818
7783 2818
7784 2818
7785 2818
7786 2818
7787 2818
7788 2818
7789 2818
7790 2818
7791 2818
7792 2818
7793 2818
7794 2818
7795 2818
7796 2818
7797 2818
7798 2818
7799 2818
7800 2818
7801 2818
7802 2818
7803 2818
7804 2818
7805 2818
7806 2818
7807 2818
7808 2818
7809 2818
7810 2818
7811 2818
7812 2818
7813 2818
7814 2818
7815 2818
7816 2818
7817 2818
7818 2818
7819 2818
7820 2818
7821 2818
7822 2818
7823 2818
7824 2818
7825 2818
7826 2818
7827 2818
7828 2818
7829 2818
7830 2818
7831 2818
7832 2818
7833 2818
7834 2818
7835 2818
7836 2818
7837 2818
7838 2818
7839 2818
7840 2818
7841 2818
7842 2818
7843 2818
7844 2818
7845 2818
7846 2818
7847 2818
7848 2818
7849 2818
7850 2818
7851 2818
7852 2818
7853 2818
7854 2818
7855 2818
7856 2818
7857 2818
7858 2818
7859 2818
7860 2818
7861 2818
7862 2818
7863 2818
7864 2818
7865 2818
7866 2818
7867 2818
7868 2818
7869 2818
7870 2818
7871 2818
7872 2818
7873 2818
7874 2818
7875 2818
7876 2818
7877 2818
7878 2818
7879 2818
7880 2818
7881 2818
7882 2818
7883 2818
7884 2818
7885 2818
7886 2818
7887 2818
7888 2818
7889 2818
7890 2818
7891 2818
7892 2818
7893 2818
7894 2818
7895 2818
7896 2818
7897 2818
7898 2818
7899 2818
7900 2818
7901 2818
7902 2818
7903 2818
7904 2818
7905 2818
7906 2818
7907 2818
7908 2818
7909 2818
7910 2818
7911 2818
7912 2818
7913 2814
7914 2814
7915 2814
7916 2814
7917 2814
7918 2814
7919 2814
7920 2814
7921 2814
7922 2814
7923 2814
7924 2814
7925 2814
7926 2814
7927 2814
7928 2814
7929 2814
7930 2814
7931 2814
7932 2814
7933 2814
7934 2814
7935 2814
7936 2814
7937 2814
7938 2814
7939 2814
7940 2814
7941 2814
7942 2814
7943 2814
7944 2814
7945 2814
7946 2814
7947 2814
7948 2814
7949 2814
7950 2814
7951 2814
7952 2814
7953 2814
7954 2814
7955 2814
7956 2814
7957 2814
7958 2814
7959 2814
7960 2814
7961 2814
7962 2814
7963 2814
7964 2814
7965 2814
7966 2814
7967 2814
7968 2814
7969 2814
7970 2814
7971 2814
7972 2814
7973 2814
7974 2805
7975 2805
7976 2805
7977 2805
7978 2805
7979 2805
7980 2805
7981 2805
7982 2805
7983 2805
7984 2805
7985 2805
7986 2805
7987 2803
7988 2803
7989 2802
7990 2802
7991 2802
7992 2802
7993 2802
7994 2802
7995 2802
7996 2802
7997 2802
7998 2802
7999 2802
8000 2802
8001 2802
8002 2802
8003 2802
8004 2802
8005 2802
8006 2802
8007 2802
8008 2802
8009 2802
8010 2802
8011 2802
8012 2802
8013 2802
8014 2802
8015 2802
8016 2802
8017 2802
8018 2802
8019 2802
8020 2802
8021 2802
8022 2802
8023 2802
8024 2802
8025 2802
8026 2802
8027 2794
8028 2794
8029 2794
8030 2794
8031 2794
8032 2794
8033 2794
8034 2794
8035 2794
8036 2794
8037 2793
8038 2793
8039 2793
8040 2793
8041 2793
8042 2793
8043 2793
8044 2793
8045 2793
8046 2793
8047 2793
8048 2793
8049 2793
8050 2793
8051 2793
8052 2793
8053 2793
8054 2793
8055 2793
8056 2793
8057 2793
8058 2793
8059 2793
8060 2793
8061 2793
8062 2793
8063 2793
8064 2793
8065 2793
8066 2793
8067 2793
8068 2793
8069 2793
8070 2793
8071 2793
8072 2793
8073 2793
8074 2793
8075 2793
8076 2793
8077 2793
8078 2793
8079 2793
8080 2793
8081 2793
8082 2793
8083 2793
8084 2793
8085 2793
8086 2793
8087 2793
8088 2793
8089 2793
8090 2793
8091 2793
8092 2793
8093 2793
8094 2792
8095 2792
8096 2792
8097 2792
8098 2792
8099 2792
8100 2792
8101 2792
8102 2792
8103 2792
8104 2792
8105 2792
8106 2792
8107 2792
8108 2792
8109 2792
8110 2792
8111 2792
8112 2792
8113 2792
8114 2792
8115 2792
8116 2792
8117 2792
8118 2792
8119 2792
8120 2792
8121 2792
8122 2792
8123 2792
8124 2792
8125 2792
8126 2792
8127 2792
8128 2792
8129 2792
8130 2792
8131 2792
8132 2792
8133 2792
8134 2792
8135 2792
8136 2792
8137 2792
8138 2792
8139 2792
8140 2792
8141 2792
8142 2785
8143 2785
8144 2785
8145 2785
8146 2785
8147 2785
8148 2785
8149 2785
8150 2785
8151 2785
8152 2785
8153 2785
8154 2785
8155 2785
8156 2785
8157 2785
8158 2785
8159 2785
8160 2785
8161 2785
8162 2785
8163 2785
8164 2785
8165 2785
8166 2785
8167 2785
8168 2785
8169 2785
8170 2785
8171 2785
8172 2785
8173 2785
8174 2785
8175 2775
8176 2775
8177 2775
8178 2775
8179 2775
8180 2775
8181 2775
8182 2775
8183 2775
8184 2775
8185 2775
8186 2775
8187 2775
8188 2775
8189 2775
8190 2775
8191 2775
8192 2775
8193 2775
8194 2775
8195 2775
8196 2775
8197 2775
8198 2775
8199 2775
8200 2775
8201 2775
8202 2775
8203 2775
8204 2775
8205 2775
8206 2775
8207 2775
8208 2775
8209 2775
8210 2775
8211 2775
8212 2775
8213 2775
8214 2775
8215 2775
8216 2775
8217 2775
8218 2775
8219 2775
8220 2775
8221 2775
8222 2775
8223 2775
8224 2775
8225 2775
8226 2775
8227 2775
8228 2775
8229 2775
8230 2775
8231 2775
8232 2775
8233 2775
8234 2775
8235 2775
8236 2775
8237 2775
8238 2775
8239 2775
8240 2775
8241 2775
8242 2775
8243 2775
8244 2775
8245 2775
8246 2775
8247 2775
8248 2775
8249 2775
8250 2775
8251 2775
8252 2775
8253 2775
8254 2775
8255 2775
8256 2775
8257 2775
8258 2775
8259 2775
8260 2775
8261 2775
8262 2775
8263 2775
8264 2775
8265 2775
8266 2775
8267 2775
8268 2775
8269 2775
8270 2775
8271 2775
8272 2775
8273 2775
8274 2775
8275 2775
8276 2775
8277 2775
8278 2775
8279 2775
8280 2775
8281 2775
8282 2775
8283 2775
8284 2775
8285 2775
8286 2775
8287 2775
8288 2775
8289 2775
8290 2775
8291 2775
8292 2775
8293 2775
8294 2775
8295 2775
8296 2775
8297 2775
8298 2775
8299 2775
8300 2775
8301 2775
8302 2775
8303 2775
8304 2775
8305 2775
8306 2775
8307 2775
8308 2775
8309 2775
8310 2775
8311 2775
8312 2775
8313 2775
8314 2775
8315 2775
8316 2775
8317 2775
8318 2775
8319 2775
8320 2775
8321 2775
8322 2775
8323 2775
8324 2775
8325 2775
8326 2764
8327 2764
8328 2764
8329 2764
8330 2764
8331 2764
8332 2764
8333 2764
8334 2764
8335 2764
8336 2764
8337 2764
8338 2764
8339 2764
8340 2764
8341 2764
8342 2764
8343 2764
8344 2764
8345 2764
8346 2764
8347 2764
8348 2764
8349 2764
8350 2754
8351 2754
8352 2754
8353 2754
8354 2754
8355 2754
8356 2754
8357 2754
8358 2754
8359 2754
8360 2754
8361 2754
8362 2754
8363 2754
8364 2754
8365 2754
8366 2754
8367 2754
8368 2754
8369 2754
8370 2754
8371 2754
8372 2754
8373 2754
8374 2754
8375 2754
8376 2754
8377 2754
8378 2754
8379 2754
8380 2754
8381 2754
8382 2754
8383 2754
8384 2754
8385 2754
8386 2754
8387 2754
8388 2754
8389 2754
8390 2754
8391 2754
8392 2754
8393 2754
8394 2754
8395 2754
8396 2754
8397 2754
8398 2754
8399 2754
8400 2754
8401 2754
8402 2754
8403 2754
8404 2754
8405 2754
8406 2754
8407 2754
8408 2754
8409 2754
8410 2754
8411 2754
8412 2754
8413 2754
8414 2754
8415 2754
8416 2754
8417 2754
8418 2754
8419 2754
8420 2754
8421 2754
8422 2754
8423 2754
8424 2754
8425 2754
8426 2754
8427 2754
8428 2754
8429 2754
8430 2754
8431 2754
8432 2754
8433 2754
8434 2754
8435 2754
8436 2754
8437 2754
8438 2754
8439 2754
8440 2754
8441 2754
8442 2754
8443 2754
8444 2754
8445 2754
8446 2754
8447 2754
8448 2754
8449 2754
8450 2754
8451 2754
8452 2754
8453 2754
8454 2754
8455 2754
8456 2754
8457 2754
8458 2754
8459 2754
8460 2754
8461 2754
8462 2754
8463 2754
8464 2754
8465 2754
8466 2754
8467 2754
8468 2754
8469 2754
8470 2754
8471 2754
8472 2754
8473 2754
8474 2754
8475 2754
8476 2754
8477 2754
8478 2754
8479 2754
8480 2754
8481 2754
8482 2754
8483 2754
8484 2754
8485 2754
8486 2754
8487 2754
8488 2754
8489 2754
8490 2754
8491 2754
8492 2754
8493 2754
8494 2754
8495 2754
8496 2754
8497 2754
8498 2754
8499 2754
8500 2754
8501 2754
8502 2754
8503 2754
8504 2754
8505 2754
8506 2754
8507 2754
8508 2754
8509 2754
8510 2754
8511 2754
8512 2754
8513 2754
8514 2754
8515 2754
8516 2754
8517 2754
8518 2754
8519 2754
8520 2754
8521 2754
8522 2754
8523 2754
8524 2754
8525 2754
8526 2754
8527 2754
8528 2754
8529 2754
8530 2754
8531 2754
8532 2754
8533 2754
8534 2754
8535 2754
8536 2754
8537 2754
8538 2754
8539 2754
8540 2754
8541 2754
8542 2754
8543 2754
8544 2754
8545 2754
8546 2754
8547 2754
8548 2754
8549 2754
8550 2754
8551 2754
8552 2754
8553 2754
8554 2754
8555 2754
8556 2754
8557 2754
8558 2754
8559 2754
8560 2754
8561 2754
8562 2754
8563 2754
8564 2754
8565 2754
8566 2754
8567 2754
8568 2754
8569 2754
8570 2754
8571 2754
8572 2754
8573 2754
8574 2754
8575 2754
8576 2754
8577 2754
8578 2754
8579 2754
8580 2754
8581 2754
8582 2754
8583 2754
8584 2754
8585 2754
8586 2754
8587 2754
8588 2754
8589 2754
8590 2751
8591 2751
8592 2751
8593 2751
8594 2751
8595 2751
8596 2751
8597 2751
8598 2751
8599 2751
8600 2751
8601 2751
8602 2751
8603 2751
8604 2751
8605 2751
8606 2751
8607 2751
8608 2751
8609 2751
8610 2751
8611 2751
8612 2751
8613 2751
8614 2751
8615 2751
8616 2751
8617 2751
8618 2751
8619 2751
8620 2751
8621 2751
8622 2751
8623 2751
8624 2751
8625 2751
8626 2751
8627 2751
8628 2751
8629 2751
8630 2751
8631 2751
8632 2751
8633 2751
8634 2751
8635 2751
8636 2751
8637 2751
8638 2751
8639 2751
8640 2751
8641 2751
8642 2751
8643 2751
8644 2751
8645 2751
8646 2751
8647 2751
8648 2751
8649 2751
8650 2751
8651 2751
8652 2751
8653 2751
8654 2751
8655 2751
8656 2751
8657 2751
8658 2751
8659 2751
8660 2751
8661 2751
8662 2751
8663 2751
8664 2751
8665 2751
8666 2751
8667 2751
8668 2751
8669 2751
8670 2751
8671 2751
8672 2751
8673 2751
8674 2751
8675 2751
8676 2751
8677 2751
8678 2751
8679 2751
8680 2751
8681 2751
8682 2751
8683 2751
8684 2751
8685 2751
8686 2751
8687 2751
8688 2751
8689 2751
8690 2751
8691 2751
8692 2751
8693 2751
8694 2751
8695 2751
8696 2751
8697 2751
8698 2751
8699 2751
8700 2751
8701 2751
8702 2751
8703 2751
8704 2751
8705 2751
8706 2751
8707 2751
8708 2751
8709 2751
8710 2751
8711 2751
8712 2751
8713 2751
8714 2751
8715 2751
8716 2751
8717 2751
8718 2751
8719 2751
8720 2751
8721 2751
8722 2751
8723 2751
8724 2751
8725 2751
8726 2751
8727 2751
8728 2751
8729 2751
8730 2751
8731 2751
8732 2751
8733 2751
8734 2751
8735 2751
8736 2751
8737 2751
8738 2751
8739 2751
8740 2751
8741 2751
8742 2751
8743 2751
8744 2751
8745 2751
8746 2751
8747 2751
8748 2751
8749 2751
8750 2751
8751 2751
8752 2751
8753 2751
8754 2751
8755 2751
8756 2751
8757 2751
8758 2751
8759 2751
8760 2751
8761 2751
8762 2751
8763 2751
8764 2751
8765 2751
8766 2751
8767 2751
8768 2751
8769 2751
8770 2751
8771 2751
8772 2751
8773 2751
8774 2751
8775 2751
8776 2751
8777 2751
8778 2751
8779 2751
8780 2751
8781 2751
8782 2751
8783 2751
8784 2751
8785 2751
8786 2751
8787 2751
8788 2751
8789 2751
8790 2751
8791 2751
8792 2751
8793 2751
8794 2751
8795 2751
8796 2751
8797 2751
8798 2751
8799 2751
8800 2751
8801 2751
8802 2751
8803 2751
8804 2751
8805 2751
8806 2751
8807 2751
8808 2751
8809 2751
8810 2751
8811 2751
8812 2751
8813 2751
8814 2751
8815 2751
8816 2751
8817 2751
8818 2751
8819 2751
8820 2751
8821 2751
8822 2751
8823 2751
8824 2751
8825 2751
8826 2751
8827 2751
8828 2751
8829 2751
8830 2751
8831 2751
8832 2751
8833 2751
8834 2751
8835 2751
8836 2751
8837 2751
8838 2751
8839 2751
8840 2751
8841 2751
8842 2751
8843 2751
8844 2751
8845 2751
8846 2751
8847 2751
8848 2751
8849 2751
8850 2751
8851 2751
8852 2751
8853 2751
8854 2751
8855 2751
8856 2751
8857 2751
8858 2751
8859 2751
8860 2751
8861 2751
8862 2751
8863 2751
8864 2751
8865 2751
8866 2751
8867 2751
8868 2751
8869 2751
8870 2751
8871 2751
8872 2751
8873 2751
8874 2751
8875 2748
8876 2748
8877 2748
8878 2748
8879 2748
8880 2748
8881 2748
8882 2748
8883 2748
8884 2748
8885 2748
8886 2748
8887 2748
8888 2748
8889 2748
8890 2748
8891 2748
8892 2748
8893 2748
8894 2748
8895 2748
8896 2748
8897 2748
8898 2748
8899 2748
8900 2748
8901 2748
8902 2748
8903 2748
8904 2748
8905 2748
8906 2748
8907 2748
8908 2748
8909 2748
8910 2748
8911 2748
8912 2748
8913 2748
8914 2748
8915 2748
8916 2748
8917 2748
8918 2748
8919 2748
8920 2748
8921 2748
8922 2748
8923 2748
8924 2748
8925 2748
8926 2748
8927 2748
8928 2748
8929 2748
8930 2748
8931 2748
8932 2748
8933 2748
8934 2748
8935 2748
8936 2748
8937 2748
8938 2748
8939 2748
8940 2748
8941 2748
8942 2748
8943 2748
8944 2748
8945 2748
8946 2748
8947 2748
8948 2748
8949 2748
8950 2748
8951 2748
8952 2748
8953 2748
8954 2748
8955 2748
8956 2748
8957 2748
8958 2748
8959 2748
8960 2748
8961 2748
8962 2748
8963 2748
8964 2748
8965 2748
8966 2748
8967 2748
8968 2748
8969 2748
8970 2748
8971 2748
8972 2748
8973 2748
8974 2748
8975 2748
8976 2748
8977 2748
8978 2748
8979 2748
8980 2748
8981 2748
8982 2748
8983 2748
8984 2748
8985 2748
8986 2748
8987 2748
8988 2748
8989 2748
8990 2748
8991 2748
8992 2748
8993 2748
8994 2748
8995 2748
8996 2748
8997 2748
8998 2748
8999 2748
9000 2748
9001 2748
9002 2748
9003 2748
9004 2748
9005 2748
9006 2748
9007 2748
9008 2748
9009 2748
9010 2748
9011 2748
9012 2748
9013 2748
9014 2748
9015 2748
9016 2748
9017 2748
9018 2748
9019 2748
9020 2748
9021 2748
9022 2748
9023 2748
9024 2748
9025 2748
9026 2748
9027 2748
9028 2748
9029 2748
9030 2748
9031 2748
9032 2748
9033 2748
9034 2748
9035 2748
9036 2748
9037 2748
9038 2748
9039 2748
9040 2748
9041 2748
9042 2748
9043 2748
9044 2748
9045 2748
9046 2748
9047 2748
9048 2748
9049 2748
9050 2748
9051 2748
9052 2748
9053 2748
9054 2748
9055 2748
9056 2748
9057 2748
9058 2748
9059 2748
9060 2748
9061 2748
9062 2748
9063 2748
9064 2748
9065 2748
9066 2748
9067 2748
9068 2748
9069 2748
9070 2748
9071 2748
9072 2748
9073 2748
9074 2748
9075 2748
9076 2748
9077 2748
9078 2748
9079 2748
9080 2748
9081 2748
9082 2748
9083 2748
9084 2748
9085 2748
9086 2748
9087 2748
9088 2748
9089 2748
9090 2748
9091 2748
9092 2748
9093 2748
9094 2748
9095 2748
9096 2748
9097 2748
9098 2748
9099 2748
9100 2748
9101 2748
9102 2748
9103 2748
9104 2748
9105 2748
9106 2748
9107 2748
9108 2748
9109 2748
9110 2748
9111 2748
9112 2748
9113 2748
9114 2748
9115 2748
9116 2748
9117 2748
9118 2748
9119 2748
9120 2748
9121 2748
9122 2748
9123 2748
9124 2748
9125 2748
9126 2748
9127 2748
9128 2748
9129 2748
9130 2748
9131 2748
9132 2748
9133 2730
9134 2730
9135 2730
9136 2730
9137 2730
9138 2730
9139 2730
9140 2730
9141 2730
9142 2730
9143 2730
9144 2730
9145 2730
9146 2730
9147 2730
9148 2730
9149 2730
9150 2730
9151 2730
9152 2730
9153 2730
9154 2730
9155 2730
9156 2730
9157 2730
9158 2730
9159 2730
9160 2730
9161 2730
9162 2730
9163 2730
9164 2730
9165 2730
9166 2730
9167 2730
9168 2730
9169 2730
9170 2730
9171 2730
9172 2730
9173 2730
9174 2730
9175 2730
9176 2730
9177 2730
9178 2730
9179 2730
9180 2727
9181 2727
9182 2727
9183 2727
9184 2727
9185 2727
9186 2727
9187 2727
9188 2727
9189 2727
9190 2727
9191 2727
9192 2727
9193 2727
9194 2727
9195 2727
9196 2727
9197 2727
9198 2727
9199 2727
9200 2727
9201 2727
9202 2727
9203 2727
9204 2727
9205 2727
9206 2727
9207 2727
9208 2727
9209 2727
9210 2727
9211 2727
9212 2727
9213 2727
9214 2727
9215 2727
9216 2727
9217 2727
9218 2727
9219 2727
9220 2727
9221 2727
9222 2727
9223 2727
9224 2727
9225 2727
9226 2727
9227 2727
9228 2727
9229 2727
9230 2727
9231 2727
9232 2727
9233 2727
9234 2727
9235 2727
9236 2718
9237 2718
9238 2718
9239 2718
9240 2718
9241 2718
9242 2718
9243 2718
9244 2718
9245 2718
9246 2718
9247 2718
9248 2718
9249 2718
9250 2718
9251 2718
9252 2718
9253 2718
9254 2718
9255 2718
9256 2718
9257 2718
9258 2718
9259 2718
9260 2718
9261 2718
9262 2718
9263 2718
9264 2718
9265 2718
9266 2718
9267 2718
9268 2718
9269 2718
9270 2718
9271 2718
9272 2718
9273 2718
9274 2718
9275 2716
9276 2716
9277 2716
9278 2716
9279 2716
9280 2716
9281 2716
9282 2716
9283 2716
9284 2716
9285 2716
9286 2716
9287 2716
9288 2716
9289 2716
9290 2716
9291 2716
9292 2716
9293 2716
9294 2716
9295 2716
9296 2716
9297 2716
9298 2716
9299 2715
9300 2715
9301 2715
9302 2715
9303 2715
9304 2715
9305 2715
9306 2715
9307 2715
9308 2715
9309 2715
9310 2715
9311 2715
9312 2715
9313 2715
9314 2715
9315 2715
9316 2715
9317 2715
9318 2715
9319 2715
9320 2715
9321 2715
9322 2715
9323 2715
9324 2715
9325 2715
9326 2715
9327 2715
9328 2715
9329 2715
9330 2715
9331 2715
9332 2715
9333 2715
9334 2715
9335 2715
9336 2715
9337 2715
9338 2715
9339 2715
9340 2715
9341 2715
9342 2715
9343 2715
9344 2715
9345 2715
9346 2715
9347 2706
9348 2706
9349 2706
9350 2706
9351 2706
9352 2706
9353 2706
9354 2706
9355 2706
9356 2706
9357 2706
9358 2706
9359 2706
9360 2706
9361 2706
9362 2706
9363 2706
9364 2706
9365 2706
9366 2706
9367 2706
9368 2706
9369 2706
9370 2705
9371 2705
9372 2705
9373 2705
9374 2705
9375 2705
9376 2705
9377 2705
9378 2705
9379 2705
9380 2705
9381 2705
9382 2705
9383 2705
9384 2705
9385 2705
9386 2705
9387 2705
9388 2705
9389 2705
9390 2705
9391 2705
9392 2705
9393 2703
9394 2703
9395 2703
9396 2703
9397 2703
9398 2703
9399 2703
9400 2703
9401 2703
9402 2703
9403 2703
9404 2703
9405 2703
9406 2700
9407 2700
9408 2700
9409 2700
9410 2700
9411 2700
9412 2700
9413 2700
9414 2700
9415 2700
9416 2700
9417 2700
9418 2700
9419 2700
9420 2700
9421 2700
9422 2700
9423 2700
9424 2700
9425 2700
9426 2700
9427 2700
9428 2700
9429 2700
9430 2700
9431 2700
9432 2700
9433 2700
9434 2700
9435 2700
9436 2700
9437 2700
9438 2700
9439 2700
9440 2700
9441 2700
9442 2700
9443 2700
9444 2700
9445 2700
9446 2700
9447 2700
9448 2700
9449 2700
9450 2700
9451 2700
9452 2700
9453 2700
9454 2700
9455 2700
9456 2700
9457 2700
9458 2700
9459 2700
9460 2700
9461 2700
9462 2700
9463 2700
9464 2700
9465 2700
9466 2700
9467 2700
9468 2700
9469 2700
9470 2700
9471 2700
9472 2700
9473 2700
9474 2700
9475 2700
9476 2700
9477 2700
9478 2700
9479 2700
9480 2700
9481 2700
9482 2700
9483 2700
9484 2700
9485 2700
9486 2700
9487 2700
9488 2700
9489 2700
9490 2700
9491 2700
9492 2700
9493 2700
9494 2700
9495 2700
9496 2700
9497 2700
9498 2700
9499 2700
9500 2700
9501 2700
9502 2700
9503 2700
9504 2700
9505 2700
9506 2699
9507 2686
9508 2686
9509 2686
9510 2686
9511 2686
9512 2686
9513 2686
9514 2686
9515 2686
9516 2686
9517 2686
9518 2686
9519 2686
9520 2686
9521 2686
9522 2686
9523 2686
9524 2686
9525 2686
9526 2686
9527 2686
9528 2686
9529 2686
9530 2686
9531 2686
9532 2686
9533 2686
9534 2686
9535 2686
9536 2686
9537 2686
9538 2686
9539 2686
9540 2686
9541 2686
9542 2686
9543 2686
9544 2686
9545 2686
9546 2686
9547 2686
9548 2686
9549 2686
9550 2686
9551 2685
9552 2685
9553 2685
9554 2685
9555 2685
9556 2685
9557 2685
9558 2685
9559 2685
9560 2685
9561 2685
9562 2685
9563 2685
9564 2685
9565 2685
9566 2685
9567 2685
9568 2685
9569 2685
9570 2685
9571 2685
9572 2685
9573 2685
9574 2685
9575 2685
9576 2685
9577 2685
9578 2685
9579 2685
9580 2685
9581 2685
9582 2685
9583 2685
9584 2685
9585 2685
9586 2685
9587 2685
9588 2685
9589 2685
9590 2685
9591 2685
9592 2685
9593 2685
9594 2685
9595 2685
9596 2685
9597 2685
9598 2685
9599 2685
9600 2685
9601 2685
9602 2685
9603 2685
9604 2685
9605 2685
9606 2685
9607 2685
9608 2685
9609 2685
9610 2685
9611 2685
9612 2685
9613 2685
9614 2685
9615 2685
9616 2685
9617 2685
9618 2685
9619 2685
9620 2685
9621 2685
9622 2685
9623 2685
9624 2685
9625 2685
9626 2685
9627 2685
9628 2682
9629 2682
9630 2682
9631 2682
9632 2682
9633 2682
9634 2682
9635 2682
9636 2682
9637 2682
9638 2682
9639 2682
9640 2682
9641 2682
9642 2682
9643 2682
9644 2682
9645 2682
9646 2682
9647 2682
9648 2682
9649 2682
9650 2682
9651 2682
9652 2682
9653 2682
9654 2682
9655 2682
9656 2682
9657 2682
9658 2682
9659 2682
9660 2682
9661 2682
9662 2682
9663 2682
9664 2682
9665 2682
9666 2682
9667 2682
9668 2682
9669 2682
9670 2682
9671 2682
9672 2682
9673 2682
9674 2682
9675 2682
9676 2682
9677 2682
9678 2682
9679 2682
9680 2682
9681 2682
9682 2682
9683 2682
9684 2682
9685 2682
9686 2682
9687 2682
9688 2682
9689 2682
9690 2682
9691 2682
9692 2682
9693 2682
9694 2682
9695 2682
9696 2682
9697 2682
9698 2682
9699 2682
9700 2682
9701 2682
9702 2682
9703 2682
9704 2682
9705 2682
9706 2682
9707 2682
9708 2682
9709 2682
9710 2682
9711 2682
9712 2682
9713 2682
9714 2682
9715 2682
9716 2682
9717 2682
9718 2682
9719 2682
9720 2682
9721 2682
9722 2682
9723 2682
9724 2682
9725 2682
9726 2682
9727 2682
9728 2682
9729 2682
9730 2682
9731 2682
9732 2682
9733 2682
9734 2682
9735 2682
9736 2680
9737 2680
9738 2680
9739 2680
9740 2680
9741 2680
9742 2680
9743 2680
9744 2680
9745 2680
9746 2680
9747 2680
9748 2680
9749 2680
9750 2680
9751 2680
9752 2680
9753 2680
9754 2680
9755 2680
9756 2680
9757 2680
9758 2680
9759 2680
9760 2680
9761 2680
9762 2680
9763 2680
9764 2680
9765 2680
9766 2680
9767 2680
9768 2680
9769 2680
9770 2680
9771 2680
9772 2680
9773 2680
9774 2680
9775 2680
9776 2680
9777 2680
9778 2680
9779 2680
9780 2680
9781 2680
9782 2680
9783 2680
9784 2680
9785 2680
9786 2680
9787 2680
9788 2680
9789 2680
9790 2680
9791 2680
9792 2680
9793 2680
9794 2679
9795 2679
9796 2679
9797 2679
9798 2679
9799 2679
9800 2679
9801 2679
9802 2679
9803 2679
9804 2679
9805 2679
9806 2679
9807 2679
9808 2679
9809 2679
9810 2679
9811 2679
9812 2679
9813 2679
9814 2679
9815 2679
9816 2679
9817 2679
9818 2679
9819 2679
9820 2679
9821 2679
9822 2679
9823 2679
9824 2679
9825 2679
9826 2679
9827 2677
9828 2677
9829 2677
9830 2677
9831 2677
9832 2677
9833 2677
9834 2677
9835 2677
9836 2677
9837 2677
9838 2677
9839 2677
9840 2677
9841 2677
9842 2677
9843 2677
9844 2677
9845 2677
9846 2677
9847 2677
9848 2677
9849 2677
9850 2677
9851 2677
9852 2677
9853 2677
9854 2677
9855 2677
9856 2677
9857 2677
9858 2677
9859 2677
9860 2677
9861 2677
9862 2677
9863 2677
9864 2677
9865 2677
9866 2677
9867 2677
9868 2677
9869 2677
9870 2677
9871 2677
9872 2677
9873 2677
9874 2677
9875 2677
9876 2677
9877 2677
9878 2677
9879 2677
9880 2677
9881 2677
9882 2677
9883 2677
9884 2677
9885 2677
9886 2677
9887 2677
9888 2677
9889 2677
9890 2677
9891 2677
9892 2677
9893 2677
9894 2677
9895 2677
9896 2677
9897 2677
9898 2677
9899 2677
9900 2677
9901 2677
9902 2677
9903 2677
9904 2677
9905 2677
9906 2677
9907 2677
9908 2677
9909 2677
9910 2677
9911 2677
9912 2677
9913 2677
9914 2677
9915 2677
9916 2677
9917 2677
9918 2677
9919 2677
9920 2677
9921 2677
9922 2677
9923 2677
9924 2677
9925 2677
9926 2677
9927 2677
9928 2677
9929 2677
9930 2677
9931 2677
9932 2677
9933 2677
9934 2677
9935 2677
9936 2677
9937 2677
9938 2677
9939 2677
9940 2677
9941 2677
9942 2677
9943 2677
9944 2677
9945 2677
9946 2677
9947 2677
9948 2677
9949 2677
9950 2677
9951 2677
9952 2677
9953 2677
9954 2677
9955 2677
9956 2677
9957 2677
9958 2677
9959 2677
9960 2677
9961 2677
9962 2677
9963 2677
9964 2677
9965 2677
9966 2677
9967 2677
9968 2677
9969 2677
9970 2677
9971 2677
9972 2677
9973 2677
9974 2677
9975 2677
9976 2677
9977 2677
9978 2677
9979 2677
9980 2677
9981 2677
9982 2677
9983 2677
9984 2677
9985 2677
9986 2677
9987 2677
9988 2677
9989 2677
9990 2677
9991 2677
9992 2677
9993 2677
9994 2677
9995 2677
9996 2677
9997 2677
9998 2677
9999 2677
10000 2677
10001 2677
10002 2677
10003 2677
10004 2677
10005 2677
10006 2677
10007 2677
10008 2677
10009 2677
10010 2677
10011 2677
10012 2677
10013 2677
10014 2677
10015 2677
10016 2677
10017 2677
10018 2677
10019 2677
10020 2677
10021 2677
10022 2677
10023 2677
10024 2677
10025 2677
10026 2677
10027 2677
10028 2677
10029 2677
10030 2677
10031 2677
10032 2677
10033 2677
10034 2677
10035 2677
10036 2677
10037 2677
10038 2677
10039 2677
10040 2677
10041 2677
10042 2677
10043 2677
10044 2677
10045 2677
10046 2677
10047 2677
10048 2677
10049 2677
10050 2677
10051 2677
10052 2677
10053 2677
10054 2677
10055 2677
10056 2677
10057 2677
10058 2677
10059 2677
10060 2677
10061 2677
10062 2677
10063 2677
10064 2677
10065 2677
10066 2677
10067 2677
10068 2677
10069 2677
10070 2677
10071 2677
10072 2677
10073 2677
10074 2677
10075 2677
10076 2677
10077 2677
10078 2677
10079 2677
10080 2677
10081 2677
10082 2677
10083 2677
10084 2677
10085 2677
10086 2677
10087 2677
10088 2677
10089 2677
10090 2677
10091 2677
10092 2677
10093 2677
10094 2677
10095 2677
10096 2677
10097 2677
10098 2677
10099 2677
10100 2677
10101 2677
10102 2677
10103 2677
10104 2677
10105 2677
10106 2677
10107 2677
10108 2677
10109 2677
10110 2677
10111 2677
10112 2677
10113 2677
10114 2677
10115 2677
10116 2677
10117 2677
10118 2677
10119 2677
10120 2677
10121 2677
10122 2677
10123 2677
10124 2677
10125 2677
10126 2677
10127 2677
10128 2677
10129 2677
10130 2677
10131 2677
10132 2677
10133 2677
10134 2677
10135 2677
10136 2677
10137 2677
10138 2677
10139 2677
10140 2677
10141 2677
10142 2677
10143 2677
10144 2677
10145 2677
10146 2677
10147 2677
10148 2677
10149 2677
10150 2677
10151 2677
10152 2677
10153 2677
10154 2677
10155 2677
10156 2677
10157 2677
10158 2677
10159 2677
10160 2677
10161 2677
10162 2677
10163 2677
10164 2677
10165 2677
10166 2677
10167 2677
10168 2677
10169 2677
10170 2677
10171 2677
10172 2677
10173 2677
10174 2677
10175 2677
10176 2677
10177 2677
10178 2677
10179 2677
10180 2677
10181 2677
10182 2677
10183 2677
10184 2677
10185 2677
10186 2677
10187 2677
10188 2677
10189 2677
10190 2677
10191 2677
10192 2677
10193 2677
10194 2677
10195 2677
10196 2677
10197 2677
10198 2677
10199 2677
10200 2677
10201 2677
10202 2677
10203 2677
10204 2677
10205 2677
10206 2677
10207 2677
10208 2677
10209 2677
10210 2677
10211 2677
10212 2677
10213 2677
10214 2677
10215 2677
10216 2677
10217 2677
10218 2677
10219 2677
10220 2677
10221 2677
10222 2677
10223 2677
10224 2677
10225 2677
10226 2677
10227 2677
10228 2677
10229 2677
10230 2677
10231 2677
10232 2677
10233 2677
10234 2677
10235 2677
10236 2677
10237 2677
10238 2677
10239 2677
10240 2677
10241 2677
10242 2677
10243 2677
10244 2677
10245 2677
10246 2677
10247 2677
10248 2677
10249 2677
10250 2677
10251 2677
10252 2677
10253 2677
10254 2677
10255 2677
10256 2677
10257 2677
10258 2677
10259 2677
10260 2677
10261 2677
10262 2677
10263 2677
10264 2677
10265 2677
10266 2677
10267 2677
10268 2677
10269 2677
10270 2677
10271 2677
10272 2677
10273 2677
10274 2677
10275 2677
10276 2677
10277 2677
10278 2677
10279 2677
10280 2677
10281 2677
10282 2677
10283 2677
10284 2677
10285 2677
10286 2677
10287 2677
10288 2677
10289 2677
10290 2677
10291 2677
10292 2677
10293 2677
10294 2677
10295 2677
10296 2677
10297 2677
10298 2677
10299 2677
10300 2677
10301 2677
10302 2677
10303 2677
10304 2677
10305 2677
10306 2677
10307 2677
10308 2677
10309 2677
10310 2677
10311 2677
10312 2677
10313 2677
10314 2677
10315 2677
10316 2677
10317 2677
10318 2677
10319 2677
10320 2677
10321 2677
10322 2677
10323 2677
10324 2677
10325 2677
10326 2677
10327 2677
10328 2677
10329 2677
10330 2663
10331 2663
10332 2663
10333 2663
10334 2663
10335 2663
10336 2663
10337 2663
10338 2663
10339 2663
10340 2663
10341 2663
10342 2663
10343 2663
10344 2663
10345 2663
10346 2663
10347 2663
10348 2663
10349 2663
10350 2663
10351 2663
10352 2663
10353 2663
10354 2663
10355 2663
10356 2663
10357 2663
10358 2663
10359 2663
10360 2663
10361 2663
10362 2663
10363 2663
10364 2663
10365 2663
10366 2663
10367 2663
10368 2663
10369 2663
10370 2663
10371 2663
10372 2663
10373 2663
10374 2663
10375 2663
10376 2663
10377 2663
10378 2663
10379 2663
10380 2663
10381 2663
10382 2663
10383 2663
10384 2663
10385 2663
10386 2663
10387 2663
10388 2663
10389 2663
10390 2663
10391 2663
10392 2663
10393 2663
10394 2657
10395 2657
10396 2657
10397 2657
10398 2657
10399 2657
10400 2657
10401 2657
10402 2657
10403 2657
10404 2657
10405 2657
10406 2657
10407 2657
10408 2657
10409 2657
10410 2657
10411 2657
10412 2657
10413 2657
10414 2657
10415 2657
10416 2657
10417 2657
10418 2657
10419 2657
10420 2657
10421 2657
10422 2657
10423 2657
10424 2657
10425 2657
10426 2657
10427 2657
10428 2657
10429 2657
10430 2657
10431 2657
10432 2657
10433 2657
10434 2657
10435 2657
10436 2657
10437 2657
10438 2657
10439 2657
10440 2657
10441 2657
10442 2657
10443 2657
10444 2657
10445 2657
10446 2657
10447 2657
10448 2657
10449 2657
10450 2657
10451 2657
10452 2657
10453 2657
10454 2657
10455 2657
10456 2657
10457 2657
10458 2657
10459 2657
10460 2657
10461 2657
10462 2657
10463 2657
10464 2657
10465 2657
10466 2657
10467 2657
10468 2657
10469 2657
10470 2657
10471 2657
10472 2657
10473 2657
10474 2657
10475 2657
10476 2657
10477 2657
10478 2657
10479 2657
10480 2657
10481 2657
10482 2657
10483 2657
10484 2657
10485 2657
10486 2657
10487 2657
10488 2657
10489 2657
10490 2657
10491 2657
10492 2657
10493 2657
10494 2657
10495 2657
10496 2657
10497 2657
10498 2657
10499 2657
10500 2657
10501 2657
10502 2657
10503 2657
10504 2657
10505 2657
10506 2657
10507 2657
10508 2657
10509 2657
10510 2657
10511 2657
10512 2657
10513 2657
10514 2657
10515 2657
10516 2657
10517 2657
10518 2657
10519 2657
10520 2657
10521 2657
10522 2657
10523 2657
10524 2657
10525 2657
10526 2657
10527 2657
10528 2657
10529 2657
10530 2657
10531 2657
10532 2657
10533 2657
10534 2657
10535 2657
10536 2657
10537 2657
10538 2657
10539 2657
10540 2657
10541 2657
10542 2657
10543 2657
10544 2657
10545 2657
10546 2657
10547 2657
10548 2657
10549 2657
10550 2657
10551 2656
10552 2656
10553 2656
10554 2656
10555 2656
10556 2656
10557 2656
10558 2656
10559 2656
10560 2656
10561 2656
10562 2656
10563 2656
10564 2656
10565 2656
10566 2656
10567 2656
10568 2656
10569 2654
10570 2654
10571 2654
10572 2654
10573 2654
10574 2654
10575 2654
10576 2654
10577 2654
10578 2654
10579 2654
10580 2654
10581 2654
10582 2654
10583 2654
10584 2654
10585 2654
10586 2654
10587 2654
10588 2654
10589 2654
10590 2654
10591 2654
10592 2654
10593 2654
10594 2654
10595 2654
10596 2654
10597 2654
10598 2654
10599 2654
10600 2654
10601 2654
10602 2654
10603 2654
10604 2647
10605 2647
10606 2647
10607 2647
10608 2647
10609 2647
10610 2647
10611 2647
10612 2647
10613 2647
10614 2647
10615 2647
10616 2647
10617 2647
10618 2647
10619 2647
10620 2647
10621 2647
10622 2647
10623 2647
10624 2636
10625 2636
10626 2636
10627 2636
10628 2636
10629 2636
10630 2636
10631 2636
10632 2636
10633 2636
10634 2636
10635 2636
10636 2636
10637 2636
10638 2636
10639 2636
10640 2636
10641 2636
10642 2636
10643 2636
10644 2632
10645 2632
10646 2632
10647 2632
10648 2632
10649 2632
10650 2632
10651 2632
10652 2632
10653 2632
10654 2632
10655 2632
10656 2632
10657 2632
10658 2632
10659 2632
10660 2632
10661 2632
10662 2632
10663 2632
10664 2632
10665 2632
10666 2632
10667 2632
10668 2632
10669 2632
10670 2632
10671 2632
10672 2632
10673 2632
10674 2632
10675 2632
10676 2632
10677 2632
10678 2632
10679 2632
10680 2632
10681 2632
10682 2632
10683 2632
10684 2632
10685 2632
10686 2632
10687 2632
10688 2632
10689 2632
10690 2632
10691 2632
10692 2632
10693 2632
10694 2632
10695 2632
10696 2632
10697 2632
10698 2632
10699 2632
10700 2632
10701 2632
10702 2632
10703 2632
10704 2632
10705 2632
10706 2632
10707 2632
10708 2632
10709 2632
10710 2632
10711 2632
10712 2632
10713 2632
10714 2632
10715 2632
10716 2632
10717 2632
10718 2632
10719 2632
10720 2632
10721 2632
10722 2632
10723 2632
10724 2632
10725 2632
10726 2632
10727 2632
10728 2632
10729 2632
10730 2632
10731 2632
10732 2632
10733 2632
10734 2632
10735 2632
10736 2632
10737 2632
10738 2632
10739 2632
10740 2632
10741 2632
10742 2632
10743 2632
10744 2632
10745 2632
10746 2632
10747 2632
10748 2632
10749 2632
10750 2632
10751 2632
10752 2632
10753 2632
10754 2632
10755 2632
10756 2630
10757 2630
10758 2630
10759 2630
10760 2630
10761 2630
10762 2630
10763 2630
10764 2630
10765 2630
10766 2630
10767 2630
10768 2630
10769 2630
10770 2630
10771 2630
10772 2630
10773 2630
10774 2630
10775 2630
10776 2630
10777 2630
10778 2630
10779 2630
10780 2630
10781 2630
10782 2630
10783 2630
10784 2630
10785 2630
10786 2624
10787 2624
10788 2624
10789 2624
10790 2624
10791 2624
10792 2624
10793 2624
10794 2624
10795 2624
10796 2624
10797 2624
10798 2624
10799 2624
10800 2624
10801 2624
10802 2624
10803 2624
10804 2624
10805 2624
10806 2624
10807 2624
10808 2624
10809 2624
10810 2624
10811 2624
10812 2624
10813 2624
10814 2624
10815 2624
10816 2624
10817 2624
10818 2624
10819 2624
10820 2624
10821 2624
10822 2624
10823 2624
10824 2624
10825 2624
10826 2624
10827 2624
10828 2624
10829 2624
10830 2624
10831 2624
10832 2624
10833 2624
10834 2624
10835 2624
10836 2624
10837 2624
10838 2624
10839 2624
10840 2624
10841 2624
10842 2624
10843 2624
10844 2624
10845 2624
10846 2624
10847 2624
10848 2624
10849 2624
10850 2624
10851 2624
10852 2624
10853 2624
10854 2624
10855 2624
10856 2624
10857 2624
10858 2624
10859 2624
10860 2624
10861 2624
10862 2624
10863 2624
10864 2624
10865 2624
10866 2624
10867 2624
10868 2624
10869 2624
10870 2624
10871 2624
10872 2624
10873 2624
10874 2624
10875 2624
10876 2624
10877 2624
10878 2624
10879 2624
10880 2624
10881 2624
10882 2624
10883 2624
10884 2624
10885 2624
10886 2624
10887 2624
10888 2624
10889 2624
10890 2624
10891 2624
10892 2624
10893 2624
10894 2624
10895 2624
10896 2624
10897 2624
10898 2624
10899 2624
10900 2624
10901 2624
10902 2624
10903 2624
10904 2624
10905 2624
10906 2624
10907 2624
10908 2624
10909 2624
10910 2624
10911 2624
10912 2624
10913 2624
10914 2624
10915 2624
10916 2624
10917 2624
10918 2624
10919 2624
10920 2624
10921 2624
10922 2624
10923 2624
10924 2624
10925 2624
10926 2624
10927 2624
10928 2624
10929 2624
10930 2624
10931 2624
10932 2624
10933 2624
10934 2624
10935 2624
10936 2624
10937 2624
10938 2624
10939 2624
10940 2624
10941 2624
10942 2624
10943 2624
10944 2624
10945 2624
10946 2624
10947 2624
10948 2624
10949 2624
10950 2624
10951 2624
10952 2624
10953 2624
10954 2624
10955 2624
10956 2624
10957 2624
10958 2624
10959 2624
10960 2624
10961 2624
10962 2624
10963 2624
10964 2624
10965 2624
10966 2624
10967 2624
10968 2624
10969 2624
10970 2624
10971 2624
10972 2624
10973 2624
10974 2624
10975 2624
10976 2624
10977 2624
10978 2624
10979 2624
10980 2624
10981 2624
10982 2624
10983 2624
10984 2624
10985 2624
10986 2624
10987 2624
10988 2624
10989 2624
10990 2624
10991 2624
10992 2624
10993 2624
10994 2624
10995 2624
10996 2624
10997 2624
10998 2624
10999 2624
11000 2624
11001 2624
11002 2624
11003 2624
11004 2624
11005 2624
11006 2624
11007 2624
11008 2624
11009 2624
11010 2624
11011 2624
11012 2624
11013 2624
11014 2624
11015 2624
11016 2624
11017 2624
11018 2624
11019 2624
11020 2624
11021 2624
11022 2624
11023 2624
11024 2624
11025 2624
11026 2624
11027 2624
11028 2624
11029 2624
11030 2624
11031 2624
11032 2624
11033 2624
11034 2624
11035 2624
11036 2624
11037 2624
11038 2624
11039 2624
11040 2624
11041 2624
11042 2624
11043 2624
11044 2624
11045 2624
11046 2624
11047 2624
11048 2624
11049 2624
11050 2624
11051 2624
11052 2624
11053 2624
11054 2624
11055 2624
11056 2624
11057 2624
11058 2624
11059 2624
11060 2624
11061 2624
11062 2624
11063 2624
11064 2624
11065 2624
11066 2624
11067 2624
11068 2624
11069 2624
11070 2624
11071 2624
11072 2624
11073 2624
11074 2624
11075 2624
11076 2624
11077 2624
11078 2624
11079 2624
11080 2624
11081 2624
11082 2624
11083 2624
11084 2624
11085 2624
11086 2624
11087 2624
11088 2624
11089 2624
11090 2624
11091 2624
11092 2624
11093 2624
11094 2624
11095 2624
11096 2624
11097 2624
11098 2624
11099 2624
11100 2624
11101 2624
11102 2624
11103 2624
11104 2624
11105 2624
11106 2624
11107 2624
11108 2624
11109 2624
11110 2624
11111 2624
11112 2624
11113 2624
11114 2624
11115 2624
11116 2624
11117 2624
11118 2624
11119 2624
11120 2624
11121 2624
11122 2624
11123 2624
11124 2624
11125 2624
11126 2624
11127 2624
11128 2624
11129 2624
11130 2624
11131 2624
11132 2624
11133 2624
11134 2624
11135 2624
11136 2624
11137 2624
11138 2624
11139 2624
11140 2624
11141 2624
11142 2624
11143 2624
11144 2624
11145 2624
11146 2624
11147 2624
11148 2624
11149 2624
11150 2624
11151 2624
11152 2624
11153 2624
11154 2624
11155 2624
11156 2624
11157 2624
11158 2624
11159 2624
11160 2624
11161 2624
11162 2624
11163 2624
11164 2624
11165 2624
11166 2624
11167 2624
11168 2624
11169 2624
11170 2624
11171 2624
11172 2624
11173 2624
11174 2624
11175 2624
11176 2624
11177 2624
11178 2624
11179 2624
11180 2624
11181 2624
11182 2624
11183 2624
11184 2624
11185 2624
11186 2624
11187 2624
11188 2624
11189 2624
11190 2624
11191 2624
11192 2624
11193 2624
11194 2624
11195 2624
11196 2624
11197 2624
11198 2624
11199 2624
11200 2624
11201 2624
11202 2624
11203 2624
11204 2624
11205 2624
11206 2624
11207 2624
11208 2624
11209 2624
11210 2624
11211 2624
11212 2624
11213 2624
11214 2624
11215 2624
11216 2624
11217 2624
11218 2624
11219 2624
11220 2624
11221 2624
11222 2624
11223 2624
11224 2624
11225 2624
11226 2624
11227 2624
11228 2624
11229 2624
11230 2624
11231 2624
11232 2624
11233 2624
11234 2624
11235 2624
11236 2624
11237 2624
11238 2624
11239 2624
11240 2624
11241 2624
11242 2624
11243 2624
11244 2624
11245 2624
11246 2624
11247 2624
11248 2624
11249 2624
11250 2624
11251 2624
11252 2624
11253 2624
11254 2624
11255 2624
11256 2624
11257 2624
11258 2624
11259 2624
11260 2624
11261 2624
11262 2624
11263 2624
11264 2624
11265 2624
11266 2624
11267 2624
11268 2624
11269 2624
11270 2624
11271 2624
11272 2624
11273 2624
11274 2624
11275 2624
11276 2624
11277 2624
11278 2624
11279 2624
11280 2624
11281 2624
11282 2624
11283 2624
11284 2624
11285 2624
11286 2624
11287 2624
11288 2624
11289 2624
11290 2624
11291 2624
11292 2624
11293 2624
11294 2624
11295 2624
11296 2624
11297 2624
11298 2624
11299 2624
11300 2624
11301 2624
11302 2624
11303 2624
11304 2624
11305 2624
11306 2624
11307 2624
11308 2624
11309 2624
11310 2624
11311 2624
11312 2624
11313 2624
11314 2624
11315 2624
11316 2624
11317 2624
11318 2624
11319 2624
11320 2624
11321 2624
11322 2624
11323 2624
11324 2624
11325 2624
11326 2624
11327 2624
11328 2624
11329 2624
11330 2624
11331 2624
11332 2624
11333 2624
11334 2624
11335 2624
11336 2624
11337 2624
11338 2624
11339 2624
11340 2624
11341 2624
11342 2624
11343 2624
11344 2624
11345 2624
11346 2624
11347 2624
11348 2624
11349 2624
11350 2624
11351 2624
11352 2624
11353 2624
11354 2624
11355 2624
11356 2624
11357 2624
11358 2624
11359 2624
11360 2624
11361 2624
11362 2624
11363 2624
11364 2624
11365 2624
11366 2624
11367 2624
11368 2624
11369 2624
11370 2624
11371 2624
11372 2624
11373 2624
11374 2624
11375 2624
11376 2624
11377 2624
11378 2624
11379 2624
11380 2624
11381 2624
11382 2624
11383 2624
11384 2624
11385 2624
11386 2621
11387 2621
11388 2621
11389 2621
11390 2621
11391 2621
11392 2621
11393 2621
11394 2621
11395 2621
11396 2621
11397 2621
11398 2621
11399 2621
11400 2621
11401 2621
11402 2621
11403 2621
11404 2621
11405 2621
11406 2621
11407 2621
11408 2621
11409 2621
11410 2621
11411 2621
11412 2621
11413 2621
11414 2621
11415 2621
11416 2621
11417 2621
11418 2621
11419 2621
11420 2621
11421 2621
11422 2621
11423 2621
11424 2621
11425 2621
11426 2621
11427 2621
11428 2621
11429 2621
11430 2621
11431 2621
11432 2621
11433 2621
11434 2621
11435 2621
11436 2621
11437 2621
11438 2621
11439 2621
11440 2621
11441 2621
11442 2621
11443 2621
11444 2621
11445 2621
11446 2621
11447 2621
11448 2621
11449 2621
11450 2621
11451 2621
11452 2621
11453 2621
11454 2621
11455 2621
11456 2621
11457 2621
11458 2621
11459 2621
11460 2621
11461 2621
11462 2621
11463 2621
11464 2621
11465 2621
11466 2621
11467 2621
11468 2621
11469 2621
11470 2621
11471 2621
11472 2621
11473 2621
11474 2621
11475 2621
11476 2621
11477 2621
11478 2621
11479 2621
11480 2621
11481 2621
11482 2621
11483 2621
11484 2621
11485 2621
11486 2621
11487 2621
11488 2621
11489 2621
11490 2621
11491 2621
11492 2621
11493 2621
11494 2621
11495 2621
11496 2621
11497 2621
11498 2621
11499 2621
11500 2621
11501 2621
11502 2621
11503 2621
11504 2621
11505 2621
11506 2621
11507 2621
11508 2621
11509 2621
11510 2621
11511 2621
11512 2621
11513 2621
11514 2621
11515 2621
11516 2621
11517 2621
11518 2621
11519 2621
11520 2621
11521 2621
11522 2621
11523 2621
11524 2617
11525 2617
11526 2617
11527 2617
11528 2617
11529 2617
11530 2617
11531 2617
11532 2617
11533 2617
11534 2617
11535 2617
11536 2617
11537 2617
11538 2617
11539 2617
11540 2617
11541 2617
11542 2617
11543 2617
11544 2617
11545 2617
11546 2617
11547 2617
11548 2617
11549 2617
11550 2617
11551 2617
11552 2617
11553 2617
11554 2617
11555 2617
11556 2617
11557 2617
11558 2617
11559 2617
11560 2617
11561 2617
11562 2617
11563 2617
11564 2617
11565 2617
11566 2617
11567 2617
11568 2617
11569 2617
11570 2617
11571 2617
11572 2617
11573 2617
11574 2617
11575 2617
11576 2617
11577 2617
11578 2617
11579 2617
11580 2617
11581 2617
11582 2617
11583 2617
11584 2617
11585 2617
11586 2617
11587 2617
11588 2617
11589 2617
11590 2617
11591 2617
11592 2617
11593 2617
11594 2617
11595 2617
11596 2617
11597 2617
11598 2617
11599 2617
11600 2617
11601 2617
11602 2617
11603 2617
11604 2617
11605 2617
11606 2617
11607 2617
11608 2617
11609 2617
11610 2617
11611 2617
11612 2617
11613 2617
11614 2617
11615 2617
11616 2617
11617 2617
11618 2617
11619 2617
11620 2617
11621 2617
11622 2617
11623 2617
11624 2617
11625 2617
11626 2617
11627 2617
11628 2617
11629 2617
11630 2617
11631 2617
11632 2617
11633 2617
11634 2617
11635 2617
11636 2617
11637 2617
11638 2617
11639 2617
11640 2617
11641 2617
11642 2617
11643 2617
11644 2617
11645 2617
11646 2617
11647 2617
11648 2617
11649 2617
11650 2617
11651 2617
11652 2617
11653 2617
11654 2617
11655 2617
11656 2600
11657 2600
11658 2600
11659 2600
11660 2600
11661 2600
11662 2600
11663 2600
11664 2600
11665 2600
11666 2600
11667 2600
11668 2600
11669 2600
11670 2600
11671 2600
11672 2600
11673 2600
11674 2600
11675 2600
11676 2600
11677 2600
11678 2599
11679 2599
11680 2599
11681 2599
11682 2599
11683 2599
11684 2599
11685 2599
11686 2599
11687 2599
11688 2599
11689 2599
11690 2599
11691 2599
11692 2599
11693 2599
11694 2599
11695 2599
11696 2599
11697 2599
11698 2599
11699 2599
11700 2599
11701 2599
11702 2599
11703 2599
11704 2599
11705 2599
11706 2599
11707 2599
11708 2599
11709 2599
11710 2599
11711 2599
11712 2599
11713 2599
11714 2599
11715 2599
11716 2599
11717 2599
11718 2599
11719 2599
11720 2599
11721 2599
11722 2599
11723 2599
11724 2599
11725 2599
11726 2599
11727 2599
11728 2599
11729 2599
11730 2599
11731 2599
11732 2599
11733 2599
11734 2599
11735 2599
11736 2599
11737 2599
11738 2599
11739 2599
11740 2599
11741 2599
11742 2599
11743 2599
11744 2599
11745 2599
11746 2599
11747 2599
11748 2599
11749 2599
11750 2599
11751 2599
11752 2599
11753 2599
11754 2599
11755 2599
11756 2599
11757 2599
11758 2599
11759 2599
11760 2599
11761 2599
11762 2599
11763 2599
11764 2599
11765 2599
11766 2599
11767 2599
11768 2599
11769 2599
11770 2599
11771 2599
11772 2599
11773 2599
11774 2599
11775 2599
11776 2599
11777 2599
11778 2599
11779 2599
11780 2599
11781 2599
11782 2599
11783 2599
11784 2599
11785 2599
11786 2599
11787 2599
11788 2599
11789 2599
11790 2599
11791 2599
11792 2599
11793 2599
11794 2599
11795 2599
11796 2599
11797 2599
11798 2599
11799 2599
11800 2599
11801 2599
11802 2599
11803 2599
11804 2599
11805 2599
11806 2599
11807 2599
11808 2591
11809 2591
11810 2591
11811 2591
11812 2591
11813 2591
11814 2591
11815 2591
11816 2591
11817 2591
11818 2591
11819 2591
11820 2591
11821 2591
11822 2591
11823 2591
11824 2591
11825 2591
11826 2591
11827 2591
11828 2591
11829 2591
11830 2591
11831 2591
11832 2591
11833 2591
11834 2591
11835 2591
11836 2591
11837 2591
11838 2591
11839 2591
11840 2591
11841 2591
11842 2591
11843 2591
11844 2591
11845 2591
11846 2591
11847 2591
11848 2591
11849 2591
11850 2591
11851 2591
11852 2591
11853 2591
11854 2591
11855 2591
11856 2591
11857 2591
11858 2591
11859 2591
11860 2591
11861 2591
11862 2591
11863 2591
11864 2591
11865 2591
11866 2591
11867 2591
11868 2591
11869 2591
11870 2591
11871 2591
11872 2591
11873 2591
11874 2591
11875 2591
11876 2591
11877 2591
11878 2591
11879 2591
11880 2591
11881 2591
11882 2591
11883 2591
11884 2591
11885 2591
11886 2591
11887 2591
11888 2591
11889 2591
11890 2591
11891 2591
11892 2591
11893 2591
11894 2591
11895 2591
11896 2591
11897 2591
11898 2591
11899 2591
11900 2591
11901 2591
11902 2591
11903 2591
11904 2591
11905 2591
11906 2591
11907 2591
11908 2591
11909 2591
11910 2591
11911 2591
11912 2591
11913 2591
11914 2591
11915 2586
11916 2586
11917 2586
11918 2586
11919 2586
11920 2586
11921 2586
11922 2586
11923 2586
11924 2586
11925 2586
11926 2586
11927 2586
11928 2586
11929 2586
11930 2584
11931 2584
11932 2584
11933 2584
11934 2584
11935 2584
11936 2584
11937 2584
11938 2584
11939 2584
11940 2584
11941 2584
11942 2584
11943 2584
11944 2584
11945 2584
11946 2584
11947 2584
11948 2584
11949 2584
11950 2584
11951 2584
11952 2584
11953 2584
11954 2584
11955 2584
11956 2584
11957 2584
11958 2584
11959 2584
11960 2584
11961 2584
11962 2584
11963 2584
11964 2584
11965 2584
11966 2584
11967 2584
11968 2584
11969 2584
11970 2584
11971 2584
11972 2584
11973 2584
11974 2584
11975 2584
11976 2584
11977 2584
11978 2584
11979 2584
11980 2584
11981 2584
11982 2584
11983 2584
11984 2584
11985 2584
11986 2584
11987 2584
11988 2584
11989 2584
11990 2584
11991 2584
11992 2584
11993 2584
11994 2584
11995 2584
11996 2584
11997 2584
11998 2584
11999 2584
12000 2584
12001 2584
12002 2584
12003 2584
12004 2584
12005 2584
12006 2584
12007 2584
12008 2584
12009 2584
12010 2584
12011 2584
12012 2584
12013 2584
12014 2584
12015 2584
12016 2584
12017 2584
12018 2584
12019 2584
12020 2584
12021 2584
12022 2584
12023 2584
12024 2584
12025 2584
12026 2584
12027 2584
12028 2584
12029 2584
12030 2584
12031 2584
12032 2584
12033 2584
12034 2584
12035 2584
12036 2584
12037 2584
12038 2584
12039 2584
12040 2584
12041 2584
12042 2584
12043 2584
12044 2584
12045 2584
12046 2584
12047 2584
12048 2584
12049 2584
12050 2584
12051 2584
12052 2584
12053 2584
12054 2584
12055 2584
12056 2584
12057 2584
12058 2584
12059 2584
12060 2584
12061 2584
12062 2584
12063 2584
12064 2584
12065 2584
12066 2584
12067 2584
12068 2584
12069 2584
12070 2584
12071 2584
12072 2584
12073 2584
12074 2584
12075 2584
12076 2584
12077 2584
12078 2584
12079 2584
12080 2584
12081 2584
12082 2584
12083 2584
12084 2584
12085 2584
12086 2584
12087 2584
12088 2584
12089 2584
12090 2584
12091 2584
12092 2584
12093 2584
12094 2584
12095 2584
12096 2584
12097 2584
12098 2584
12099 2584
12100 2584
12101 2584
12102 2584
12103 2584
12104 2584
12105 2584
12106 2584
12107 2584
12108 2584
12109 2584
12110 2584
12111 2584
12112 2584
12113 2584
12114 2584
12115 2584
12116 2584
12117 2584
12118 2584
12119 2584
12120 2584
12121 2584
12122 2584
12123 2584
12124 2584
12125 2584
12126 2584
12127 2584
12128 2584
12129 2584
12130 2584
12131 2584
12132 2584
12133 2584
12134 2584
12135 2584
12136 2584
12137 2584
12138 2584
12139 2584
12140 2584
12141 2584
12142 2584
12143 2584
12144 2584
12145 2584
12146 2584
12147 2584
12148 2584
12149 2584
12150 2584
12151 2584
12152 2584
12153 2584
12154 2584
12155 2584
12156 2584
12157 2584
12158 2584
12159 2584
12160 2584
12161 2584
12162 2584
12163 2584
12164 2584
12165 2584
12166 2584
12167 2584
12168 2584
12169 2584
12170 2584
12171 2584
12172 2584
12173 2584
12174 2584
12175 2584
12176 2584
12177 2584
12178 2584
12179 2584
12180 2584
12181 2584
12182 2584
12183 2584
12184 2584
12185 2584
12186 2584
12187 2584
12188 2584
12189 2584
12190 2584
12191 2584
12192 2584
12193 2584
12194 2584
12195 2584
12196 2584
12197 2584
12198 2584
12199 2584
12200 2584
12201 2584
12202 2584
12203 2584
12204 2584
12205 2584
12206 2584
12207 2584
12208 2584
12209 2584
12210 2584
12211 2584
12212 2584
12213 2584
12214 2584
12215 2584
12216 2584
12217 2584
12218 2584
12219 2584
12220 2584
12221 2584
12222 2584
12223 2584
12224 2584
12225 2584
12226 2584
12227 2584
12228 2584
12229 2584
12230 2584
12231 2584
12232 2584
12233 2584
12234 2584
12235 2584
12236 2584
12237 2584
12238 2584
12239 2584
12240 2584
12241 2584
12242 2584
12243 2584
12244 2584
12245 2584
12246 2584
12247 2584
12248 2584
12249 2584
12250 2584
12251 2584
12252 2584
12253 2580
12254 2580
12255 2580
12256 2580
12257 2580
12258 2580
12259 2580
12260 2580
12261 2580
12262 2580
12263 2580
12264 2580
12265 2580
12266 2580
12267 2580
12268 2580
12269 2580
12270 2580
12271 2580
12272 2580
12273 2580
12274 2580
12275 2580
12276 2580
12277 2580
12278 2580
12279 2580
12280 2580
12281 2580
12282 2580
12283 2580
12284 2580
12285 2580
12286 2580
12287 2580
12288 2580
12289 2580
12290 2580
12291 2580
12292 2580
12293 2580
12294 2580
12295 2580
12296 2580
12297 2580
12298 2580
12299 2580
12300 2580
12301 2580
12302 2580
12303 2580
12304 2580
12305 2580
12306 2580
12307 2580
12308 2580
12309 2580
12310 2574
12311 2574
12312 2574
12313 2574
12314 2574
12315 2574
12316 2574
12317 2574
12318 2574
12319 2574
12320 2574
12321 2574
12322 2574
12323 2574
12324 2574
12325 2574
12326 2574
12327 2574
12328 2574
12329 2574
12330 2574
12331 2574
12332 2574
12333 2574
12334 2574
12335 2574
12336 2574
12337 2574
12338 2574
12339 2574
12340 2574
12341 2574
12342 2574
12343 2574
12344 2574
12345 2574
12346 2574
12347 2574
12348 2574
12349 2574
12350 2574
12351 2574
12352 2574
12353 2574
12354 2574
12355 2574
12356 2574
12357 2574
12358 2574
12359 2574
12360 2574
12361 2574
12362 2574
12363 2574
12364 2574
12365 2574
12366 2574
12367 2574
12368 2574
12369 2574
12370 2574
12371 2574
12372 2574
12373 2574
12374 2574
12375 2574
12376 2574
12377 2574
12378 2574
12379 2574
12380 2574
12381 2574
12382 2574
12383 2574
12384 2574
12385 2574
12386 2574
12387 2574
12388 2574
12389 2574
12390 2574
12391 2574
12392 2574
12393 2574
12394 2574
12395 2574
12396 2574
12397 2567
12398 2567
12399 2567
12400 2567
12401 2567
12402 2567
12403 2567
12404 2567
12405 2567
12406 2567
12407 2567
12408 2567
12409 2567
12410 2567
12411 2567
12412 2567
12413 2567
12414 2567
12415 2567
12416 2567
12417 2567
12418 2567
12419 2567
12420 2567
12421 2567
12422 2567
12423 2567
12424 2567
12425 2567
12426 2567
12427 2567
12428 2567
12429 2567
12430 2567
12431 2567
12432 2567
12433 2567
12434 2567
12435 2567
12436 2567
12437 2567
12438 2567
12439 2567
12440 2567
12441 2567
12442 2567
12443 2567
12444 2567
12445 2567
12446 2567
12447 2567
12448 2567
12449 2567
12450 2567
12451 2567
12452 2567
12453 2567
12454 2567
12455 2567
12456 2567
12457 2567
12458 2567
12459 2567
12460 2567
12461 2567
12462 2567
12463 2567
12464 2567
12465 2567
12466 2567
12467 2567
12468 2567
12469 2567
12470 2567
12471 2567
12472 2567
12473 2567
12474 2567
12475 2567
12476 2567
12477 2567
12478 2567
12479 2567
12480 2567
12481 2567
12482 2567
12483 2567
12484 2567
12485 2567
12486 2567
12487 2567
12488 2567
12489 2567
12490 2567
12491 2567
12492 2567
12493 2567
12494 2567
12495 2567
12496 2556
12497 2556
12498 2556
12499 2556
12500 2556
12501 2556
12502 2556
12503 2556
12504 2556
12505 2556
12506 2556
12507 2556
12508 2556
12509 2551
12510 2551
12511 2551
12512 2551
12513 2551
12514 2551
12515 2551
12516 2551
12517 2551
12518 2551
12519 2551
12520 2551
12521 2551
12522 2551
12523 2551
12524 2551
12525 2551
12526 2551
12527 2551
12528 2551
12529 2551
12530 2551
12531 2551
12532 2551
12533 2549
12534 2549
12535 2549
12536 2549
12537 2549
12538 2549
12539 2549
12540 2549
12541 2549
12542 2549
12543 2549
12544 2549
12545 2549
12546 2549
12547 2549
12548 2549
12549 2549
12550 2549
12551 2549
12552 2549
12553 2549
12554 2549
12555 2549
12556 2544
12557 2544
12558 2544
12559 2544
12560 2544
12561 2544
12562 2544
12563 2544
12564 2544
12565 2543
12566 2543
12567 2543
12568 2543
12569 2543
12570 2543
12571 2543
12572 2543
12573 2543
12574 2543
12575 2543
12576 2543
12577 2543
12578 2543
12579 2543
12580 2543
12581 2543
12582 2543
12583 2543
12584 2543
12585 2543
12586 2543
12587 2543
12588 2543
12589 2543
12590 2543
12591 2543
12592 2543
12593 2543
12594 2543
12595 2543
12596 2543
12597 2543
12598 2543
12599 2543
12600 2543
12601 2543
12602 2543
12603 2543
12604 2543
12605 2543
12606 2543
12607 2543
12608 2543
12609 2543
12610 2543
12611 2543
12612 2543
12613 2543
12614 2543
12615 2543
12616 2543
12617 2543
12618 2543
12619 2543
12620 2543
12621 2543
12622 2543
12623 2543
12624 2543
12625 2543
12626 2543
12627 2543
12628 2543
12629 2543
12630 2543
12631 2543
12632 2543
12633 2543
12634 2543
12635 2543
12636 2543
12637 2543
12638 2543
12639 2543
12640 2543
12641 2543
12642 2543
12643 2543
12644 2543
12645 2543
12646 2543
12647 2543
12648 2543
12649 2543
12650 2543
12651 2543
12652 2543
12653 2543
12654 2543
12655 2543
12656 2543
12657 2543
12658 2543
12659 2543
12660 2543
12661 2543
12662 2543
12663 2543
12664 2543
12665 2543
12666 2543
12667 2543
12668 2543
12669 2543
12670 2543
12671 2543
12672 2543
12673 2543
12674 2543
12675 2543
12676 2543
12677 2543
12678 2543
12679 2543
12680 2543
12681 2543
12682 2543
12683 2543
12684 2543
12685 2543
12686 2543
12687 2543
12688 2543
12689 2543
12690 2543
12691 2543
12692 2543
12693 2543
12694 2543
12695 2543
12696 2543
12697 2543
12698 2543
12699 2543
12700 2543
12701 2543
12702 2540
12703 2540
12704 2540
12705 2540
12706 2540
12707 2540
12708 2540
12709 2540
12710 2540
12711 2540
12712 2540
12713 2540
12714 2540
12715 2540
12716 2540
12717 2540
12718 2540
12719 2540
12720 2540
12721 2540
12722 2540
12723 2540
12724 2540
12725 2540
12726 2540
12727 2540
12728 2540
12729 2540
12730 2540
12731 2540
12732 2540
12733 2540
12734 2540
12735 2540
12736 2540
12737 2540
12738 2540
12739 2540
12740 2540
12741 2540
12742 2540
12743 2540
12744 2540
12745 2540
12746 2540
12747 2540
12748 2540
12749 2540
12750 2540
12751 2540
12752 2540
12753 2540
12754 2540
12755 2540
12756 2540
12757 2540
12758 2540
12759 2540
12760 2540
12761 2540
12762 2540
12763 2540
12764 2540
12765 2538
12766 2538
12767 2538
12768 2538
12769 2538
12770 2538
12771 2538
12772 2538
12773 2538
12774 2538
12775 2538
12776 2538
12777 2538
12778 2538
12779 2538
12780 2538
12781 2538
12782 2538
12783 2538
12784 2538
12785 2538
12786 2538
12787 2538
12788 2538
12789 2538
12790 2538
12791 2538
12792 2536
12793 2536
12794 2536
12795 2536
12796 2536
12797 2536
12798 2536
12799 2536
12800 2536
12801 2536
12802 2536
12803 2536
12804 2536
12805 2536
12806 2536
12807 2536
12808 2536
12809 2536
12810 2536
12811 2536
12812 2536
12813 2536
12814 2536
12815 2536
12816 2536
12817 2536
12818 2536
12819 2536
12820 2536
12821 2536
12822 2536
12823 2536
12824 2536
12825 2536
12826 2536
12827 2536
12828 2536
12829 2536
12830 2536
12831 2536
12832 2536
12833 2536
12834 2536
12835 2536
12836 2536
12837 2536
12838 2536
12839 2536
12840 2536
12841 2536
12842 2536
12843 2536
12844 2536
12845 2536
12846 2536
12847 2536
12848 2536
12849 2536
12850 2536
12851 2536
12852 2536
12853 2536
12854 2536
12855 2536
12856 2536
12857 2536
12858 2536
12859 2536
12860 2536
12861 2536
12862 2536
12863 2536
12864 2536
12865 2536
12866 2536
12867 2536
12868 2536
12869 2536
12870 2536
12871 2536
12872 2536
12873 2536
12874 2536
12875 2536
12876 2536
12877 2536
12878 2536
12879 2536
12880 2536
12881 2536
12882 2536
12883 2536
12884 2536
12885 2536
12886 2536
12887 2536
12888 2536
12889 2536
12890 2536
12891 2536
12892 2536
12893 2536
12894 2536
12895 2536
12896 2536
12897 2536
12898 2536
12899 2536
12900 2536
12901 2536
12902 2536
12903 2536
12904 2536
12905 2536
12906 2536
12907 2536
12908 2536
12909 2536
12910 2536
12911 2536
12912 2536
12913 2536
12914 2536
12915 2536
12916 2536
12917 2536
12918 2536
12919 2536
12920 2536
12921 2536
12922 2536
12923 2536
12924 2536
12925 2536
12926 2536
12927 2536
12928 2536
12929 2536
12930 2536
12931 2536
12932 2536
12933 2536
12934 2536
12935 2536
12936 2536
12937 2536
12938 2536
12939 2536
12940 2536
12941 2536
12942 2536
12943 2536
12944 2536
12945 2536
12946 2536
12947 2536
12948 2536
12949 2536
12950 2536
12951 2536
12952 2536
12953 2536
12954 2536
12955 2536
12956 2536
12957 2536
12958 2536
12959 2536
12960 2536
12961 2536
12962 2536
12963 2536
12964 2536
12965 2536
12966 2536
12967 2536
12968 2536
12969 2536
12970 2536
12971 2536
12972 2536
12973 2536
12974 2536
12975 2536
12976 2536
12977 2536
12978 2536
12979 2536
12980 2536
12981 2536
12982 2536
12983 2536
12984 2536
12985 2536
12986 2536
12987 2536
12988 2536
12989 2536
12990 2536
12991 2536
12992 2536
12993 2536
12994 2536
12995 2536
12996 2536
12997 2536
12998 2536
12999 2536
13000 2522
13001 2522
13002 2522
13003 2522
13004 2522
13005 2522
13006 2522
13007 2522
13008 2522
13009 2522
13010 2522
13011 2522
13012 2522
13013 2522
13014 2522
13015 2522
13016 2522
13017 2522
13018 2522
13019 2522
13020 2522
13021 2522
13022 2522
13023 2522
13024 2522
13025 2522
13026 2522
13027 2522
13028 2522
13029 2522
13030 2522
13031 2522
13032 2522
13033 2522
13034 2522
13035 2522
13036 2522
13037 2522
13038 2522
13039 2522
13040 2522
13041 2522
13042 2522
13043 2522
13044 2522
13045 2522
13046 2522
13047 2522
13048 2522
13049 2522
13050 2522
13051 2522
13052 2522
13053 2522
13054 2522
13055 2522
13056 2522
13057 2522
13058 2522
13059 2522
13060 2522
13061 2522
13062 2522
13063 2522
13064 2522
13065 2522
13066 2522
13067 2522
13068 2522
13069 2522
13070 2522
13071 2522
13072 2522
13073 2522
13074 2522
13075 2522
13076 2522
13077 2522
13078 2522
13079 2522
13080 2522
13081 2522
13082 2522
13083 2522
13084 2522
13085 2522
13086 2522
13087 2522
13088 2522
13089 2522
13090 2522
13091 2522
13092 2522
13093 2522
13094 2522
13095 2522
13096 2522
13097 2522
13098 2522
13099 2522
13100 2522
13101 2522
13102 2522
13103 2522
13104 2522
13105 2522
13106 2522
13107 2522
13108 2522
13109 2522
13110 2522
13111 2522
13112 2522
13113 2522
13114 2522
13115 2522
13116 2522
13117 2522
13118 2522
13119 2522
13120 2522
13121 2522
13122 2522
13123 2522
13124 2522
13125 2522
13126 2522
13127 2522
13128 2522
13129 2522
13130 2522
13131 2522
13132 2522
13133 2522
13134 2522
13135 2522
13136 2522
13137 2522
13138 2522
13139 2522
13140 2522
13141 2522
13142 2522
13143 2522
13144 2522
13145 2522
13146 2522
13147 2522
13148 2522
13149 2522
13150 2522
13151 2522
13152 2522
13153 2522
13154 2522
13155 2522
13156 2522
13157 2522
13158 2522
13159 2522
13160 2522
13161 2522
13162 2522
13163 2522
13164 2522
13165 2522
13166 2522
13167 2522
13168 2522
13169 2522
13170 2522
13171 2522
13172 2522
13173 2522
13174 2522
13175 2522
13176 2522
13177 2522
13178 2522
13179 2522
13180 2522
13181 2522
13182 2522
13183 2522
13184 2522
13185 2522
13186 2522
13187 2522
13188 2522
13189 2522
13190 2522
13191 2522
13192 2522
13193 2522
13194 2522
13195 2522
13196 2522
13197 2522
13198 2522
13199 2522
13200 2522
13201 2522
13202 2522
13203 2522
13204 2522
13205 2522
13206 2522
13207 2522
13208 2522
13209 2522
13210 2522
13211 2522
13212 2522
13213 2522
13214 2522
13215 2522
13216 2522
13217 2522
13218 2522
13219 2522
13220 2522
13221 2522
13222 2522
13223 2522
13224 2522
13225 2522
13226 2522
13227 2522
13228 2522
13229 2522
13230 2522
13231 2522
13232 2522
13233 2522
13234 2522
13235 2522
13236 2522
13237 2522
13238 2522
13239 2522
13240 2522
13241 2522
13242 2522
13243 2522
13244 2522
13245 2522
13246 2522
13247 2522
13248 2522
13249 2522
13250 2522
13251 2522
13252 2522
13253 2522
13254 2522
13255 2522
13256 2522
13257 2522
13258 2522
13259 2522
13260 2522
13261 2522
13262 2522
13263 2522
13264 2522
13265 2522
13266 2522
13267 2522
13268 2522
13269 2522
13270 2522
13271 2522
13272 2522
13273 2522
13274 2522
13275 2522
13276 2522
13277 2522
13278 2522
13279 2522
13280 2522
13281 2522
13282 2522
13283 2522
13284 2520
13285 2520
13286 2520
13287 2520
13288 2520
13289 2520
13290 2520
13291 2520
13292 2520
13293 2520
13294 2520
13295 2520
13296 2520
13297 2520
13298 2520
13299 2520
13300 2520
13301 2520
13302 2520
13303 2520
13304 2520
13305 2520
13306 2520
13307 2520
13308 2520
13309 2520
13310 2520
13311 2520
13312 2520
13313 2520
13314 2520
13315 2520
13316 2520
13317 2520
13318 2520
13319 2520
13320 2520
13321 2520
13322 2520
13323 2520
13324 2520
13325 2520
13326 2520
13327 2520
13328 2520
13329 2520
13330 2520
13331 2520
13332 2520
13333 2520
13334 2520
13335 2520
13336 2520
13337 2520
13338 2515
13339 2515
13340 2515
13341 2515
13342 2515
13343 2515
13344 2515
13345 2515
13346 2515
13347 2515
13348 2515
13349 2515
13350 2515
13351 2515
13352 2515
13353 2515
13354 2515
13355 2515
13356 2515
13357 2515
13358 2515
13359 2515
13360 2515
13361 2515
13362 2515
13363 2515
13364 2515
13365 2515
13366 2515
13367 2515
13368 2515
13369 2515
13370 2515
13371 2515
13372 2515
13373 2515
13374 2515
13375 2515
13376 2515
13377 2515
13378 2515
13379 2515
13380 2515
13381 2515
13382 2515
13383 2515
13384 2515
13385 2515
13386 2515
13387 2515
13388 2515
13389 2515
13390 2515
13391 2515
13392 2515
13393 2515
13394 2515
13395 2515
13396 2515
13397 2515
13398 2515
13399 2515
13400 2515
13401 2515
13402 2515
13403 2515
13404 2515
13405 2515
13406 2515
13407 2515
13408 2515
13409 2515
13410 2515
13411 2515
13412 2515
13413 2515
13414 2515
13415 2515
13416 2515
13417 2515
13418 2515
13419 2515
13420 2515
13421 2515
13422 2515
13423 2515
13424 2515
13425 2515
13426 2515
13427 2515
13428 2515
13429 2515
13430 2515
13431 2515
13432 2515
13433 2515
13434 2515
13435 2515
13436 2515
13437 2515
13438 2515
13439 2515
13440 2515
13441 2515
13442 2515
13443 2515
13444 2515
13445 2515
13446 2515
13447 2515
13448 2515
13449 2515
13450 2515
13451 2515
13452 2515
13453 2515
13454 2515
13455 2502
13456 2502
13457 2502
13458 2502
13459 2502
13460 2502
13461 2502
13462 2502
13463 2491
13464 2491
13465 2491
13466 2491
13467 2491
13468 2491
13469 2491
13470 2491
13471 2491
13472 2491
13473 2491
13474 2491
13475 2491
13476 2491
13477 2491
13478 2491
13479 2491
13480 2491
13481 2491
13482 2491
13483 2491
13484 2491
13485 2491
13486 2491
13487 2491
13488 2491
13489 2491
13490 2491
13491 2491
13492 2491
13493 2491
13494 2491
13495 2491
13496 2491
13497 2491
13498 2491
13499 2491
13500 2491
13501 2491
13502 2491
13503 2491
13504 2491
13505 2491
13506 2491
13507 2491
13508 2491
13509 2491
13510 2491
13511 2491
13512 2491
13513 2491
13514 2491
13515 2481
13516 2481
13517 2481
13518 2481
13519 2481
13520 2481
13521 2481
13522 2481
13523 2481
13524 2481
13525 2481
13526 2481
13527 2481
13528 2481
13529 2481
13530 2481
13531 2481
13532 2481
13533 2481
13534 2481
13535 2481
13536 2481
13537 2481
13538 2481
13539 2481
13540 2481
13541 2481
13542 2481
13543 2481
13544 2481
13545 2481
13546 2481
13547 2481
13548 2481
13549 2481
13550 2481
13551 2481
13552 2481
13553 2481
13554 2481
13555 2481
13556 2481
13557 2481
13558 2481
13559 2481
13560 2481
13561 2481
13562 2481
13563 2481
13564 2481
13565 2481
13566 2481
13567 2481
13568 2481
13569 2481
13570 2481
13571 2481
13572 2481
13573 2481
13574 2481
13575 2481
13576 2481
13577 2481
13578 2481
13579 2481
13580 2481
13581 2481
13582 2481
13583 2481
13584 2481
13585 2481
13586 2481
13587 2481
13588 2481
13589 2481
13590 2481
13591 2481
13592 2481
13593 2481
13594 2481
13595 2481
13596 2481
13597 2481
13598 2481
13599 2481
13600 2481
13601 2481
13602 2481
13603 2481
13604 2481
13605 2481
13606 2481
13607 2481
13608 2481
13609 2481
13610 2481
13611 2481
13612 2481
13613 2481
13614 2481
13615 2481
13616 2481
13617 2481
13618 2477
13619 2477
13620 2477
13621 2477
13622 2477
13623 2477
13624 2477
13625 2477
13626 2477
13627 2477
13628 2477
13629 2477
13630 2477
13631 2477
13632 2477
13633 2477
13634 2477
13635 2477
13636 2477
13637 2477
13638 2477
13639 2477
13640 2477
13641 2477
13642 2477
13643 2477
13644 2477
13645 2477
13646 2477
13647 2477
13648 2477
13649 2477
13650 2477
13651 2477
13652 2477
13653 2477
13654 2477
13655 2477
13656 2477
13657 2477
13658 2477
13659 2477
13660 2477
13661 2477
13662 2477
13663 2477
13664 2477
13665 2477
13666 2477
13667 2477
13668 2477
13669 2477
13670 2477
13671 2477
13672 2477
13673 2477
13674 2477
13675 2477
13676 2477
13677 2477
13678 2477
13679 2477
13680 2477
13681 2477
13682 2477
13683 2477
13684 2477
13685 2477
13686 2477
13687 2477
13688 2477
13689 2477
13690 2477
13691 2477
13692 2477
13693 2477
13694 2477
13695 2477
13696 2477
13697 2477
13698 2477
13699 2477
13700 2477
13701 2477
13702 2477
13703 2477
13704 2477
13705 2477
13706 2477
13707 2477
13708 2477
13709 2477
13710 2477
13711 2477
13712 2477
13713 2477
13714 2477
13715 2477
13716 2477
13717 2477
13718 2477
13719 2477
13720 2477
13721 2477
13722 2477
13723 2477
13724 2477
13725 2477
13726 2477
13727 2477
13728 2477
13729 2477
13730 2477
13731 2477
13732 2477
13733 2477
13734 2477
13735 2477
13736 2477
13737 2477
13738 2477
13739 2477
13740 2477
13741 2477
13742 2477
13743 2477
13744 2477
13745 2477
13746 2477
13747 2477
13748 2477
13749 2477
13750 2477
13751 2477
13752 2477
13753 2477
13754 2477
13755 2477
13756 2477
13757 2477
13758 2477
13759 2477
13760 2477
13761 2477
13762 2477
13763 2477
13764 2477
13765 2477
13766 2477
13767 2477
13768 2477
13769 2477
13770 2477
13771 2477
13772 2477
13773 2477
13774 2477
13775 2477
13776 2477
13777 2477
13778 2477
13779 2477
13780 2477
13781 2477
13782 2477
13783 2477
13784 2477
13785 2477
13786 2477
13787 2477
13788 2477
13789 2477
13790 2477
13791 2477
13792 2477
13793 2477
13794 2477
13795 2477
13796 2477
13797 2477
13798 2477
13799 2477
13800 2477
13801 2477
13802 2477
13803 2477
13804 2477
13805 2477
13806 2477
13807 2477
13808 2477
13809 2477
13810 2477
13811 2477
13812 2477
13813 2477
13814 2477
13815 2477
13816 2477
13817 2477
13818 2477
13819 2477
13820 2477
13821 2477
13822 2477
13823 2477
13824 2477
13825 2477
13826 2477
13827 2477
13828 2477
13829 2477
13830 2477
13831 2477
13832 2477
13833 2477
13834 2477
13835 2477
13836 2477
13837 2477
13838 2477
13839 2477
13840 2477
13841 2477
13842 2477
13843 2477
13844 2477
13845 2477
13846 2477
13847 2477
13848 2477
13849 2477
13850 2477
13851 2477
13852 2477
13853 2477
13854 2477
13855 2477
13856 2477
13857 2477
13858 2477
13859 2477
13860 2477
13861 2477
13862 2475
13863 2475
13864 2475
13865 2475
13866 2475
13867 2475
13868 2475
13869 2475
13870 2475
13871 2475
13872 2475
13873 2475
13874 2475
13875 2475
13876 2475
13877 2475
13878 2475
13879 2475
13880 2475
13881 2475
13882 2475
13883 2475
13884 2475
13885 2475
13886 2475
13887 2475
13888 2475
13889 2475
13890 2475
13891 2475
13892 2475
13893 2475
13894 2475
13895 2475
13896 2475
13897 2475
13898 2475
13899 2475
13900 2475
13901 2475
13902 2475
13903 2475
13904 2475
13905 2475
13906 2475
13907 2475
13908 2475
13909 2475
13910 2475
13911 2475
13912 2475
13913 2475
13914 2475
13915 2475
13916 2475
13917 2475
13918 2475
13919 2475
13920 2475
13921 2472
13922 2472
13923 2472
13924 2472
13925 2472
13926 2472
13927 2461
13928 2461
13929 2461
13930 2461
13931 2461
13932 2461
13933 2461
13934 2461
13935 2461
13936 2461
13937 2461
13938 2461
13939 2461
13940 2461
13941 2461
13942 2461
13943 2461
13944 2461
13945 2461
13946 2461
13947 2461
13948 2461
13949 2461
13950 2461
13951 2461
13952 2461
13953 2461
13954 2461
13955 2461
13956 2461
13957 2461
13958 2461
13959 2461
13960 2461
13961 2461
13962 2461
13963 2461
13964 2461
13965 2461
13966 2461
13967 2461
13968 2461
13969 2461
13970 2461
13971 2461
13972 2461
13973 2461
13974 2461
13975 2461
13976 2461
13977 2461
13978 2461
13979 2461
13980 2461
13981 2461
13982 2461
13983 2461
13984 2461
13985 2461
13986 2461
13987 2461
13988 2461
13989 2461
13990 2461
13991 2461
13992 2461
13993 2461
13994 2461
13995 2461
13996 2461
13997 2461
13998 2461
13999 2461
14000 2461
14001 2461
14002 2461
14003 2461
14004 2461
14005 2461
14006 2461
14007 2461
14008 2461
14009 2461
14010 2461
14011 2461
14012 2461
14013 2461
14014 2461
14015 2461
14016 2461
14017 2461
14018 2461
14019 2461
14020 2461
14021 2461
14022 2461
14023 2461
14024 2461
14025 2461
14026 2461
14027 2461
14028 2461
14029 2461
14030 2461
14031 2461
14032 2461
14033 2461
14034 2461
14035 2461
14036 2461
14037 2461
14038 2461
14039 2461
14040 2461
14041 2461
14042 2461
14043 2461
14044 2461
14045 2461
14046 2461
14047 2461
14048 2461
14049 2461
14050 2461
14051 2461
14052 2461
14053 2461
14054 2461
14055 2461
14056 2461
14057 2461
14058 2461
14059 2461
14060 2461
14061 2461
14062 2461
14063 2461
14064 2461
14065 2461
14066 2461
14067 2461
14068 2461
14069 2461
14070 2461
14071 2461
14072 2461
14073 2461
14074 2461
14075 2461
14076 2461
14077 2461
14078 2461
14079 2461
14080 2461
14081 2461
14082 2461
14083 2461
14084 2461
14085 2461
14086 2461
14087 2461
14088 2461
14089 2461
14090 2461
14091 2461
14092 2461
14093 2461
14094 2461
14095 2461
14096 2461
14097 2461
14098 2461
14099 2461
14100 2461
14101 2461
14102 2461
14103 2461
14104 2461
14105 2461
14106 2461
14107 2461
14108 2461
14109 2461
14110 2461
14111 2461
14112 2461
14113 2461
14114 2461
14115 2461
14116 2461
14117 2461
14118 2461
14119 2461
14120 2461
14121 2461
14122 2461
14123 2461
14124 2461
14125 2461
14126 2461
14127 2461
14128 2461
14129 2461
14130 2461
14131 2461
14132 2461
14133 2461
14134 2461
14135 2461
14136 2461
14137 2461
14138 2461
14139 2461
14140 2461
14141 2461
14142 2461
14143 2461
14144 2461
14145 2461
14146 2461
14147 2461
14148 2461
14149 2461
14150 2461
14151 2461
14152 2461
14153 2461
14154 2461
14155 2461
14156 2461
14157 2461
14158 2461
14159 2461
14160 2461
14161 2461
14162 2461
14163 2461
14164 2461
14165 2461
14166 2461
14167 2461
14168 2461
14169 2461
14170 2461
14171 2461
14172 2461
14173 2461
14174 2461
14175 2461
14176 2461
14177 2461
14178 2461
14179 2461
14180 2458
14181 2458
14182 2458
14183 2458
14184 2458
14185 2458
14186 2458
14187 2458
14188 2458
14189 2458
14190 2458
14191 2458
14192 2458
14193 2458
14194 2458
14195 2458
14196 2458
14197 2458
14198 2458
14199 2458
14200 2458
14201 2458
14202 2458
14203 2458
14204 2458
14205 2458
14206 2458
14207 2458
14208 2458
14209 2458
14210 2458
14211 2458
14212 2458
14213 2458
14214 2458
14215 2458
14216 2458
14217 2458
14218 2458
14219 2458
14220 2458
14221 2458
14222 2458
14223 2458
14224 2458
14225 2458
14226 2458
14227 2458
14228 2458
14229 2458
14230 2458
14231 2458
14232 2458
14233 2458
14234 2458
14235 2458
14236 2458
14237 2458
14238 2458
14239 2458
14240 2458
14241 2458
14242 2458
14243 2458
14244 2458
14245 2458
14246 2458
14247 2458
14248 2458
14249 2458
14250 2458
14251 2458
14252 2458
14253 2458
14254 2458
14255 2458
14256 2458
14257 2458
14258 2458
14259 2458
14260 2458
14261 2458
14262 2458
14263 2458
14264 2458
14265 2458
14266 2458
14267 2458
14268 2458
14269 2458
14270 2458
14271 2458
14272 2458
14273 2458
14274 2458
14275 2458
14276 2458
14277 2458
14278 2458
14279 2458
14280 2458
14281 2458
14282 2458
14283 2458
14284 2458
14285 2458
14286 2458
14287 2458
14288 2458
14289 2458
14290 2458
14291 2458
14292 2458
14293 2458
14294 2458
14295 2458
14296 2458
14297 2458
14298 2458
14299 2458
14300 2458
14301 2458
14302 2458
14303 2458
14304 2458
14305 2458
14306 2456
14307 2456
14308 2456
14309 2456
14310 2456
14311 2456
14312 2456
14313 2456
14314 2456
14315 2456
14316 2456
14317 2456
14318 2456
14319 2456
14320 2456
14321 2456
14322 2456
14323 2456
14324 2456
14325 2456
14326 2456
14327 2456
14328 2456
14329 2456
14330 2456
14331 2456
14332 2456
14333 2456
14334 2456
14335 2456
14336 2456
14337 2456
14338 2456
14339 2456
14340 2456
14341 2456
14342 2456
14343 2456
14344 2456
14345 2456
14346 2456
14347 2456
14348 2456
14349 2456
14350 2456
14351 2456
14352 2456
14353 2456
14354 2456
14355 2456
14356 2456
14357 2456
14358 2456
14359 2456
14360 2456
14361 2456
14362 2456
14363 2456
14364 2456
14365 2456
14366 2456
14367 2456
14368 2456
14369 2456
14370 2456
14371 2456
14372 2456
14373 2456
14374 2456
14375 2456
14376 2456
14377 2456
14378 2456
14379 2456
14380 2456
14381 2456
14382 2456
14383 2456
14384 2456
14385 2456
14386 2456
14387 2456
14388 2456
14389 2456
14390 2456
14391 2456
14392 2456
14393 2456
14394 2456
14395 2456
14396 2456
14397 2456
14398 2456
14399 2456
14400 2456
14401 2456
14402 2456
14403 2456
14404 2456
14405 2456
14406 2456
14407 2456
14408 2456
14409 2456
14410 2456
14411 2456
14412 2456
14413 2456
14414 2456
14415 2456
14416 2456
14417 2456
14418 2456
14419 2456
14420 2456
14421 2456
14422 2456
14423 2456
14424 2456
14425 2456
14426 2456
14427 2456
14428 2456
14429 2456
14430 2456
14431 2456
14432 2456
14433 2456
14434 2456
14435 2456
14436 2456
14437 2456
14438 2456
14439 2456
14440 2456
14441 2456
14442 2456
14443 2456
14444 2456
14445 2456
14446 2456
14447 2456
14448 2456
14449 2456
14450 2456
14451 2456
14452 2456
14453 2456
14454 2456
14455 2456
14456 2456
14457 2456
14458 2456
14459 2456
14460 2456
14461 2456
14462 2456
14463 2456
14464 2456
14465 2456
14466 2456
14467 2456
14468 2456
14469 2456
14470 2456
14471 2456
14472 2456
14473 2456
14474 2456
14475 2456
14476 2456
14477 2456
14478 2456
14479 2456
14480 2456
14481 2456
14482 2456
14483 2456
14484 2456
14485 2456
14486 2456
14487 2456
14488 2456
14489 2456
14490 2456
14491 2456
14492 2456
14493 2456
14494 2456
14495 2456
14496 2456
14497 2456
14498 2456
14499 2456
14500 2456
14501 2456
14502 2456
14503 2456
14504 2456
14505 2456
14506 2456
14507 2456
14508 2456
14509 2456
14510 2456
14511 2456
14512 2456
14513 2456
14514 2456
14515 2456
14516 2456
14517 2456
14518 2456
14519 2456
14520 2456
14521 2456
14522 2456
14523 2456
14524 2456
14525 2456
14526 2456
14527 2456
14528 2456
14529 2456
14530 2456
14531 2456
14532 2456
14533 2456
14534 2456
14535 2456
14536 2456
14537 2456
14538 2456
14539 2456
14540 2456
14541 2456
14542 2456
14543 2456
14544 2456
14545 2456
14546 2456
14547 2456
14548 2456
14549 2456
14550 2456
14551 2456
14552 2456
14553 2456
14554 2456
14555 2456
14556 2456
14557 2456
14558 2456
14559 2456
14560 2456
14561 2456
14562 2456
14563 2456
14564 2456
14565 2456
14566 2456
14567 2456
14568 2456
14569 2456
14570 2456
14571 2456
14572 2456
14573 2456
14574 2456
14575 2456
14576 2456
14577 2456
14578 2456
14579 2456
14580 2456
14581 2456
14582 2456
14583 2456
14584 2456
14585 2456
14586 2456
14587 2456
14588 2456
14589 2456
14590 2456
14591 2456
14592 2456
14593 2456
14594 2456
14595 2456
14596 2456
14597 2456
14598 2456
14599 2456
14600 2456
14601 2456
14602 2456
14603 2456
14604 2456
14605 2456
14606 2456
14607 2456
14608 2456
14609 2456
14610 2456
14611 2456
14612 2456
14613 2456
14614 2456
14615 2456
14616 2456
14617 2456
14618 2456
14619 2456
14620 2456
14621 2456
14622 2456
14623 2456
14624 2456
14625 2456
14626 2456
14627 2456
14628 2456
14629 2456
14630 2456
14631 2456
14632 2456
14633 2456
14634 2456
14635 2456
14636 2456
14637 2456
14638 2456
14639 2456
14640 2456
14641 2456
14642 2456
14643 2456
14644 2456
14645 2456
14646 2456
14647 2456
14648 2456
14649 2456
14650 2456
14651 2456
14652 2456
14653 2456
14654 2456
14655 2456
14656 2456
14657 2456
14658 2456
14659 2456
14660 2456
14661 2456
14662 2456
14663 2456
14664 2456
14665 2456
14666 2456
14667 2456
14668 2456
14669 2456
14670 2456
14671 2456
14672 2456
14673 2456
14674 2456
14675 2456
14676 2456
14677 2456
14678 2456
14679 2456
14680 2456
14681 2456
14682 2456
14683 2456
14684 2456
14685 2456
14686 2456
14687 2456
14688 2456
14689 2456
14690 2456
14691 2456
14692 2456
14693 2456
14694 2456
14695 2456
14696 2456
14697 2456
14698 2456
14699 2456
14700 2456
14701 2456
14702 2456
14703 2456
14704 2456
14705 2456
14706 2456
14707 2456
14708 2456
14709 2456
14710 2456
14711 2456
14712 2456
14713 2456
14714 2456
14715 2456
14716 2456
14717 2456
14718 2456
14719 2456
14720 2456
14721 2456
14722 2456
14723 2456
14724 2456
14725 2456
14726 2456
14727 2456
14728 2456
14729 2456
14730 2456
14731 2456
14732 2456
14733 2456
14734 2456
14735 2456
14736 2456
14737 2456
14738 2456
14739 2456
14740 2456
14741 2456
14742 2456
14743 2456
14744 2456
14745 2456
14746 2456
14747 2456
14748 2456
14749 2456
14750 2456
14751 2456
14752 2456
14753 2456
14754 2456
14755 2456
14756 2456
14757 2456
14758 2456
14759 2456
14760 2456
14761 2456
14762 2456
14763 2456
14764 2455
14765 2455
14766 2455
14767 2455
14768 2455
14769 2455
14770 2455
14771 2455
14772 2455
14773 2455
14774 2455
14775 2455
14776 2455
14777 2455
14778 2455
14779 2455
14780 2455
14781 2455
14782 2455
14783 2455
14784 2455
14785 2455
14786 2455
14787 2455
14788 2455
14789 2455
14790 2455
14791 2455
14792 2455
14793 2455
14794 2455
14795 2455
14796 2455
14797 2455
14798 2455
14799 2455
14800 2455
14801 2455
14802 2455
14803 2455
14804 2455
14805 2455
14806 2455
14807 2455
14808 2455
14809 2455
14810 2455
14811 2455
14812 2455
14813 2455
14814 2455
14815 2455
14816 2455
14817 2455
14818 2455
14819 2455
14820 2455
14821 2455
14822 2455
14823 2455
14824 2455
14825 2455
14826 2455
14827 2455
14828 2455
14829 2455
14830 2455
14831 2455
14832 2455
14833 2455
14834 2455
14835 2455
14836 2455
14837 2455
14838 2455
14839 2455
14840 2455
14841 2455
14842 2455
14843 2455
14844 2455
14845 2455
14846 2455
14847 2455
14848 2455
14849 2455
14850 2455
14851 2455
14852 2455
14853 2455
14854 2455
14855 2455
14856 2455
14857 2455
14858 2455
14859 2455
14860 2455
14861 2455
14862 2455
14863 2455
14864 2455
14865 2455
14866 2455
14867 2455
14868 2455
14869 2455
14870 2455
14871 2455
14872 2455
14873 2455
14874 2455
14875 2455
14876 2455
14877 2455
14878 2455
14879 2455
14880 2455
14881 2455
14882 2455
14883 2455
14884 2455
14885 2455
14886 2455
14887 2455
14888 2455
14889 2455
14890 2455
14891 2455
14892 2455
14893 2455
14894 2455
14895 2455
14896 2455
14897 2455
14898 2455
14899 2455
14900 2455
14901 2455
14902 2455
14903 2455
14904 2455
14905 2455
14906 2455
14907 2455
14908 2455
14909 2455
14910 2455
14911 2455
14912 2455
14913 2455
14914 2455
14915 2455
14916 2455
14917 2455
14918 2455
14919 2455
14920 2455
14921 2455
14922 2455
14923 2454
14924 2454
14925 2454
14926 2454
14927 2454
14928 2454
14929 2454
14930 2454
14931 2454
14932 2454
14933 2454
14934 2454
14935 2454
14936 2454
14937 2454
14938 2454
14939 2454
14940 2454
14941 2454
14942 2454
14943 2454
14944 2454
14945 2454
14946 2454
14947 2454
14948 2454
14949 2454
14950 2454
14951 2454
14952 2454
14953 2454
14954 2454
14955 2454
14956 2454
14957 2454
14958 2454
14959 2454
14960 2454
14961 2454
14962 2454
14963 2454
14964 2454
14965 2454
14966 2454
14967 2454
14968 2454
14969 2454
14970 2454
14971 2454
14972 2454
14973 2454
14974 2454
14975 2454
14976 2454
14977 2454
14978 2454
14979 2454
14980 2454
14981 2454
14982 2454
14983 2454
14984 2454
14985 2454
14986 2454
14987 2454
14988 2454
14989 2454
14990 2454
14991 2454
14992 2454
14993 2454
14994 2454
14995 2454
14996 2454
14997 2454
14998 2454
14999 2454
15000 2454
15001 2454
15002 2454
15003 2454
15004 2454
15005 2454
15006 2454
15007 2454
15008 2454
15009 2454
15010 2454
15011 2454
15012 2454
15013 2454
15014 2454
15015 2454
15016 2454
15017 2454
15018 2454
15019 2454
15020 2454
15021 2454
15022 2454
15023 2454
15024 2454
15025 2454
15026 2454
15027 2454
15028 2454
15029 2454
15030 2454
15031 2454
15032 2454
15033 2454
15034 2454
15035 2454
15036 2454
15037 2454
15038 2454
15039 2454
15040 2454
15041 2454
15042 2454
15043 2454
15044 2454
15045 2454
15046 2454
15047 2454
15048 2454
15049 2454
15050 2454
15051 2454
15052 2454
15053 2454
15054 2454
15055 2454
15056 2454
15057 2454
15058 2454
15059 2454
15060 2454
15061 2454
15062 2454
15063 2454
15064 2454
15065 2454
15066 2454
15067 2454
15068 2454
15069 2452
15070 2452
15071 2452
15072 2452
15073 2445
15074 2445
15075 2445
15076 2445
15077 2445
15078 2445
15079 2445
15080 2445
15081 2445
15082 2445
15083 2445
15084 2445
15085 2445
15086 2445
15087 2445
15088 2445
15089 2445
15090 2445
15091 2445
15092 2445
15093 2445
15094 2445
15095 2445
15096 2445
15097 2445
15098 2445
15099 2445
15100 2445
15101 2445
15102 2445
15103 2445
15104 2445
15105 2445
15106 2445
15107 2445
15108 2445
15109 2445
15110 2445
15111 2445
15112 2445
15113 2445
15114 2445
15115 2445
15116 2445
15117 2445
15118 2445
15119 2445
15120 2445
15121 2445
15122 2445
15123 2445
15124 2445
15125 2445
15126 2445
15127 2445
15128 2445
15129 2445
15130 2445
15131 2445
15132 2445
15133 2445
15134 2445
15135 2445
15136 2445
15137 2445
15138 2445
15139 2445
15140 2445
15141 2445
15142 2445
15143 2445
15144 2445
15145 2445
15146 2445
15147 2445
15148 2445
15149 2445
15150 2445
15151 2445
15152 2445
15153 2445
15154 2445
15155 2445
15156 2445
15157 2445
15158 2445
15159 2445
15160 2445
15161 2445
15162 2445
15163 2445
15164 2445
15165 2445
15166 2445
15167 2445
15168 2445
15169 2445
15170 2445
15171 2445
15172 2445
15173 2445
15174 2445
15175 2445
15176 2445
15177 2445
15178 2445
15179 2445
15180 2445
15181 2445
15182 2445
15183 2445
15184 2445
15185 2445
15186 2445
15187 2445
15188 2445
15189 2445
15190 2445
15191 2445
15192 2445
15193 2445
15194 2445
15195 2445
15196 2445
15197 2445
15198 2445
15199 2445
15200 2445
15201 2445
15202 2445
15203 2445
15204 2445
15205 2445
15206 2445
15207 2445
15208 2445
15209 2445
15210 2445
15211 2445
15212 2445
15213 2445
15214 2445
15215 2445
15216 2445
15217 2445
15218 2445
15219 2445
15220 2445
15221 2445
15222 2445
15223 2445
15224 2445
15225 2445
15226 2445
15227 2445
15228 2445
15229 2445
15230 2445
15231 2445
15232 2445
15233 2445
15234 2445
15235 2445
15236 2445
15237 2445
15238 2445
15239 2445
15240 2445
15241 2445
15242 2445
15243 2445
15244 2445
15245 2445
15246 2445
15247 2445
15248 2445
15249 2445
15250 2445
15251 2445
15252 2445
15253 2445
15254 2445
15255 2445
15256 2445
15257 2445
15258 2445
15259 2445
15260 2445
15261 2445
15262 2445
15263 2445
15264 2445
15265 2445
15266 2445
15267 2445
15268 2445
15269 2445
15270 2445
15271 2445
15272 2445
15273 2445
15274 2445
15275 2445
15276 2445
15277 2445
15278 2445
15279 2445
15280 2445
15281 2445
15282 2445
15283 2445
15284 2445
15285 2445
15286 2445
15287 2445
15288 2445
15289 2445
15290 2445
15291 2445
15292 2445
15293 2445
15294 2445
15295 2445
15296 2445
15297 2445
15298 2445
15299 2445
15300 2445
15301 2445
15302 2445
15303 2445
15304 2445
15305 2445
15306 2445
15307 2445
15308 2445
15309 2445
15310 2445
15311 2445
15312 2445
15313 2445
15314 2445
15315 2445
15316 2445
15317 2445
15318 2445
15319 2445
15320 2445
15321 2445
15322 2445
15323 2445
15324 2445
15325 2445
15326 2445
15327 2445
15328 2445
15329 2445
15330 2445
15331 2445
15332 2445
15333 2445
15334 2445
15335 2445
15336 2445
15337 2445
15338 2445
15339 2445
15340 2445
15341 2445
15342 2445
15343 2445
15344 2445
15345 2445
15346 2445
15347 2445
15348 2445
15349 2445
15350 2445
15351 2445
15352 2445
15353 2445
15354 2445
15355 2445
15356 2445
15357 2445
15358 2445
15359 2445
15360 2445
15361 2445
15362 2445
15363 2445
15364 2445
15365 2445
15366 2445
15367 2445
15368 2445
15369 2445
15370 2445
15371 2445
15372 2445
15373 2445
15374 2445
15375 2445
15376 2445
15377 2445
15378 2445
15379 2445
15380 2445
15381 2445
15382 2445
15383 2445
15384 2445
15385 2445
15386 2445
15387 2445
15388 2445
15389 2445
15390 2445
15391 2445
15392 2445
15393 2445
15394 2445
15395 2445
15396 2445
15397 2445
15398 2445
15399 2445
15400 2445
15401 2445
15402 2445
15403 2445
15404 2445
15405 2445
15406 2445
15407 2445
15408 2445
15409 2445
15410 2445
15411 2445
15412 2445
15413 2445
15414 2445
15415 2445
15416 2445
15417 2445
15418 2445
15419 2445
15420 2445
15421 2445
15422 2445
15423 2445
15424 2445
15425 2445
15426 2445
15427 2445
15428 2445
15429 2445
15430 2445
15431 2445
15432 2445
15433 2445
15434 2445
15435 2445
15436 2445
15437 2445
15438 2445
15439 2445
15440 2445
15441 2445
15442 2445
15443 2445
15444 2445
15445 2445
15446 2445
15447 2445
15448 2445
15449 2445
15450 2445
15451 2445
15452 2445
15453 2445
15454 2445
15455 2445
15456 2445
15457 2445
15458 2445
15459 2445
15460 2445
15461 2445
15462 2445
15463 2445
15464 2445
15465 2445
15466 2445
15467 2445
15468 2445
15469 2445
15470 2445
15471 2445
15472 2445
15473 2445
15474 2445
15475 2445
15476 2445
15477 2445
15478 2445
15479 2445
15480 2445
15481 2445
15482 2445
15483 2445
15484 2445
15485 2445
15486 2445
15487 2445
15488 2445
15489 2445
15490 2445
15491 2445
15492 2445
15493 2445
15494 2445
15495 2445
15496 2445
15497 2445
15498 2445
15499 2445
15500 2445
15501 2445
15502 2445
15503 2445
15504 2445
15505 2445
15506 2445
15507 2445
15508 2445
15509 2445
15510 2445
15511 2445
15512 2445
15513 2445
15514 2445
15515 2445
15516 2445
15517 2445
15518 2445
15519 2445
15520 2445
15521 2445
15522 2445
15523 2445
15524 2445
15525 2445
15526 2445
15527 2445
15528 2445
15529 2445
15530 2438
15531 2438
15532 2438
15533 2438
15534 2438
15535 2438
15536 2438
15537 2438
15538 2438
15539 2438
15540 2438
15541 2438
15542 2438
15543 2438
15544 2438
15545 2438
15546 2437
15547 2437
15548 2437
15549 2437
15550 2437
15551 2437
15552 2437
15553 2437
15554 2437
15555 2437
15556 2437
15557 2437
15558 2437
15559 2437
15560 2437
15561 2437
15562 2437
15563 2437
15564 2437
15565 2437
15566 2437
15567 2437
15568 2437
15569 2437
15570 2437
15571 2437
15572 2437
15573 2437
15574 2437
15575 2437
15576 2437
15577 2437
15578 2437
15579 2437
15580 2437
15581 2437
15582 2437
15583 2437
15584 2437
15585 2437
15586 2437
15587 2437
15588 2437
15589 2437
15590 2437
15591 2437
15592 2437
15593 2437
15594 2437
15595 2437
15596 2437
15597 2437
15598 2437
15599 2428
15600 2428
15601 2428
15602 2428
15603 2428
15604 2428
15605 2428
15606 2428
15607 2428
15608 2428
15609 2428
15610 2428
15611 2428
15612 2428
15613 2428
15614 2428
15615 2428
15616 2428
15617 2428
15618 2428
15619 2428
15620 2428
15621 2428
15622 2428
15623 2428
15624 2428
15625 2428
15626 2428
15627 2428
15628 2428
15629 2428
15630 2428
15631 2428
15632 2428
15633 2428
15634 2428
15635 2428
15636 2428
15637 2428
15638 2428
15639 2428
15640 2428
15641 2428
15642 2428
15643 2428
15644 2428
15645 2428
15646 2428
15647 2428
15648 2428
15649 2428
15650 2428
15651 2428
15652 2428
15653 2428
15654 2428
15655 2428
15656 2428
15657 2428
15658 2428
15659 2428
15660 2428
15661 2428
15662 2428
15663 2428
15664 2428
15665 2428
15666 2428
15667 2428
15668 2428
15669 2428
15670 2428
15671 2428
15672 2428
15673 2428
15674 2428
15675 2428
15676 2428
15677 2428
15678 2428
15679 2428
15680 2428
15681 2428
15682 2428
15683 2428
15684 2428
15685 2428
15686 2428
15687 2428
15688 2428
15689 2428
15690 2428
15691 2428
15692 2428
15693 2428
15694 2428
15695 2428
15696 2428
15697 2428
15698 2428
15699 2428
15700 2428
15701 2428
15702 2428
15703 2428
15704 2428
15705 2428
15706 2428
15707 2428
15708 2428
15709 2428
15710 2428
15711 2428
15712 2428
15713 2428
15714 2428
15715 2428
15716 2428
15717 2428
15718 2428
15719 2428
15720 2428
15721 2428
15722 2428
15723 2428
15724 2428
15725 2428
15726 2428
15727 2428
15728 2428
15729 2428
15730 2428
15731 2428
15732 2428
15733 2428
15734 2428
15735 2428
15736 2428
15737 2428
15738 2428
15739 2428
15740 2428
15741 2428
15742 2428
15743 2428
15744 2428
15745 2428
15746 2428
15747 2428
15748 2428
15749 2428
15750 2428
15751 2428
15752 2428
15753 2428
15754 2428
15755 2428
15756 2428
15757 2428
15758 2428
15759 2428
15760 2428
15761 2428
15762 2428
15763 2428
15764 2428
15765 2428
15766 2428
15767 2428
15768 2428
15769 2428
15770 2428
15771 2428
15772 2428
15773 2428
15774 2428
15775 2428
15776 2428
15777 2428
15778 2428
15779 2428
15780 2428
15781 2428
15782 2428
15783 2428
15784 2428
15785 2428
15786 2428
15787 2428
15788 2428
15789 2428
15790 2428
15791 2428
15792 2428
15793 2428
15794 2428
15795 2428
15796 2428
15797 2428
15798 2428
15799 2428
15800 2428
15801 2428
15802 2428
15803 2428
15804 2428
15805 2428
15806 2428
15807 2428
15808 2428
15809 2428
15810 2428
15811 2428
15812 2428
15813 2428
15814 2428
15815 2428
15816 2428
15817 2428
15818 2428
15819 2428
15820 2428
15821 2428
15822 2428
15823 2428
15824 2428
15825 2428
15826 2428
15827 2428
15828 2428
15829 2428
15830 2428
15831 2428
15832 2428
15833 2428
15834 2428
15835 2428
15836 2428
15837 2428
15838 2428
15839 2428
15840 2428
15841 2428
15842 2428
15843 2428
15844 2428
15845 2428
15846 2428
15847 2426
15848 2426
15849 2426
15850 2426
15851 2426
15852 2426
15853 2426
15854 2426
15855 2426
15856 2426
15857 2426
15858 2426
15859 2426
15860 2426
15861 2426
15862 2426
15863 2426
15864 2426
15865 2426
15866 2426
15867 2426
15868 2426
15869 2426
15870 2426
15871 2426
15872 2426
15873 2426
15874 2426
15875 2426
15876 2426
15877 2426
15878 2426
15879 2426
15880 2426
15881 2426
15882 2426
15883 2426
15884 2426
15885 2426
15886 2426
15887 2426
15888 2426
15889 2426
15890 2426
15891 2426
15892 2426
15893 2426
15894 2426
15895 2426
15896 2426
15897 2426
15898 2426
15899 2426
15900 2426
15901 2426
15902 2426
15903 2426
15904 2426
15905 2426
15906 2426
15907 2426
15908 2426
15909 2426
15910 2426
15911 2426
15912 2426
15913 2426
15914 2426
15915 2426
15916 2426
15917 2426
15918 2426
15919 2426
15920 2426
15921 2426
15922 2426
15923 2426
15924 2426
15925 2426
15926 2426
15927 2426
15928 2426
15929 2426
15930 2426
15931 2426
15932 2426
15933 2426
15934 2426
15935 2426
15936 2426
15937 2426
15938 2426
15939 2426
15940 2426
15941 2426
15942 2426
15943 2426
15944 2426
15945 2426
15946 2426
15947 2426
15948 2426
15949 2426
15950 2426
15951 2426
15952 2426
15953 2426
15954 2426
15955 2426
15956 2426
15957 2426
15958 2426
15959 2426
15960 2426
15961 2426
15962 2426
15963 2426
15964 2426
15965 2426
15966 2426
15967 2426
15968 2426
15969 2426
15970 2426
15971 2426
15972 2426
15973 2426
15974 2426
15975 2426
15976 2426
15977 2426
15978 2426
15979 2426
15980 2426
15981 2426
15982 2426
15983 2426
15984 2426
15985 2426
15986 2426
15987 2424
15988 2424
15989 2424
15990 2424
15991 2424
15992 2424
15993 2424
15994 2424
15995 2424
15996 2424
15997 2424
15998 2424
15999 2424
16000 2424
16001 2424
16002 2424
16003 2424
16004 2424
16005 2424
16006 2424
16007 2424
16008 2424
16009 2424
16010 2424
16011 2424
16012 2424
16013 2424
16014 2424
16015 2424
16016 2424
16017 2424
16018 2424
16019 2424
16020 2424
16021 2424
16022 2424
16023 2424
16024 2424
16025 2424
16026 2424
16027 2424
16028 2424
16029 2424
16030 2424
16031 2424
16032 2424
16033 2424
16034 2424
16035 2424
16036 2424
16037 2424
16038 2424
16039 2424
16040 2424
16041 2424
16042 2424
16043 2424
16044 2424
16045 2424
16046 2424
16047 2424
16048 2424
16049 2424
16050 2424
16051 2424
16052 2424
16053 2424
16054 2424
16055 2424
16056 2424
16057 2424
16058 2424
16059 2424
16060 2424
16061 2424
16062 2424
16063 2424
16064 2424
16065 2424
16066 2424
16067 2424
16068 2424
16069 2424
16070 2424
16071 2424
16072 2424
16073 2424
16074 2424
16075 2424
16076 2424
16077 2424
16078 2424
16079 2424
16080 2424
16081 2424
16082 2424
16083 2424
16084 2424
16085 2424
16086 2424
16087 2424
16088 2424
16089 2424
16090 2424
16091 2424
16092 2424
16093 2424
16094 2424
16095 2424
16096 2424
16097 2424
16098 2424
16099 2424
16100 2424
16101 2424
16102 2424
16103 2424
16104 2424
16105 2424
16106 2424
16107 2424
16108 2424
16109 2424
16110 2424
16111 2424
16112 2424
16113 2424
16114 2424
16115 2424
16116 2424
16117 2424
16118 2424
16119 2424
16120 2424
16121 2424
16122 2424
16123 2424
16124 2424
16125 2424
16126 2424
16127 2424
16128 2424
16129 2424
16130 2424
16131 2424
16132 2424
16133 2424
16134 2424
16135 2408
16136 2408
16137 2408
16138 2408
16139 2408
16140 2408
16141 2408
16142 2408
16143 2408
16144 2408
16145 2408
16146 2408
16147 2408
16148 2408
16149 2408
16150 2408
16151 2408
16152 2408
16153 2408
16154 2408
16155 2408
16156 2408
16157 2408
16158 2408
16159 2408
16160 2408
16161 2408
16162 2408
16163 2408
16164 2408
16165 2408
16166 2408
16167 2408
16168 2408
16169 2408
16170 2408
16171 2408
16172 2408
16173 2408
16174 2408
16175 2408
16176 2408
16177 2408
16178 2408
16179 2408
16180 2408
16181 2408
16182 2408
16183 2408
16184 2408
16185 2408
16186 2408
16187 2408
16188 2408
16189 2408
16190 2408
16191 2408
16192 2408
16193 2408
16194 2408
16195 2408
16196 2408
16197 2408
16198 2408
16199 2408
16200 2408
16201 2408
16202 2408
16203 2408
16204 2408
16205 2408
16206 2408
16207 2408
16208 2408
16209 2408
16210 2408
16211 2408
16212 2408
16213 2408
16214 2408
16215 2408
16216 2408
16217 2408
16218 2408
16219 2408
16220 2408
16221 2408
16222 2408
16223 2408
16224 2408
16225 2408
16226 2408
16227 2408
16228 2408
16229 2408
16230 2408
16231 2408
16232 2408
16233 2408
16234 2408
16235 2408
16236 2408
16237 2408
16238 2408
16239 2408
16240 2408
16241 2408
16242 2408
16243 2408
16244 2408
16245 2408
16246 2408
16247 2408
16248 2408
16249 2408
16250 2408
16251 2408
16252 2408
16253 2408
16254 2408
16255 2408
16256 2408
16257 2408
16258 2408
16259 2408
16260 2408
16261 2408
16262 2408
16263 2408
16264 2408
16265 2408
16266 2408
16267 2408
16268 2408
16269 2408
16270 2408
16271 2408
16272 2408
16273 2408
16274 2408
16275 2408
16276 2408
16277 2408
16278 2408
16279 2408
16280 2408
16281 2408
16282 2408
16283 2408
16284 2408
16285 2408
16286 2408
16287 2408
16288 2408
16289 2408
16290 2408
16291 2408
16292 2408
16293 2408
16294 2408
16295 2408
16296 2408
16297 2408
16298 2408
16299 2408
16300 2408
16301 2408
16302 2408
16303 2408
16304 2408
16305 2408
16306 2408
16307 2408
16308 2408
16309 2408
16310 2408
16311 2408
16312 2408
16313 2408
16314 2408
16315 2408
16316 2408
16317 2408
16318 2408
16319 2408
16320 2408
16321 2408
16322 2408
16323 2408
16324 2408
16325 2408
16326 2408
16327 2408
16328 2408
16329 2408
16330 2408
16331 2408
16332 2408
16333 2408
16334 2408
16335 2408
16336 2408
16337 2408
16338 2408
16339 2408
16340 2408
16341 2408
16342 2408
16343 2408
16344 2408
16345 2408
16346 2408
16347 2408
16348 2408
16349 2408
16350 2408
16351 2408
16352 2408
16353 2408
16354 2408
16355 2408
16356 2408
16357 2408
16358 2408
16359 2408
16360 2408
16361 2408
16362 2408
16363 2408
16364 2408
16365 2408
16366 2408
16367 2408
16368 2408
16369 2408
16370 2408
16371 2408
16372 2408
16373 2408
16374 2408
16375 2408
16376 2408
16377 2408
16378 2408
16379 2408
16380 2408
16381 2408
16382 2408
16383 2408
16384 2408
16385 2408
16386 2408
16387 2408
16388 2408
16389 2408
16390 2408
16391 2408
16392 2408
16393 2408
16394 2408
16395 2408
16396 2408
16397 2408
16398 2408
16399 2408
16400 2408
16401 2408
16402 2408
16403 2408
16404 2408
16405 2408
16406 2408
16407 2408
16408 2408
16409 2408
16410 2408
16411 2408
16412 2408
16413 2408
16414 2408
16415 2408
16416 2408
16417 2408
16418 2408
16419 2408
16420 2408
16421 2408
16422 2408
16423 2408
16424 2408
16425 2408
16426 2408
16427 2408
16428 2408
16429 2408
16430 2408
16431 2408
16432 2408
16433 2408
16434 2408
16435 2408
16436 2408
16437 2408
16438 2408
16439 2408
16440 2408
16441 2408
16442 2408
16443 2408
16444 2408
16445 2408
16446 2408
16447 2408
16448 2408
16449 2408
16450 2408
16451 2408
16452 2408
16453 2408
16454 2408
16455 2408
16456 2408
16457 2408
16458 2408
16459 2408
16460 2408
16461 2408
16462 2408
16463 2408
16464 2408
16465 2408
16466 2408
16467 2408
16468 2408
16469 2408
16470 2408
16471 2408
16472 2408
16473 2408
16474 2408
16475 2408
16476 2408
16477 2408
16478 2408
16479 2408
16480 2408
16481 2408
16482 2408
16483 2408
16484 2408
16485 2408
16486 2408
16487 2408
16488 2408
16489 2408
16490 2408
16491 2408
16492 2408
16493 2408
16494 2408
16495 2408
16496 2408
16497 2408
16498 2408
16499 2408
16500 2408
16501 2408
16502 2408
16503 2408
16504 2408
16505 2408
16506 2408
16507 2408
16508 2408
16509 2408
16510 2408
16511 2408
16512 2408
16513 2408
16514 2408
16515 2408
16516 2408
16517 2408
16518 2408
16519 2408
16520 2408
16521 2408
16522 2408
16523 2408
16524 2408
16525 2408
16526 2408
16527 2408
16528 2408
16529 2408
16530 2408
16531 2408
16532 2408
16533 2408
16534 2408
16535 2408
16536 2408
16537 2408
16538 2408
16539 2407
16540 2407
16541 2407
16542 2407
16543 2407
16544 2407
16545 2407
16546 2407
16547 2407
16548 2407
16549 2407
16550 2407
16551 2407
16552 2407
16553 2407
16554 2407
16555 2407
16556 2407
16557 2407
16558 2407
16559 2407
16560 2407
16561 2407
16562 2407
16563 2407
16564 2407
16565 2407
16566 2407
16567 2407
16568 2407
16569 2407
16570 2407
16571 2407
16572 2407
16573 2407
16574 2407
16575 2407
16576 2407
16577 2407
16578 2407
16579 2407
16580 2407
16581 2407
16582 2407
16583 2407
16584 2407
16585 2407
16586 2407
16587 2407
16588 2407
16589 2407
16590 2407
16591 2407
16592 2407
16593 2407
16594 2407
16595 2407
16596 2407
16597 2407
16598 2407
16599 2407
16600 2407
16601 2407
16602 2407
16603 2407
16604 2407
16605 2407
16606 2407
16607 2407
16608 2407
16609 2407
16610 2407
16611 2407
16612 2407
16613 2407
16614 2407
16615 2407
16616 2407
16617 2407
16618 2407
16619 2407
16620 2407
16621 2407
16622 2407
16623 2407
16624 2407
16625 2407
16626 2407
16627 2407
16628 2407
16629 2407
16630 2407
16631 2407
16632 2407
16633 2407
16634 2407
16635 2407
16636 2407
16637 2407
16638 2407
16639 2407
16640 2407
16641 2407
16642 2407
16643 2403
16644 2403
16645 2403
16646 2403
16647 2403
16648 2403
16649 2403
16650 2403
16651 2403
16652 2403
16653 2403
16654 2403
16655 2403
16656 2403
16657 2403
16658 2403
16659 2403
16660 2403
16661 2403
16662 2403
16663 2403
16664 2403
16665 2403
16666 2403
16667 2403
16668 2403
16669 2403
16670 2403
16671 2403
16672 2403
16673 2403
16674 2403
16675 2403
16676 2403
16677 2403
16678 2403
16679 2403
16680 2403
16681 2403
16682 2403
16683 2403
16684 2403
16685 2403
16686 2403
16687 2403
16688 2403
16689 2403
16690 2403
16691 2403
16692 2403
16693 2403
16694 2403
16695 2403
16696 2403
16697 2403
16698 2403
16699 2403
16700 2403
16701 2403
16702 2403
16703 2403
16704 2403
16705 2403
16706 2403
16707 2403
16708 2403
16709 2403
16710 2403
16711 2403
16712 2403
16713 2403
16714 2403
16715 2403
16716 2403
16717 2403
16718 2403
16719 2403
16720 2403
16721 2403
16722 2403
16723 2403
16724 2403
16725 2403
16726 2403
16727 2403
16728 2403
16729 2403
16730 2403
16731 2403
16732 2403
16733 2403
16734 2395
16735 2395
16736 2395
16737 2395
16738 2395
16739 2395
16740 2395
16741 2393
16742 2393
16743 2393
16744 2393
16745 2393
16746 2393
16747 2393
16748 2393
16749 2393
16750 2393
16751 2393
16752 2393
16753 2393
16754 2393
16755 2393
16756 2393
16757 2393
16758 2393
16759 2393
16760 2393
16761 2393
16762 2393
16763 2393
16764 2393
16765 2393
16766 2393
16767 2393
16768 2393
16769 2393
16770 2388
16771 2388
16772 2388
16773 2388
16774 2388
16775 2388
16776 2388
16777 2388
16778 2388
16779 2388
16780 2388
16781 2388
16782 2388
16783 2388
16784 2388
16785 2388
16786 2388
16787 2388
16788 2388
16789 2388
16790 2388
16791 2388
16792 2388
16793 2388
16794 2388
16795 2388
16796 2388
16797 2388
16798 2388
16799 2388
16800 2388
16801 2388
16802 2388
16803 2388
16804 2388
16805 2388
16806 2388
16807 2388
16808 2388
16809 2388
16810 2388
16811 2388
16812 2388
16813 2388
16814 2388
16815 2388
16816 2388
16817 2388
16818 2388
16819 2388
16820 2388
16821 2388
16822 2388
16823 2388
16824 2388
16825 2388
16826 2388
16827 2388
16828 2388
16829 2388
16830 2388
16831 2388
16832 2388
16833 2388
16834 2388
16835 2388
16836 2388
16837 2388
16838 2388
16839 2388
16840 2388
16841 2388
16842 2388
16843 2388
16844 2388
16845 2388
16846 2388
16847 2388
16848 2388
16849 2388
16850 2388
16851 2388
16852 2388
16853 2388
16854 2388
16855 2388
16856 2388
16857 2388
16858 2388
16859 2388
16860 2388
16861 2388
16862 2388
16863 2388
16864 2388
16865 2388
16866 2388
16867 2388
16868 2388
16869 2388
16870 2388
16871 2388
16872 2388
16873 2388
16874 2388
16875 2388
16876 2388
16877 2388
16878 2388
16879 2388
16880 2388
16881 2388
16882 2388
16883 2388
16884 2388
16885 2388
16886 2388
16887 2388
16888 2388
16889 2388
16890 2387
16891 2387
16892 2387
16893 2387
16894 2387
16895 2387
16896 2387
16897 2387
16898 2387
16899 2387
16900 2387
16901 2387
16902 2387
16903 2387
16904 2387
16905 2387
16906 2387
16907 2387
16908 2387
16909 2387
16910 2387
16911 2387
16912 2387
16913 2387
16914 2387
16915 2387
16916 2387
16917 2387
16918 2387
16919 2387
16920 2387
16921 2387
16922 2387
16923 2387
16924 2387
16925 2387
16926 2387
16927 2387
16928 2387
16929 2387
16930 2387
16931 2387
16932 2387
16933 2387
16934 2387
16935 2387
16936 2387
16937 2387
16938 2387
16939 2387
16940 2387
16941 2387
16942 2387
16943 2387
16944 2387
16945 2387
16946 2387
16947 2387
16948 2387
16949 2387
16950 2387
16951 2387
16952 2387
16953 2387
16954 2387
16955 2387
16956 2387
16957 2387
16958 2387
16959 2387
16960 2387
16961 2387
16962 2387
16963 2387
16964 2387
16965 2387
16966 2387
16967 2387
16968 2387
16969 2387
16970 2387
16971 2387
16972 2387
16973 2387
16974 2387
16975 2387
16976 2387
16977 2387
16978 2387
16979 2387
16980 2387
16981 2387
16982 2387
16983 2387
16984 2387
16985 2387
16986 2387
16987 2387
16988 2387
16989 2387
16990 2387
16991 2387
16992 2387
16993 2387
16994 2387
16995 2387
16996 2387
16997 2387
16998 2387
16999 2387
17000 2387
17001 2387
17002 2387
17003 2387
17004 2387
17005 2387
17006 2387
17007 2387
17008 2387
17009 2387
17010 2387
17011 2387
17012 2387
17013 2387
17014 2387
17015 2387
17016 2387
17017 2387
17018 2387
17019 2387
17020 2387
17021 2387
17022 2387
17023 2387
17024 2387
17025 2387
17026 2387
17027 2387
17028 2387
17029 2387
17030 2387
17031 2387
17032 2387
17033 2387
17034 2387
17035 2387
17036 2387
17037 2387
17038 2387
17039 2387
17040 2387
17041 2387
17042 2387
17043 2387
17044 2387
17045 2387
17046 2387
17047 2387
17048 2387
17049 2387
17050 2387
17051 2387
17052 2387
17053 2387
17054 2387
17055 2387
17056 2387
17057 2387
17058 2387
17059 2387
17060 2387
17061 2387
17062 2387
17063 2387
17064 2387
17065 2387
17066 2387
17067 2387
17068 2387
17069 2387
17070 2387
17071 2387
17072 2387
17073 2387
17074 2387
17075 2387
17076 2387
17077 2387
17078 2387
17079 2387
17080 2387
17081 2387
17082 2387
17083 2387
17084 2387
17085 2387
17086 2387
17087 2387
17088 2387
17089 2387
17090 2387
17091 2387
17092 2387
17093 2387
17094 2387
17095 2387
17096 2387
17097 2387
17098 2387
17099 2387
17100 2387
17101 2387
17102 2387
17103 2387
17104 2387
17105 2387
17106 2387
17107 2387
17108 2383
17109 2383
17110 2383
17111 2383
17112 2383
17113 2383
17114 2383
17115 2383
17116 2383
17117 2383
17118 2383
17119 2383
17120 2383
17121 2383
17122 2383
17123 2383
17124 2383
17125 2383
17126 2383
17127 2383
17128 2383
17129 2383
17130 2383
17131 2383
17132 2383
17133 2383
17134 2383
17135 2383
17136 2383
17137 2383
17138 2383
17139 2383
17140 2383
17141 2383
17142 2383
17143 2383
17144 2383
17145 2383
17146 2383
17147 2383
17148 2383
17149 2383
17150 2383
17151 2383
17152 2383
17153 2379
17154 2379
17155 2379
17156 2379
17157 2379
17158 2379
17159 2379
17160 2379
17161 2379
17162 2379
17163 2379
17164 2379
17165 2379
17166 2379
17167 2379
17168 2379
17169 2379
17170 2379
17171 2379
17172 2379
17173 2379
17174 2379
17175 2379
17176 2379
17177 2379
17178 2379
17179 2379
17180 2379
17181 2379
17182 2379
17183 2379
17184 2379
17185 2379
17186 2379
17187 2379
17188 2379
17189 2379
17190 2379
17191 2379
17192 2379
17193 2379
17194 2379
17195 2379
17196 2379
17197 2379
17198 2379
17199 2379
17200 2379
17201 2379
17202 2379
17203 2379
17204 2379
17205 2379
17206 2379
17207 2379
17208 2379
17209 2379
17210 2379
17211 2379
17212 2379
17213 2379
17214 2379
17215 2379
17216 2379
17217 2379
17218 2379
17219 2379
17220 2379
17221 2379
17222 2379
17223 2379
17224 2379
17225 2379
17226 2379
17227 2379
17228 2379
17229 2379
17230 2379
17231 2379
17232 2379
17233 2379
17234 2379
17235 2379
17236 2379
17237 2379
17238 2379
17239 2379
17240 2379
17241 2379
17242 2379
17243 2379
17244 2379
17245 2379
17246 2379
17247 2379
17248 2379
17249 2379
17250 2379
17251 2379
17252 2379
17253 2379
17254 2379
17255 2379
17256 2379
17257 2379
17258 2379
17259 2379
17260 2379
17261 2379
17262 2379
17263 2379
17264 2379
17265 2379
17266 2379
17267 2379
17268 2379
17269 2379
17270 2379
17271 2379
17272 2379
17273 2379
17274 2379
17275 2379
17276 2379
17277 2379
17278 2379
17279 2379
17280 2379
17281 2379
17282 2379
17283 2379
17284 2379
17285 2379
17286 2379
17287 2379
17288 2379
17289 2379
17290 2379
17291 2379
17292 2379
17293 2379
17294 2379
17295 2379
17296 2379
17297 2379
17298 2379
17299 2379
17300 2379
17301 2379
17302 2379
17303 2379
17304 2379
17305 2379
17306 2379
17307 2379
17308 2379
17309 2379
17310 2379
17311 2379
17312 2379
17313 2379
17314 2379
17315 2379
17316 2379
17317 2379
17318 2379
17319 2379
17320 2379
17321 2379
17322 2379
17323 2379
17324 2379
17325 2379
17326 2379
17327 2379
17328 2379
17329 2379
17330 2379
17331 2379
17332 2379
17333 2379
17334 2379
17335 2379
17336 2379
17337 2379
17338 2379
17339 2379
17340 2379
17341 2379
17342 2379
17343 2379
17344 2379
17345 2379
17346 2379
17347 2379
17348 2379
17349 2379
17350 2379
17351 2379
17352 2379
17353 2379
17354 2379
17355 2379
17356 2379
17357 2379
17358 2379
17359 2379
17360 2379
17361 2379
17362 2379
17363 2379
17364 2379
17365 2379
17366 2379
17367 2379
17368 2379
17369 2379
17370 2379
17371 2379
17372 2379
17373 2379
17374 2379
17375 2379
17376 2379
17377 2379
17378 2379
17379 2379
17380 2379
17381 2379
17382 2379
17383 2379
17384 2379
17385 2379
17386 2379
17387 2379
17388 2379
17389 2379
17390 2379
17391 2379
17392 2379
17393 2379
17394 2379
17395 2379
17396 2379
17397 2379
17398 2379
17399 2379
17400 2379
17401 2379
17402 2379
17403 2379
17404 2379
17405 2379
17406 2379
17407 2379
17408 2379
17409 2379
17410 2379
17411 2379
17412 2379
17413 2372
17414 2372
17415 2372
17416 2372
17417 2372
17418 2372
17419 2372
17420 2372
17421 2372
17422 2372
17423 2372
17424 2372
17425 2372
17426 2372
17427 2366
17428 2366
17429 2366
17430 2366
17431 2366
17432 2366
17433 2366
17434 2365
17435 2365
17436 2365
17437 2365
17438 2365
17439 2365
17440 2365
17441 2365
17442 2365
17443 2365
17444 2365
17445 2365
17446 2365
17447 2365
17448 2365
17449 2365
17450 2365
17451 2365
17452 2365
17453 2365
17454 2365
17455 2365
17456 2365
17457 2365
17458 2365
17459 2365
17460 2365
17461 2365
17462 2365
17463 2365
17464 2365
17465 2365
17466 2365
17467 2365
17468 2365
17469 2365
17470 2365
17471 2365
17472 2365
17473 2365
17474 2365
17475 2365
17476 2365
17477 2365
17478 2365
17479 2365
17480 2365
17481 2365
17482 2365
17483 2365
17484 2365
17485 2365
17486 2365
17487 2365
17488 2365
17489 2365
17490 2365
17491 2365
17492 2365
17493 2365
17494 2365
17495 2365
17496 2365
17497 2365
17498 2365
17499 2365
17500 2365
17501 2365
17502 2365
17503 2365
17504 2365
17505 2365
17506 2365
17507 2365
17508 2365
17509 2365
17510 2365
17511 2365
17512 2365
17513 2365
17514 2365
17515 2365
17516 2365
17517 2365
17518 2365
17519 2365
17520 2365
17521 2365
17522 2365
17523 2365
17524 2365
17525 2365
17526 2365
17527 2365
17528 2365
17529 2365
17530 2365
17531 2365
17532 2365
17533 2365
17534 2365
17535 2365
17536 2365
17537 2365
17538 2365
17539 2365
17540 2365
17541 2365
17542 2365
17543 2365
17544 2365
17545 2365
17546 2365
17547 2365
17548 2365
17549 2365
17550 2365
17551 2365
17552 2365
17553 2365
17554 2365
17555 2365
17556 2365
17557 2365
17558 2365
17559 2365
17560 2365
17561 2361
17562 2361
17563 2361
17564 2361
17565 2361
17566 2361
17567 2354
17568 2354
17569 2354
17570 2354
17571 2354
17572 2354
17573 2354
17574 2354
17575 2354
17576 2354
17577 2354
17578 2354
17579 2354
17580 2354
17581 2354
17582 2354
17583 2354
17584 2354
17585 2354
17586 2354
17587 2354
17588 2354
17589 2354
17590 2354
17591 2354
17592 2354
17593 2354
17594 2354
17595 2354
17596 2354
17597 2354
17598 2354
17599 2354
17600 2354
17601 2354
17602 2354
17603 2354
17604 2354
17605 2354
17606 2354
17607 2354
17608 2354
17609 2354
17610 2354
17611 2354
17612 2354
17613 2354
17614 2354
17615 2354
17616 2354
17617 2354
17618 2354
17619 2354
17620 2354
17621 2354
17622 2354
17623 2354
17624 2354
17625 2354
17626 2354
17627 2354
17628 2354
17629 2354
17630 2354
17631 2354
17632 2354
17633 2354
17634 2354
17635 2354
17636 2354
17637 2354
17638 2354
17639 2354
17640 2354
17641 2354
17642 2354
17643 2354
17644 2354
17645 2354
17646 2354
17647 2354
17648 2354
17649 2354
17650 2354
17651 2354
17652 2354
17653 2354
17654 2354
17655 2354
17656 2354
17657 2354
17658 2354
17659 2354
17660 2354
17661 2354
17662 2354
17663 2354
17664 2354
17665 2354
17666 2354
17667 2354
17668 2354
17669 2354
17670 2354
17671 2354
17672 2354
17673 2354
17674 2354
17675 2354
17676 2354
17677 2354
17678 2354
17679 2354
17680 2354
17681 2354
17682 2354
17683 2354
17684 2354
17685 2354
17686 2354
17687 2354
17688 2354
17689 2354
17690 2354
17691 2354
17692 2354
17693 2354
17694 2354
17695 2354
17696 2354
17697 2354
17698 2354
17699 2354
17700 2354
17701 2354
17702 2354
17703 2354
17704 2354
17705 2354
17706 2354
17707 2354
17708 2354
17709 2354
17710 2354
17711 2354
17712 2354
17713 2354
17714 2354
17715 2354
17716 2354
17717 2354
17718 2354
17719 2354
17720 2354
17721 2354
17722 2354
17723 2354
17724 2354
17725 2354
17726 2354
17727 2354
17728 2354
17729 2354
17730 2354
17731 2354
17732 2354
17733 2354
17734 2354
17735 2354
17736 2354
17737 2354
17738 2354
17739 2354
17740 2354
17741 2354
17742 2354
17743 2354
17744 2354
17745 2354
17746 2354
17747 2354
17748 2354
17749 2354
17750 2354
17751 2354
17752 2354
17753 2354
17754 2354
17755 2354
17756 2354
17757 2354
17758 2354
17759 2353
17760 2353
17761 2353
17762 2353
17763 2353
17764 2353
17765 2353
17766 2353
17767 2353
17768 2353
17769 2353
17770 2353
17771 2353
17772 2353
17773 2353
17774 2353
17775 2353
17776 2353
17777 2353
17778 2353
17779 2343
17780 2343
17781 2343
17782 2343
17783 2343
17784 2343
17785 2343
17786 2343
17787 2343
17788 2343
17789 2343
17790 2343
17791 2343
17792 2343
17793 2343
17794 2343
17795 2343
17796 2343
17797 2343
17798 2343
17799 2343
17800 2343
17801 2343
17802 2343
17803 2343
17804 2343
17805 2343
17806 2343
17807 2343
17808 2343
17809 2343
17810 2343
17811 2343
17812 2343
17813 2343
17814 2343
17815 2343
17816 2343
17817 2343
17818 2343
17819 2343
17820 2343
17821 2343
17822 2343
17823 2343
17824 2343
17825 2343
17826 2343
17827 2343
17828 2343
17829 2343
17830 2343
17831 2343
17832 2343
17833 2343
17834 2343
17835 2343
17836 2343
17837 2343
17838 2343
17839 2343
17840 2343
17841 2343
17842 2343
17843 2343
17844 2343
17845 2343
17846 2343
17847 2343
17848 2343
17849 2343
17850 2343
17851 2343
17852 2343
17853 2343
17854 2343
17855 2343
17856 2343
17857 2343
17858 2343
17859 2343
17860 2343
17861 2343
17862 2343
17863 2343
17864 2343
17865 2343
17866 2343
17867 2343
17868 2343
17869 2343
17870 2343
17871 2343
17872 2343
17873 2343
17874 2343
17875 2343
17876 2343
17877 2343
17878 2343
17879 2343
17880 2343
17881 2343
17882 2343
17883 2343
17884 2343
17885 2343
17886 2343
17887 2343
17888 2343
17889 2343
17890 2343
17891 2343
17892 2343
17893 2343
17894 2343
17895 2343
17896 2343
17897 2343
17898 2343
17899 2343
17900 2343
17901 2343
17902 2343
17903 2343
17904 2343
17905 2343
17906 2343
17907 2343
17908 2343
17909 2343
17910 2343
17911 2343
17912 2343
17913 2343
17914 2343
17915 2343
17916 2343
17917 2343
17918 2343
17919 2337
17920 2337
17921 2337
17922 2337
17923 2337
17924 2337
17925 2337
17926 2337
17927 2337
17928 2337
17929 2337
17930 2337
17931 2337
17932 2337
17933 2337
17934 2337
17935 2337
17936 2337
17937 2337
17938 2337
17939 2337
17940 2337
17941 2337
17942 2337
17943 2337
17944 2337
17945 2337
17946 2337
17947 2337
17948 2337
17949 2337
17950 2337
17951 2337
17952 2337
17953 2337
17954 2337
17955 2337
17956 2337
17957 2337
17958 2330
17959 2330
17960 2330
17961 2330
17962 2330
17963 2330
17964 2330
17965 2330
17966 2330
17967 2330
17968 2330
17969 2330
17970 2330
17971 2330
17972 2330
17973 2330
17974 2330
17975 2330
17976 2330
17977 2330
17978 2330
17979 2330
17980 2330
17981 2330
17982 2330
17983 2330
17984 2330
17985 2330
17986 2330
17987 2330
17988 2330
17989 2330
17990 2330
17991 2330
17992 2330
17993 2330
17994 2330
17995 2330
17996 2330
17997 2330
17998 2330
17999 2330
18000 2330
18001 2330
18002 2330
18003 2330
18004 2330
18005 2330
18006 2330
18007 2330
18008 2330
18009 2330
18010 2330
18011 2330
18012 2330
18013 2330
18014 2330
18015 2330
18016 2330
18017 2330
18018 2330
18019 2330
18020 2330
18021 2330
18022 2330
18023 2330
18024 2330
18025 2330
18026 2330
18027 2330
18028 2330
18029 2330
18030 2330
18031 2330
18032 2330
18033 2330
18034 2330
18035 2330
18036 2330
18037 2330
18038 2330
18039 2330
18040 2330
18041 2330
18042 2330
18043 2330
18044 2330
18045 2330
18046 2330
18047 2330
18048 2330
18049 2330
18050 2330
18051 2330
18052 2330
18053 2330
18054 2330
18055 2330
18056 2330
18057 2330
18058 2330
18059 2330
18060 2330
18061 2330
18062 2330
18063 2330
18064 2330
18065 2330
18066 2330
18067 2330
18068 2330
18069 2330
18070 2330
18071 2330
18072 2330
18073 2330
18074 2330
18075 2330
18076 2330
18077 2330
18078 2330
18079 2330
18080 2330
18081 2330
18082 2330
18083 2330
18084 2330
18085 2330
18086 2330
18087 2330
18088 2330
18089 2330
18090 2330
18091 2330
18092 2330
18093 2330
18094 2330
18095 2330
18096 2330
18097 2330
18098 2330
18099 2330
18100 2330
18101 2330
18102 2330
18103 2330
18104 2330
18105 2330
18106 2330
18107 2330
18108 2330
18109 2330
18110 2330
18111 2330
18112 2330
18113 2330
18114 2330
18115 2330
18116 2330
18117 2330
18118 2330
18119 2330
18120 2330
18121 2330
18122 2330
18123 2330
18124 2330
18125 2330
18126 2330
18127 2330
18128 2330
18129 2330
18130 2330
18131 2330
18132 2330
18133 2330
18134 2330
18135 2330
18136 2330
18137 2330
18138 2330
18139 2330
18140 2330
18141 2330
18142 2330
18143 2330
18144 2330
18145 2330
18146 2330
18147 2330
18148 2330
18149 2330
18150 2330
18151 2330
18152 2330
18153 2330
18154 2330
18155 2330
18156 2330
18157 2330
18158 2330
18159 2330
18160 2330
18161 2330
18162 2330
18163 2330
18164 2330
18165 2330
18166 2330
18167 2330
18168 2330
18169 2330
18170 2330
18171 2330
18172 2330
18173 2330
18174 2330
18175 2330
18176 2330
18177 2330
18178 2330
18179 2330
18180 2330
18181 2330
18182 2330
18183 2330
18184 2330
18185 2330
18186 2330
18187 2330
18188 2330
18189 2330
18190 2330
18191 2330
18192 2330
18193 2330
18194 2330
18195 2330
18196 2330
18197 2330
18198 2330
18199 2330
18200 2330
18201 2330
18202 2330
18203 2330
18204 2330
18205 2330
18206 2330
18207 2330
18208 2330
18209 2330
18210 2330
18211 2330
18212 2330
18213 2330
18214 2330
18215 2330
18216 2330
18217 2330
18218 2330
18219 2330
18220 2330
18221 2330
18222 2330
18223 2330
18224 2330
18225 2330
18226 2330
18227 2330
18228 2330
18229 2330
18230 2330
18231 2330
18232 2330
18233 2330
18234 2330
18235 2330
18236 2330
18237 2330
18238 2330
18239 2330
18240 2330
18241 2330
18242 2330
18243 2330
18244 2330
18245 2330
18246 2330
18247 2330
18248 2330
18249 2330
18250 2330
18251 2330
18252 2330
18253 2330
18254 2330
18255 2330
18256 2330
18257 2330
18258 2330
18259 2330
18260 2330
18261 2330
18262 2330
18263 2330
18264 2330
18265 2330
18266 2330
18267 2330
18268 2330
18269 2330
18270 2330
18271 2330
18272 2330
18273 2330
18274 2330
18275 2330
18276 2330
18277 2330
18278 2330
18279 2330
18280 2330
18281 2330
18282 2330
18283 2330
18284 2330
18285 2330
18286 2330
18287 2330
18288 2317
18289 2317
18290 2317
18291 2317
18292 2317
18293 2317
18294 2317
18295 2317
18296 2317
18297 2317
18298 2317
18299 2317
18300 2317
18301 2317
18302 2317
18303 2317
18304 2317
18305 2317
18306 2317
18307 2317
18308 2317
18309 2317
18310 2317
18311 2317
18312 2317
18313 2317
18314 2317
18315 2317
18316 2317
18317 2317
18318 2317
18319 2317
18320 2317
18321 2317
18322 2317
18323 2317
18324 2317
18325 2317
18326 2317
18327 2317
18328 2317
18329 2317
18330 2317
18331 2317
18332 2317
18333 2317
18334 2317
18335 2317
18336 2317
18337 2317
18338 2317
18339 2317
18340 2317
18341 2317
18342 2317
18343 2317
18344 2317
18345 2317
18346 2317
18347 2317
18348 2317
18349 2317
18350 2317
18351 2317
18352 2317
18353 2317
18354 2317
18355 2317
18356 2317
18357 2317
18358 2317
18359 2317
18360 2317
18361 2317
18362 2317
18363 2317
18364 2317
18365 2317
18366 2317
18367 2317
18368 2317
18369 2317
18370 2317
18371 2317
18372 2317
18373 2317
18374 2317
18375 2317
18376 2317
18377 2317
18378 2317
18379 2317
18380 2317
18381 2317
18382 2317
18383 2317
18384 2317
18385 2317
18386 2317
18387 2317
18388 2317
18389 2317
18390 2317
18391 2317
18392 2317
18393 2317
18394 2317
18395 2317
18396 2317
18397 2317
18398 2317
18399 2317
18400 2317
18401 2317
18402 2317
18403 2317
18404 2317
18405 2317
18406 2317
18407 2317
18408 2317
18409 2317
18410 2317
18411 2317
18412 2317
18413 2317
18414 2317
18415 2317
18416 2317
18417 2317
18418 2317
18419 2317
18420 2317
18421 2317
18422 2317
18423 2317
18424 2317
18425 2317
18426 2317
18427 2317
18428 2317
18429 2317
18430 2317
18431 2317
18432 2317
18433 2317
18434 2317
18435 2317
18436 2317
18437 2317
18438 2317
18439 2317
18440 2317
18441 2317
18442 2317
18443 2317
18444 2317
18445 2317
18446 2317
18447 2317
18448 2317
18449 2317
18450 2317
18451 2317
18452 2317
18453 2317
18454 2317
18455 2317
18456 2317
18457 2317
18458 2317
18459 2317
18460 2317
18461 2317
18462 2317
18463 2317
18464 2317
18465 2317
18466 2317
18467 2317
18468 2317
18469 2317
18470 2317
18471 2317
18472 2317
18473 2317
18474 2317
18475 2317
18476 2317
18477 2317
18478 2317
18479 2317
18480 2317
18481 2317
18482 2317
18483 2317
18484 2317
18485 2317
18486 2317
18487 2317
18488 2317
18489 2317
18490 2317
18491 2317
18492 2317
18493 2317
18494 2317
18495 2317
18496 2317
18497 2317
18498 2317
18499 2317
18500 2317
18501 2317
18502 2317
18503 2317
18504 2317
18505 2317
18506 2317
18507 2317
18508 2317
18509 2317
18510 2317
18511 2317
18512 2317
18513 2317
18514 2317
18515 2317
18516 2317
18517 2317
18518 2317
18519 2317
18520 2317
18521 2317
18522 2317
18523 2317
18524 2317
18525 2317
18526 2317
18527 2317
18528 2317
18529 2317
18530 2317
18531 2317
18532 2317
18533 2317
18534 2317
18535 2317
18536 2317
18537 2317
18538 2317
18539 2317
18540 2317
18541 2317
18542 2317
18543 2317
18544 2317
18545 2317
18546 2317
18547 2317
18548 2317
18549 2317
18550 2317
18551 2317
18552 2317
18553 2317
18554 2317
18555 2317
18556 2317
18557 2317
18558 2317
18559 2317
18560 2317
18561 2317
18562 2317
18563 2317
18564 2317
18565 2317
18566 2317
18567 2317
18568 2317
18569 2317
18570 2317
18571 2317
18572 2317
18573 2317
18574 2317
18575 2317
18576 2317
18577 2317
18578 2317
18579 2317
18580 2317
18581 2317
18582 2317
18583 2317
18584 2317
18585 2317
18586 2317
18587 2317
18588 2317
18589 2317
18590 2317
18591 2317
18592 2317
18593 2317
18594 2317
18595 2317
18596 2317
18597 2317
18598 2317
18599 2317
18600 2317
18601 2317
18602 2317
18603 2317
18604 2317
18605 2317
18606 2317
18607 2317
18608 2317
18609 2317
18610 2317
18611 2317
18612 2317
18613 2317
18614 2317
18615 2317
18616 2317
18617 2317
18618 2317
18619 2317
18620 2317
18621 2317
18622 2317
18623 2317
18624 2317
18625 2317
18626 2317
18627 2317
18628 2317
18629 2317
18630 2317
18631 2317
18632 2317
18633 2317
18634 2317
18635 2317
18636 2317
18637 2317
18638 2317
18639 2317
18640 2317
18641 2317
18642 2317
18643 2317
18644 2317
18645 2317
18646 2317
18647 2317
18648 2317
18649 2317
18650 2317
18651 2317
18652 2317
18653 2317
18654 2317
18655 2317
18656 2317
18657 2317
18658 2317
18659 2317
18660 2317
18661 2317
18662 2317
18663 2317
18664 2317
18665 2317
18666 2317
18667 2317
18668 2317
18669 2317
18670 2317
18671 2317
18672 2317
18673 2317
18674 2317
18675 2317
18676 2317
18677 2317
18678 2317
18679 2317
18680 2317
18681 2317
18682 2317
18683 2317
18684 2317
18685 2317
18686 2317
18687 2317
18688 2317
18689 2317
18690 2317
18691 2317
18692 2317
18693 2317
18694 2317
18695 2317
18696 2317
18697 2317
18698 2317
18699 2317
18700 2317
18701 2317
18702 2317
18703 2317
18704 2317
18705 2317
18706 2317
18707 2317
18708 2317
18709 2317
18710 2317
18711 2317
18712 2317
18713 2317
18714 2317
18715 2317
18716 2317
18717 2317
18718 2317
18719 2317
18720 2317
18721 2317
18722 2317
18723 2317
18724 2317
18725 2317
18726 2317
18727 2317
18728 2317
18729 2317
18730 2317
18731 2317
18732 2317
18733 2317
18734 2317
18735 2317
18736 2317
18737 2317
18738 2317
18739 2316
18740 2316
18741 2316
18742 2316
18743 2316
18744 2316
18745 2316
18746 2316
18747 2316
18748 2316
18749 2316
18750 2316
18751 2316
18752 2316
18753 2316
18754 2316
18755 2316
18756 2316
18757 2316
18758 2316
18759 2316
18760 2316
18761 2316
18762 2316
18763 2316
18764 2316
18765 2316
18766 2316
18767 2316
18768 2316
18769 2316
18770 2316
18771 2316
18772 2316
18773 2316
18774 2316
18775 2316
18776 2316
18777 2316
18778 2316
18779 2316
18780 2316
18781 2316
18782 2316
18783 2316
18784 2316
18785 2316
18786 2316
18787 2316
18788 2316
18789 2316
18790 2316
18791 2316
18792 2316
18793 2316
18794 2316
18795 2316
18796 2316
18797 2316
18798 2316
18799 2316
18800 2316
18801 2316
18802 2316
18803 2316
18804 2316
18805 2316
18806 2316
18807 2316
18808 2316
18809 2316
18810 2316
18811 2316
18812 2316
18813 2316
18814 2316
18815 2316
18816 2316
18817 2316
18818 2316
18819 2316
18820 2316
18821 2316
18822 2316
18823 2316
18824 2316
18825 2316
18826 2316
18827 2316
18828 2316
18829 2316
18830 2316
18831 2316
18832 2316
18833 2316
18834 2316
18835 2316
18836 2316
18837 2316
18838 2316
18839 2316
18840 2316
18841 2316
18842 2316
18843 2316
18844 2316
18845 2316
18846 2316
18847 2316
18848 2316
18849 2316
18850 2316
18851 2316
18852 2316
18853 2316
18854 2316
18855 2316
18856 2316
18857 2316
18858 2316
18859 2316
18860 2316
18861 2316
18862 2316
18863 2316
18864 2316
18865 2316
18866 2316
18867 2316
18868 2316
18869 2316
18870 2316
18871 2316
18872 2316
18873 2316
18874 2316
18875 2316
18876 2316
18877 2316
18878 2316
18879 2316
18880 2316
18881 2316
18882 2316
18883 2316
18884 2316
18885 2316
18886 2316
18887 2316
18888 2316
18889 2316
18890 2313
18891 2313
18892 2313
18893 2313
18894 2313
18895 2313
18896 2313
18897 2313
18898 2313
18899 2313
18900 2313
18901 2313
18902 2313
18903 2313
18904 2313
18905 2313
18906 2313
18907 2313
18908 2313
18909 2313
18910 2313
18911 2313
18912 2313
18913 2313
18914 2313
18915 2313
18916 2303
18917 2303
18918 2303
18919 2303
18920 2303
18921 2303
18922 2303
18923 2303
18924 2303
18925 2303
18926 2303
18927 2303
18928 2303
18929 2303
18930 2303
18931 2303
18932 2303
18933 2303
18934 2303
18935 2303
18936 2303
18937 2303
18938 2303
18939 2303
18940 2303
18941 2303
18942 2303
18943 2303
18944 2303
18945 2303
18946 2303
18947 2303
18948 2303
18949 2303
18950 2303
18951 2303
18952 2303
18953 2303
18954 2303
18955 2303
18956 2303
18957 2303
18958 2303
18959 2303
18960 2303
18961 2303
18962 2303
18963 2303
18964 2303
18965 2303
18966 2303
18967 2303
18968 2303
18969 2303
18970 2303
18971 2303
18972 2303
18973 2303
18974 2303
18975 2293
18976 2293
18977 2293
18978 2293
18979 2293
18980 2293
18981 2293
18982 2293
18983 2293
18984 2293
18985 2293
18986 2293
18987 2293
18988 2293
18989 2293
18990 2293
18991 2293
18992 2293
18993 2293
18994 2293
18995 2293
18996 2293
18997 2293
18998 2293
18999 2293
19000 2293
19001 2293
19002 2293
19003 2293
19004 2293
19005 2293
19006 2293
19007 2293
19008 2293
19009 2293
19010 2293
19011 2293
19012 2293
19013 2293
19014 2293
19015 2293
19016 2293
19017 2293
19018 2293
19019 2293
19020 2293
19021 2293
19022 2293
19023 2293
19024 2293
19025 2293
19026 2293
19027 2293
19028 2293
19029 2293
19030 2293
19031 2293
19032 2293
19033 2293
19034 2293
19035 2293
19036 2293
19037 2293
19038 2293
19039 2293
19040 2293
19041 2293
19042 2293
19043 2293
19044 2293
19045 2293
19046 2293
19047 2293
19048 2293
19049 2293
19050 2293
19051 2293
19052 2293
19053 2293
19054 2293
19055 2293
19056 2293
19057 2293
19058 2293
19059 2293
19060 2293
19061 2293
19062 2293
19063 2293
19064 2293
19065 2293
19066 2293
19067 2293
19068 2293
19069 2293
19070 2293
19071 2293
19072 2293
19073 2293
19074 2293
19075 2293
19076 2293
19077 2293
19078 2293
19079 2293
19080 2293
19081 2293
19082 2293
19083 2293
19084 2293
19085 2293
19086 2293
19087 2293
19088 2293
19089 2293
19090 2293
19091 2293
19092 2293
19093 2293
19094 2293
19095 2293
19096 2293
19097 2293
19098 2293
19099 2293
19100 2293
19101 2293
19102 2293
19103 2293
19104 2293
19105 2293
19106 2293
19107 2293
19108 2293
19109 2293
19110 2293
19111 2293
19112 2293
19113 2293
19114 2293
19115 2293
19116 2293
19117 2293
19118 2293
19119 2293
19120 2293
19121 2293
19122 2293
19123 2293
19124 2293
19125 2293
19126 2293
19127 2293
19128 2293
19129 2293
19130 2293
19131 2293
19132 2293
19133 2293
19134 2293
19135 2293
19136 2293
19137 2293
19138 2293
19139 2293
19140 2293
19141 2293
19142 2293
19143 2293
19144 2293
19145 2293
19146 2293
19147 2293
19148 2293
19149 2293
19150 2293
19151 2293
19152 2293
19153 2293
19154 2293
19155 2293
19156 2293
19157 2293
19158 2293
19159 2293
19160 2293
19161 2293
19162 2293
19163 2293
19164 2293
19165 2293
19166 2293
19167 2293
19168 2293
19169 2293
19170 2293
19171 2293
19172 2293
19173 2293
19174 2293
19175 2293
19176 2293
19177 2293
19178 2293
19179 2293
19180 2293
19181 2293
19182 2293
19183 2293
19184 2293
19185 2293
19186 2293
19187 2293
19188 2293
19189 2293
19190 2293
19191 2293
19192 2293
19193 2293
19194 2293
19195 2293
19196 2293
19197 2293
19198 2293
19199 2293
19200 2293
19201 2293
19202 2293
19203 2293
19204 2293
19205 2293
19206 2293
19207 2293
19208 2293
19209 2293
19210 2293
19211 2293
19212 2293
19213 2293
19214 2293
19215 2293
19216 2293
19217 2293
19218 2293
19219 2293
19220 2293
19221 2293
19222 2293
19223 2293
19224 2293
19225 2293
19226 2293
19227 2293
19228 2293
19229 2293
19230 2293
19231 2293
19232 2293
19233 2293
19234 2293
19235 2293
19236 2293
19237 2293
19238 2293
19239 2293
19240 2293
19241 2293
19242 2293
19243 2293
19244 2293
19245 2293
19246 2293
19247 2293
19248 2293
19249 2293
19250 2293
19251 2293
19252 2293
19253 2293
19254 2293
19255 2293
19256 2293
19257 2293
19258 2293
19259 2293
19260 2293
19261 2293
19262 2293
19263 2293
19264 2293
19265 2293
19266 2293
19267 2293
19268 2293
19269 2293
19270 2293
19271 2293
19272 2293
19273 2293
19274 2293
19275 2293
19276 2293
19277 2293
19278 2293
19279 2293
19280 2293
19281 2293
19282 2293
19283 2293
19284 2293
19285 2293
19286 2293
19287 2293
19288 2293
19289 2293
19290 2293
19291 2293
19292 2293
19293 2293
19294 2293
19295 2293
19296 2293
19297 2293
19298 2293
19299 2293
19300 2293
19301 2293
19302 2293
19303 2293
19304 2293
19305 2293
19306 2293
19307 2293
19308 2293
19309 2293
19310 2293
19311 2293
19312 2293
19313 2293
19314 2293
19315 2293
19316 2293
19317 2293
19318 2293
19319 2293
19320 2293
19321 2293
19322 2293
19323 2293
19324 2293
19325 2293
19326 2293
19327 2293
19328 2293
19329 2293
19330 2293
19331 2293
19332 2293
19333 2293
19334 2293
19335 2293
19336 2293
19337 2293
19338 2293
19339 2293
19340 2293
19341 2293
19342 2293
19343 2293
19344 2293
19345 2293
19346 2293
19347 2293
19348 2293
19349 2293
19350 2293
19351 2293
19352 2293
19353 2293
19354 2293
19355 2293
19356 2293
19357 2293
19358 2293
19359 2293
19360 2293
19361 2293
19362 2293
19363 2293
19364 2293
19365 2293
19366 2293
19367 2293
19368 2293
19369 2293
19370 2293
19371 2293
19372 2293
19373 2293
19374 2293
19375 2293
19376 2293
19377 2293
19378 2293
19379 2293
19380 2293
19381 2293
19382 2293
19383 2293
19384 2293
19385 2293
19386 2293
19387 2293
19388 2293
19389 2293
19390 2293
19391 2293
19392 2293
19393 2293
19394 2293
19395 2293
19396 2293
19397 2293
19398 2293
19399 2293
19400 2293
19401 2293
19402 2293
19403 2293
19404 2293
19405 2293
19406 2293
19407 2293
19408 2293
19409 2293
19410 2293
19411 2293
19412 2293
19413 2293
19414 2293
19415 2293
19416 2293
19417 2293
19418 2293
19419 2293
19420 2293
19421 2293
19422 2293
19423 2293
19424 2293
19425 2293
19426 2293
19427 2293
19428 2293
19429 2293
19430 2293
19431 2293
19432 2293
19433 2293
19434 2293
19435 2293
19436 2293
19437 2293
19438 2293
19439 2293
19440 2293
19441 2293
19442 2293
19443 2293
19444 2293
19445 2293
19446 2293
19447 2293
19448 2293
19449 2293
19450 2293
19451 2293
19452 2293
19453 2293
19454 2293
19455 2293
19456 2293
19457 2293
19458 2293
19459 2293
19460 2293
19461 2293
19462 2293
19463 2293
19464 2293
19465 2293
19466 2293
19467 2293
19468 2293
19469 2293
19470 2293
19471 2293
19472 2293
19473 2293
19474 2293
19475 2293
19476 2293
19477 2293
19478 2293
19479 2293
19480 2293
19481 2293
19482 2293
19483 2293
19484 2293
19485 2293
19486 2293
19487 2293
19488 2293
19489 2293
19490 2293
19491 2293
19492 2293
19493 2293
19494 2293
19495 2293
19496 2293
19497 2293
19498 2293
19499 2293
19500 2293
19501 2293
19502 2293
19503 2293
19504 2293
19505 2293
19506 2293
19507 2293
19508 2293
19509 2293
19510 2293
19511 2293
19512 2293
19513 2293
19514 2293
19515 2293
19516 2293
19517 2293
19518 2293
19519 2293
19520 2293
19521 2293
19522 2293
19523 2293
19524 2293
19525 2293
19526 2293
19527 2293
19528 2293
19529 2293
19530 2293
19531 2293
19532 2293
19533 2293
19534 2293
19535 2293
19536 2293
19537 2293
19538 2293
19539 2293
19540 2293
19541 2293
19542 2293
19543 2293
19544 2293
19545 2293
19546 2293
19547 2293
19548 2293
19549 2293
19550 2293
19551 2293
19552 2293
19553 2293
19554 2293
19555 2293
19556 2293
19557 2293
19558 2293
19559 2293
19560 2293
19561 2293
19562 2293
19563 2293
19564 2293
19565 2293
19566 2293
19567 2293
19568 2293
19569 2293
19570 2293
19571 2293
19572 2293
19573 2293
19574 2293
19575 2293
19576 2293
19577 2293
19578 2293
19579 2293
19580 2293
19581 2293
19582 2293
19583 2293
19584 2293
19585 2293
19586 2293
19587 2293
19588 2293
19589 2293
19590 2293
19591 2293
19592 2293
19593 2293
19594 2293
19595 2293
19596 2293
19597 2293
19598 2293
19599 2293
19600 2293
19601 2293
19602 2293
19603 2293
19604 2293
19605 2293
19606 2293
19607 2293
19608 2293
19609 2293
19610 2293
19611 2293
19612 2293
19613 2293
19614 2293
19615 2293
19616 2293
19617 2293
19618 2293
19619 2293
19620 2293
19621 2293
19622 2293
19623 2293
19624 2293
19625 2293
19626 2293
19627 2293
19628 2293
19629 2293
19630 2293
19631 2293
19632 2293
19633 2293
19634 2293
19635 2293
19636 2293
19637 2293
19638 2293
19639 2293
19640 2293
19641 2293
19642 2293
19643 2293
19644 2293
19645 2293
19646 2293
19647 2293
19648 2293
19649 2293
19650 2293
19651 2293
19652 2293
19653 2293
19654 2293
19655 2293
19656 2293
19657 2293
19658 2293
19659 2293
19660 2293
19661 2293
19662 2293
19663 2293
19664 2293
19665 2293
19666 2293
19667 2293
19668 2293
19669 2293
19670 2293
19671 2293
19672 2293
19673 2293
19674 2293
19675 2293
19676 2293
19677 2293
19678 2293
19679 2293
19680 2293
19681 2293
19682 2293
19683 2293
19684 2293
19685 2293
19686 2293
19687 2293
19688 2293
19689 2293
19690 2293
19691 2293
19692 2293
19693 2293
19694 2293
19695 2293
19696 2293
19697 2293
19698 2293
19699 2293
19700 2293
19701 2293
19702 2293
19703 2293
19704 2293
19705 2293
19706 2293
19707 2293
19708 2293
19709 2293
19710 2293
19711 2293
19712 2293
19713 2293
19714 2293
19715 2293
19716 2293
19717 2293
19718 2293
19719 2293
19720 2293
19721 2293
19722 2293
19723 2293
19724 2293
19725 2293
19726 2293
19727 2293
19728 2293
19729 2293
19730 2293
19731 2293
19732 2293
19733 2293
19734 2293
19735 2293
19736 2293
19737 2293
19738 2293
19739 2293
19740 2293
19741 2293
19742 2293
19743 2293
19744 2293
19745 2293
19746 2293
19747 2293
19748 2293
19749 2293
19750 2293
19751 2293
19752 2293
19753 2293
19754 2293
19755 2293
19756 2293
19757 2293
19758 2293
19759 2293
19760 2293
19761 2293
19762 2293
19763 2293
19764 2293
19765 2293
19766 2293
19767 2293
19768 2293
19769 2293
19770 2293
19771 2293
19772 2293
19773 2293
19774 2293
19775 2293
19776 2293
19777 2293
19778 2293
19779 2293
19780 2293
19781 2293
19782 2293
19783 2293
19784 2293
19785 2293
19786 2293
19787 2293
19788 2293
19789 2293
19790 2293
19791 2293
19792 2293
19793 2293
19794 2293
19795 2293
19796 2293
19797 2293
19798 2293
19799 2293
19800 2293
19801 2293
19802 2293
19803 2293
19804 2293
19805 2293
19806 2293
19807 2293
19808 2293
19809 2293
19810 2293
19811 2293
19812 2293
19813 2293
19814 2293
19815 2293
19816 2293
19817 2293
19818 2293
19819 2293
19820 2293
19821 2293
19822 2293
19823 2293
19824 2293
19825 2293
19826 2293
19827 2293
19828 2293
19829 2293
19830 2293
19831 2293
19832 2293
19833 2293
19834 2293
19835 2293
19836 2293
19837 2293
19838 2293
19839 2293
19840 2293
19841 2293
19842 2293
19843 2293
19844 2293
19845 2293
19846 2293
19847 2293
19848 2293
19849 2293
19850 2293
19851 2293
19852 2293
19853 2293
19854 2293
19855 2293
19856 2293
19857 2293
19858 2293
19859 2293
19860 2293
19861 2293
19862 2293
19863 2293
19864 2293
19865 2293
19866 2293
19867 2293
19868 2293
19869 2293
19870 2293
19871 2293
19872 2293
19873 2293
19874 2293
19875 2293
19876 2293
19877 2293
19878 2293
19879 2293
19880 2293
19881 2293
19882 2293
19883 2293
19884 2293
19885 2293
19886 2293
19887 2293
19888 2293
19889 2293
19890 2293
19891 2293
19892 2293
19893 2293
19894 2293
19895 2293
19896 2293
19897 2293
19898 2293
19899 2293
19900 2293
19901 2293
19902 2293
19903 2293
19904 2293
19905 2293
19906 2293
19907 2293
19908 2293
19909 2293
19910 2293
19911 2293
19912 2293
19913 2293
19914 2293
19915 2293
19916 2293
19917 2293
19918 2293
19919 2293
19920 2293
19921 2293
19922 2293
19923 2293
19924 2293
19925 2293
19926 2293
19927 2293
19928 2293
19929 2293
19930 2293
19931 2293
19932 2293
19933 2293
19934 2293
19935 2293
19936 2293
19937 2293
19938 2293
19939 2293
19940 2293
19941 2293
19942 2293
19943 2293
19944 2293
19945 2293
19946 2293
19947 2293
19948 2293
19949 2293
19950 2293
19951 2293
19952 2293
19953 2293
19954 2293
19955 2293
19956 2293
19957 2293
19958 2293
19959 2293
19960 2293
19961 2293
19962 2293
19963 2293
19964 2293
19965 2293
19966 2293
19967 2293
19968 2293
19969 2293
19970 2293
19971 2293
19972 2293
19973 2293
19974 2293
19975 2293
19976 2293
19977 2293
19978 2293
19979 2293
19980 2293
19981 2293
19982 2293
19983 2293
19984 2293
19985 2293
19986 2293
19987 2293
19988 2293
19989 2293
19990 2293
19991 2293
19992 2293
19993 2293
19994 2293
19995 2293
19996 2293
19997 2293
19998 2293
19999 2293
20000 2293
20001 2293
20002 2293
20003 2293
20004 2293
20005 2291
20006 2291
20007 2291
20008 2291
20009 2291
20010 2291
20011 2291
20012 2291
20013 2291
20014 2291
20015 2291
20016 2291
20017 2291
20018 2291
20019 2291
20020 2291
20021 2291
20022 2291
20023 2291
20024 2291
20025 2291
20026 2291
20027 2291
20028 2291
20029 2291
20030 2291
20031 2291
20032 2291
20033 2291
20034 2291
20035 2291
20036 2291
20037 2291
20038 2291
20039 2291
20040 2291
20041 2291
20042 2291
20043 2291
20044 2291
20045 2291
20046 2291
20047 2291
20048 2291
20049 2291
20050 2291
20051 2289
20052 2289
20053 2289
20054 2289
20055 2289
20056 2289
20057 2289
20058 2289
20059 2289
20060 2289
20061 2289
20062 2289
20063 2289
20064 2289
20065 2289
20066 2289
20067 2289
20068 2289
20069 2289
20070 2289
20071 2289
20072 2289
20073 2289
20074 2289
20075 2289
20076 2289
20077 2289
20078 2289
20079 2289
20080 2289
20081 2289
20082 2289
20083 2289
20084 2289
20085 2289
20086 2289
20087 2289
20088 2289
20089 2289
20090 2289
20091 2289
20092 2289
20093 2289
20094 2289
20095 2289
20096 2289
20097 2289
20098 2289
20099 2289
20100 2289
20101 2289
20102 2289
20103 2289
20104 2289
20105 2289
20106 2289
20107 2289
20108 2289
20109 2289
20110 2289
20111 2289
20112 2289
20113 2289
20114 2289
20115 2289
20116 2289
20117 2289
20118 2289
20119 2289
20120 2289
20121 2289
20122 2289
20123 2289
20124 2289
20125 2289
20126 2289
20127 2289
20128 2289
20129 2289
20130 2289
20131 2289
20132 2289
20133 2289
20134 2289
20135 2289
20136 2289
20137 2289
20138 2289
20139 2289
20140 2289
20141 2289
20142 2289
20143 2289
20144 2289
20145 2289
20146 2289
20147 2289
20148 2289
20149 2289
20150 2289
20151 2289
20152 2289
20153 2289
20154 2289
20155 2289
20156 2289
20157 2289
20158 2289
20159 2289
20160 2289
20161 2289
20162 2289
20163 2289
20164 2289
20165 2289
20166 2289
20167 2289
20168 2289
20169 2289
20170 2289
20171 2289
20172 2289
20173 2289
20174 2289
20175 2289
20176 2289
20177 2289
20178 2289
20179 2289
20180 2289
20181 2289
20182 2289
20183 2289
20184 2289
20185 2289
20186 2289
20187 2289
20188 2289
20189 2289
20190 2289
20191 2289
20192 2289
20193 2289
20194 2289
20195 2289
20196 2289
20197 2289
20198 2289
20199 2289
20200 2289
20201 2289
20202 2289
20203 2289
20204 2289
20205 2289
20206 2289
20207 2289
20208 2289
20209 2289
20210 2289
20211 2289
20212 2289
20213 2289
20214 2289
20215 2289
20216 2289
20217 2289
20218 2289
20219 2289
20220 2289
20221 2289
20222 2289
20223 2289
20224 2289
20225 2289
20226 2289
20227 2289
20228 2289
20229 2289
20230 2289
20231 2289
20232 2289
20233 2289
20234 2289
20235 2289
20236 2289
20237 2289
20238 2289
20239 2289
20240 2289
20241 2289
20242 2289
20243 2289
20244 2289
20245 2289
20246 2289
20247 2289
20248 2289
20249 2289
20250 2289
20251 2289
20252 2289
20253 2289
20254 2289
20255 2289
20256 2289
20257 2289
20258 2289
20259 2289
20260 2289
20261 2289
20262 2289
20263 2289
20264 2289
20265 2289
20266 2289
20267 2289
20268 2289
20269 2289
20270 2289
20271 2289
20272 2289
20273 2289
20274 2289
20275 2289
20276 2289
20277 2289
20278 2289
20279 2289
20280 2289
20281 2289
20282 2289
20283 2289
20284 2289
20285 2289
20286 2289
20287 2289
20288 2289
20289 2289
20290 2289
20291 2289
20292 2289
20293 2289
20294 2289
20295 2289
20296 2289
20297 2289
20298 2289
20299 2289
20300 2289
20301 2289
20302 2289
20303 2289
20304 2289
20305 2289
20306 2289
20307 2289
20308 2289
20309 2289
20310 2289
20311 2289
20312 2289
20313 2289
20314 2289
20315 2289
20316 2289
20317 2289
20318 2289
20319 2289
20320 2289
20321 2289
20322 2289
20323 2289
20324 2289
20325 2289
20326 2289
20327 2289
20328 2289
20329 2289
20330 2289
20331 2289
20332 2289
20333 2289
20334 2289
20335 2289
20336 2289
20337 2289
20338 2289
20339 2289
20340 2289
20341 2289
20342 2289
20343 2289
20344 2289
20345 2289
20346 2279
20347 2279
20348 2279
20349 2279
20350 2279
20351 2279
20352 2279
20353 2279
20354 2279
20355 2279
20356 2279
20357 2279
20358 2279
20359 2279
20360 2279
20361 2279
20362 2279
20363 2279
20364 2279
20365 2279
20366 2279
20367 2279
20368 2275
20369 2275
20370 2275
20371 2275
20372 2275
20373 2275
20374 2275
20375 2275
20376 2275
20377 2275
20378 2275
20379 2275
20380 2275
20381 2275
20382 2275
20383 2275
20384 2275
20385 2275
20386 2275
20387 2275
20388 2275
20389 2275
20390 2275
20391 2275
20392 2275
20393 2275
20394 2275
20395 2275
20396 2275
20397 2275
20398 2275
20399 2275
20400 2275
20401 2275
20402 2275
20403 2275
20404 2275
20405 2275
20406 2275
20407 2275
20408 2275
20409 2275
20410 2275
20411 2275
20412 2275
20413 2275
20414 2275
20415 2275
20416 2275
20417 2275
20418 2275
20419 2275
20420 2275
20421 2275
20422 2275
20423 2275
20424 2275
20425 2275
20426 2275
20427 2275
20428 2275
20429 2275
20430 2275
20431 2275
20432 2275
20433 2275
20434 2275
20435 2275
20436 2275
20437 2275
20438 2275
20439 2275
20440 2275
20441 2275
20442 2275
20443 2275
20444 2275
20445 2275
20446 2275
20447 2275
20448 2275
20449 2275
20450 2275
20451 2275
20452 2275
20453 2275
20454 2275
20455 2275
20456 2275
20457 2275
20458 2275
20459 2275
20460 2275
20461 2275
20462 2275
20463 2275
20464 2275
20465 2275
20466 2275
20467 2275
20468 2275
20469 2275
20470 2275
20471 2275
20472 2275
20473 2275
20474 2275
20475 2275
20476 2275
20477 2275
20478 2275
20479 2275
20480 2275
20481 2275
20482 2275
20483 2275
20484 2275
20485 2275
20486 2275
20487 2275
20488 2275
20489 2275
20490 2275
20491 2275
20492 2275
20493 2275
20494 2275
20495 2275
20496 2275
20497 2275
20498 2275
20499 2275
20500 2275
20501 2275
20502 2275
20503 2275
20504 2275
20505 2275
20506 2275
20507 2275
20508 2275
20509 2275
20510 2275
20511 2275
20512 2275
20513 2275
20514 2275
20515 2275
20516 2275
20517 2275
20518 2275
20519 2275
20520 2275
20521 2275
20522 2275
20523 2275
20524 2275
20525 2275
20526 2275
20527 2275
20528 2275
20529 2275
20530 2275
20531 2275
20532 2275
20533 2275
20534 2275
20535 2275
20536 2275
20537 2275
20538 2275
20539 2275
20540 2275
20541 2275
20542 2275
20543 2275
20544 2275
20545 2275
20546 2275
20547 2275
20548 2275
20549 2275
20550 2275
20551 2275
20552 2275
20553 2275
20554 2275
20555 2275
20556 2275
20557 2275
20558 2275
20559 2275
20560 2275
20561 2275
20562 2275
20563 2275
20564 2275
20565 2275
20566 2275
20567 2275
20568 2275
20569 2275
20570 2275
20571 2275
20572 2275
20573 2275
20574 2275
20575 2275
20576 2275
20577 2275
20578 2275
20579 2275
20580 2275
20581 2275
20582 2275
20583 2275
20584 2275
20585 2275
20586 2275
20587 2275
20588 2275
20589 2275
20590 2275
20591 2275
20592 2275
20593 2275
20594 2275
20595 2275
20596 2275
20597 2275
20598 2275
20599 2275
20600 2275
20601 2275
20602 2275
20603 2275
20604 2275
20605 2275
20606 2275
20607 2275
20608 2275
20609 2275
20610 2275
20611 2275
20612 2275
20613 2275
20614 2275
20615 2275
20616 2275
20617 2275
20618 2275
20619 2275
20620 2275
20621 2275
20622 2275
20623 2275
20624 2275
20625 2275
20626 2275
20627 2275
20628 2275
20629 2275
20630 2275
20631 2275
20632 2275
20633 2275
20634 2275
20635 2275
20636 2275
20637 2275
20638 2275
20639 2275
20640 2275
20641 2275
20642 2275
20643 2275
20644 2275
20645 2275
20646 2275
20647 2275
20648 2275
20649 2275
20650 2275
20651 2275
20652 2275
20653 2275
20654 2275
20655 2275
20656 2275
20657 2275
20658 2275
20659 2275
20660 2275
20661 2275
20662 2275
20663 2275
20664 2275
20665 2275
20666 2275
20667 2275
20668 2275
20669 2275
20670 2275
20671 2275
20672 2275
20673 2275
20674 2275
20675 2275
20676 2275
20677 2275
20678 2275
20679 2275
20680 2275
20681 2275
20682 2275
20683 2275
20684 2275
20685 2275
20686 2275
20687 2275
20688 2275
20689 2275
20690 2275
20691 2275
20692 2275
20693 2275
20694 2275
20695 2275
20696 2275
20697 2275
20698 2275
20699 2275
20700 2275
20701 2275
20702 2275
20703 2275
20704 2275
20705 2275
20706 2275
20707 2275
20708 2275
20709 2275
20710 2275
20711 2275
20712 2275
20713 2275
20714 2275
20715 2275
20716 2275
20717 2275
20718 2275
20719 2275
20720 2275
20721 2275
20722 2275
20723 2275
20724 2275
20725 2275
20726 2275
20727 2275
20728 2275
20729 2275
20730 2275
20731 2275
20732 2275
20733 2275
20734 2275
20735 2275
20736 2275
20737 2275
20738 2275
20739 2275
20740 2275
20741 2275
20742 2275
20743 2275
20744 2275
20745 2275
20746 2275
20747 2275
20748 2275
20749 2275
20750 2275
20751 2275
20752 2275
20753 2275
20754 2275
20755 2275
20756 2275
20757 2275
20758 2275
20759 2275
20760 2275
20761 2275
20762 2275
20763 2275
20764 2275
20765 2275
20766 2275
20767 2275
20768 2275
20769 2275
20770 2275
20771 2275
20772 2275
20773 2275
20774 2275
20775 2275
20776 2275
20777 2275
20778 2275
20779 2275
20780 2275
20781 2275
20782 2275
20783 2275
20784 2275
20785 2275
20786 2275
20787 2275
20788 2275
20789 2275
20790 2275
20791 2275
20792 2275
20793 2275
20794 2275
20795 2275
20796 2275
20797 2275
20798 2275
20799 2275
20800 2275
20801 2275
20802 2275
20803 2275
20804 2275
20805 2275
20806 2275
20807 2275
20808 2275
20809 2275
20810 2275
20811 2275
20812 2275
20813 2270
20814 2270
20815 2270
20816 2270
20817 2270
20818 2270
20819 2270
20820 2270
20821 2270
20822 2270
20823 2270
20824 2270
20825 2270
20826 2270
20827 2270
20828 2270
20829 2270
20830 2270
20831 2270
20832 2270
20833 2270
20834 2270
20835 2270
20836 2270
20837 2270
20838 2270
20839 2270
20840 2270
20841 2270
20842 2270
20843 2270
20844 2270
20845 2270
20846 2270
20847 2270
20848 2270
20849 2270
20850 2270
20851 2270
20852 2270
20853 2270
20854 2270
20855 2270
20856 2270
20857 2270
20858 2270
20859 2270
20860 2270
20861 2270
20862 2270
20863 2270
20864 2270
20865 2270
20866 2270
20867 2270
20868 2270
20869 2270
20870 2270
20871 2270
20872 2270
20873 2270
20874 2270
20875 2270
20876 2270
20877 2270
20878 2270
20879 2270
20880 2270
20881 2270
20882 2270
20883 2270
20884 2270
20885 2270
20886 2270
20887 2270
20888 2270
20889 2270
20890 2270
20891 2270
20892 2270
20893 2270
20894 2270
20895 2270
20896 2270
20897 2270
20898 2270
20899 2270
20900 2270
20901 2270
20902 2270
20903 2270
20904 2270
20905 2270
20906 2270
20907 2270
20908 2270
20909 2270
20910 2270
20911 2270
20912 2270
20913 2270
20914 2270
20915 2270
20916 2270
20917 2270
20918 2270
20919 2270
20920 2270
20921 2270
20922 2270
20923 2270
20924 2270
20925 2270
20926 2270
20927 2270
20928 2270
20929 2270
20930 2270
20931 2270
20932 2270
20933 2270
20934 2270
20935 2270
20936 2270
20937 2270
20938 2270
20939 2270
20940 2270
20941 2270
20942 2270
20943 2270
20944 2270
20945 2270
20946 2270
20947 2270
20948 2270
20949 2270
20950 2270
20951 2270
20952 2270
20953 2270
20954 2270
20955 2270
20956 2270
20957 2270
20958 2270
20959 2270
20960 2270
20961 2270
20962 2270
20963 2270
20964 2270
20965 2270
20966 2270
20967 2270
20968 2270
20969 2270
20970 2270
20971 2270
20972 2270
20973 2270
20974 2270
20975 2270
20976 2270
20977 2270
20978 2270
20979 2270
20980 2270
20981 2270
20982 2270
20983 2270
20984 2270
20985 2270
20986 2270
20987 2270
20988 2270
20989 2270
20990 2270
20991 2270
20992 2270
20993 2270
20994 2270
20995 2270
20996 2270
20997 2270
20998 2270
20999 2270
21000 2270
21001 2270
21002 2270
21003 2270
21004 2270
21005 2270
21006 2270
21007 2270
21008 2270
21009 2270
21010 2270
21011 2270
21012 2270
21013 2270
21014 2270
21015 2270
21016 2270
21017 2270
21018 2270
21019 2270
21020 2270
21021 2270
21022 2270
21023 2270
21024 2270
21025 2270
21026 2270
21027 2270
21028 2270
21029 2270
21030 2270
21031 2270
21032 2270
21033 2270
21034 2270
21035 2270
21036 2270
21037 2270
21038 2270
21039 2270
21040 2270
21041 2270
21042 2270
21043 2270
21044 2270
21045 2270
21046 2270
21047 2270
21048 2270
21049 2270
21050 2270
21051 2270
21052 2270
21053 2270
21054 2270
21055 2270
21056 2270
21057 2270
21058 2270
21059 2270
21060 2270
21061 2270
21062 2270
21063 2270
21064 2270
21065 2270
21066 2270
21067 2270
21068 2270
21069 2270
21070 2270
21071 2270
21072 2270
21073 2270
21074 2270
21075 2270
21076 2270
21077 2270
21078 2270
21079 2270
21080 2270
21081 2270
21082 2270
21083 2270
21084 2270
21085 2270
21086 2270
21087 2270
21088 2270
21089 2270
21090 2270
21091 2270
21092 2270
21093 2270
21094 2270
21095 2270
21096 2270
21097 2270
21098 2270
21099 2270
21100 2270
21101 2270
21102 2270
21103 2270
21104 2270
21105 2270
21106 2270
21107 2270
21108 2270
21109 2270
21110 2270
21111 2270
21112 2270
21113 2270
21114 2270
21115 2270
21116 2270
21117 2270
21118 2270
21119 2270
21120 2270
21121 2270
21122 2270
21123 2270
21124 2270
21125 2270
21126 2270
21127 2270
21128 2270
21129 2270
21130 2270
21131 2270
21132 2270
21133 2270
21134 2270
21135 2270
21136 2270
21137 2270
21138 2270
21139 2270
21140 2270
21141 2270
21142 2270
21143 2270
21144 2270
21145 2270
21146 2270
21147 2270
21148 2270
21149 2270
21150 2270
21151 2270
21152 2270
21153 2270
21154 2270
21155 2270
21156 2270
21157 2270
21158 2270
21159 2270
21160 2270
21161 2270
21162 2270
21163 2270
21164 2270
21165 2270
21166 2270
21167 2270
21168 2270
21169 2270
21170 2270
21171 2270
21172 2270
21173 2270
21174 2270
21175 2270
21176 2270
21177 2270
21178 2270
21179 2270
21180 2270
21181 2270
21182 2270
21183 2270
21184 2270
21185 2270
21186 2270
21187 2270
21188 2270
21189 2270
21190 2270
21191 2270
21192 2270
21193 2270
21194 2270
21195 2270
21196 2270
21197 2270
21198 2270
21199 2270
21200 2270
21201 2270
21202 2270
21203 2270
21204 2270
21205 2270
21206 2270
21207 2270
21208 2270
21209 2270
21210 2270
21211 2270
21212 2270
21213 2270
21214 2270
21215 2270
21216 2270
21217 2270
21218 2270
21219 2270
21220 2270
21221 2270
21222 2270
21223 2270
21224 2270
21225 2270
21226 2270
21227 2270
21228 2270
21229 2270
21230 2270
21231 2270
21232 2270
21233 2270
21234 2270
21235 2270
21236 2270
21237 2270
21238 2270
21239 2270
21240 2270
21241 2270
21242 2270
21243 2270
21244 2270
21245 2270
21246 2270
21247 2270
21248 2270
21249 2266
21250 2266
21251 2266
21252 2266
21253 2266
21254 2266
21255 2266
21256 2266
21257 2266
21258 2266
21259 2266
21260 2266
21261 2266
21262 2266
21263 2266
21264 2266
21265 2266
21266 2266
21267 2266
21268 2266
21269 2266
21270 2266
21271 2266
21272 2266
21273 2266
21274 2266
21275 2266
21276 2266
21277 2266
21278 2266
21279 2266
21280 2266
21281 2266
21282 2266
21283 2266
21284 2266
21285 2266
21286 2266
21287 2266
21288 2266
21289 2266
21290 2266
21291 2266
21292 2266
21293 2266
21294 2266
21295 2266
21296 2266
21297 2266
21298 2266
21299 2266
21300 2266
21301 2266
21302 2266
21303 2266
21304 2266
21305 2266
21306 2266
21307 2266
21308 2266
21309 2266
21310 2266
21311 2266
21312 2266
21313 2266
21314 2266
21315 2266
21316 2266
21317 2266
21318 2266
21319 2266
21320 2266
21321 2266
21322 2266
21323 2266
21324 2266
21325 2266
21326 2266
21327 2266
21328 2266
21329 2266
21330 2266
21331 2266
21332 2266
21333 2266
21334 2266
21335 2266
21336 2266
21337 2266
21338 2266
21339 2266
21340 2266
21341 2266
21342 2266
21343 2266
21344 2266
21345 2266
21346 2266
21347 2266
21348 2266
21349 2266
21350 2266
21351 2266
21352 2266
21353 2266
21354 2265
21355 2265
21356 2265
21357 2265
21358 2265
21359 2265
21360 2265
21361 2265
21362 2265
21363 2265
21364 2265
21365 2265
21366 2265
21367 2265
21368 2265
21369 2265
21370 2265
21371 2265
21372 2265
21373 2265
21374 2265
21375 2265
21376 2265
21377 2265
21378 2265
21379 2265
21380 2265
21381 2265
21382 2265
21383 2265
21384 2265
21385 2265
21386 2265
21387 2265
21388 2265
21389 2265
21390 2265
21391 2265
21392 2265
21393 2265
21394 2265
21395 2265
21396 2265
21397 2265
21398 2265
21399 2265
21400 2265
21401 2265
21402 2265
21403 2265
21404 2265
21405 2265
21406 2265
21407 2265
21408 2265
21409 2265
21410 2265
21411 2265
21412 2265
21413 2265
21414 2265
21415 2265
21416 2265
21417 2265
21418 2265
21419 2265
21420 2265
21421 2265
21422 2265
21423 2265
21424 2265
21425 2265
21426 2265
21427 2265
21428 2265
21429 2265
21430 2265
21431 2265
21432 2265
21433 2265
21434 2265
21435 2265
21436 2265
21437 2265
21438 2265
21439 2265
21440 2265
21441 2265
21442 2265
21443 2265
21444 2265
21445 2265
21446 2265
21447 2265
21448 2265
21449 2265
21450 2265
21451 2265
21452 2265
21453 2265
21454 2265
21455 2265
21456 2265
21457 2265
21458 2265
21459 2265
21460 2265
21461 2265
21462 2265
21463 2265
21464 2265
21465 2265
21466 2265
21467 2265
21468 2265
21469 2265
21470 2265
21471 2265
21472 2265
21473 2265
21474 2265
21475 2265
21476 2265
21477 2265
21478 2265
21479 2265
21480 2265
21481 2265
21482 2265
21483 2265
21484 2265
21485 2265
21486 2265
21487 2265
21488 2265
21489 2265
21490 2265
21491 2265
21492 2265
21493 2265
21494 2265
21495 2265
21496 2265
21497 2265
21498 2265
21499 2265
21500 2265
21501 2265
21502 2265
21503 2265
21504 2265
21505 2265
21506 2265
21507 2265
21508 2265
21509 2265
21510 2265
21511 2265
21512 2265
21513 2265
21514 2265
21515 2265
21516 2265
21517 2265
21518 2265
21519 2265
21520 2265
21521 2265
21522 2265
21523 2265
21524 2265
21525 2265
21526 2265
21527 2265
21528 2265
21529 2265
21530 2265
21531 2265
21532 2265
21533 2265
21534 2265
21535 2265
21536 2265
21537 2265
21538 2265
21539 2265
21540 2265
21541 2265
21542 2265
21543 2265
21544 2265
21545 2265
21546 2265
21547 2265
21548 2265
21549 2265
21550 2265
21551 2265
21552 2265
21553 2265
21554 2265
21555 2265
21556 2265
21557 2265
21558 2265
21559 2265
21560 2265
21561 2265
21562 2265
21563 2265
21564 2265
21565 2265
21566 2265
21567 2265
21568 2265
21569 2265
21570 2265
21571 2265
21572 2265
21573 2265
21574 2265
21575 2265
21576 2253
21577 2253
21578 2253
21579 2253
21580 2253
21581 2253
21582 2253
21583 2253
21584 2253
21585 2253
21586 2253
21587 2253
21588 2253
21589 2253
21590 2253
21591 2253
21592 2253
21593 2253
21594 2253
21595 2253
21596 2253
21597 2253
21598 2253
21599 2253
21600 2253
21601 2253
21602 2253
21603 2253
21604 2253
21605 2253
21606 2253
21607 2253
21608 2253
21609 2253
21610 2253
21611 2253
21612 2253
21613 2253
21614 2253
21615 2253
21616 2253
21617 2253
21618 2253
21619 2253
21620 2253
21621 2253
21622 2253
21623 2253
21624 2253
21625 2253
21626 2253
21627 2253
21628 2253
21629 2253
21630 2253
21631 2253
21632 2253
21633 2253
21634 2253
21635 2253
21636 2253
21637 2253
21638 2253
21639 2253
21640 2253
21641 2253
21642 2253
21643 2253
21644 2253
21645 2253
21646 2253
21647 2253
21648 2253
21649 2253
21650 2253
21651 2253
21652 2253
21653 2253
21654 2253
21655 2253
21656 2253
21657 2253
21658 2253
21659 2253
21660 2253
21661 2253
21662 2253
21663 2253
21664 2253
21665 2253
21666 2253
21667 2253
21668 2253
21669 2253
21670 2253
21671 2253
21672 2253
21673 2253
21674 2253
21675 2253
21676 2253
21677 2253
21678 2253
21679 2253
21680 2253
21681 2253
21682 2253
21683 2253
21684 2253
21685 2253
21686 2253
21687 2253
21688 2253
21689 2253
21690 2253
21691 2253
21692 2253
21693 2253
21694 2253
21695 2253
21696 2253
21697 2253
21698 2253
21699 2253
21700 2253
21701 2253
21702 2253
21703 2253
21704 2253
21705 2253
21706 2253
21707 2253
21708 2253
21709 2253
21710 2253
21711 2253
21712 2253
21713 2253
21714 2253
21715 2253
21716 2253
21717 2253
21718 2253
21719 2252
21720 2252
21721 2252
21722 2252
21723 2252
21724 2252
21725 2252
21726 2252
21727 2252
21728 2252
21729 2252
21730 2252
21731 2252
21732 2252
21733 2252
21734 2252
21735 2252
21736 2252
21737 2252
21738 2252
21739 2252
21740 2252
21741 2252
21742 2252
21743 2252
21744 2252
21745 2252
21746 2252
21747 2252
21748 2252
21749 2252
21750 2252
21751 2252
21752 2252
21753 2252
21754 2252
21755 2252
21756 2252
21757 2252
21758 2252
21759 2252
21760 2252
21761 2252
21762 2252
21763 2252
21764 2252
21765 2252
21766 2252
21767 2252
21768 2252
21769 2252
21770 2252
21771 2252
21772 2252
21773 2252
21774 2252
21775 2252
21776 2252
21777 2252
21778 2252
21779 2252
21780 2252
21781 2252
21782 2252
21783 2252
21784 2252
21785 2252
21786 2252
21787 2252
21788 2252
21789 2252
21790 2252
21791 2252
21792 2252
21793 2252
21794 2252
21795 2252
21796 2252
21797 2252
21798 2252
21799 2252
21800 2252
21801 2252
21802 2252
21803 2252
21804 2252
21805 2252
21806 2252
21807 2252
21808 2252
21809 2252
21810 2252
21811 2252
21812 2252
21813 2252
21814 2252
21815 2252
21816 2252
21817 2252
21818 2252
21819 2252
21820 2252
21821 2252
21822 2252
21823 2252
21824 2252
21825 2252
21826 2252
21827 2252
21828 2252
21829 2252
21830 2252
21831 2252
21832 2252
21833 2252
21834 2252
21835 2252
21836 2252
21837 2252
21838 2252
21839 2251
21840 2251
21841 2251
21842 2251
21843 2251
21844 2251
21845 2251
21846 2251
21847 2251
21848 2251
21849 2251
21850 2251
21851 2251
21852 2251
21853 2251
21854 2251
21855 2251
21856 2251
21857 2251
21858 2251
21859 2251
21860 2251
21861 2251
21862 2251
21863 2251
21864 2251
21865 2251
21866 2251
21867 2251
21868 2251
21869 2251
21870 2251
21871 2251
21872 2251
21873 2251
21874 2251
21875 2251
21876 2251
21877 2251
21878 2251
21879 2251
21880 2251
21881 2251
21882 2251
21883 2251
21884 2251
21885 2251
21886 2251
21887 2251
21888 2251
21889 2251
21890 2251
21891 2251
21892 2251
21893 2251
21894 2251
21895 2251
21896 2251
21897 2251
21898 2251
21899 2251
21900 2251
21901 2251
21902 2251
21903 2251
21904 2251
21905 2251
21906 2251
21907 2251
21908 2251
21909 2251
21910 2251
21911 2251
21912 2251
21913 2251
21914 2251
21915 2251
21916 2251
21917 2251
21918 2251
21919 2251
21920 2251
21921 2251
21922 2251
21923 2251
21924 2251
21925 2251
21926 2251
21927 2251
21928 2251
21929 2251
21930 2251
21931 2251
21932 2251
21933 2251
21934 2251
21935 2251
21936 2251
21937 2251
21938 2251
21939 2251
21940 2251
21941 2251
21942 2251
21943 2251
21944 2251
21945 2251
21946 2251
21947 2251
21948 2251
21949 2251
21950 2251
21951 2251
21952 2251
21953 2251
21954 2251
21955 2251
21956 2251
21957 2251
21958 2251
21959 2251
21960 2251
21961 2251
21962 2251
21963 2251
21964 2251
21965 2251
21966 2251
21967 2251
21968 2251
21969 2251
21970 2251
21971 2251
21972 2251
21973 2251
21974 2251
21975 2251
21976 2251
21977 2251
21978 2251
21979 2251
21980 2251
21981 2251
21982 2251
21983 2251
21984 2251
21985 2251
21986 2251
21987 2251
21988 2251
21989 2251
21990 2251
21991 2251
21992 2251
21993 2251
21994 2251
21995 2251
21996 2251
21997 2251
21998 2251
21999 2251
22000 2251
22001 2251
22002 2251
22003 2251
22004 2251
22005 2251
22006 2251
22007 2251
22008 2251
22009 2251
22010 2251
22011 2251
22012 2251
22013 2251
22014 2251
22015 2251
22016 2251
22017 2251
22018 2251
22019 2251
22020 2251
22021 2251
22022 2251
22023 2251
22024 2251
22025 2251
22026 2251
22027 2251
22028 2251
22029 2251
22030 2251
22031 2251
22032 2251
22033 2251
22034 2251
22035 2251
22036 2251
22037 2251
22038 2251
22039 2251
22040 2251
22041 2251
22042 2251
22043 2251
22044 2251
22045 2251
22046 2251
22047 2251
22048 2251
22049 2251
22050 2251
22051 2251
22052 2251
22053 2251
22054 2251
22055 2251
22056 2251
22057 2251
22058 2251
22059 2251
22060 2251
22061 2251
22062 2251
22063 2251
22064 2251
22065 2251
22066 2251
22067 2251
22068 2251
22069 2251
22070 2251
22071 2251
22072 2251
22073 2251
22074 2251
22075 2251
22076 2251
22077 2251
22078 2251
22079 2251
22080 2251
22081 2251
22082 2251
22083 2251
22084 2251
22085 2251
22086 2251
22087 2251
22088 2251
22089 2251
22090 2251
22091 2251
22092 2251
22093 2251
22094 2251
22095 2251
22096 2251
22097 2251
22098 2251
22099 2251
22100 2251
22101 2251
22102 2251
22103 2251
22104 2251
22105 2251
22106 2251
22107 2251
22108 2251
22109 2251
22110 2251
22111 2251
22112 2251
22113 2251
22114 2251
22115 2251
22116 2251
22117 2251
22118 2251
22119 2251
22120 2251
22121 2251
22122 2251
22123 2251
22124 2251
22125 2251
22126 2251
22127 2251
22128 2251
22129 2251
22130 2251
22131 2251
22132 2251
22133 2251
22134 2251
22135 2251
22136 2251
22137 2251
22138 2251
22139 2251
22140 2251
22141 2251
22142 2251
22143 2251
22144 2251
22145 2251
22146 2251
22147 2251
22148 2251
22149 2251
22150 2251
22151 2251
22152 2251
22153 2251
22154 2251
22155 2251
22156 2251
22157 2251
22158 2251
22159 2251
22160 2251
22161 2251
22162 2251
22163 2251
22164 2251
22165 2251
22166 2251
22167 2251
22168 2251
22169 2251
22170 2251
22171 2251
22172 2251
22173 2251
22174 2251
22175 2251
22176 2251
22177 2251
22178 2251
22179 2251
22180 2251
22181 2251
22182 2251
22183 2251
22184 2251
22185 2251
22186 2251
22187 2251
22188 2251
22189 2251
22190 2251
22191 2251
22192 2251
22193 2251
22194 2251
22195 2251
22196 2251
22197 2251
22198 2251
22199 2251
22200 2251
22201 2251
22202 2251
22203 2251
22204 2251
22205 2251
22206 2251
22207 2251
22208 2251
22209 2251
22210 2251
22211 2251
22212 2251
22213 2251
22214 2251
22215 2251
22216 2251
22217 2251
22218 2251
22219 2251
22220 2251
22221 2251
22222 2251
22223 2251
22224 2251
22225 2251
22226 2251
22227 2251
22228 2251
22229 2251
22230 2251
22231 2251
22232 2251
22233 2251
22234 2251
22235 2251
22236 2251
22237 2251
22238 2251
22239 2251
22240 2251
22241 2251
22242 2251
22243 2251
22244 2251
22245 2251
22246 2251
22247 2251
22248 2251
22249 2251
22250 2251
22251 2251
22252 2251
22253 2251
22254 2251
22255 2251
22256 2251
22257 2251
22258 2251
22259 2251
22260 2251
22261 2251
22262 2251
22263 2251
22264 2251
22265 2251
22266 2251
22267 2251
22268 2251
22269 2251
22270 2251
22271 2251
22272 2251
22273 2251
22274 2251
22275 2251
22276 2251
22277 2251
22278 2251
22279 2251
22280 2251
22281 2251
22282 2251
22283 2251
22284 2251
22285 2251
22286 2251
22287 2251
22288 2251
22289 2251
22290 2251
22291 2251
22292 2251
22293 2251
22294 2251
22295 2251
22296 2251
22297 2251
22298 2251
22299 2251
22300 2251
22301 2251
22302 2251
22303 2251
22304 2251
22305 2251
22306 2251
22307 2251
22308 2251
22309 2251
22310 2251
22311 2251
22312 2251
22313 2251
22314 2251
22315 2251
22316 2251
22317 2251
22318 2251
22319 2251
22320 2251
22321 2251
22322 2251
22323 2251
22324 2251
22325 2251
22326 2251
