1 6992
2 6987
3 6952
4 6936
5 6936
6 6936
7 6936
8 6936
9 6936
10 6919
11 6919
12 6911
13 6898
14 6891
15 6886
16 6858
17 6858
18 6850
19 6850
20 6850
21 6821
22 6821
23 6821
24 6811
25 6811
26 6811
27 6811
28 6811
29 6808
30 6774
31 6771
32 6771
33 6765
34 6765
35 6764
36 6764
37 6764
38 6764
39 6764
40 6763
41 6731
42 6731
43 6724
44 6724
45 6724
46 6724
47 6723
48 6723
49 6703
50 6703
51 6703
52 6703
53 6687
54 6687
55 6686
56 6686
57 6675
58 6659
59 6652
60 6652
61 6652
62 6630
63 6630
64 6614
65 6600
66 6600
67 6600
68 6600
69 6600
70 6585
71 6585
72 6585
73 6579
74 6579
75 6559
76 6559
77 6549
78 6521
79 6521
80 6521
81 6521
82 6521
83 6521
84 6505
85 6481
86 6481
87 6479
88 6479
89 6479
90 6459
91 6429
92 6418
93 6418
94 6418
95 6418
96 6418
97 6418
98 6415
99 6415
100 6415
101 6415
102 6415
103 6415
104 6415
105 6398
106 6398
107 6398
108 6394
109 6394
110 6394
111 6394
112 6394
113 6394
114 6394
115 6386
116 6383
117 6370
118 6370
119 6370
120 6370
121 6370
122 6352
123 6352
124 6352
125 6341
126 6340
127 6335
128 6335
129 6335
130 6320
131 6317
132 6310
133 6310
134 6310
135 6310
136 6302
137 6302
138 6302
139 6302
140 6293
141 6293
142 6293
143 6293
144 6293
145 6293
146 6290
147 6290
148 6290
149 6290
150 6290
151 6279
152 6279
153 6277
154 6277
155 6277
156 6277
157 6277
158 6277
159 6246
160 6246
161 6246
162 6240
163 6240
164 6240
165 6240
166 6240
167 6240
168 6220
169 6214
170 6212
171 6206
172 6206
173 6206
174 6206
175 6204
176 6170
177 6170
178 6170
179 6157
180 6157
181 6157
182 6126
183 6126
184 6119
185 6119
186 6119
187 6119
188 6110
189 6110
190 6109
191 6109
192 6065
193 6065
194 6065
195 6055
196 6049
197 6049
198 6048
199 6048
200 6048
201 6048
202 6047
203 6045
204 6045
205 6045
206 6045
207 6045
208 6044
209 6044
210 6043
211 6042
212 6037
213 6037
214 6019
215 6019
216 6018
217 6010
218 6010
219 5995
220 5976
221 5976
222 5976
223 5976
224 5964
225 5964
226 5964
227 5964
228 5964
229 5964
230 5964
231 5954
232 5954
233 5954
234 5949
235 5944
236 5908
237 5901
238 5901
239 5901
240 5901
241 5836
242 5836
243 5836
244 5836
245 5836
246 5817
247 5817
248 5817
249 5817
250 5817
251 5817
252 5817
253 5817
254 5817
255 5817
256 5817
257 5817
258 5817
259 5817
260 5817
261 5800
262 5789
263 5789
264 5778
265 5778
266 5778
267 5778
268 5778
269 5778
270 5750
271 5750
272 5750
273 5750
274 5750
275 5750
276 5750
277 5750
278 5750
279 5750
280 5733
281 5733
282 5733
283 5727
284 5727
285 5727
286 5727
287 5727
288 5727
289 5721
290 5721
291 5714
292 5714
293 5711
294 5711
295 5711
296 5696
297 5696
298 5696
299 5696
300 5696
301 5696
302 5696
303 5696
304 5696
305 5660
306 5660
307 5660
308 5660
309 5654
310 5654
311 5644
312 5630
313 5630
314 5630
315 5630
316 5630
317 5630
318 5630
319 5626
320 5626
321 5626
322 5626
323 5626
324 5626
325 5626
326 5626
327 5616
328 5616
329 5607
330 5594
331 5594
332 5582
333 5582
334 5582
335 5582
336 5582
337 5582
338 5550
339 5550
340 5550
341 5550
342 5523
343 5523
344 5523
345 5523
346 5523
347 5523
348 5518
349 5518
350 5518
351 5518
352 5518
353 5518
354 5518
355 5512
356 5512
357 5512
358 5512
359 5512
360 5511
361 5511
362 5511
363 5511
364 5511
365 5511
366 5511
367 5490
368 5490
369 5490
370 5490
371 5468
372 5468
373 5468
374 5468
375 5458
376 5458
377 5458
378 5458
379 5458
380 5458
381 5458
382 5436
383 5436
384 5423
385 5423
386 5423
387 5423
388 5423
389 5423
390 5423
391 5423
392 5423
393 5423
394 5423
395 5423
396 5423
397 5394
398 5394
399 5394
400 5394
401 5394
402 5394
403 5394
404 5394
405 5394
406 5394
407 5394
408 5389
409 5389
410 5359
411 5359
412 5355
413 5349
414 5314
415 5305
416 5305
417 5305
418 5305
419 5305
420 5305
421 5284
422 5284
423 5284
424 5284
425 5284
426 5284
427 5276
428 5276
429 5276
430 5276
431 5276
432 5276
433 5276
434 5276
435 5269
436 5269
437 5269
438 5268
439 5268
440 5268
441 5268
442 5268
443 5268
444 5268
445 5268
446 5268
447 5266
448 5266
449 5266
450 5266
451 5266
452 5264
453 5252
454 5252
455 5252
456 5252
457 5252
458 5230
459 5230
460 5230
461 5230
462 5225
463 5225
464 5225
465 5225
466 5209
467 5209
468 5209
469 5209
470 5209
471 5209
472 5209
473 5209
474 5196
475 5196
476 5196
477 5195
478 5195
479 5193
480 5193
481 5193
482 5189
483 5176
484 5176
485 5176
486 5176
487 5176
488 5153
489 5153
490 5153
491 5153
492 5153
493 5153
494 5139
495 5120
496 5120
497 5120
498 5111
499 5111
500 5111
501 5111
502 5111
503 5111
504 5111
505 5111
506 5111
507 5109
508 5109
509 5109
510 5093
511 5080
512 5080
513 5080
514 5080
515 5080
516 5080
517 5080
518 5080
519 5080
520 5080
521 5080
522 5080
523 5080
524 5080
525 5080
526 5080
527 5080
528 5080
529 5080
530 5080
531 5080
532 5061
533 5061
534 5056
535 5056
536 5052
537 5038
538 5038
539 5038
540 5037
541 5037
542 5037
543 5037
544 5037
545 5037
546 5037
547 5036
548 5036
549 5036
550 5036
551 5036
552 5034
553 5034
554 5034
555 5026
556 5026
557 5026
558 5026
559 5026
560 5026
561 5019
562 4999
563 4999
564 4999
565 4999
566 4999
567 4999
568 4999
569 4992
570 4977
571 4977
572 4977
573 4977
574 4977
575 4977
576 4977
577 4977
578 4977
579 4973
580 4973
581 4969
582 4969
583 4969
584 4969
585 4969
586 4969
587 4969
588 4969
589 4969
590 4969
591 4969
592 4969
593 4969
594 4954
595 4954
596 4954
597 4953
598 4950
599 4950
600 4950
601 4950
602 4950
603 4950
604 4950
605 4950
606 4950
607 4939
608 4939
609 4926
610 4926
611 4926
612 4926
613 4924
614 4924
615 4924
616 4917
617 4917
618 4917
619 4912
620 4909
621 4909
622 4896
623 4896
624 4896
625 4875
626 4875
627 4875
628 4875
629 4875
630 4875
631 4875
632 4875
633 4875
634 4875
635 4861
636 4861
637 4861
638 4861
639 4861
640 4861
641 4861
642 4861
643 4861
644 4861
645 4861
646 4861
647 4861
648 4861
649 4861
650 4861
651 4861
652 4861
653 4861
654 4861
655 4861
656 4861
657 4860
658 4860
659 4860
660 4860
661 4860
662 4860
663 4850
664 4848
665 4848
666 4848
667 4848
668 4848
669 4848
670 4848
671 4848
672 4848
673 4848
674 4848
675 4848
676 4815
677 4815
678 4815
679 4815
680 4815
681 4815
682 4815
683 4815
684 4806
685 4806
686 4806
687 4806
688 4806
689 4806
690 4806
691 4801
692 4801
693 4801
694 4801
695 4801
696 4801
697 4801
698 4801
699 4789
700 4789
701 4789
702 4789
703 4789
704 4782
705 4782
706 4782
707 4782
708 4782
709 4782
710 4782
711 4782
712 4782
713 4782
714 4750
715 4750
716 4750
717 4750
718 4750
719 4750
720 4750
721 4750
722 4734
723 4734
724 4734
725 4734
726 4734
727 4734
728 4734
729 4734
730 4734
731 4734
732 4734
733 4734
734 4734
735 4734
736 4734
737 4734
738 4734
739 4730
740 4730
741 4730
742 4730
743 4730
744 4730
745 4730
746 4730
747 4730
748 4730
749 4730
750 4730
751 4730
752 4730
753 4730
754 4730
755 4730
756 4730
757 4730
758 4730
759 4711
760 4711
761 4711
762 4709
763 4709
764 4709
765 4709
766 4709
767 4705
768 4705
769 4705
770 4705
771 4705
772 4705
773 4702
774 4702
775 4702
776 4702
777 4702
778 4702
779 4702
780 4694
781 4693
782 4693
783 4693
784 4693
785 4693
786 4693
787 4693
788 4675
789 4669
790 4669
791 4669
792 4669
793 4669
794 4669
795 4669
796 4669
797 4669
798 4669
799 4669
800 4669
801 4669
802 4669
803 4663
804 4663
805 4660
806 4660
807 4660
808 4660
809 4660
810 4652
811 4652
812 4652
813 4652
814 4652
815 4652
816 4652
817 4652
818 4652
819 4652
820 4652
821 4652
822 4652
823 4652
824 4652
825 4652
826 4652
827 4652
828 4652
829 4651
830 4651
831 4651
832 4651
833 4651
834 4651
835 4651
836 4651
837 4641
838 4641
839 4641
840 4641
841 4641
842 4641
843 4641
844 4641
845 4641
846 4641
847 4641
848 4641
849 4641
850 4634
851 4634
852 4620
853 4620
854 4620
855 4620
856 4620
857 4620
858 4620
859 4609
860 4609
861 4609
862 4609
863 4609
864 4609
865 4609
866 4609
867 4609
868 4588
869 4588
870 4588
871 4588
872 4588
873 4588
874 4588
875 4588
876 4588
877 4588
878 4575
879 4575
880 4575
881 4575
882 4575
883 4575
884 4575
885 4575
886 4575
887 4575
888 4568
889 4568
890 4568
891 4554
892 4554
893 4554
894 4554
895 4554
896 4554
897 4554
898 4554
899 4554
900 4554
901 4550
902 4550
903 4550
904 4550
905 4550
906 4550
907 4550
908 4546
909 4546
910 4546
911 4546
912 4530
913 4530
914 4530
915 4530
916 4530
917 4530
918 4530
919 4530
920 4530
921 4528
922 4528
923 4528
924 4528
925 4528
926 4528
927 4520
928 4520
929 4520
930 4520
931 4520
932 4520
933 4519
934 4519
935 4511
936 4511
937 4511
938 4511
939 4511
940 4511
941 4511
942 4511
943 4511
944 4511
945 4510
946 4510
947 4510
948 4510
949 4510
950 4510
951 4510
952 4510
953 4510
954 4510
955 4510
956 4510
957 4510
958 4506
959 4506
960 4506
961 4506
962 4506
963 4506
964 4506
965 4506
966 4506
967 4506
968 4506
969 4502
970 4502
971 4502
972 4502
973 4502
974 4502
975 4502
976 4502
977 4502
978 4502
979 4502
980 4502
981 4502
982 4502
983 4502
984 4502
985 4502
986 4502
987 4502
988 4502
989 4502
990 4502
991 4502
992 4502
993 4502
994 4502
995 4502
996 4502
997 4502
998 4501
999 4501
1000 4501
1001 4501
1002 4501
1003 4501
1004 4501
1005 4493
1006 4493
1007 4493
1008 4493
1009 4493
1010 4493
1011 4490
1012 4490
1013 4490
1014 4490
1015 4475
1016 4475
1017 4475
1018 4475
1019 4475
1020 4475
1021 4475
1022 4475
1023 4475
1024 4475
1025 4475
1026 4475
1027 4475
1028 4471
1029 4471
1030 4471
1031 4471
1032 4471
1033 4471
1034 4471
1035 4471
1036 4471
1037 4471
1038 4467
1039 4465
1040 4465
1041 4465
1042 4465
1043 4463
1044 4463
1045 4450
1046 4450
1047 4450
1048 4450
1049 4450
1050 4450
1051 4450
1052 4450
1053 4450
1054 4450
1055 4450
1056 4450
1057 4450
1058 4450
1059 4450
1060 4450
1061 4450
1062 4450
1063 4450
1064 4450
1065 4450
1066 4450
1067 4450
1068 4450
1069 4450
1070 4450
1071 4450
1072 4450
1073 4450
1074 4450
1075 4450
1076 4450
1077 4450
1078 4450
1079 4450
1080 4441
1081 4441
1082 4441
1083 4441
1084 4441
1085 4441
1086 4441
1087 4441
1088 4441
1089 4441
1090 4441
1091 4441
1092 4441
1093 4441
1094 4441
1095 4422
1096 4422
1097 4422
1098 4422
1099 4422
1100 4422
1101 4422
1102 4422
1103 4422
1104 4422
1105 4422
1106 4422
1107 4415
1108 4415
1109 4415
1110 4415
1111 4412
1112 4394
1113 4394
1114 4394
1115 4377
1116 4377
1117 4377
1118 4377
1119 4377
1120 4377
1121 4377
1122 4377
1123 4377
1124 4369
1125 4369
1126 4369
1127 4369
1128 4369
1129 4369
1130 4369
1131 4369
1132 4367
1133 4367
1134 4349
1135 4349
1136 4349
1137 4349
1138 4349
1139 4349
1140 4349
1141 4349
1142 4349
1143 4349
1144 4349
1145 4349
1146 4349
1147 4349
1148 4347
1149 4347
1150 4347
1151 4347
1152 4347
1153 4340
1154 4340
1155 4340
1156 4340
1157 4340
1158 4340
1159 4340
1160 4340
1161 4340
1162 4340
1163 4340
1164 4340
1165 4340
1166 4340
1167 4340
1168 4340
1169 4340
1170 4340
1171 4340
1172 4340
1173 4340
1174 4340
1175 4340
1176 4340
1177 4340
1178 4340
1179 4340
1180 4340
1181 4340
1182 4340
1183 4340
1184 4340
1185 4340
1186 4340
1187 4340
1188 4340
1189 4340
1190 4340
1191 4332
1192 4332
1193 4332
1194 4322
1195 4322
1196 4322
1197 4322
1198 4322
1199 4307
1200 4307
1201 4307
1202 4307
1203 4307
1204 4307
1205 4307
1206 4307
1207 4307
1208 4307
1209 4307
1210 4307
1211 4307
1212 4307
1213 4307
1214 4307
1215 4307
1216 4307
1217 4307
1218 4307
1219 4307
1220 4307
1221 4307
1222 4299
1223 4299
1224 4299
1225 4299
1226 4299
1227 4299
1228 4299
1229 4299
1230 4298
1231 4298
1232 4298
1233 4292
1234 4292
1235 4292
1236 4292
1237 4292
1238 4292
1239 4285
1240 4285
1241 4285
1242 4285
1243 4285
1244 4285
1245 4285
1246 4285
1247 4285
1248 4285
1249 4280
1250 4280
1251 4280
1252 4280
1253 4280
1254 4280
1255 4280
1256 4280
1257 4280
1258 4280
1259 4278
1260 4278
1261 4277
1262 4277
1263 4277
1264 4277
1265 4277
1266 4277
1267 4277
1268 4277
1269 4275
1270 4275
1271 4275
1272 4275
1273 4275
1274 4275
1275 4275
1276 4275
1277 4275
1278 4275
1279 4275
1280 4275
1281 4273
1282 4273
1283 4273
1284 4273
1285 4273
1286 4273
1287 4273
1288 4273
1289 4273
1290 4269
1291 4269
1292 4269
1293 4269
1294 4269
1295 4269
1296 4269
1297 4269
1298 4269
1299 4269
1300 4269
1301 4269
1302 4269
1303 4269
1304 4269
1305 4269
1306 4269
1307 4269
1308 4269
1309 4261
1310 4250
1311 4250
1312 4250
1313 4245
1314 4245
1315 4245
1316 4245
1317 4245
1318 4244
1319 4244
1320 4244
1321 4244
1322 4244
1323 4244
1324 4244
1325 4244
1326 4231
1327 4231
1328 4231
1329 4231
1330 4231
1331 4231
1332 4231
1333 4231
1334 4231
1335 4231
1336 4231
1337 4231
1338 4231
1339 4231
1340 4224
1341 4224
1342 4224
1343 4221
1344 4221
1345 4221
1346 4221
1347 4221
1348 4221
1349 4221
1350 4221
1351 4221
1352 4221
1353 4221
1354 4221
1355 4221
1356 4221
1357 4221
1358 4221
1359 4221
1360 4221
1361 4210
1362 4210
1363 4210
1364 4210
1365 4210
1366 4210
1367 4210
1368 4186
1369 4186
1370 4186
1371 4186
1372 4186
1373 4186
1374 4186
1375 4186
1376 4186
1377 4186
1378 4186
1379 4186
1380 4186
1381 4186
1382 4186
1383 4186
1384 4186
1385 4186
1386 4186
1387 4186
1388 4186
1389 4186
1390 4186
1391 4186
1392 4186
1393 4186
1394 4186
1395 4186
1396 4186
1397 4186
1398 4186
1399 4186
1400 4186
1401 4186
1402 4186
1403 4186
1404 4182
1405 4182
1406 4182
1407 4182
1408 4182
1409 4182
1410 4182
1411 4182
1412 4182
1413 4182
1414 4182
1415 4182
1416 4182
1417 4182
1418 4182
1419 4182
1420 4182
1421 4182
1422 4182
1423 4157
1424 4157
1425 4157
1426 4157
1427 4157
1428 4157
1429 4157
1430 4157
1431 4157
1432 4157
1433 4157
1434 4153
1435 4153
1436 4153
1437 4153
1438 4153
1439 4153
1440 4153
1441 4153
1442 4153
1443 4151
1444 4151
1445 4151
1446 4151
1447 4151
1448 4151
1449 4151
1450 4151
1451 4151
1452 4151
1453 4151
1454 4151
1455 4151
1456 4151
1457 4151
1458 4151
1459 4151
1460 4151
1461 4151
1462 4151
1463 4151
1464 4151
1465 4151
1466 4151
1467 4151
1468 4142
1469 4142
1470 4142
1471 4135
1472 4135
1473 4135
1474 4135
1475 4135
1476 4135
1477 4135
1478 4135
1479 4135
1480 4135
1481 4135
1482 4135
1483 4135
1484 4135
1485 4135
1486 4135
1487 4135
1488 4135
1489 4135
1490 4135
1491 4135
1492 4135
1493 4135
1494 4135
1495 4135
1496 4135
1497 4135
1498 4131
1499 4131
1500 4129
1501 4129
1502 4129
1503 4129
1504 4112
1505 4112
1506 4112
1507 4112
1508 4112
1509 4112
1510 4112
1511 4112
1512 4112
1513 4112
1514 4112
1515 4112
1516 4112
1517 4112
1518 4112
1519 4112
1520 4112
1521 4112
1522 4112
1523 4112
1524 4112
1525 4112
1526 4102
1527 4102
1528 4102
1529 4102
1530 4102
1531 4102
1532 4102
1533 4094
1534 4094
1535 4094
1536 4094
1537 4094
1538 4094
1539 4094
1540 4094
1541 4094
1542 4094
1543 4094
1544 4094
1545 4094
1546 4094
1547 4094
1548 4094
1549 4092
1550 4092
1551 4092
1552 4092
1553 4092
1554 4092
1555 4092
1556 4092
1557 4092
1558 4087
1559 4087
1560 4087
1561 4087
1562 4087
1563 4087
1564 4087
1565 4087
1566 4087
1567 4087
1568 4087
1569 4087
1570 4086
1571 4086
1572 4086
1573 4086
1574 4083
1575 4083
1576 4083
1577 4083
1578 4083
1579 4083
1580 4083
1581 4083
1582 4083
1583 4083
1584 4083
1585 4083
1586 4083
1587 4083
1588 4083
1589 4083
1590 4083
1591 4083
1592 4083
1593 4083
1594 4083
1595 4083
1596 4083
1597 4083
1598 4083
1599 4079
1600 4079
1601 4079
1602 4079
1603 4079
1604 4079
1605 4079
1606 4079
1607 4079
1608 4079
1609 4079
1610 4079
1611 4079
1612 4079
1613 4079
1614 4079
1615 4079
1616 4079
1617 4079
1618 4079
1619 4079
1620 4078
1621 4078
1622 4078
1623 4078
1624 4078
1625 4078
1626 4074
1627 4074
1628 4074
1629 4073
1630 4073
1631 4073
1632 4073
1633 4073
1634 4073
1635 4073
1636 4073
1637 4073
1638 4073
1639 4073
1640 4073
1641 4073
1642 4069
1643 4069
1644 4069
1645 4069
1646 4069
1647 4069
1648 4069
1649 4069
1650 4069
1651 4069
1652 4069
1653 4069
1654 4069
1655 4069
1656 4069
1657 4069
1658 4069
1659 4069
1660 4069
1661 4069
1662 4063
1663 4063
1664 4062
1665 4062
1666 4062
1667 4062
1668 4062
1669 4062
1670 4062
1671 4062
1672 4062
1673 4062
1674 4062
1675 4062
1676 4062
1677 4062
1678 4062
1679 4062
1680 4059
1681 4059
1682 4059
1683 4059
1684 4059
1685 4059
1686 4059
1687 4059
1688 4059
1689 4059
1690 4059
1691 4059
1692 4059
1693 4059
1694 4059
1695 4059
1696 4059
1697 4059
1698 4059
1699 4059
1700 4059
1701 4059
1702 4059
1703 4059
1704 4059
1705 4059
1706 4059
1707 4059
1708 4059
1709 4059
1710 4059
1711 4059
1712 4059
1713 4059
1714 4059
1715 4059
1716 4059
1717 4059
1718 4059
1719 4059
1720 4059
1721 4059
1722 4059
1723 4059
1724 4059
1725 4059
1726 4059
1727 4055
1728 4055
1729 4055
1730 4055
1731 4055
1732 4055
1733 4055
1734 4055
1735 4055
1736 4055
1737 4055
1738 4055
1739 4055
1740 4055
1741 4055
1742 4055
1743 4055
1744 4055
1745 4055
1746 4055
1747 4055
1748 4055
1749 4055
1750 4055
1751 4055
1752 4055
1753 4055
1754 4055
1755 4055
1756 4055
1757 4055
1758 4055
1759 4040
1760 4040
1761 4040
1762 4040
1763 4040
1764 4037
1765 4037
1766 4037
1767 4037
1768 4037
1769 4037
1770 4037
1771 4037
1772 4037
1773 4037
1774 4037
1775 4037
1776 4037
1777 4037
1778 4037
1779 4037
1780 4037
1781 4037
1782 4037
1783 4037
1784 4037
1785 4037
1786 4037
1787 4037
1788 4037
1789 4037
1790 4037
1791 4037
1792 4037
1793 4037
1794 4037
1795 4037
1796 4037
1797 4037
1798 4037
1799 4037
1800 4037
1801 4037
1802 4037
1803 4037
1804 4037
1805 4037
1806 4037
1807 4037
1808 4037
1809 4037
1810 4037
1811 4037
1812 4032
1813 4015
1814 4015
1815 4013
1816 4013
1817 4013
1818 4013
1819 4013
1820 4013
1821 4013
1822 4013
1823 4013
1824 4011
1825 4011
1826 4011
1827 4011
1828 4011
1829 4011
1830 4011
1831 4011
1832 4011
1833 4011
1834 4011
1835 4011
1836 4011
1837 4011
1838 4011
1839 4011
1840 4010
1841 4010
1842 4010
1843 4010
1844 3997
1845 3997
1846 3997
1847 3997
1848 3997
1849 3997
1850 3997
1851 3984
1852 3984
1853 3984
1854 3984
1855 3969
1856 3969
1857 3969
1858 3969
1859 3969
1860 3969
1861 3969
1862 3966
1863 3966
1864 3966
1865 3966
1866 3966
1867 3966
1868 3966
1869 3966
1870 3966
1871 3966
1872 3966
1873 3966
1874 3966
1875 3966
1876 3966
1877 3966
1878 3966
1879 3966
1880 3966
1881 3966
1882 3966
1883 3966
1884 3966
1885 3966
1886 3966
1887 3966
1888 3966
1889 3966
1890 3966
1891 3966
1892 3966
1893 3966
1894 3966
1895 3966
1896 3966
1897 3966
1898 3966
1899 3966
1900 3966
1901 3966
1902 3966
1903 3966
1904 3966
1905 3966
1906 3966
1907 3966
1908 3966
1909 3952
1910 3952
1911 3952
1912 3952
1913 3952
1914 3952
1915 3952
1916 3952
1917 3952
1918 3952
1919 3952
1920 3952
1921 3952
1922 3952
1923 3952
1924 3952
1925 3952
1926 3952
1927 3952
1928 3952
1929 3952
1930 3952
1931 3952
1932 3952
1933 3952
1934 3952
1935 3952
1936 3952
1937 3938
1938 3938
1939 3938
1940 3938
1941 3938
1942 3938
1943 3938
1944 3938
1945 3938
1946 3938
1947 3938
1948 3938
1949 3938
1950 3938
1951 3938
1952 3938
1953 3938
1954 3938
1955 3938
1956 3938
1957 3938
1958 3938
1959 3938
1960 3938
1961 3938
1962 3938
1963 3938
1964 3938
1965 3938
1966 3938
1967 3938
1968 3938
1969 3938
1970 3938
1971 3938
1972 3938
1973 3938
1974 3938
1975 3938
1976 3938
1977 3938
1978 3938
1979 3938
1980 3938
1981 3938
1982 3938
1983 3938
1984 3938
1985 3938
1986 3938
1987 3938
1988 3938
1989 3938
1990 3938
1991 3938
1992 3938
1993 3938
1994 3938
1995 3938
1996 3938
1997 3938
1998 3938
1999 3938
2000 3938
2001 3938
2002 3938
2003 3938
2004 3938
2005 3938
2006 3938
2007 3922
2008 3922
2009 3922
2010 3922
2011 3922
2012 3922
2013 3922
2014 3922
2015 3922
2016 3922
2017 3922
2018 3922
2019 3922
2020 3922
2021 3922
2022 3922
2023 3922
2024 3922
2025 3922
2026 3922
2027 3922
2028 3922
2029 3922
2030 3922
2031 3922
2032 3922
2033 3922
2034 3922
2035 3922
2036 3922
2037 3922
2038 3919
2039 3917
2040 3917
2041 3917
2042 3917
2043 3917
2044 3917
2045 3917
2046 3917
2047 3917
2048 3917
2049 3917
2050 3917
2051 3917
2052 3917
2053 3917
2054 3917
2055 3917
2056 3917
2057 3917
2058 3917
2059 3915
2060 3915
2061 3915
2062 3915
2063 3915
2064 3915
2065 3915
2066 3915
2067 3915
2068 3915
2069 3915
2070 3915
2071 3915
2072 3915
2073 3915
2074 3915
2075 3915
2076 3915
2077 3915
2078 3915
2079 3915
2080 3915
2081 3915
2082 3915
2083 3915
2084 3915
2085 3915
2086 3915
2087 3911
2088 3911
2089 3911
2090 3911
2091 3911
2092 3911
2093 3911
2094 3911
2095 3911
2096 3911
2097 3909
2098 3909
2099 3909
2100 3909
2101 3909
2102 3906
2103 3906
2104 3906
2105 3906
2106 3906
2107 3906
2108 3906
2109 3906
2110 3906
2111 3906
2112 3906
2113 3906
2114 3906
2115 3906
2116 3906
2117 3906
2118 3906
2119 3906
2120 3903
2121 3903
2122 3903
2123 3903
2124 3903
2125 3903
2126 3903
2127 3903
2128 3903
2129 3903
2130 3903
2131 3903
2132 3903
2133 3903
2134 3903
2135 3903
2136 3903
2137 3903
2138 3903
2139 3903
2140 3903
2141 3903
2142 3903
2143 3902
2144 3902
2145 3902
2146 3902
2147 3902
2148 3902
2149 3902
2150 3902
2151 3902
2152 3902
2153 3902
2154 3902
2155 3902
2156 3902
2157 3902
2158 3902
2159 3902
2160 3897
2161 3897
2162 3897
2163 3897
2164 3897
2165 3897
2166 3897
2167 3897
2168 3897
2169 3897
2170 3897
2171 3897
2172 3882
2173 3882
2174 3882
2175 3875
2176 3875
2177 3875
2178 3875
2179 3875
2180 3875
2181 3872
2182 3872
2183 3872
2184 3872
2185 3872
2186 3872
2187 3872
2188 3872
2189 3872
2190 3872
2191 3872
2192 3872
2193 3872
2194 3872
2195 3872
2196 3872
2197 3872
2198 3871
2199 3871
2200 3871
2201 3871
2202 3871
2203 3871
2204 3863
2205 3863
2206 3863
2207 3863
2208 3863
2209 3863
2210 3863
2211 3863
2212 3863
2213 3863
2214 3863
2215 3863
2216 3863
2217 3863
2218 3863
2219 3863
2220 3863
2221 3863
2222 3863
2223 3863
2224 3863
2225 3863
2226 3863
2227 3863
2228 3863
2229 3863
2230 3863
2231 3863
2232 3863
2233 3863
2234 3863
2235 3863
2236 3863
2237 3863
2238 3863
2239 3862
2240 3862
2241 3851
2242 3851
2243 3851
2244 3851
2245 3851
2246 3851
2247 3851
2248 3851
2249 3851
2250 3851
2251 3847
2252 3847
2253 3847
2254 3847
2255 3847
2256 3847
2257 3847
2258 3847
2259 3847
2260 3847
2261 3847
2262 3847
2263 3847
2264 3847
2265 3847
2266 3847
2267 3847
2268 3847
2269 3847
2270 3847
2271 3847
2272 3847
2273 3847
2274 3847
2275 3847
2276 3847
2277 3847
2278 3847
2279 3847
2280 3847
2281 3847
2282 3847
2283 3844
2284 3844
2285 3844
2286 3844
2287 3844
2288 3844
2289 3844
2290 3804
2291 3804
2292 3804
2293 3804
2294 3804
2295 3804
2296 3804
2297 3804
2298 3804
2299 3804
2300 3804
2301 3803
2302 3803
2303 3803
2304 3803
2305 3803
2306 3803
2307 3803
2308 3803
2309 3803
2310 3803
2311 3803
2312 3803
2313 3803
2314 3803
2315 3803
2316 3803
2317 3803
2318 3803
2319 3803
2320 3803
2321 3803
2322 3777
2323 3777
2324 3777
2325 3777
2326 3777
2327 3777
2328 3777
2329 3777
2330 3777
2331 3777
2332 3777
2333 3777
2334 3777
2335 3777
2336 3777
2337 3777
2338 3777
2339 3777
2340 3777
2341 3777
2342 3777
2343 3777
2344 3777
2345 3777
2346 3777
2347 3777
2348 3777
2349 3777
2350 3777
2351 3777
2352 3777
2353 3777
2354 3770
2355 3768
2356 3768
2357 3768
2358 3768
2359 3768
2360 3768
2361 3768
2362 3768
2363 3768
2364 3768
2365 3768
2366 3768
2367 3768
2368 3768
2369 3768
2370 3768
2371 3768
2372 3768
2373 3768
2374 3768
2375 3768
2376 3768
2377 3768
2378 3768
2379 3768
2380 3768
2381 3768
2382 3768
2383 3768
2384 3768
2385 3768
2386 3768
2387 3768
2388 3768
2389 3768
2390 3768
2391 3768
2392 3768
2393 3768
2394 3768
2395 3768
2396 3768
2397 3768
2398 3768
2399 3768
2400 3768
2401 3768
2402 3768
2403 3768
2404 3768
2405 3768
2406 3768
2407 3768
2408 3768
2409 3768
2410 3768
2411 3768
2412 3768
2413 3768
2414 3768
2415 3768
2416 3768
2417 3768
2418 3768
2419 3768
2420 3768
2421 3768
2422 3768
2423 3768
2424 3768
2425 3768
2426 3768
2427 3768
2428 3768
2429 3768
2430 3768
2431 3768
2432 3768
2433 3768
2434 3768
2435 3768
2436 3768
2437 3768
2438 3768
2439 3768
2440 3768
2441 3768
2442 3768
2443 3768
2444 3768
2445 3768
2446 3768
2447 3768
2448 3768
2449 3763
2450 3763
2451 3763
2452 3763
2453 3763
2454 3763
2455 3763
2456 3763
2457 3763
2458 3763
2459 3763
2460 3763
2461 3763
2462 3763
2463 3763
2464 3763
2465 3763
2466 3763
2467 3763
2468 3756
2469 3756
2470 3756
2471 3756
2472 3756
2473 3755
2474 3755
2475 3755
2476 3755
2477 3755
2478 3755
2479 3755
2480 3751
2481 3751
2482 3751
2483 3751
2484 3747
2485 3747
2486 3747
2487 3747
2488 3747
2489 3747
2490 3747
2491 3747
2492 3747
2493 3743
2494 3743
2495 3743
2496 3743
2497 3743
2498 3743
2499 3743
2500 3743
2501 3743
2502 3743
2503 3743
2504 3743
2505 3743
2506 3743
2507 3743
2508 3743
2509 3743
2510 3743
2511 3743
2512 3743
2513 3743
2514 3743
2515 3743
2516 3743
2517 3743
2518 3743
2519 3743
2520 3743
2521 3743
2522 3743
2523 3743
2524 3743
2525 3743
2526 3743
2527 3743
2528 3743
2529 3743
2530 3743
2531 3743
2532 3743
2533 3743
2534 3743
2535 3743
2536 3743
2537 3743
2538 3743
2539 3743
2540 3743
2541 3743
2542 3743
2543 3743
2544 3743
2545 3743
2546 3743
2547 3743
2548 3743
2549 3743
2550 3743
2551 3743
2552 3743
2553 3743
2554 3743
2555 3743
2556 3743
2557 3743
2558 3743
2559 3743
2560 3743
2561 3743
2562 3743
2563 3743
2564 3733
2565 3733
2566 3713
2567 3713
2568 3713
2569 3713
2570 3713
2571 3713
2572 3713
2573 3713
2574 3713
2575 3713
2576 3713
2577 3713
2578 3713
2579 3713
2580 3713
2581 3713
2582 3713
2583 3713
2584 3713
2585 3713
2586 3713
2587 3713
2588 3713
2589 3713
2590 3713
2591 3713
2592 3713
2593 3713
2594 3713
2595 3713
2596 3713
2597 3713
2598 3713
2599 3713
2600 3713
2601 3713
2602 3713
2603 3713
2604 3713
2605 3713
2606 3713
2607 3713
2608 3713
2609 3713
2610 3711
2611 3707
2612 3706
2613 3706
2614 3706
2615 3706
2616 3706
2617 3706
2618 3706
2619 3706
2620 3706
2621 3706
2622 3706
2623 3706
2624 3706
2625 3706
2626 3706
2627 3706
2628 3706
2629 3706
2630 3706
2631 3706
2632 3706
2633 3706
2634 3706
2635 3706
2636 3706
2637 3706
2638 3706
2639 3706
2640 3706
2641 3706
2642 3706
2643 3706
2644 3706
2645 3706
2646 3706
2647 3706
2648 3706
2649 3706
2650 3706
2651 3706
2652 3706
2653 3706
2654 3706
2655 3706
2656 3706
2657 3705
2658 3705
2659 3705
2660 3705
2661 3705
2662 3692
2663 3692
2664 3692
2665 3692
2666 3692
2667 3692
2668 3692
2669 3692
2670 3675
2671 3675
2672 3675
2673 3675
2674 3675
2675 3675
2676 3675
2677 3675
2678 3675
2679 3675
2680 3675
2681 3675
2682 3675
2683 3675
2684 3675
2685 3675
2686 3675
2687 3675
2688 3674
2689 3674
2690 3674
2691 3674
2692 3674
2693 3674
2694 3674
2695 3674
2696 3674
2697 3674
2698 3674
2699 3674
2700 3674
2701 3674
2702 3674
2703 3674
2704 3674
2705 3674
2706 3674
2707 3674
2708 3674
2709 3661
2710 3661
2711 3661
2712 3661
2713 3661
2714 3661
2715 3661
2716 3661
2717 3661
2718 3661
2719 3661
2720 3661
2721 3661
2722 3661
2723 3661
2724 3661
2725 3661
2726 3656
2727 3656
2728 3656
2729 3656
2730 3656
2731 3656
2732 3656
2733 3656
2734 3656
2735 3656
2736 3656
2737 3656
2738 3656
2739 3656
2740 3656
2741 3656
2742 3656
2743 3656
2744 3656
2745 3656
2746 3656
2747 3656
2748 3656
2749 3656
2750 3656
2751 3656
2752 3656
2753 3656
2754 3656
2755 3656
2756 3656
2757 3656
2758 3656
2759 3656
2760 3656
2761 3656
2762 3656
2763 3656
2764 3656
2765 3656
2766 3656
2767 3656
2768 3656
2769 3656
2770 3656
2771 3652
2772 3652
2773 3652
2774 3652
2775 3652
2776 3652
2777 3652
2778 3652
2779 3652
2780 3652
2781 3652
2782 3652
2783 3652
2784 3652
2785 3652
2786 3652
2787 3652
2788 3652
2789 3652
2790 3652
2791 3652
2792 3652
2793 3652
2794 3652
2795 3650
2796 3650
2797 3650
2798 3650
2799 3650
2800 3650
2801 3644
2802 3644
2803 3644
2804 3640
2805 3640
2806 3640
2807 3640
2808 3640
2809 3634
2810 3634
2811 3634
2812 3634
2813 3634
2814 3634
2815 3634
2816 3634
2817 3634
2818 3634
2819 3634
2820 3634
2821 3634
2822 3634
2823 3634
2824 3634
2825 3634
2826 3634
2827 3628
2828 3628
2829 3628
2830 3628
2831 3621
2832 3621
2833 3621
2834 3621
2835 3621
2836 3621
2837 3621
2838 3621
2839 3621
2840 3621
2841 3621
2842 3621
2843 3621
2844 3621
2845 3621
2846 3621
2847 3621
2848 3621
2849 3621
2850 3621
2851 3621
2852 3621
2853 3621
2854 3621
2855 3621
2856 3621
2857 3621
2858 3621
2859 3621
2860 3621
2861 3621
2862 3621
2863 3621
2864 3621
2865 3612
2866 3612
2867 3612
2868 3612
2869 3612
2870 3612
2871 3612
2872 3612
2873 3612
2874 3612
2875 3612
2876 3612
2877 3612
2878 3612
2879 3612
2880 3612
2881 3612
2882 3612
2883 3612
2884 3612
2885 3612
2886 3612
2887 3612
2888 3612
2889 3612
2890 3612
2891 3612
2892 3612
2893 3612
2894 3612
2895 3612
2896 3612
2897 3612
2898 3612
2899 3602
2900 3602
2901 3602
2902 3602
2903 3602
2904 3602
2905 3602
2906 3602
2907 3602
2908 3602
2909 3602
2910 3602
2911 3602
2912 3602
2913 3602
2914 3602
2915 3602
2916 3602
2917 3602
2918 3602
2919 3602
2920 3602
2921 3602
2922 3602
2923 3602
2924 3602
2925 3571
2926 3571
2927 3571
2928 3571
2929 3571
2930 3571
2931 3571
2932 3571
2933 3571
2934 3571
2935 3571
2936 3571
2937 3571
2938 3571
2939 3571
2940 3571
2941 3571
2942 3571
2943 3571
2944 3571
2945 3571
2946 3571
2947 3571
2948 3571
2949 3571
2950 3571
2951 3571
2952 3567
2953 3567
2954 3567
2955 3567
2956 3567
2957 3567
2958 3567
2959 3567
2960 3567
2961 3567
2962 3567
2963 3567
2964 3567
2965 3567
2966 3567
2967 3567
2968 3567
2969 3567
2970 3567
2971 3567
2972 3567
2973 3567
2974 3567
2975 3567
2976 3567
2977 3567
2978 3567
2979 3567
2980 3567
2981 3567
2982 3567
2983 3567
2984 3567
2985 3567
2986 3567
2987 3567
2988 3567
2989 3567
2990 3567
2991 3567
2992 3567
2993 3567
2994 3567
2995 3567
2996 3567
2997 3567
2998 3567
2999 3567
3000 3567
3001 3567
3002 3567
3003 3567
3004 3567
3005 3564
3006 3564
3007 3564
3008 3564
3009 3564
3010 3564
3011 3564
3012 3564
3013 3564
3014 3564
3015 3564
3016 3564
3017 3564
3018 3564
3019 3564
3020 3564
3021 3564
3022 3564
3023 3564
3024 3564
3025 3564
3026 3564
3027 3564
3028 3564
3029 3564
3030 3564
3031 3564
3032 3564
3033 3564
3034 3564
3035 3564
3036 3564
3037 3558
3038 3558
3039 3558
3040 3558
3041 3558
3042 3558
3043 3558
3044 3558
3045 3558
3046 3558
3047 3558
3048 3558
3049 3558
3050 3558
3051 3558
3052 3558
3053 3558
3054 3558
3055 3558
3056 3531
3057 3531
3058 3531
3059 3531
3060 3531
3061 3531
3062 3531
3063 3531
3064 3531
3065 3531
3066 3531
3067 3531
3068 3531
3069 3529
3070 3529
3071 3529
3072 3529
3073 3529
3074 3529
3075 3529
3076 3529
3077 3529
3078 3529
3079 3529
3080 3529
3081 3529
3082 3529
3083 3529
3084 3529
3085 3529
3086 3515
3087 3515
3088 3515
3089 3515
3090 3515
3091 3515
3092 3515
3093 3515
3094 3515
3095 3515
3096 3515
3097 3515
3098 3515
3099 3515
3100 3515
3101 3515
3102 3515
3103 3515
3104 3515
3105 3515
3106 3515
3107 3515
3108 3515
3109 3511
3110 3511
3111 3511
3112 3511
3113 3511
3114 3511
3115 3511
3116 3511
3117 3511
3118 3511
3119 3511
3120 3511
3121 3511
3122 3511
3123 3511
3124 3511
3125 3511
3126 3511
3127 3511
3128 3511
3129 3511
3130 3511
3131 3511
3132 3511
3133 3511
3134 3511
3135 3511
3136 3511
3137 3511
3138 3511
3139 3511
3140 3511
3141 3511
3142 3511
3143 3511
3144 3508
3145 3508
3146 3508
3147 3508
3148 3508
3149 3508
3150 3505
3151 3505
3152 3505
3153 3505
3154 3505
3155 3505
3156 3505
3157 3505
3158 3505
3159 3505
3160 3505
3161 3497
3162 3497
3163 3497
3164 3497
3165 3497
3166 3497
3167 3497
3168 3497
3169 3497
3170 3497
3171 3497
3172 3497
3173 3497
3174 3497
3175 3497
3176 3497
3177 3497
3178 3497
3179 3497
3180 3497
3181 3497
3182 3497
3183 3497
3184 3497
3185 3497
3186 3497
3187 3497
3188 3497
3189 3497
3190 3497
3191 3497
3192 3497
3193 3497
3194 3497
3195 3497
3196 3497
3197 3497
3198 3497
3199 3497
3200 3497
3201 3497
3202 3497
3203 3497
3204 3497
3205 3497
3206 3497
3207 3497
3208 3497
3209 3497
3210 3497
3211 3497
3212 3497
3213 3497
3214 3497
3215 3497
3216 3497
3217 3497
3218 3497
3219 3497
3220 3497
3221 3497
3222 3497
3223 3497
3224 3497
3225 3497
3226 3497
3227 3497
3228 3497
3229 3497
3230 3497
3231 3497
3232 3497
3233 3497
3234 3497
3235 3497
3236 3497
3237 3497
3238 3492
3239 3492
3240 3492
3241 3492
3242 3492
3243 3492
3244 3492
3245 3492
3246 3492
3247 3492
3248 3492
3249 3492
3250 3486
3251 3486
3252 3486
3253 3486
3254 3486
3255 3486
3256 3486
3257 3486
3258 3486
3259 3486
3260 3486
3261 3486
3262 3486
3263 3486
3264 3486
3265 3486
3266 3486
3267 3486
3268 3486
3269 3486
3270 3486
3271 3486
3272 3486
3273 3486
3274 3486
3275 3486
3276 3486
3277 3482
3278 3482
3279 3482
3280 3482
3281 3482
3282 3482
3283 3482
3284 3482
3285 3478
3286 3478
3287 3478
3288 3478
3289 3478
3290 3478
3291 3472
3292 3472
3293 3472
3294 3472
3295 3472
3296 3472
3297 3472
3298 3472
3299 3472
3300 3472
3301 3472
3302 3472
3303 3472
3304 3472
3305 3472
3306 3472
3307 3472
3308 3472
3309 3472
3310 3472
3311 3472
3312 3472
3313 3472
3314 3472
3315 3472
3316 3472
3317 3472
3318 3472
3319 3472
3320 3472
3321 3472
3322 3472
3323 3472
3324 3472
3325 3472
3326 3472
3327 3472
3328 3472
3329 3472
3330 3472
3331 3472
3332 3472
3333 3472
3334 3472
3335 3472
3336 3472
3337 3472
3338 3472
3339 3472
3340 3472
3341 3472
3342 3472
3343 3472
3344 3472
3345 3472
3346 3472
3347 3472
3348 3472
3349 3472
3350 3472
3351 3472
3352 3472
3353 3472
3354 3472
3355 3472
3356 3472
3357 3472
3358 3472
3359 3472
3360 3472
3361 3472
3362 3472
3363 3472
3364 3472
3365 3472
3366 3472
3367 3472
3368 3472
3369 3472
3370 3472
3371 3472
3372 3472
3373 3472
3374 3472
3375 3472
3376 3472
3377 3472
3378 3472
3379 3472
3380 3472
3381 3472
3382 3472
3383 3472
3384 3472
3385 3472
3386 3472
3387 3472
3388 3472
3389 3472
3390 3472
3391 3472
3392 3472
3393 3472
3394 3472
3395 3472
3396 3472
3397 3472
3398 3472
3399 3472
3400 3472
3401 3465
3402 3465
3403 3465
3404 3465
3405 3465
3406 3465
3407 3458
3408 3458
3409 3458
3410 3458
3411 3458
3412 3458
3413 3458
3414 3458
3415 3458
3416 3458
3417 3458
3418 3458
3419 3458
3420 3458
3421 3458
3422 3458
3423 3454
3424 3454
3425 3454
3426 3454
3427 3454
3428 3454
3429 3453
3430 3453
3431 3453
3432 3453
3433 3453
3434 3453
3435 3453
3436 3453
3437 3453
3438 3453
3439 3453
3440 3453
3441 3453
3442 3453
3443 3453
3444 3453
3445 3453
3446 3453
3447 3453
3448 3453
3449 3453
3450 3453
3451 3453
3452 3453
3453 3453
3454 3453
3455 3453
3456 3453
3457 3453
3458 3453
3459 3453
3460 3453
3461 3453
3462 3453
3463 3453
3464 3453
3465 3453
3466 3453
3467 3453
3468 3453
3469 3453
3470 3453
3471 3453
3472 3453
3473 3453
3474 3453
3475 3453
3476 3453
3477 3453
3478 3453
3479 3453
3480 3453
3481 3453
3482 3453
3483 3453
3484 3453
3485 3451
3486 3451
3487 3451
3488 3451
3489 3451
3490 3451
3491 3449
3492 3449
3493 3449
3494 3449
3495 3449
3496 3449
3497 3449
3498 3449
3499 3449
3500 3449
3501 3449
3502 3449
3503 3449
3504 3449
3505 3449
3506 3449
3507 3449
3508 3449
3509 3449
3510 3449
3511 3449
3512 3449
3513 3449
3514 3449
3515 3449
3516 3449
3517 3449
3518 3449
3519 3449
3520 3449
3521 3449
3522 3449
3523 3445
3524 3445
3525 3445
3526 3445
3527 3445
3528 3445
3529 3445
3530 3445
3531 3445
3532 3445
3533 3445
3534 3445
3535 3445
3536 3445
3537 3445
3538 3445
3539 3445
3540 3445
3541 3445
3542 3445
3543 3445
3544 3445
3545 3445
3546 3445
3547 3445
3548 3445
3549 3445
3550 3445
3551 3445
3552 3445
3553 3445
3554 3445
3555 3445
3556 3445
3557 3445
3558 3445
3559 3445
3560 3445
3561 3445
3562 3445
3563 3445
3564 3445
3565 3445
3566 3445
3567 3445
3568 3445
3569 3445
3570 3445
3571 3445
3572 3445
3573 3445
3574 3445
3575 3445
3576 3445
3577 3445
3578 3445
3579 3445
3580 3445
3581 3445
3582 3445
3583 3445
3584 3445
3585 3445
3586 3445
3587 3445
3588 3445
3589 3445
3590 3445
3591 3445
3592 3445
3593 3445
3594 3445
3595 3445
3596 3445
3597 3445
3598 3445
3599 3445
3600 3445
3601 3445
3602 3445
3603 3445
3604 3445
3605 3445
3606 3445
3607 3445
3608 3445
3609 3445
3610 3443
3611 3443
3612 3443
3613 3443
3614 3443
3615 3443
3616 3443
3617 3443
3618 3443
3619 3443
3620 3443
3621 3443
3622 3443
3623 3441
3624 3441
3625 3441
3626 3441
3627 3441
3628 3441
3629 3441
3630 3441
3631 3441
3632 3441
3633 3441
3634 3441
3635 3441
3636 3441
3637 3441
3638 3441
3639 3441
3640 3441
3641 3441
3642 3441
3643 3441
3644 3441
3645 3441
3646 3441
3647 3441
3648 3441
3649 3441
3650 3441
3651 3441
3652 3441
3653 3441
3654 3441
3655 3441
3656 3441
3657 3441
3658 3441
3659 3441
3660 3441
3661 3435
3662 3435
3663 3435
3664 3435
3665 3435
3666 3435
3667 3431
3668 3431
3669 3431
3670 3428
3671 3428
3672 3428
3673 3428
3674 3428
3675 3428
3676 3428
3677 3428
3678 3428
3679 3428
3680 3428
3681 3428
3682 3422
3683 3422
3684 3422
3685 3422
3686 3422
3687 3422
3688 3422
3689 3422
3690 3419
3691 3419
3692 3419
3693 3419
3694 3419
3695 3419
3696 3419
3697 3419
3698 3419
3699 3419
3700 3419
3701 3419
3702 3419
3703 3419
3704 3419
3705 3419
3706 3419
3707 3419
3708 3419
3709 3419
3710 3419
3711 3419
3712 3419
3713 3419
3714 3419
3715 3419
3716 3419
3717 3419
3718 3419
3719 3419
3720 3419
3721 3419
3722 3419
3723 3419
3724 3419
3725 3419
3726 3419
3727 3419
3728 3419
3729 3419
3730 3419
3731 3419
3732 3419
3733 3419
3734 3419
3735 3419
3736 3419
3737 3419
3738 3419
3739 3419
3740 3419
3741 3419
3742 3419
3743 3419
3744 3419
3745 3419
3746 3415
3747 3415
3748 3412
3749 3412
3750 3412
3751 3412
3752 3412
3753 3412
3754 3412
3755 3412
3756 3385
3757 3385
3758 3385
3759 3385
3760 3385
3761 3370
3762 3370
3763 3366
3764 3366
3765 3355
3766 3355
3767 3355
3768 3355
3769 3355
3770 3355
3771 3355
3772 3355
3773 3355
3774 3355
3775 3355
3776 3355
3777 3355
3778 3355
3779 3355
3780 3355
3781 3355
3782 3353
3783 3352
3784 3352
3785 3352
3786 3352
3787 3352
3788 3352
3789 3352
3790 3352
3791 3352
3792 3352
3793 3352
3794 3352
3795 3352
3796 3352
3797 3352
3798 3352
3799 3352
3800 3352
3801 3352
3802 3352
3803 3352
3804 3352
3805 3352
3806 3352
3807 3352
3808 3352
3809 3352
3810 3352
3811 3352
3812 3352
3813 3352
3814 3352
3815 3352
3816 3352
3817 3352
3818 3352
3819 3352
3820 3352
3821 3352
3822 3352
3823 3352
3824 3352
3825 3352
3826 3352
3827 3352
3828 3352
3829 3352
3830 3352
3831 3352
3832 3347
3833 3347
3834 3347
3835 3347
3836 3347
3837 3347
3838 3347
3839 3347
3840 3347
3841 3347
3842 3347
3843 3347
3844 3347
3845 3347
3846 3347
3847 3347
3848 3347
3849 3340
3850 3340
3851 3340
3852 3340
3853 3340
3854 3340
3855 3340
3856 3340
3857 3340
3858 3340
3859 3340
3860 3340
3861 3340
3862 3340
3863 3340
3864 3340
3865 3317
3866 3317
3867 3317
3868 3317
3869 3317
3870 3317
3871 3317
3872 3317
3873 3317
3874 3317
3875 3317
3876 3317
3877 3317
3878 3317
3879 3317
3880 3317
3881 3317
3882 3317
3883 3317
3884 3317
3885 3317
3886 3317
3887 3317
3888 3317
3889 3317
3890 3317
3891 3317
3892 3312
3893 3312
3894 3312
3895 3312
3896 3312
3897 3312
3898 3312
3899 3312
3900 3312
3901 3312
3902 3312
3903 3312
3904 3312
3905 3312
3906 3312
3907 3312
3908 3312
3909 3312
3910 3312
3911 3312
3912 3312
3913 3312
3914 3312
3915 3312
3916 3312
3917 3311
3918 3310
3919 3310
3920 3310
3921 3310
3922 3310
3923 3310
3924 3310
3925 3310
3926 3310
3927 3310
3928 3310
3929 3310
3930 3310
3931 3310
3932 3310
3933 3310
3934 3310
3935 3310
3936 3310
3937 3310
3938 3308
3939 3308
3940 3308
3941 3308
3942 3308
3943 3308
3944 3308
3945 3308
3946 3308
3947 3308
3948 3308
3949 3308
3950 3308
3951 3308
3952 3308
3953 3308
3954 3308
3955 3308
3956 3308
3957 3308
3958 3308
3959 3308
3960 3308
3961 3308
3962 3308
3963 3308
3964 3308
3965 3308
3966 3308
3967 3308
3968 3308
3969 3308
3970 3308
3971 3308
3972 3308
3973 3308
3974 3308
3975 3308
3976 3308
3977 3308
3978 3308
3979 3308
3980 3308
3981 3308
3982 3308
3983 3308
3984 3308
3985 3308
3986 3308
3987 3308
3988 3308
3989 3308
3990 3308
3991 3308
3992 3308
3993 3308
3994 3308
3995 3308
3996 3308
3997 3308
3998 3308
3999 3308
4000 3308
4001 3308
4002 3308
4003 3308
4004 3308
4005 3308
4006 3308
4007 3308
4008 3308
4009 3308
4010 3308
4011 3308
4012 3308
4013 3308
4014 3308
4015 3308
4016 3308
4017 3308
4018 3308
4019 3308
4020 3308
4021 3308
4022 3308
4023 3308
4024 3308
4025 3308
4026 3308
4027 3308
4028 3308
4029 3308
4030 3308
4031 3308
4032 3308
4033 3308
4034 3308
4035 3308
4036 3308
4037 3308
4038 3308
4039 3308
4040 3308
4041 3308
4042 3308
4043 3308
4044 3308
4045 3308
4046 3308
4047 3308
4048 3308
4049 3308
4050 3288
4051 3288
4052 3288
4053 3288
4054 3288
4055 3288
4056 3288
4057 3288
4058 3288
4059 3288
4060 3288
4061 3288
4062 3288
4063 3288
4064 3288
4065 3288
4066 3288
4067 3288
4068 3288
4069 3288
4070 3288
4071 3288
4072 3288
4073 3288
4074 3288
4075 3288
4076 3277
4077 3277
4078 3277
4079 3277
4080 3277
4081 3277
4082 3277
4083 3277
4084 3277
4085 3277
4086 3277
4087 3277
4088 3277
4089 3277
4090 3277
4091 3277
4092 3277
4093 3277
4094 3277
4095 3277
4096 3277
4097 3277
4098 3277
4099 3277
4100 3277
4101 3277
4102 3277
4103 3277
4104 3277
4105 3277
4106 3277
4107 3277
4108 3277
4109 3277
4110 3277
4111 3275
4112 3273
4113 3273
4114 3273
4115 3273
4116 3273
4117 3273
4118 3273
4119 3273
4120 3273
4121 3273
4122 3273
4123 3273
4124 3273
4125 3273
4126 3272
4127 3272
4128 3272
4129 3272
4130 3272
4131 3272
4132 3272
4133 3272
4134 3272
4135 3272
4136 3272
4137 3268
4138 3268
4139 3268
4140 3268
4141 3268
4142 3268
4143 3268
4144 3268
4145 3268
4146 3268
4147 3268
4148 3268
4149 3268
4150 3268
4151 3268
4152 3268
4153 3268
4154 3268
4155 3268
4156 3268
4157 3262
4158 3262
4159 3262
4160 3262
4161 3262
4162 3262
4163 3262
4164 3262
4165 3262
4166 3262
4167 3262
4168 3262
4169 3262
4170 3262
4171 3262
4172 3262
4173 3262
4174 3262
4175 3262
4176 3262
4177 3262
4178 3262
4179 3262
4180 3262
4181 3262
4182 3262
4183 3262
4184 3262
4185 3262
4186 3262
4187 3262
4188 3262
4189 3262
4190 3262
4191 3262
4192 3262
4193 3262
4194 3262
4195 3262
4196 3262
4197 3262
4198 3262
4199 3262
4200 3262
4201 3262
4202 3262
4203 3262
4204 3262
4205 3261
4206 3261
4207 3261
4208 3261
4209 3261
4210 3261
4211 3261
4212 3261
4213 3261
4214 3261
4215 3261
4216 3261
4217 3261
4218 3261
4219 3261
4220 3261
4221 3261
4222 3261
4223 3261
4224 3261
4225 3261
4226 3261
4227 3261
4228 3261
4229 3261
4230 3261
4231 3261
4232 3261
4233 3261
4234 3261
4235 3261
4236 3261
4237 3261
4238 3261
4239 3261
4240 3261
4241 3261
4242 3261
4243 3261
4244 3261
4245 3261
4246 3261
4247 3249
4248 3249
4249 3249
4250 3249
4251 3249
4252 3249
4253 3249
4254 3249
4255 3249
4256 3249
4257 3249
4258 3249
4259 3249
4260 3249
4261 3249
4262 3249
4263 3249
4264 3249
4265 3249
4266 3249
4267 3249
4268 3249
4269 3249
4270 3249
4271 3249
4272 3249
4273 3249
4274 3249
4275 3249
4276 3249
4277 3249
4278 3249
4279 3249
4280 3249
4281 3249
4282 3249
4283 3249
4284 3249
4285 3249
4286 3249
4287 3249
4288 3249
4289 3249
4290 3249
4291 3249
4292 3249
4293 3249
4294 3249
4295 3249
4296 3249
4297 3249
4298 3249
4299 3249
4300 3249
4301 3249
4302 3249
4303 3249
4304 3249
4305 3249
4306 3249
4307 3249
4308 3249
4309 3249
4310 3249
4311 3249
4312 3249
4313 3249
4314 3249
4315 3249
4316 3249
4317 3249
4318 3249
4319 3249
4320 3249
4321 3249
4322 3249
4323 3245
4324 3245
4325 3245
4326 3245
4327 3245
4328 3245
4329 3245
4330 3245
4331 3245
4332 3245
4333 3245
4334 3245
4335 3245
4336 3245
4337 3245
4338 3243
4339 3243
4340 3243
4341 3243
4342 3243
4343 3243
4344 3243
4345 3243
4346 3243
4347 3243
4348 3241
4349 3241
4350 3241
4351 3241
4352 3241
4353 3241
4354 3241
4355 3241
4356 3241
4357 3241
4358 3241
4359 3241
4360 3241
4361 3241
4362 3241
4363 3241
4364 3241
4365 3241
4366 3241
4367 3241
4368 3219
4369 3219
4370 3219
4371 3219
4372 3219
4373 3219
4374 3219
4375 3219
4376 3219
4377 3219
4378 3219
4379 3219
4380 3219
4381 3219
4382 3219
4383 3219
4384 3219
4385 3219
4386 3219
4387 3219
4388 3219
4389 3219
4390 3219
4391 3219
4392 3219
4393 3219
4394 3219
4395 3219
4396 3219
4397 3219
4398 3219
4399 3219
4400 3219
4401 3219
4402 3219
4403 3219
4404 3219
4405 3219
4406 3219
4407 3219
4408 3219
4409 3219
4410 3219
4411 3219
4412 3218
4413 3218
4414 3218
4415 3218
4416 3218
4417 3218
4418 3218
4419 3218
4420 3218
4421 3218
4422 3218
4423 3218
4424 3218
4425 3218
4426 3218
4427 3218
4428 3218
4429 3218
4430 3218
4431 3218
4432 3218
4433 3218
4434 3218
4435 3218
4436 3218
4437 3218
4438 3218
4439 3218
4440 3218
4441 3218
4442 3218
4443 3218
4444 3218
4445 3218
4446 3218
4447 3205
4448 3205
4449 3205
4450 3205
4451 3205
4452 3205
4453 3205
4454 3205
4455 3194
4456 3194
4457 3194
4458 3194
4459 3194
4460 3194
4461 3194
4462 3194
4463 3194
4464 3194
4465 3194
4466 3194
4467 3194
4468 3194
4469 3194
4470 3194
4471 3194
4472 3194
4473 3194
4474 3194
4475 3194
4476 3194
4477 3194
4478 3194
4479 3194
4480 3194
4481 3194
4482 3194
4483 3194
4484 3194
4485 3194
4486 3194
4487 3194
4488 3194
4489 3194
4490 3194
4491 3194
4492 3194
4493 3194
4494 3194
4495 3194
4496 3194
4497 3194
4498 3194
4499 3194
4500 3194
4501 3194
4502 3194
4503 3194
4504 3194
4505 3194
4506 3194
4507 3194
4508 3194
4509 3194
4510 3194
4511 3194
4512 3194
4513 3194
4514 3194
4515 3193
4516 3193
4517 3193
4518 3193
4519 3193
4520 3193
4521 3193
4522 3193
4523 3193
4524 3193
4525 3193
4526 3193
4527 3193
4528 3193
4529 3193
4530 3193
4531 3193
4532 3193
4533 3193
4534 3193
4535 3193
4536 3193
4537 3193
4538 3193
4539 3193
4540 3193
4541 3193
4542 3193
4543 3193
4544 3193
4545 3193
4546 3193
4547 3193
4548 3193
4549 3193
4550 3193
4551 3193
4552 3193
4553 3193
4554 3193
4555 3193
4556 3193
4557 3193
4558 3193
4559 3193
4560 3193
4561 3189
4562 3189
4563 3189
4564 3189
4565 3189
4566 3189
4567 3189
4568 3189
4569 3189
4570 3189
4571 3189
4572 3189
4573 3189
4574 3189
4575 3189
4576 3189
4577 3189
4578 3189
4579 3189
4580 3189
4581 3189
4582 3189
4583 3189
4584 3189
4585 3189
4586 3189
4587 3189
4588 3189
4589 3189
4590 3189
4591 3189
4592 3189
4593 3189
4594 3189
4595 3189
4596 3189
4597 3189
4598 3189
4599 3189
4600 3189
4601 3189
4602 3189
4603 3189
4604 3189
4605 3189
4606 3189
4607 3189
4608 3189
4609 3189
4610 3189
4611 3189
4612 3189
4613 3189
4614 3189
4615 3189
4616 3189
4617 3189
4618 3189
4619 3189
4620 3189
4621 3189
4622 3189
4623 3189
4624 3189
4625 3189
4626 3189
4627 3189
4628 3189
4629 3189
4630 3189
4631 3189
4632 3189
4633 3189
4634 3189
4635 3189
4636 3189
4637 3189
4638 3189
4639 3189
4640 3189
4641 3187
4642 3187
4643 3187
4644 3187
4645 3187
4646 3187
4647 3187
4648 3187
4649 3187
4650 3187
4651 3187
4652 3187
4653 3187
4654 3187
4655 3187
4656 3187
4657 3187
4658 3187
4659 3187
4660 3187
4661 3178
4662 3178
4663 3178
4664 3178
4665 3178
4666 3178
4667 3178
4668 3178
4669 3178
4670 3178
4671 3178
4672 3178
4673 3178
4674 3178
4675 3178
4676 3178
4677 3178
4678 3169
4679 3169
4680 3169
4681 3169
4682 3169
4683 3169
4684 3169
4685 3169
4686 3169
4687 3169
4688 3169
4689 3169
4690 3169
4691 3169
4692 3169
4693 3169
4694 3169
4695 3169
4696 3167
4697 3167
4698 3167
4699 3167
4700 3167
4701 3167
4702 3167
4703 3167
4704 3167
4705 3167
4706 3167
4707 3167
4708 3167
4709 3167
4710 3167
4711 3167
4712 3167
4713 3167
4714 3167
4715 3167
4716 3167
4717 3167
4718 3167
4719 3167
4720 3167
4721 3167
4722 3167
4723 3167
4724 3167
4725 3167
4726 3167
4727 3167
4728 3167
4729 3167
4730 3167
4731 3167
4732 3167
4733 3167
4734 3167
4735 3167
4736 3167
4737 3167
4738 3167
4739 3167
4740 3167
4741 3167
4742 3167
4743 3167
4744 3167
4745 3167
4746 3167
4747 3167
4748 3167
4749 3167
4750 3167
4751 3167
4752 3167
4753 3167
4754 3167
4755 3167
4756 3167
4757 3167
4758 3167
4759 3167
4760 3167
4761 3167
4762 3167
4763 3167
4764 3167
4765 3167
4766 3167
4767 3165
4768 3165
4769 3165
4770 3165
4771 3165
4772 3165
4773 3165
4774 3165
4775 3165
4776 3165
4777 3165
4778 3165
4779 3165
4780 3165
4781 3165
4782 3165
4783 3165
4784 3165
4785 3165
4786 3165
4787 3165
4788 3165
4789 3165
4790 3165
4791 3165
4792 3165
4793 3165
4794 3165
4795 3165
4796 3165
4797 3165
4798 3165
4799 3165
4800 3165
4801 3165
4802 3165
4803 3165
4804 3165
4805 3165
4806 3165
4807 3165
4808 3165
4809 3165
4810 3165
4811 3165
4812 3165
4813 3165
4814 3165
4815 3165
4816 3165
4817 3165
4818 3165
4819 3165
4820 3165
4821 3165
4822 3165
4823 3165
4824 3165
4825 3165
4826 3165
4827 3165
4828 3165
4829 3165
4830 3165
4831 3165
4832 3165
4833 3165
4834 3165
4835 3165
4836 3165
4837 3165
4838 3165
4839 3165
4840 3159
4841 3159
4842 3159
4843 3159
4844 3159
4845 3159
4846 3159
4847 3159
4848 3159
4849 3159
4850 3159
4851 3159
4852 3159
4853 3159
4854 3159
4855 3159
4856 3159
4857 3159
4858 3159
4859 3159
4860 3159
4861 3159
4862 3159
4863 3159
4864 3159
4865 3159
4866 3159
4867 3159
4868 3159
4869 3159
4870 3159
4871 3159
4872 3159
4873 3159
4874 3159
4875 3159
4876 3159
4877 3159
4878 3159
4879 3159
4880 3159
4881 3159
4882 3159
4883 3159
4884 3159
4885 3159
4886 3159
4887 3159
4888 3159
4889 3159
4890 3159
4891 3159
4892 3159
4893 3159
4894 3159
4895 3159
4896 3159
4897 3159
4898 3159
4899 3159
4900 3159
4901 3159
4902 3159
4903 3159
4904 3159
4905 3159
4906 3159
4907 3159
4908 3159
4909 3159
4910 3159
4911 3159
4912 3159
4913 3159
4914 3159
4915 3159
4916 3159
4917 3159
4918 3159
4919 3159
4920 3159
4921 3159
4922 3159
4923 3159
4924 3159
4925 3159
4926 3159
4927 3159
4928 3159
4929 3159
4930 3159
4931 3159
4932 3159
4933 3159
4934 3159
4935 3159
4936 3159
4937 3149
4938 3149
4939 3149
4940 3149
4941 3149
4942 3149
4943 3149
4944 3149
4945 3149
4946 3149
4947 3149
4948 3149
4949 3149
4950 3149
4951 3149
4952 3149
4953 3149
4954 3149
4955 3149
4956 3149
4957 3149
4958 3149
4959 3149
4960 3147
4961 3147
4962 3147
4963 3147
4964 3147
4965 3147
4966 3147
4967 3147
4968 3147
4969 3147
4970 3147
4971 3147
4972 3147
4973 3147
4974 3147
4975 3147
4976 3147
4977 3147
4978 3147
4979 3147
4980 3147
4981 3147
4982 3147
4983 3147
4984 3147
4985 3147
4986 3147
4987 3147
4988 3147
4989 3147
4990 3147
4991 3147
4992 3147
4993 3147
4994 3147
4995 3147
4996 3147
4997 3147
4998 3147
4999 3147
5000 3147
5001 3147
5002 3147
5003 3147
5004 3147
5005 3147
5006 3147
5007 3147
5008 3147
5009 3147
5010 3147
5011 3147
5012 3147
5013 3147
5014 3147
5015 3147
5016 3147
5017 3147
5018 3147
5019 3147
5020 3147
5021 3147
5022 3147
5023 3147
5024 3147
5025 3147
5026 3147
5027 3147
5028 3147
5029 3147
5030 3147
5031 3147
5032 3147
5033 3147
5034 3147
5035 3147
5036 3147
5037 3147
5038 3147
5039 3147
5040 3147
5041 3147
5042 3147
5043 3147
5044 3147
5045 3147
5046 3147
5047 3147
5048 3147
5049 3147
5050 3147
5051 3147
5052 3147
5053 3147
5054 3147
5055 3147
5056 3147
5057 3147
5058 3147
5059 3147
5060 3147
5061 3147
5062 3138
5063 3138
5064 3138
5065 3138
5066 3138
5067 3138
5068 3138
5069 3138
5070 3138
5071 3138
5072 3138
5073 3138
5074 3138
5075 3138
5076 3138
5077 3138
5078 3138
5079 3138
5080 3138
5081 3138
5082 3138
5083 3138
5084 3138
5085 3138
5086 3138
5087 3138
5088 3138
5089 3138
5090 3138
5091 3138
5092 3138
5093 3135
5094 3135
5095 3135
5096 3135
5097 3135
5098 3135
5099 3135
5100 3135
5101 3135
5102 3135
5103 3135
5104 3135
5105 3135
5106 3135
5107 3135
5108 3135
5109 3135
5110 3135
5111 3135
5112 3135
5113 3135
5114 3135
5115 3135
5116 3135
5117 3135
5118 3135
5119 3135
5120 3135
5121 3135
5122 3135
5123 3135
5124 3135
5125 3135
5126 3135
5127 3135
5128 3135
5129 3135
5130 3135
5131 3135
5132 3135
5133 3135
5134 3135
5135 3135
5136 3135
5137 3135
5138 3135
5139 3135
5140 3135
5141 3135
5142 3135
5143 3135
5144 3135
5145 3135
5146 3135
5147 3135
5148 3135
5149 3135
5150 3135
5151 3135
5152 3135
5153 3135
5154 3135
5155 3135
5156 3135
5157 3135
5158 3135
5159 3135
5160 3135
5161 3135
5162 3135
5163 3135
5164 3135
5165 3135
5166 3135
5167 3135
5168 3135
5169 3135
5170 3135
5171 3135
5172 3135
5173 3135
5174 3135
5175 3135
5176 3135
5177 3135
5178 3135
5179 3135
5180 3135
5181 3135
5182 3135
5183 3135
5184 3135
5185 3135
5186 3135
5187 3125
5188 3125
5189 3125
5190 3125
5191 3125
5192 3125
5193 3125
5194 3125
5195 3125
5196 3125
5197 3125
5198 3125
5199 3125
5200 3125
5201 3125
5202 3125
5203 3125
5204 3125
5205 3125
5206 3125
5207 3125
5208 3125
5209 3125
5210 3125
5211 3117
5212 3117
5213 3117
5214 3117
5215 3117
5216 3117
5217 3117
5218 3111
5219 3111
5220 3111
5221 3111
5222 3111
5223 3111
5224 3111
5225 3111
5226 3111
5227 3111
5228 3111
5229 3111
5230 3111
5231 3111
5232 3111
5233 3111
5234 3111
5235 3111
5236 3111
5237 3111
5238 3111
5239 3111
5240 3111
5241 3111
5242 3111
5243 3111
5244 3111
5245 3111
5246 3111
5247 3111
5248 3111
5249 3111
5250 3111
5251 3111
5252 3111
5253 3111
5254 3111
5255 3111
5256 3111
5257 3111
5258 3111
5259 3111
5260 3111
5261 3111
5262 3111
5263 3111
5264 3111
5265 3111
5266 3111
5267 3107
5268 3107
5269 3107
5270 3107
5271 3107
5272 3107
5273 3096
5274 3096
5275 3096
5276 3096
5277 3096
5278 3096
5279 3096
5280 3096
5281 3096
5282 3096
5283 3096
5284 3096
5285 3096
5286 3096
5287 3096
5288 3096
5289 3096
5290 3096
5291 3096
5292 3096
5293 3096
5294 3096
5295 3096
5296 3096
5297 3096
5298 3096
5299 3096
5300 3096
5301 3096
5302 3096
5303 3096
5304 3096
5305 3096
5306 3096
5307 3096
5308 3096
5309 3096
5310 3096
5311 3096
5312 3096
5313 3096
5314 3096
5315 3096
5316 3096
5317 3096
5318 3096
5319 3096
5320 3096
5321 3096
5322 3096
5323 3096
5324 3096
5325 3096
5326 3096
5327 3096
5328 3096
5329 3096
5330 3096
5331 3096
5332 3096
5333 3096
5334 3096
5335 3096
5336 3096
5337 3096
5338 3096
5339 3095
5340 3095
5341 3095
5342 3095
5343 3095
5344 3095
5345 3095
5346 3095
5347 3095
5348 3095
5349 3095
5350 3095
5351 3095
5352 3095
5353 3095
5354 3095
5355 3095
5356 3095
5357 3095
5358 3095
5359 3095
5360 3095
5361 3095
5362 3095
5363 3095
5364 3095
5365 3095
5366 3095
5367 3095
5368 3095
5369 3095
5370 3095
5371 3095
5372 3095
5373 3095
5374 3095
5375 3095
5376 3095
5377 3092
5378 3092
5379 3092
5380 3092
5381 3092
5382 3092
5383 3092
5384 3092
5385 3092
5386 3092
5387 3092
5388 3092
5389 3092
5390 3092
5391 3092
5392 3092
5393 3092
5394 3092
5395 3092
5396 3092
5397 3092
5398 3092
5399 3092
5400 3092
5401 3092
5402 3092
5403 3092
5404 3092
5405 3092
5406 3092
5407 3092
5408 3092
5409 3092
5410 3092
5411 3092
5412 3092
5413 3092
5414 3092
5415 3092
5416 3092
5417 3092
5418 3092
5419 3092
5420 3092
5421 3092
5422 3092
5423 3092
5424 3092
5425 3092
5426 3092
5427 3092
5428 3092
5429 3092
5430 3092
5431 3092
5432 3092
5433 3092
5434 3092
5435 3092
5436 3092
5437 3092
5438 3092
5439 3092
5440 3092
5441 3092
5442 3092
5443 3092
5444 3092
5445 3092
5446 3092
5447 3092
5448 3092
5449 3092
5450 3092
5451 3092
5452 3092
5453 3092
5454 3092
5455 3092
5456 3092
5457 3092
5458 3092
5459 3092
5460 3092
5461 3092
5462 3092
5463 3092
5464 3092
5465 3092
5466 3092
5467 3092
5468 3092
5469 3092
5470 3092
5471 3092
5472 3092
5473 3092
5474 3092
5475 3092
5476 3092
5477 3092
5478 3092
5479 3092
5480 3092
5481 3092
5482 3092
5483 3092
5484 3092
5485 3092
5486 3092
5487 3092
5488 3092
5489 3092
5490 3070
5491 3070
5492 3057
5493 3057
5494 3057
5495 3057
5496 3057
5497 3057
5498 3057
5499 3057
5500 3057
5501 3057
5502 3057
5503 3057
5504 3057
5505 3057
5506 3057
5507 3057
5508 3057
5509 3057
5510 3057
5511 3057
5512 3057
5513 3057
5514 3057
5515 3057
5516 3057
5517 3057
5518 3057
5519 3057
5520 3057
5521 3057
5522 3057
5523 3057
5524 3057
5525 3057
5526 3057
5527 3057
5528 3057
5529 3057
5530 3057
5531 3057
5532 3057
5533 3057
5534 3057
5535 3057
5536 3057
5537 3057
5538 3057
5539 3057
5540 3057
5541 3057
5542 3057
5543 3057
5544 3057
5545 3057
5546 3057
5547 3057
5548 3057
5549 3057
5550 3057
5551 3057
5552 3057
5553 3057
5554 3057
5555 3057
5556 3057
5557 3057
5558 3057
5559 3057
5560 3057
5561 3057
5562 3057
5563 3057
5564 3057
5565 3057
5566 3057
5567 3057
5568 3057
5569 3057
5570 3047
5571 3047
5572 3047
5573 3047
5574 3047
5575 3047
5576 3047
5577 3047
5578 3047
5579 3047
5580 3047
5581 3047
5582 3047
5583 3047
5584 3047
5585 3047
5586 3047
5587 3047
5588 3043
5589 3043
5590 3043
5591 3043
5592 3043
5593 3043
5594 3043
5595 3043
5596 3043
5597 3043
5598 3043
5599 3038
5600 3038
5601 3038
5602 3038
5603 3038
5604 3038
5605 3038
5606 3038
5607 3038
5608 3038
5609 3032
5610 3032
5611 3032
5612 3032
5613 3032
5614 3032
5615 3032
5616 3032
5617 3032
5618 3032
5619 3032
5620 3032
5621 3032
5622 3032
5623 3032
5624 3032
5625 3032
5626 3032
5627 3032
5628 3032
5629 3032
5630 3032
5631 3032
5632 3032
5633 3032
5634 3032
5635 3032
5636 3032
5637 3032
5638 3032
5639 3032
5640 3032
5641 3032
5642 3032
5643 3032
5644 3032
5645 3032
5646 3032
5647 3032
5648 3032
5649 3032
5650 3032
5651 3032
5652 3032
5653 3032
5654 3032
5655 3032
5656 3032
5657 3032
5658 3032
5659 3032
5660 3032
5661 3032
5662 3032
5663 3032
5664 3032
5665 3032
5666 3032
5667 3032
5668 3032
5669 3032
5670 3032
5671 3032
5672 3032
5673 3032
5674 3032
5675 3032
5676 3032
5677 3032
5678 3032
5679 3032
5680 3032
5681 3032
5682 3032
5683 3032
5684 3032
5685 3032
5686 3032
5687 3032
5688 3032
5689 3032
5690 3032
5691 3032
5692 3032
5693 3032
5694 3032
5695 3032
5696 3032
5697 3032
5698 3032
5699 3032
5700 3032
5701 3032
5702 3032
5703 3032
5704 3032
5705 3032
5706 3032
5707 3032
5708 3032
5709 3032
5710 3032
5711 3032
5712 3032
5713 3032
5714 3032
5715 3032
5716 3032
5717 3032
5718 3032
5719 3032
5720 3032
5721 3032
5722 3032
5723 3032
5724 3032
5725 3032
5726 3032
5727 3032
5728 3032
5729 3032
5730 3032
5731 3032
5732 3032
5733 3032
5734 3032
5735 3032
5736 3032
5737 3032
5738 3032
5739 3029
5740 3021
5741 3021
5742 3021
5743 3021
5744 3021
5745 3021
5746 3021
5747 3021
5748 3021
5749 3021
5750 3021
5751 3021
5752 3010
5753 3010
5754 3010
5755 3010
5756 3010
5757 3010
5758 3010
5759 3010
5760 3010
5761 3010
5762 3010
5763 3010
5764 3010
5765 3010
5766 3010
5767 3010
5768 3010
5769 3010
5770 3010
5771 3010
5772 3010
5773 3010
5774 3010
5775 3010
5776 3010
5777 3007
5778 3007
5779 3007
5780 3007
5781 3007
5782 3007
5783 3007
5784 3007
5785 3007
5786 3007
5787 3007
5788 3007
5789 3007
5790 3007
5791 3007
5792 3007
5793 3007
5794 3007
5795 3007
5796 3007
5797 3007
5798 3007
5799 2999
5800 2999
5801 2999
5802 2999
5803 2999
5804 2999
5805 2999
5806 2999
5807 2999
5808 2999
5809 2999
5810 2999
5811 2999
5812 2999
5813 2999
5814 2999
5815 2999
5816 2999
5817 2999
5818 2999
5819 2999
5820 2999
5821 2999
5822 2999
5823 2999
5824 2999
5825 2999
5826 2999
5827 2999
5828 2997
5829 2997
5830 2997
5831 2997
5832 2997
5833 2997
5834 2997
5835 2994
5836 2994
5837 2994
5838 2994
5839 2994
5840 2994
5841 2994
5842 2994
5843 2994
5844 2994
5845 2994
5846 2994
5847 2994
5848 2994
5849 2994
5850 2994
5851 2994
5852 2994
5853 2994
5854 2994
5855 2994
5856 2994
5857 2994
5858 2994
5859 2994
5860 2994
5861 2994
5862 2994
5863 2994
5864 2994
5865 2994
5866 2994
5867 2994
5868 2994
5869 2994
5870 2994
5871 2994
5872 2994
5873 2994
5874 2994
5875 2994
5876 2994
5877 2994
5878 2994
5879 2994
5880 2992
5881 2992
5882 2992
5883 2992
5884 2992
5885 2992
5886 2992
5887 2992
5888 2992
5889 2992
5890 2992
5891 2992
5892 2992
5893 2992
5894 2992
5895 2992
5896 2992
5897 2992
5898 2992
5899 2992
5900 2992
5901 2992
5902 2992
5903 2992
5904 2992
5905 2992
5906 2992
5907 2992
5908 2992
5909 2992
5910 2992
5911 2992
5912 2992
5913 2992
5914 2992
5915 2992
5916 2992
5917 2992
5918 2992
5919 2992
5920 2992
5921 2992
5922 2992
5923 2992
5924 2992
5925 2992
5926 2992
5927 2992
5928 2992
5929 2992
5930 2992
5931 2992
5932 2992
5933 2992
5934 2992
5935 2992
5936 2992
5937 2992
5938 2992
5939 2992
5940 2992
5941 2992
5942 2992
5943 2992
5944 2992
5945 2992
5946 2992
5947 2992
5948 2992
5949 2992
5950 2992
5951 2992
5952 2992
5953 2992
5954 2992
5955 2992
5956 2992
5957 2992
5958 2992
5959 2992
5960 2992
5961 2992
5962 2992
5963 2992
5964 2992
5965 2992
5966 2992
5967 2992
5968 2992
5969 2992
5970 2992
5971 2992
5972 2992
5973 2992
5974 2992
5975 2992
5976 2992
5977 2992
5978 2992
5979 2992
5980 2992
5981 2992
5982 2992
5983 2992
5984 2992
5985 2992
5986 2992
5987 2992
5988 2992
5989 2992
5990 2992
5991 2992
5992 2992
5993 2992
5994 2992
5995 2992
5996 2992
5997 2992
5998 2991
5999 2991
6000 2991
6001 2991
6002 2991
6003 2988
6004 2988
6005 2988
6006 2988
6007 2988
6008 2988
6009 2988
6010 2988
6011 2988
6012 2988
6013 2988
6014 2988
6015 2988
6016 2988
6017 2988
6018 2988
6019 2988
6020 2988
6021 2988
6022 2988
6023 2988
6024 2988
6025 2988
6026 2988
6027 2988
6028 2988
6029 2988
6030 2988
6031 2988
6032 2988
6033 2988
6034 2988
6035 2988
6036 2988
6037 2988
6038 2988
6039 2988
6040 2988
6041 2988
6042 2988
6043 2988
6044 2981
6045 2981
6046 2981
6047 2981
6048 2981
6049 2981
6050 2981
6051 2981
6052 2981
6053 2981
6054 2981
6055 2981
6056 2976
6057 2976
6058 2976
6059 2976
6060 2976
6061 2976
6062 2976
6063 2976
6064 2976
6065 2976
6066 2976
6067 2976
6068 2976
6069 2976
6070 2976
6071 2976
6072 2976
6073 2976
6074 2976
6075 2976
6076 2976
6077 2976
6078 2976
6079 2976
6080 2976
6081 2976
6082 2976
6083 2976
6084 2976
6085 2976
6086 2976
6087 2976
6088 2976
6089 2976
6090 2976
6091 2976
6092 2976
6093 2976
6094 2976
6095 2976
6096 2976
6097 2976
6098 2976
6099 2976
6100 2976
6101 2976
6102 2976
6103 2976
6104 2976
6105 2976
6106 2976
6107 2976
6108 2976
6109 2976
6110 2976
6111 2976
6112 2976
6113 2976
6114 2976
6115 2976
6116 2976
6117 2976
6118 2976
6119 2976
6120 2976
6121 2976
6122 2976
6123 2976
6124 2976
6125 2976
6126 2976
6127 2976
6128 2976
6129 2976
6130 2976
6131 2976
6132 2976
6133 2976
6134 2976
6135 2976
6136 2976
6137 2976
6138 2976
6139 2976
6140 2976
6141 2976
6142 2976
6143 2976
6144 2976
6145 2976
6146 2976
6147 2976
6148 2976
6149 2976
6150 2976
6151 2976
6152 2976
6153 2976
6154 2976
6155 2976
6156 2976
6157 2976
6158 2976
6159 2976
6160 2976
6161 2976
6162 2976
6163 2976
6164 2976
6165 2976
6166 2976
6167 2976
6168 2975
6169 2975
6170 2975
6171 2975
6172 2975
6173 2975
6174 2975
6175 2975
6176 2975
6177 2975
6178 2975
6179 2975
6180 2975
6181 2975
6182 2975
6183 2975
6184 2975
6185 2975
6186 2975
6187 2975
6188 2975
6189 2975
6190 2975
6191 2975
6192 2975
6193 2975
6194 2975
6195 2975
6196 2975
6197 2975
6198 2975
6199 2975
6200 2975
6201 2975
6202 2975
6203 2975
6204 2975
6205 2975
6206 2975
6207 2975
6208 2975
6209 2975
6210 2975
6211 2975
6212 2975
6213 2975
6214 2975
6215 2975
6216 2975
6217 2975
6218 2975
6219 2975
6220 2975
6221 2975
6222 2975
6223 2975
6224 2975
6225 2975
6226 2975
6227 2975
6228 2975
6229 2975
6230 2975
6231 2975
6232 2975
6233 2975
6234 2975
6235 2975
6236 2975
6237 2975
6238 2975
6239 2975
6240 2975
6241 2975
6242 2975
6243 2975
6244 2975
6245 2975
6246 2975
6247 2975
6248 2975
6249 2975
6250 2975
6251 2975
6252 2975
6253 2975
6254 2975
6255 2975
6256 2975
6257 2975
6258 2975
6259 2975
6260 2975
6261 2975
6262 2975
6263 2975
6264 2975
6265 2975
6266 2975
6267 2975
6268 2975
6269 2975
6270 2975
6271 2975
6272 2975
6273 2975
6274 2975
6275 2975
6276 2975
6277 2975
6278 2975
6279 2975
6280 2975
6281 2975
6282 2975
6283 2975
6284 2975
6285 2975
6286 2975
6287 2975
6288 2975
6289 2975
6290 2975
6291 2975
6292 2975
6293 2974
6294 2974
6295 2974
6296 2974
6297 2974
6298 2974
6299 2974
6300 2974
6301 2974
6302 2974
6303 2974
6304 2974
6305 2974
6306 2974
6307 2974
6308 2974
6309 2974
6310 2974
6311 2974
6312 2974
6313 2974
6314 2974
6315 2974
6316 2974
6317 2974
6318 2974
6319 2974
6320 2974
6321 2974
6322 2974
6323 2974
6324 2974
6325 2974
6326 2974
6327 2974
6328 2974
6329 2974
6330 2974
6331 2974
6332 2974
6333 2974
6334 2974
6335 2974
6336 2974
6337 2974
6338 2974
6339 2974
6340 2974
6341 2974
6342 2974
6343 2974
6344 2974
6345 2974
6346 2974
6347 2974
6348 2974
6349 2974
6350 2974
6351 2974
6352 2974
6353 2974
6354 2974
6355 2974
6356 2974
6357 2974
6358 2974
6359 2974
6360 2974
6361 2974
6362 2974
6363 2974
6364 2974
6365 2974
6366 2974
6367 2974
6368 2974
6369 2974
6370 2974
6371 2974
6372 2974
6373 2974
6374 2974
6375 2974
6376 2970
6377 2970
6378 2970
6379 2970
6380 2970
6381 2970
6382 2970
6383 2970
6384 2970
6385 2970
6386 2970
6387 2970
6388 2970
6389 2970
6390 2970
6391 2970
6392 2970
6393 2970
6394 2970
6395 2970
6396 2970
6397 2970
6398 2970
6399 2970
6400 2970
6401 2970
6402 2970
6403 2970
6404 2970
6405 2970
6406 2970
6407 2970
6408 2970
6409 2970
6410 2970
6411 2970
6412 2970
6413 2970
6414 2970
6415 2970
6416 2970
6417 2970
6418 2970
6419 2970
6420 2970
6421 2970
6422 2970
6423 2970
6424 2970
6425 2970
6426 2970
6427 2970
6428 2970
6429 2970
6430 2970
6431 2970
6432 2970
6433 2970
6434 2970
6435 2970
6436 2970
6437 2970
6438 2968
6439 2968
6440 2968
6441 2968
6442 2968
6443 2968
6444 2968
6445 2968
6446 2968
6447 2968
6448 2968
6449 2968
6450 2968
6451 2968
6452 2968
6453 2968
6454 2968
6455 2968
6456 2968
6457 2968
6458 2968
6459 2968
6460 2968
6461 2968
6462 2968
6463 2968
6464 2968
6465 2968
6466 2968
6467 2968
6468 2968
6469 2968
6470 2968
6471 2968
6472 2968
6473 2968
6474 2968
6475 2968
6476 2968
6477 2968
6478 2968
6479 2968
6480 2968
6481 2968
6482 2968
6483 2968
6484 2968
6485 2968
6486 2968
6487 2968
6488 2968
6489 2968
6490 2968
6491 2968
6492 2968
6493 2968
6494 2968
6495 2968
6496 2968
6497 2968
6498 2968
6499 2968
6500 2968
6501 2968
6502 2968
6503 2968
6504 2968
6505 2968
6506 2968
6507 2968
6508 2968
6509 2968
6510 2968
6511 2968
6512 2968
6513 2968
6514 2968
6515 2968
6516 2968
6517 2968
6518 2968
6519 2968
6520 2968
6521 2968
6522 2968
6523 2968
6524 2968
6525 2968
6526 2968
6527 2968
6528 2968
6529 2968
6530 2968
6531 2968
6532 2968
6533 2968
6534 2968
6535 2968
6536 2968
6537 2968
6538 2968
6539 2968
6540 2968
6541 2968
6542 2968
6543 2968
6544 2968
6545 2968
6546 2968
6547 2968
6548 2968
6549 2968
6550 2968
6551 2968
6552 2968
6553 2968
6554 2968
6555 2968
6556 2968
6557 2968
6558 2968
6559 2968
6560 2968
6561 2968
6562 2968
6563 2968
6564 2968
6565 2968
6566 2967
6567 2967
6568 2967
6569 2967
6570 2967
6571 2961
6572 2961
6573 2961
6574 2961
6575 2961
6576 2961
6577 2961
6578 2961
6579 2961
6580 2961
6581 2961
6582 2961
6583 2961
6584 2961
6585 2961
6586 2961
6587 2961
6588 2961
6589 2961
6590 2961
6591 2961
6592 2961
6593 2961
6594 2961
6595 2961
6596 2961
6597 2961
6598 2961
6599 2961
6600 2961
6601 2961
6602 2961
6603 2961
6604 2961
6605 2961
6606 2961
6607 2961
6608 2961
6609 2961
6610 2961
6611 2961
6612 2961
6613 2961
6614 2961
6615 2961
6616 2961
6617 2961
6618 2961
6619 2961
6620 2961
6621 2961
6622 2961
6623 2961
6624 2961
6625 2961
6626 2961
6627 2961
6628 2961
6629 2961
6630 2961
6631 2961
6632 2961
6633 2961
6634 2961
6635 2961
6636 2961
6637 2961
6638 2961
6639 2961
6640 2961
6641 2961
6642 2961
6643 2961
6644 2961
6645 2961
6646 2961
6647 2961
6648 2961
6649 2961
6650 2961
6651 2961
6652 2961
6653 2961
6654 2961
6655 2961
6656 2961
6657 2961
6658 2961
6659 2961
6660 2961
6661 2961
6662 2961
6663 2961
6664 2961
6665 2961
6666 2961
6667 2961
6668 2961
6669 2961
6670 2961
6671 2961
6672 2961
6673 2961
6674 2961
6675 2961
6676 2961
6677 2961
6678 2961
6679 2961
6680 2961
6681 2961
6682 2961
6683 2961
6684 2961
6685 2961
6686 2961
6687 2961
6688 2961
6689 2961
6690 2961
6691 2961
6692 2961
6693 2961
6694 2961
6695 2961
6696 2961
6697 2961
6698 2961
6699 2961
6700 2961
6701 2961
6702 2961
6703 2961
6704 2961
6705 2961
6706 2961
6707 2961
6708 2961
6709 2961
6710 2961
6711 2961
6712 2961
6713 2961
6714 2961
6715 2954
6716 2954
6717 2954
6718 2954
6719 2954
6720 2954
6721 2954
6722 2954
6723 2954
6724 2954
6725 2954
6726 2954
6727 2954
6728 2954
6729 2954
6730 2954
6731 2954
6732 2954
6733 2954
6734 2954
6735 2954
6736 2954
6737 2954
6738 2954
6739 2954
6740 2954
6741 2954
6742 2954
6743 2954
6744 2954
6745 2954
6746 2954
6747 2954
6748 2954
6749 2954
6750 2954
6751 2954
6752 2954
6753 2954
6754 2954
6755 2954
6756 2954
6757 2954
6758 2954
6759 2954
6760 2954
6761 2954
6762 2954
6763 2954
6764 2954
6765 2954
6766 2954
6767 2954
6768 2954
6769 2954
6770 2954
6771 2948
6772 2948
6773 2948
6774 2948
6775 2948
6776 2948
6777 2948
6778 2948
6779 2948
6780 2948
6781 2948
6782 2948
6783 2948
6784 2948
6785 2948
6786 2948
6787 2948
6788 2948
6789 2948
6790 2948
6791 2948
6792 2948
6793 2948
6794 2948
6795 2944
6796 2944
6797 2944
6798 2944
6799 2944
6800 2944
6801 2944
6802 2944
6803 2944
6804 2944
6805 2944
6806 2944
6807 2944
6808 2944
6809 2944
6810 2944
6811 2944
6812 2944
6813 2944
6814 2944
6815 2944
6816 2944
6817 2944
6818 2944
6819 2944
6820 2944
6821 2944
6822 2944
6823 2944
6824 2944
6825 2944
6826 2944
6827 2944
6828 2944
6829 2944
6830 2944
6831 2944
6832 2944
6833 2944
6834 2944
6835 2944
6836 2944
6837 2944
6838 2944
6839 2944
6840 2944
6841 2944
6842 2944
6843 2944
6844 2944
6845 2944
6846 2944
6847 2944
6848 2944
6849 2944
6850 2944
6851 2944
6852 2944
6853 2944
6854 2944
6855 2944
6856 2944
6857 2944
6858 2944
6859 2944
6860 2944
6861 2944
6862 2944
6863 2944
6864 2944
6865 2944
6866 2944
6867 2944
6868 2943
6869 2943
6870 2943
6871 2943
6872 2943
6873 2943
6874 2943
6875 2943
6876 2943
6877 2943
6878 2943
6879 2943
6880 2943
6881 2943
6882 2943
6883 2943
6884 2943
6885 2943
6886 2943
6887 2943
6888 2943
6889 2943
6890 2943
6891 2943
6892 2943
6893 2943
6894 2943
6895 2943
6896 2943
6897 2943
6898 2943
6899 2943
6900 2943
6901 2943
6902 2943
6903 2943
6904 2943
6905 2943
6906 2943
6907 2943
6908 2943
6909 2943
6910 2943
6911 2943
6912 2943
6913 2943
6914 2943
6915 2943
6916 2943
6917 2943
6918 2943
6919 2943
6920 2943
6921 2943
6922 2943
6923 2943
6924 2943
6925 2943
6926 2943
6927 2943
6928 2943
6929 2943
6930 2943
6931 2943
6932 2943
6933 2943
6934 2943
6935 2943
6936 2943
6937 2943
6938 2943
6939 2943
6940 2943
6941 2943
6942 2943
6943 2943
6944 2943
6945 2943
6946 2943
6947 2943
6948 2943
6949 2943
6950 2943
6951 2943
6952 2943
6953 2943
6954 2943
6955 2943
6956 2943
6957 2943
6958 2943
6959 2943
6960 2943
6961 2943
6962 2943
6963 2943
6964 2943
6965 2943
6966 2943
6967 2943
6968 2943
6969 2943
6970 2943
6971 2936
6972 2936
6973 2936
6974 2936
6975 2936
6976 2936
6977 2936
6978 2936
6979 2936
6980 2936
6981 2936
6982 2936
6983 2936
6984 2936
6985 2936
6986 2936
6987 2936
6988 2936
6989 2936
6990 2936
6991 2936
6992 2936
6993 2936
6994 2936
6995 2936
6996 2936
6997 2936
6998 2936
6999 2936
7000 2936
7001 2936
7002 2936
7003 2936
7004 2936
7005 2936
7006 2936
7007 2936
7008 2936
7009 2936
7010 2936
7011 2936
7012 2936
7013 2936
7014 2936
7015 2936
7016 2936
7017 2936
7018 2936
7019 2936
7020 2936
7021 2936
7022 2936
7023 2936
7024 2936
7025 2936
7026 2936
7027 2936
7028 2936
7029 2936
7030 2936
7031 2936
7032 2936
7033 2936
7034 2936
7035 2936
7036 2936
7037 2936
7038 2936
7039 2936
7040 2936
7041 2936
7042 2936
7043 2936
7044 2936
7045 2936
7046 2936
7047 2936
7048 2936
7049 2936
7050 2936
7051 2936
7052 2936
7053 2936
7054 2936
7055 2936
7056 2936
7057 2936
7058 2936
7059 2936
7060 2936
7061 2936
7062 2936
7063 2936
7064 2936
7065 2936
7066 2936
7067 2936
7068 2936
7069 2936
7070 2936
7071 2936
7072 2936
7073 2936
7074 2936
7075 2936
7076 2936
7077 2936
7078 2936
7079 2936
7080 2936
7081 2936
7082 2936
7083 2936
7084 2936
7085 2936
7086 2936
7087 2936
7088 2936
7089 2936
7090 2936
7091 2936
7092 2936
7093 2936
7094 2936
7095 2936
7096 2936
7097 2936
7098 2936
7099 2936
7100 2936
7101 2936
7102 2936
7103 2936
7104 2936
7105 2936
7106 2936
7107 2936
7108 2936
7109 2936
7110 2936
7111 2936
7112 2936
7113 2936
7114 2936
7115 2936
7116 2936
7117 2936
7118 2936
7119 2936
7120 2936
7121 2936
7122 2936
7123 2936
7124 2936
7125 2936
7126 2936
7127 2936
7128 2936
7129 2936
7130 2936
7131 2936
7132 2936
7133 2936
7134 2936
7135 2936
7136 2936
7137 2936
7138 2936
7139 2936
7140 2936
7141 2936
7142 2936
7143 2936
7144 2936
7145 2936
7146 2936
7147 2936
7148 2936
7149 2936
7150 2936
7151 2936
7152 2936
7153 2936
7154 2936
7155 2936
7156 2936
7157 2936
7158 2936
7159 2936
7160 2936
7161 2936
7162 2936
7163 2936
7164 2936
7165 2936
7166 2936
7167 2936
7168 2936
7169 2936
7170 2936
7171 2936
7172 2936
7173 2936
7174 2936
7175 2936
7176 2936
7177 2936
7178 2936
7179 2936
7180 2936
7181 2936
7182 2936
7183 2936
7184 2936
7185 2936
7186 2936
7187 2936
7188 2936
7189 2936
7190 2936
7191 2936
7192 2936
7193 2936
7194 2936
7195 2936
7196 2936
7197 2936
7198 2936
7199 2936
7200 2936
7201 2936
7202 2936
7203 2936
7204 2936
7205 2936
7206 2936
7207 2936
7208 2936
7209 2936
7210 2936
7211 2936
7212 2936
7213 2936
7214 2936
7215 2936
7216 2936
7217 2936
7218 2936
7219 2936
7220 2936
7221 2936
7222 2936
7223 2936
7224 2936
7225 2936
7226 2936
7227 2936
7228 2936
7229 2936
7230 2936
7231 2936
7232 2936
7233 2936
7234 2936
7235 2936
7236 2936
7237 2936
7238 2936
7239 2936
7240 2936
7241 2936
7242 2936
7243 2936
7244 2936
7245 2936
7246 2936
7247 2936
7248 2936
7249 2936
7250 2936
7251 2936
7252 2936
7253 2936
7254 2936
7255 2936
7256 2936
7257 2936
7258 2936
7259 2936
7260 2936
7261 2936
7262 2936
7263 2936
7264 2936
7265 2936
7266 2936
7267 2936
7268 2936
7269 2936
7270 2936
7271 2936
7272 2936
7273 2936
7274 2936
7275 2936
7276 2936
7277 2936
7278 2936
7279 2936
7280 2936
7281 2936
7282 2936
7283 2936
7284 2936
7285 2936
7286 2936
7287 2936
7288 2936
7289 2936
7290 2936
7291 2936
7292 2936
7293 2936
7294 2936
7295 2936
7296 2936
7297 2936
7298 2936
7299 2936
7300 2936
7301 2936
7302 2936
7303 2936
7304 2935
7305 2935
7306 2935
7307 2935
7308 2935
7309 2935
7310 2935
7311 2935
7312 2935
7313 2935
7314 2935
7315 2935
7316 2935
7317 2935
7318 2935
7319 2935
7320 2935
7321 2935
7322 2935
7323 2935
7324 2935
7325 2935
7326 2935
7327 2935
7328 2935
7329 2935
7330 2935
7331 2935
7332 2935
7333 2935
7334 2935
7335 2935
7336 2935
7337 2935
7338 2935
7339 2935
7340 2935
7341 2935
7342 2935
7343 2935
7344 2935
7345 2935
7346 2935
7347 2935
7348 2935
7349 2935
7350 2935
7351 2935
7352 2935
7353 2935
7354 2935
7355 2935
7356 2935
7357 2935
7358 2935
7359 2935
7360 2935
7361 2935
7362 2935
7363 2935
7364 2935
7365 2935
7366 2935
7367 2935
7368 2935
7369 2935
7370 2935
7371 2935
7372 2935
7373 2935
7374 2935
7375 2935
7376 2935
7377 2935
7378 2935
7379 2935
7380 2935
7381 2935
7382 2935
7383 2935
7384 2935
7385 2935
7386 2935
7387 2935
7388 2935
7389 2935
7390 2935
7391 2935
7392 2935
7393 2935
7394 2935
7395 2935
7396 2935
7397 2935
7398 2935
7399 2935
7400 2935
7401 2935
7402 2935
7403 2935
7404 2935
7405 2935
7406 2935
7407 2935
7408 2935
7409 2935
7410 2935
7411 2935
7412 2935
7413 2935
7414 2935
7415 2935
7416 2935
7417 2935
7418 2935
7419 2935
7420 2935
7421 2935
7422 2935
7423 2935
7424 2935
7425 2935
7426 2935
7427 2934
7428 2934
7429 2934
7430 2934
7431 2934
7432 2934
7433 2934
7434 2934
7435 2934
7436 2934
7437 2934
7438 2934
7439 2934
7440 2934
7441 2934
7442 2934
7443 2934
7444 2934
7445 2934
7446 2934
7447 2934
7448 2934
7449 2934
7450 2934
7451 2934
7452 2934
7453 2934
7454 2934
7455 2934
7456 2934
7457 2934
7458 2934
7459 2934
7460 2934
7461 2934
7462 2934
7463 2934
7464 2934
7465 2934
7466 2934
7467 2934
7468 2934
7469 2932
7470 2932
7471 2932
7472 2932
7473 2932
7474 2932
7475 2932
7476 2932
7477 2932
7478 2932
7479 2932
7480 2932
7481 2932
7482 2932
7483 2932
7484 2932
7485 2932
7486 2932
7487 2932
7488 2932
7489 2932
7490 2932
7491 2932
7492 2932
7493 2932
7494 2932
7495 2932
7496 2932
7497 2932
7498 2932
7499 2932
7500 2932
7501 2932
7502 2932
7503 2932
7504 2932
7505 2932
7506 2932
7507 2932
7508 2932
7509 2932
7510 2932
7511 2932
7512 2932
7513 2932
7514 2932
7515 2932
7516 2932
7517 2930
7518 2927
7519 2927
7520 2927
7521 2927
7522 2927
7523 2927
7524 2927
7525 2927
7526 2927
7527 2927
7528 2927
7529 2927
7530 2927
7531 2927
7532 2927
7533 2927
7534 2927
7535 2927
7536 2927
7537 2927
7538 2927
7539 2927
7540 2927
7541 2927
7542 2927
7543 2927
7544 2923
7545 2919
7546 2919
7547 2919
7548 2919
7549 2919
7550 2919
7551 2919
7552 2919
7553 2919
7554 2919
7555 2919
7556 2919
7557 2919
7558 2919
7559 2919
7560 2919
7561 2919
7562 2919
7563 2919
7564 2919
7565 2919
7566 2919
7567 2919
7568 2919
7569 2919
7570 2919
7571 2919
7572 2919
7573 2919
7574 2919
7575 2919
7576 2919
7577 2919
7578 2919
7579 2914
7580 2914
7581 2914
7582 2914
7583 2914
7584 2914
7585 2914
7586 2914
7587 2914
7588 2914
7589 2914
7590 2914
7591 2914
7592 2914
7593 2914
7594 2914
7595 2914
7596 2914
7597 2914
7598 2914
7599 2914
7600 2914
7601 2914
7602 2914
7603 2914
7604 2914
7605 2914
7606 2914
7607 2914
7608 2914
7609 2914
7610 2914
7611 2914
7612 2914
7613 2914
7614 2914
7615 2914
7616 2914
7617 2914
7618 2914
7619 2914
7620 2914
7621 2914
7622 2914
7623 2914
7624 2914
7625 2914
7626 2914
7627 2914
7628 2914
7629 2914
7630 2914
7631 2914
7632 2914
7633 2914
7634 2914
7635 2914
7636 2914
7637 2914
7638 2914
7639 2914
7640 2914
7641 2914
7642 2914
7643 2914
7644 2914
7645 2914
7646 2914
7647 2914
7648 2914
7649 2914
7650 2914
7651 2914
7652 2914
7653 2914
7654 2914
7655 2914
7656 2914
7657 2914
7658 2914
7659 2912
7660 2912
7661 2912
7662 2912
7663 2912
7664 2912
7665 2912
7666 2912
7667 2912
7668 2912
7669 2912
7670 2912
7671 2912
7672 2912
7673 2912
7674 2912
7675 2907
7676 2907
7677 2907
7678 2907
7679 2907
7680 2907
7681 2907
7682 2907
7683 2907
7684 2907
7685 2907
7686 2907
7687 2905
7688 2905
7689 2905
7690 2905
7691 2905
7692 2905
7693 2905
7694 2905
7695 2905
7696 2905
7697 2905
7698 2905
7699 2905
7700 2905
7701 2905
7702 2904
7703 2904
7704 2904
7705 2904
7706 2904
7707 2904
7708 2904
7709 2904
7710 2904
7711 2904
7712 2904
7713 2904
7714 2904
7715 2904
7716 2904
7717 2904
7718 2904
7719 2904
7720 2904
7721 2904
7722 2904
7723 2904
7724 2904
7725 2904
7726 2904
7727 2904
7728 2904
7729 2904
7730 2904
7731 2904
7732 2904
7733 2904
7734 2904
7735 2904
7736 2904
7737 2904
7738 2904
7739 2904
7740 2904
7741 2904
7742 2904
7743 2904
7744 2904
7745 2904
7746 2904
7747 2904
7748 2904
7749 2904
7750 2904
7751 2904
7752 2904
7753 2904
7754 2904
7755 2904
7756 2904
7757 2904
7758 2904
7759 2904
7760 2904
7761 2904
7762 2904
7763 2904
7764 2904
7765 2904
7766 2904
7767 2904
7768 2904
7769 2904
7770 2904
7771 2904
7772 2904
7773 2904
7774 2904
7775 2904
7776 2904
7777 2904
7778 2904
7779 2904
7780 2904
7781 2904
7782 2904
7783 2904
7784 2904
7785 2904
7786 2904
7787 2904
7788 2904
7789 2904
7790 2904
7791 2904
7792 2904
7793 2904
7794 2904
7795 2904
7796 2904
7797 2904
7798 2904
7799 2904
7800 2904
7801 2904
7802 2904
7803 2904
7804 2904
7805 2904
7806 2904
7807 2904
7808 2904
7809 2904
7810 2901
7811 2901
7812 2901
7813 2901
7814 2901
7815 2901
7816 2901
7817 2901
7818 2900
7819 2900
7820 2900
7821 2900
7822 2900
7823 2900
7824 2900
7825 2900
7826 2900
7827 2900
7828 2900
7829 2900
7830 2900
7831 2896
7832 2896
7833 2896
7834 2896
7835 2896
7836 2896
7837 2896
7838 2896
7839 2896
7840 2896
7841 2896
7842 2896
7843 2896
7844 2896
7845 2896
7846 2896
7847 2896
7848 2896
7849 2896
7850 2880
7851 2880
7852 2880
7853 2880
7854 2880
7855 2880
7856 2880
7857 2880
7858 2880
7859 2880
7860 2880
7861 2880
7862 2880
7863 2880
7864 2880
7865 2880
7866 2880
7867 2880
7868 2880
7869 2880
7870 2880
7871 2880
7872 2880
7873 2880
7874 2880
7875 2880
7876 2880
7877 2880
7878 2880
7879 2880
7880 2880
7881 2880
7882 2880
7883 2880
7884 2880
7885 2880
7886 2880
7887 2880
7888 2880
7889 2880
7890 2880
7891 2880
7892 2880
7893 2880
7894 2880
7895 2880
7896 2880
7897 2880
7898 2880
7899 2880
7900 2880
7901 2880
7902 2880
7903 2880
7904 2880
7905 2880
7906 2880
7907 2880
7908 2880
7909 2880
7910 2880
7911 2880
7912 2880
7913 2880
7914 2880
7915 2880
7916 2880
7917 2880
7918 2880
7919 2880
7920 2880
7921 2880
7922 2880
7923 2880
7924 2880
7925 2880
7926 2880
7927 2880
7928 2880
7929 2880
7930 2880
7931 2880
7932 2880
7933 2880
7934 2880
7935 2880
7936 2880
7937 2880
7938 2880
7939 2880
7940 2880
7941 2880
7942 2880
7943 2880
7944 2880
7945 2880
7946 2880
7947 2880
7948 2880
7949 2880
7950 2880
7951 2880
7952 2880
7953 2880
7954 2880
7955 2880
7956 2880
7957 2880
7958 2880
7959 2880
7960 2880
7961 2880
7962 2880
7963 2880
7964 2880
7965 2880
7966 2880
7967 2880
7968 2880
7969 2880
7970 2880
7971 2880
7972 2880
7973 2880
7974 2880
7975 2880
7976 2880
7977 2880
7978 2880
7979 2880
7980 2880
7981 2880
7982 2880
7983 2880
7984 2880
7985 2880
7986 2880
7987 2880
7988 2880
7989 2880
7990 2880
7991 2880
7992 2880
7993 2878
7994 2878
7995 2878
7996 2878
7997 2878
7998 2878
7999 2878
8000 2878
8001 2878
8002 2878
8003 2878
8004 2878
8005 2878
8006 2878
8007 2878
8008 2878
8009 2878
8010 2878
8011 2878
8012 2878
8013 2878
8014 2878
8015 2878
8016 2878
8017 2878
8018 2878
8019 2878
8020 2878
8021 2878
8022 2878
8023 2878
8024 2878
8025 2878
8026 2878
8027 2878
8028 2878
8029 2878
8030 2878
8031 2878
8032 2878
8033 2878
8034 2878
8035 2878
8036 2878
8037 2878
8038 2878
8039 2878
8040 2878
8041 2878
8042 2878
8043 2878
8044 2878
8045 2878
8046 2878
8047 2878
8048 2878
8049 2878
8050 2878
8051 2878
8052 2878
8053 2878
8054 2878
8055 2878
8056 2878
8057 2878
8058 2878
8059 2878
8060 2878
8061 2878
8062 2878
8063 2878
8064 2878
8065 2878
8066 2878
8067 2878
8068 2878
8069 2878
8070 2878
8071 2878
8072 2878
8073 2878
8074 2878
8075 2878
8076 2878
8077 2878
8078 2878
8079 2878
8080 2878
8081 2878
8082 2878
8083 2878
8084 2878
8085 2878
8086 2878
8087 2878
8088 2878
8089 2878
8090 2878
8091 2878
8092 2878
8093 2878
8094 2878
8095 2878
8096 2878
8097 2878
8098 2878
8099 2878
8100 2878
8101 2878
8102 2878
8103 2878
8104 2878
8105 2878
8106 2878
8107 2878
8108 2878
8109 2878
8110 2878
8111 2878
8112 2878
8113 2878
8114 2878
8115 2878
8116 2878
8117 2878
8118 2878
8119 2878
8120 2878
8121 2878
8122 2878
8123 2878
8124 2878
8125 2878
8126 2878
8127 2878
8128 2878
8129 2878
8130 2878
8131 2878
8132 2878
8133 2878
8134 2878
8135 2878
8136 2878
8137 2878
8138 2878
8139 2878
8140 2878
8141 2878
8142 2878
8143 2878
8144 2878
8145 2878
8146 2878
8147 2878
8148 2878
8149 2878
8150 2878
8151 2878
8152 2878
8153 2878
8154 2878
8155 2878
8156 2878
8157 2878
8158 2878
8159 2878
8160 2878
8161 2878
8162 2878
8163 2878
8164 2878
8165 2878
8166 2878
8167 2878
8168 2878
8169 2878
8170 2878
8171 2878
8172 2878
8173 2878
8174 2878
8175 2878
8176 2878
8177 2878
8178 2878
8179 2878
8180 2878
8181 2878
8182 2878
8183 2878
8184 2878
8185 2878
8186 2878
8187 2878
8188 2878
8189 2878
8190 2878
8191 2878
8192 2878
8193 2878
8194 2878
8195 2878
8196 2878
8197 2878
8198 2878
8199 2878
8200 2878
8201 2878
8202 2878
8203 2878
8204 2878
8205 2878
8206 2878
8207 2878
8208 2878
8209 2878
8210 2878
8211 2878
8212 2878
8213 2878
8214 2878
8215 2878
8216 2878
8217 2878
8218 2878
8219 2878
8220 2878
8221 2878
8222 2878
8223 2878
8224 2878
8225 2878
8226 2878
8227 2878
8228 2878
8229 2878
8230 2878
8231 2878
8232 2878
8233 2878
8234 2878
8235 2878
8236 2870
8237 2870
8238 2870
8239 2870
8240 2870
8241 2870
8242 2870
8243 2870
8244 2870
8245 2870
8246 2870
8247 2870
8248 2870
8249 2870
8250 2870
8251 2870
8252 2870
8253 2870
8254 2870
8255 2870
8256 2870
8257 2870
8258 2870
8259 2870
8260 2870
8261 2870
8262 2870
8263 2870
8264 2870
8265 2870
8266 2870
8267 2870
8268 2870
8269 2870
8270 2870
8271 2870
8272 2870
8273 2870
8274 2870
8275 2870
8276 2870
8277 2870
8278 2870
8279 2870
8280 2870
8281 2870
8282 2870
8283 2870
8284 2870
8285 2870
8286 2870
8287 2870
8288 2870
8289 2870
8290 2870
8291 2870
8292 2870
8293 2870
8294 2870
8295 2870
8296 2870
8297 2870
8298 2870
8299 2870
8300 2870
8301 2870
8302 2870
8303 2870
8304 2870
8305 2870
8306 2870
8307 2870
8308 2870
8309 2870
8310 2870
8311 2870
8312 2870
8313 2870
8314 2870
8315 2870
8316 2870
8317 2870
8318 2870
8319 2870
8320 2870
8321 2870
8322 2870
8323 2870
8324 2870
8325 2870
8326 2870
8327 2870
8328 2870
8329 2870
8330 2870
8331 2870
8332 2870
8333 2870
8334 2870
8335 2870
8336 2870
8337 2870
8338 2859
8339 2859
8340 2859
8341 2859
8342 2859
8343 2849
8344 2849
8345 2849
8346 2849
8347 2849
8348 2849
8349 2849
8350 2849
8351 2849
8352 2849
8353 2849
8354 2849
8355 2849
8356 2849
8357 2849
8358 2849
8359 2849
8360 2849
8361 2849
8362 2849
8363 2849
8364 2849
8365 2849
8366 2849
8367 2849
8368 2849
8369 2849
8370 2849
8371 2849
8372 2849
8373 2849
8374 2849
8375 2849
8376 2849
8377 2849
8378 2849
8379 2849
8380 2849
8381 2849
8382 2849
8383 2849
8384 2849
8385 2849
8386 2849
8387 2849
8388 2849
8389 2849
8390 2849
8391 2849
8392 2849
8393 2845
8394 2845
8395 2845
8396 2845
8397 2845
8398 2845
8399 2845
8400 2845
8401 2845
8402 2845
8403 2845
8404 2845
8405 2845
8406 2845
8407 2845
8408 2845
8409 2845
8410 2845
8411 2845
8412 2845
8413 2845
8414 2845
8415 2845
8416 2845
8417 2845
8418 2845
8419 2845
8420 2845
8421 2845
8422 2845
8423 2845
8424 2845
8425 2845
8426 2845
8427 2845
8428 2845
8429 2845
8430 2845
8431 2845
8432 2845
8433 2845
8434 2845
8435 2845
8436 2845
8437 2845
8438 2845
8439 2845
8440 2845
8441 2845
8442 2845
8443 2845
8444 2845
8445 2845
8446 2845
8447 2845
8448 2845
8449 2845
8450 2845
8451 2845
8452 2845
8453 2845
8454 2840
8455 2840
8456 2840
8457 2840
8458 2840
8459 2840
8460 2840
8461 2840
8462 2840
8463 2840
8464 2840
8465 2840
8466 2840
8467 2840
8468 2840
8469 2840
8470 2840
8471 2840
8472 2840
8473 2840
8474 2840
8475 2840
8476 2840
8477 2840
8478 2840
8479 2840
8480 2840
8481 2840
8482 2840
8483 2840
8484 2840
8485 2840
8486 2840
8487 2840
8488 2840
8489 2840
8490 2840
8491 2840
8492 2840
8493 2840
8494 2840
8495 2840
8496 2840
8497 2840
8498 2840
8499 2840
8500 2838
8501 2838
8502 2838
8503 2838
8504 2838
8505 2838
8506 2838
8507 2838
8508 2838
8509 2838
8510 2838
8511 2838
8512 2838
8513 2838
8514 2838
8515 2838
8516 2838
8517 2838
8518 2838
8519 2838
8520 2838
8521 2838
8522 2838
8523 2838
8524 2838
8525 2838
8526 2838
8527 2838
8528 2838
8529 2838
8530 2838
8531 2838
8532 2838
8533 2838
8534 2838
8535 2838
8536 2838
8537 2838
8538 2838
8539 2838
8540 2838
8541 2838
8542 2838
8543 2835
8544 2835
8545 2835
8546 2835
8547 2835
8548 2835
8549 2835
8550 2835
8551 2835
8552 2835
8553 2835
8554 2835
8555 2835
8556 2835
8557 2835
8558 2835
8559 2835
8560 2835
8561 2835
8562 2835
8563 2835
8564 2835
8565 2835
8566 2835
8567 2835
8568 2835
8569 2835
8570 2835
8571 2835
8572 2835
8573 2835
8574 2835
8575 2835
8576 2835
8577 2835
8578 2835
8579 2835
8580 2835
8581 2835
8582 2835
8583 2835
8584 2835
8585 2835
8586 2835
8587 2835
8588 2835
8589 2835
8590 2835
8591 2835
8592 2835
8593 2835
8594 2835
8595 2835
8596 2835
8597 2835
8598 2835
8599 2835
8600 2835
8601 2835
8602 2835
8603 2835
8604 2835
8605 2835
8606 2835
8607 2835
8608 2835
8609 2835
8610 2835
8611 2835
8612 2835
8613 2835
8614 2835
8615 2835
8616 2835
8617 2835
8618 2835
8619 2835
8620 2835
8621 2835
8622 2835
8623 2835
8624 2835
8625 2835
8626 2835
8627 2835
8628 2835
8629 2835
8630 2835
8631 2835
8632 2835
8633 2835
8634 2835
8635 2835
8636 2835
8637 2835
8638 2835
8639 2835
8640 2835
8641 2835
8642 2835
8643 2835
8644 2835
8645 2835
8646 2835
8647 2835
8648 2835
8649 2835
8650 2835
8651 2835
8652 2835
8653 2835
8654 2835
8655 2835
8656 2835
8657 2835
8658 2835
8659 2835
8660 2835
8661 2835
8662 2835
8663 2835
8664 2835
8665 2835
8666 2835
8667 2835
8668 2835
8669 2835
8670 2835
8671 2835
8672 2835
8673 2835
8674 2835
8675 2835
8676 2835
8677 2835
8678 2835
8679 2835
8680 2835
8681 2835
8682 2835
8683 2835
8684 2835
8685 2835
8686 2835
8687 2835
8688 2835
8689 2835
8690 2835
8691 2835
8692 2835
8693 2835
8694 2835
8695 2835
8696 2835
8697 2835
8698 2835
8699 2835
8700 2835
8701 2835
8702 2835
8703 2835
8704 2835
8705 2835
8706 2835
8707 2835
8708 2835
8709 2835
8710 2835
8711 2835
8712 2835
8713 2835
8714 2835
8715 2835
8716 2835
8717 2835
8718 2835
8719 2835
8720 2835
8721 2835
8722 2835
8723 2835
8724 2835
8725 2835
8726 2835
8727 2835
8728 2835
8729 2835
8730 2835
8731 2835
8732 2835
8733 2835
8734 2835
8735 2835
8736 2835
8737 2835
8738 2835
8739 2835
8740 2833
8741 2833
8742 2833
8743 2833
8744 2833
8745 2833
8746 2833
8747 2833
8748 2833
8749 2833
8750 2833
8751 2833
8752 2833
8753 2833
8754 2833
8755 2833
8756 2833
8757 2833
8758 2833
8759 2833
8760 2833
8761 2833
8762 2833
8763 2833
8764 2833
8765 2833
8766 2833
8767 2833
8768 2833
8769 2833
8770 2833
8771 2833
8772 2833
8773 2833
8774 2833
8775 2833
8776 2833
8777 2833
8778 2833
8779 2833
8780 2833
8781 2833
8782 2831
8783 2831
8784 2831
8785 2831
8786 2831
8787 2829
8788 2829
8789 2829
8790 2829
8791 2829
8792 2829
8793 2829
8794 2829
8795 2829
8796 2829
8797 2829
8798 2829
8799 2829
8800 2829
8801 2829
8802 2829
8803 2829
8804 2829
8805 2829
8806 2829
8807 2829
8808 2829
8809 2829
8810 2829
8811 2829
8812 2829
8813 2829
8814 2829
8815 2829
8816 2829
8817 2829
8818 2829
8819 2829
8820 2829
8821 2829
8822 2829
8823 2829
8824 2829
8825 2829
8826 2829
8827 2829
8828 2829
8829 2829
8830 2829
8831 2829
8832 2829
8833 2829
8834 2829
8835 2829
8836 2829
8837 2829
8838 2829
8839 2829
8840 2829
8841 2829
8842 2829
8843 2829
8844 2829
8845 2829
8846 2829
8847 2829
8848 2829
8849 2825
8850 2825
8851 2825
8852 2825
8853 2825
8854 2825
8855 2825
8856 2825
8857 2825
8858 2825
8859 2825
8860 2825
8861 2825
8862 2823
8863 2823
8864 2823
8865 2823
8866 2823
8867 2823
8868 2823
8869 2823
8870 2823
8871 2823
8872 2823
8873 2823
8874 2823
8875 2823
8876 2823
8877 2823
8878 2823
8879 2823
8880 2823
8881 2823
8882 2823
8883 2823
8884 2823
8885 2823
8886 2823
8887 2823
8888 2823
8889 2823
8890 2823
8891 2823
8892 2823
8893 2823
8894 2823
8895 2823
8896 2823
8897 2823
8898 2823
8899 2823
8900 2823
8901 2823
8902 2823
8903 2823
8904 2823
8905 2823
8906 2823
8907 2823
8908 2823
8909 2823
8910 2823
8911 2823
8912 2823
8913 2823
8914 2823
8915 2823
8916 2823
8917 2823
8918 2823
8919 2823
8920 2823
8921 2823
8922 2823
8923 2823
8924 2823
8925 2823
8926 2823
8927 2823
8928 2823
8929 2823
8930 2823
8931 2823
8932 2823
8933 2823
8934 2823
8935 2823
8936 2823
8937 2823
8938 2823
8939 2823
8940 2823
8941 2823
8942 2823
8943 2823
8944 2823
8945 2823
8946 2823
8947 2823
8948 2823
8949 2823
8950 2823
8951 2823
8952 2823
8953 2823
8954 2823
8955 2823
8956 2823
8957 2823
8958 2823
8959 2823
8960 2823
8961 2823
8962 2823
8963 2823
8964 2823
8965 2823
8966 2823
8967 2823
8968 2823
8969 2823
8970 2823
8971 2823
8972 2823
8973 2823
8974 2823
8975 2823
8976 2823
8977 2823
8978 2823
8979 2823
8980 2823
8981 2823
8982 2823
8983 2823
8984 2823
8985 2823
8986 2823
8987 2823
8988 2823
8989 2823
8990 2823
8991 2823
8992 2823
8993 2823
8994 2823
8995 2823
8996 2823
8997 2823
8998 2823
8999 2823
9000 2823
9001 2823
9002 2823
9003 2823
9004 2823
9005 2823
9006 2823
9007 2823
9008 2823
9009 2823
9010 2823
9011 2823
9012 2823
9013 2823
9014 2823
9015 2823
9016 2823
9017 2823
9018 2823
9019 2823
9020 2823
9021 2823
9022 2823
9023 2823
9024 2823
9025 2823
9026 2823
9027 2823
9028 2823
9029 2823
9030 2823
9031 2823
9032 2823
9033 2823
9034 2823
9035 2823
9036 2823
9037 2823
9038 2823
9039 2823
9040 2823
9041 2823
9042 2823
9043 2823
9044 2823
9045 2823
9046 2823
9047 2823
9048 2823
9049 2823
9050 2823
9051 2823
9052 2823
9053 2823
9054 2823
9055 2823
9056 2823
9057 2823
9058 2823
9059 2823
9060 2823
9061 2823
9062 2823
9063 2823
9064 2823
9065 2823
9066 2823
9067 2823
9068 2823
9069 2823
9070 2823
9071 2823
9072 2823
9073 2823
9074 2823
9075 2823
9076 2823
9077 2823
9078 2823
9079 2823
9080 2823
9081 2823
9082 2823
9083 2823
9084 2823
9085 2823
9086 2823
9087 2823
9088 2823
9089 2823
9090 2823
9091 2823
9092 2823
9093 2823
9094 2823
9095 2823
9096 2823
9097 2823
9098 2823
9099 2823
9100 2823
9101 2823
9102 2823
9103 2823
9104 2823
9105 2823
9106 2823
9107 2823
9108 2823
9109 2823
9110 2823
9111 2823
9112 2823
9113 2823
9114 2823
9115 2823
9116 2823
9117 2823
9118 2823
9119 2823
9120 2823
9121 2823
9122 2823
9123 2823
9124 2823
9125 2823
9126 2823
9127 2823
9128 2823
9129 2823
9130 2823
9131 2823
9132 2823
9133 2823
9134 2823
9135 2823
9136 2823
9137 2823
9138 2823
9139 2822
9140 2822
9141 2822
9142 2822
9143 2822
9144 2822
9145 2822
9146 2822
9147 2822
9148 2822
9149 2822
9150 2822
9151 2822
9152 2822
9153 2822
9154 2822
9155 2822
9156 2822
9157 2822
9158 2822
9159 2822
9160 2822
9161 2822
9162 2822
9163 2822
9164 2822
9165 2822
9166 2822
9167 2822
9168 2822
9169 2822
9170 2822
9171 2822
9172 2822
9173 2822
9174 2822
9175 2822
9176 2822
9177 2822
9178 2822
9179 2822
9180 2822
9181 2822
9182 2822
9183 2822
9184 2822
9185 2822
9186 2822
9187 2822
9188 2822
9189 2822
9190 2822
9191 2822
9192 2822
9193 2822
9194 2822
9195 2822
9196 2822
9197 2822
9198 2822
9199 2822
9200 2822
9201 2822
9202 2822
9203 2822
9204 2822
9205 2822
9206 2822
9207 2822
9208 2822
9209 2822
9210 2822
9211 2822
9212 2822
9213 2822
9214 2822
9215 2822
9216 2822
9217 2819
9218 2819
9219 2819
9220 2819
9221 2819
9222 2819
9223 2819
9224 2819
9225 2819
9226 2819
9227 2819
9228 2819
9229 2819
9230 2819
9231 2819
9232 2819
9233 2819
9234 2819
9235 2819
9236 2819
9237 2819
9238 2819
9239 2819
9240 2819
9241 2819
9242 2819
9243 2819
9244 2819
9245 2819
9246 2819
9247 2819
9248 2819
9249 2819
9250 2819
9251 2819
9252 2819
9253 2819
9254 2819
9255 2819
9256 2819
9257 2819
9258 2819
9259 2819
9260 2819
9261 2816
9262 2816
9263 2816
9264 2816
9265 2816
9266 2816
9267 2816
9268 2816
9269 2816
9270 2816
9271 2816
9272 2816
9273 2816
9274 2816
9275 2816
9276 2816
9277 2816
9278 2816
9279 2816
9280 2816
9281 2816
9282 2816
9283 2816
9284 2816
9285 2816
9286 2816
9287 2816
9288 2816
9289 2816
9290 2816
9291 2816
9292 2816
9293 2816
9294 2816
9295 2816
9296 2816
9297 2816
9298 2816
9299 2816
9300 2816
9301 2816
9302 2816
9303 2816
9304 2816
9305 2816
9306 2816
9307 2816
9308 2816
9309 2816
9310 2816
9311 2816
9312 2816
9313 2816
9314 2816
9315 2816
9316 2816
9317 2816
9318 2816
9319 2816
9320 2816
9321 2816
9322 2816
9323 2816
9324 2816
9325 2816
9326 2816
9327 2816
9328 2816
9329 2816
9330 2816
9331 2810
9332 2810
9333 2810
9334 2809
9335 2809
9336 2809
9337 2809
9338 2809
9339 2809
9340 2809
9341 2809
9342 2809
9343 2809
9344 2799
9345 2799
9346 2799
9347 2799
9348 2799
9349 2799
9350 2799
9351 2799
9352 2799
9353 2799
9354 2799
9355 2799
9356 2799
9357 2799
9358 2799
9359 2782
9360 2782
9361 2782
9362 2782
9363 2782
9364 2782
9365 2782
9366 2782
9367 2782
9368 2782
9369 2782
9370 2782
9371 2782
9372 2782
9373 2782
9374 2772
9375 2772
9376 2772
9377 2772
9378 2772
9379 2772
9380 2772
9381 2772
9382 2772
9383 2772
9384 2772
9385 2772
9386 2772
9387 2772
9388 2772
9389 2772
9390 2772
9391 2772
9392 2772
9393 2772
9394 2772
9395 2772
9396 2772
9397 2772
9398 2772
9399 2772
9400 2772
9401 2772
9402 2772
9403 2772
9404 2772
9405 2772
9406 2772
9407 2772
9408 2772
9409 2772
9410 2772
9411 2772
9412 2772
9413 2772
9414 2772
9415 2772
9416 2772
9417 2772
9418 2772
9419 2772
9420 2772
9421 2772
9422 2772
9423 2772
9424 2772
9425 2772
9426 2772
9427 2772
9428 2772
9429 2772
9430 2772
9431 2772
9432 2772
9433 2772
9434 2772
9435 2772
9436 2772
9437 2772
9438 2772
9439 2772
9440 2772
9441 2772
9442 2772
9443 2772
9444 2772
9445 2763
9446 2763
9447 2763
9448 2763
9449 2763
9450 2763
9451 2763
9452 2763
9453 2763
9454 2763
9455 2763
9456 2763
9457 2763
9458 2763
9459 2763
9460 2763
9461 2763
9462 2763
9463 2763
9464 2763
9465 2763
9466 2763
9467 2763
9468 2763
9469 2763
9470 2763
9471 2763
9472 2763
9473 2763
9474 2763
9475 2763
9476 2763
9477 2763
9478 2763
9479 2763
9480 2763
9481 2763
9482 2763
9483 2763
9484 2763
9485 2763
9486 2763
9487 2763
9488 2763
9489 2763
9490 2763
9491 2763
9492 2763
9493 2763
9494 2763
9495 2763
9496 2763
9497 2763
9498 2763
9499 2763
9500 2763
9501 2763
9502 2763
9503 2763
9504 2763
9505 2763
9506 2763
9507 2763
9508 2763
9509 2763
9510 2763
9511 2763
9512 2763
9513 2763
9514 2763
9515 2763
9516 2763
9517 2763
9518 2763
9519 2763
9520 2763
9521 2763
9522 2763
9523 2763
9524 2763
9525 2763
9526 2763
9527 2763
9528 2763
9529 2763
9530 2763
9531 2763
9532 2763
9533 2763
9534 2763
9535 2763
9536 2763
9537 2763
9538 2763
9539 2763
9540 2763
9541 2763
9542 2763
9543 2763
9544 2763
9545 2763
9546 2763
9547 2763
9548 2763
9549 2763
9550 2763
9551 2763
9552 2763
9553 2763
9554 2763
9555 2763
9556 2763
9557 2763
9558 2763
9559 2763
9560 2763
9561 2763
9562 2763
9563 2763
9564 2763
9565 2763
9566 2763
9567 2763
9568 2763
9569 2763
9570 2763
9571 2763
9572 2763
9573 2763
9574 2763
9575 2763
9576 2763
9577 2763
9578 2763
9579 2763
9580 2763
9581 2763
9582 2763
9583 2763
9584 2763
9585 2763
9586 2763
9587 2763
9588 2763
9589 2763
9590 2763
9591 2763
9592 2763
9593 2763
9594 2763
9595 2763
9596 2763
9597 2763
9598 2763
9599 2763
9600 2763
9601 2763
9602 2763
9603 2763
9604 2763
9605 2763
9606 2763
9607 2763
9608 2763
9609 2763
9610 2763
9611 2763
9612 2763
9613 2763
9614 2763
9615 2763
9616 2763
9617 2763
9618 2763
9619 2763
9620 2763
9621 2763
9622 2763
9623 2763
9624 2763
9625 2763
9626 2763
9627 2763
9628 2763
9629 2763
9630 2763
9631 2763
9632 2763
9633 2763
9634 2763
9635 2763
9636 2763
9637 2763
9638 2763
9639 2763
9640 2763
9641 2763
9642 2763
9643 2763
9644 2763
9645 2763
9646 2763
9647 2763
9648 2763
9649 2763
9650 2763
9651 2763
9652 2763
9653 2763
9654 2763
9655 2763
9656 2763
9657 2763
9658 2763
9659 2763
9660 2763
9661 2763
9662 2763
9663 2763
9664 2763
9665 2763
9666 2763
9667 2763
9668 2763
9669 2763
9670 2763
9671 2763
9672 2763
9673 2763
9674 2763
9675 2763
9676 2763
9677 2763
9678 2763
9679 2763
9680 2763
9681 2763
9682 2763
9683 2763
9684 2763
9685 2763
9686 2763
9687 2763
9688 2763
9689 2763
9690 2763
9691 2763
9692 2763
9693 2763
9694 2763
9695 2763
9696 2763
9697 2763
9698 2763
9699 2763
9700 2763
9701 2763
9702 2763
9703 2763
9704 2763
9705 2763
9706 2763
9707 2753
9708 2753
9709 2753
9710 2753
9711 2753
9712 2753
9713 2753
9714 2753
9715 2753
9716 2753
9717 2753
9718 2753
9719 2753
9720 2753
9721 2753
9722 2753
9723 2753
9724 2753
9725 2753
9726 2753
9727 2753
9728 2753
9729 2753
9730 2753
9731 2753
9732 2753
9733 2753
9734 2753
9735 2753
9736 2753
9737 2753
9738 2753
9739 2753
9740 2753
9741 2753
9742 2753
9743 2753
9744 2753
9745 2753
9746 2753
9747 2753
9748 2753
9749 2753
9750 2753
9751 2753
9752 2753
9753 2753
9754 2753
9755 2753
9756 2753
9757 2753
9758 2753
9759 2753
9760 2753
9761 2753
9762 2753
9763 2753
9764 2753
9765 2753
9766 2753
9767 2753
9768 2753
9769 2753
9770 2753
9771 2753
9772 2753
9773 2753
9774 2753
9775 2753
9776 2753
9777 2753
9778 2753
9779 2753
9780 2753
9781 2753
9782 2753
9783 2753
9784 2753
9785 2753
9786 2753
9787 2753
9788 2753
9789 2753
9790 2753
9791 2753
9792 2753
9793 2753
9794 2753
9795 2753
9796 2753
9797 2753
9798 2753
9799 2753
9800 2753
9801 2753
9802 2753
9803 2753
9804 2753
9805 2753
9806 2753
9807 2753
9808 2753
9809 2753
9810 2753
9811 2753
9812 2753
9813 2753
9814 2753
9815 2753
9816 2748
9817 2748
9818 2748
9819 2748
9820 2748
9821 2748
9822 2748
9823 2748
9824 2748
9825 2748
9826 2748
9827 2748
9828 2735
9829 2735
9830 2735
9831 2735
9832 2735
9833 2735
9834 2735
9835 2735
9836 2735
9837 2735
9838 2735
9839 2735
9840 2735
9841 2735
9842 2735
9843 2735
9844 2735
9845 2735
9846 2735
9847 2735
9848 2735
9849 2735
9850 2735
9851 2735
9852 2735
9853 2734
9854 2734
9855 2734
9856 2734
9857 2734
9858 2734
9859 2734
9860 2734
9861 2734
9862 2734
9863 2734
9864 2734
9865 2734
9866 2734
9867 2734
9868 2734
9869 2734
9870 2734
9871 2734
9872 2734
9873 2734
9874 2734
9875 2734
9876 2734
9877 2734
9878 2734
9879 2734
9880 2734
9881 2734
9882 2734
9883 2734
9884 2734
9885 2734
9886 2734
9887 2734
9888 2734
9889 2734
9890 2734
9891 2734
9892 2734
9893 2734
9894 2734
9895 2734
9896 2734
9897 2734
9898 2734
9899 2734
9900 2734
9901 2734
9902 2734
9903 2734
9904 2734
9905 2734
9906 2734
9907 2734
9908 2734
9909 2734
9910 2734
9911 2734
9912 2734
9913 2734
9914 2734
9915 2734
9916 2734
9917 2734
9918 2734
9919 2734
9920 2734
9921 2734
9922 2734
9923 2734
9924 2734
9925 2734
9926 2734
9927 2734
9928 2734
9929 2734
9930 2734
9931 2734
9932 2729
9933 2729
9934 2729
9935 2729
9936 2729
9937 2729
9938 2729
9939 2729
9940 2729
9941 2729
9942 2729
9943 2729
9944 2729
9945 2729
9946 2729
9947 2729
9948 2729
9949 2729
9950 2729
9951 2729
9952 2729
9953 2729
9954 2729
9955 2729
9956 2729
9957 2729
9958 2729
9959 2729
9960 2729
9961 2729
9962 2729
9963 2729
9964 2729
9965 2729
9966 2729
9967 2729
9968 2729
9969 2729
9970 2729
9971 2729
9972 2729
9973 2729
9974 2729
9975 2729
9976 2724
9977 2724
9978 2724
9979 2724
9980 2724
9981 2724
9982 2724
9983 2724
9984 2724
9985 2724
9986 2724
9987 2724
9988 2724
9989 2724
9990 2724
9991 2724
9992 2724
9993 2724
9994 2724
9995 2724
9996 2724
9997 2724
9998 2724
9999 2724
10000 2724
10001 2724
10002 2724
10003 2724
10004 2724
10005 2724
10006 2724
10007 2724
10008 2724
10009 2724
10010 2724
10011 2717
10012 2717
10013 2717
10014 2717
10015 2717
10016 2717
10017 2717
10018 2717
10019 2717
10020 2717
10021 2717
10022 2717
10023 2717
10024 2717
10025 2717
10026 2717
10027 2717
10028 2717
10029 2717
10030 2717
10031 2717
10032 2717
10033 2717
10034 2717
10035 2717
10036 2717
10037 2717
10038 2717
10039 2717
10040 2717
10041 2717
10042 2717
10043 2717
10044 2717
10045 2717
10046 2717
10047 2717
10048 2717
10049 2714
10050 2714
10051 2714
10052 2714
10053 2714
10054 2714
10055 2714
10056 2714
10057 2714
10058 2711
10059 2711
10060 2711
10061 2711
10062 2711
10063 2711
10064 2711
10065 2711
10066 2711
10067 2711
10068 2711
10069 2711
10070 2711
10071 2711
10072 2711
10073 2711
10074 2711
10075 2711
10076 2711
10077 2711
10078 2711
10079 2711
10080 2711
10081 2711
10082 2711
10083 2711
10084 2711
10085 2711
10086 2711
10087 2711
10088 2711
10089 2711
10090 2711
10091 2711
10092 2711
10093 2711
10094 2711
10095 2711
10096 2711
10097 2711
10098 2711
10099 2711
10100 2711
10101 2711
10102 2711
10103 2706
10104 2706
10105 2706
10106 2706
10107 2706
10108 2706
10109 2706
10110 2706
10111 2706
10112 2706
10113 2706
10114 2706
10115 2706
10116 2706
10117 2706
10118 2706
10119 2706
10120 2706
10121 2706
10122 2706
10123 2706
10124 2706
10125 2706
10126 2706
10127 2706
10128 2706
10129 2706
10130 2706
10131 2706
10132 2706
10133 2706
10134 2706
10135 2706
10136 2706
10137 2706
10138 2706
10139 2706
10140 2706
10141 2706
10142 2706
10143 2706
10144 2706
10145 2706
10146 2706
10147 2706
10148 2706
10149 2706
10150 2705
10151 2705
10152 2705
10153 2705
10154 2705
10155 2705
10156 2705
10157 2705
10158 2705
10159 2705
10160 2705
10161 2705
10162 2705
10163 2705
10164 2705
10165 2705
10166 2705
10167 2705
10168 2705
10169 2705
10170 2705
10171 2705
10172 2705
10173 2705
10174 2705
10175 2705
10176 2705
10177 2705
10178 2705
10179 2705
10180 2705
10181 2705
10182 2705
10183 2705
10184 2705
10185 2705
10186 2705
10187 2705
10188 2705
10189 2705
10190 2705
10191 2705
10192 2705
10193 2705
10194 2705
10195 2705
10196 2705
10197 2705
10198 2705
10199 2705
10200 2700
10201 2700
10202 2700
10203 2700
10204 2700
10205 2700
10206 2700
10207 2700
10208 2700
10209 2700
10210 2700
10211 2700
10212 2700
10213 2700
10214 2700
10215 2700
10216 2700
10217 2700
10218 2700
10219 2700
10220 2700
10221 2700
10222 2700
10223 2699
10224 2699
10225 2699
10226 2699
10227 2699
10228 2699
10229 2699
10230 2699
10231 2699
10232 2699
10233 2699
10234 2699
10235 2699
10236 2699
10237 2699
10238 2699
10239 2699
10240 2699
10241 2699
10242 2699
10243 2699
10244 2699
10245 2699
10246 2699
10247 2699
10248 2699
10249 2699
10250 2699
10251 2699
10252 2699
10253 2695
10254 2695
10255 2695
10256 2695
10257 2695
10258 2695
10259 2695
10260 2695
10261 2695
10262 2695
10263 2695
10264 2695
10265 2695
10266 2695
10267 2695
10268 2695
10269 2695
10270 2695
10271 2695
10272 2695
10273 2695
10274 2695
10275 2695
10276 2695
10277 2695
10278 2695
10279 2695
10280 2695
10281 2695
10282 2695
10283 2695
10284 2695
10285 2695
10286 2695
10287 2695
10288 2695
10289 2695
10290 2695
10291 2695
10292 2695
10293 2695
10294 2689
10295 2689
10296 2689
10297 2689
10298 2689
10299 2689
10300 2689
10301 2689
10302 2689
10303 2689
10304 2689
10305 2689
10306 2689
10307 2689
10308 2683
10309 2683
10310 2683
10311 2683
10312 2683
10313 2683
10314 2683
10315 2683
10316 2683
10317 2683
10318 2683
10319 2683
10320 2683
10321 2683
10322 2683
10323 2683
10324 2683
10325 2683
10326 2683
10327 2683
10328 2683
10329 2683
10330 2683
10331 2683
10332 2683
10333 2683
10334 2683
10335 2683
10336 2683
10337 2683
10338 2683
10339 2683
10340 2682
10341 2682
10342 2682
10343 2682
10344 2682
10345 2682
10346 2682
10347 2682
10348 2682
10349 2682
10350 2682
10351 2682
10352 2682
10353 2682
10354 2682
10355 2682
10356 2682
10357 2682
10358 2682
10359 2682
10360 2682
10361 2682
10362 2682
10363 2682
10364 2682
10365 2682
10366 2682
10367 2682
10368 2682
10369 2682
10370 2682
10371 2682
10372 2682
10373 2682
10374 2682
10375 2682
10376 2682
10377 2682
10378 2682
10379 2682
10380 2682
10381 2682
10382 2682
10383 2682
10384 2682
10385 2682
10386 2682
10387 2682
10388 2682
10389 2682
10390 2682
10391 2682
10392 2682
10393 2682
10394 2682
10395 2682
10396 2682
10397 2682
10398 2682
10399 2682
10400 2682
10401 2682
10402 2682
10403 2682
10404 2682
10405 2682
10406 2682
10407 2682
10408 2682
10409 2682
10410 2682
10411 2682
10412 2682
10413 2682
10414 2682
10415 2682
10416 2682
10417 2682
10418 2682
10419 2682
10420 2682
10421 2682
10422 2682
10423 2682
10424 2682
10425 2682
10426 2682
10427 2682
10428 2682
10429 2682
10430 2682
10431 2682
10432 2682
10433 2682
10434 2682
10435 2682
10436 2682
10437 2682
10438 2682
10439 2682
10440 2682
10441 2682
10442 2682
10443 2682
10444 2682
10445 2682
10446 2682
10447 2682
10448 2682
10449 2682
10450 2682
10451 2682
10452 2682
10453 2682
10454 2682
10455 2682
10456 2682
10457 2682
10458 2682
10459 2682
10460 2682
10461 2682
10462 2682
10463 2682
10464 2682
10465 2682
10466 2682
10467 2682
10468 2682
10469 2682
10470 2682
10471 2682
10472 2682
10473 2682
10474 2682
10475 2682
10476 2682
10477 2682
10478 2682
10479 2682
10480 2682
10481 2682
10482 2682
10483 2682
10484 2682
10485 2682
10486 2682
10487 2682
10488 2682
10489 2682
10490 2682
10491 2682
10492 2682
10493 2682
10494 2682
10495 2682
10496 2682
10497 2682
10498 2682
10499 2682
10500 2682
10501 2682
10502 2682
10503 2682
10504 2682
10505 2682
10506 2682
10507 2682
10508 2682
10509 2682
10510 2682
10511 2682
10512 2682
10513 2682
10514 2682
10515 2682
10516 2682
10517 2682
10518 2682
10519 2682
10520 2682
10521 2682
10522 2682
10523 2682
10524 2682
10525 2682
10526 2682
10527 2682
10528 2682
10529 2682
10530 2682
10531 2682
10532 2682
10533 2682
10534 2682
10535 2682
10536 2682
10537 2682
10538 2682
10539 2682
10540 2682
10541 2682
10542 2682
10543 2682
10544 2682
10545 2682
10546 2682
10547 2682
10548 2682
10549 2682
10550 2682
10551 2682
10552 2682
10553 2682
10554 2682
10555 2682
10556 2682
10557 2682
10558 2682
10559 2682
10560 2682
10561 2682
10562 2682
10563 2682
10564 2682
10565 2682
10566 2682
10567 2682
10568 2682
10569 2682
10570 2682
10571 2682
10572 2682
10573 2682
10574 2682
10575 2682
10576 2682
10577 2682
10578 2682
10579 2682
10580 2682
10581 2682
10582 2682
10583 2682
10584 2682
10585 2682
10586 2682
10587 2682
10588 2682
10589 2682
10590 2682
10591 2682
10592 2682
10593 2682
10594 2682
10595 2682
10596 2682
10597 2682
10598 2682
10599 2682
10600 2682
10601 2682
10602 2682
10603 2682
10604 2682
10605 2682
10606 2682
10607 2682
10608 2679
10609 2679
10610 2679
10611 2679
10612 2679
10613 2679
10614 2679
10615 2679
10616 2679
10617 2679
10618 2679
10619 2679
10620 2679
10621 2679
10622 2679
10623 2679
10624 2679
10625 2679
10626 2679
10627 2679
10628 2679
10629 2679
10630 2679
10631 2679
10632 2679
10633 2679
10634 2679
10635 2679
10636 2679
10637 2679
10638 2679
10639 2679
10640 2679
10641 2679
10642 2679
10643 2679
10644 2679
10645 2679
10646 2679
10647 2679
10648 2679
10649 2679
10650 2679
10651 2679
10652 2679
10653 2679
10654 2679
10655 2679
10656 2679
10657 2679
10658 2679
10659 2679
10660 2679
10661 2679
10662 2679
10663 2679
10664 2679
10665 2679
10666 2679
10667 2679
10668 2679
10669 2679
10670 2679
10671 2679
10672 2679
10673 2679
10674 2679
10675 2679
10676 2679
10677 2679
10678 2679
10679 2679
10680 2679
10681 2679
10682 2679
10683 2679
10684 2679
10685 2679
10686 2679
10687 2679
10688 2679
10689 2679
10690 2679
10691 2679
10692 2679
10693 2679
10694 2679
10695 2679
10696 2679
10697 2679
10698 2679
10699 2679
10700 2679
10701 2679
10702 2679
10703 2679
10704 2679
10705 2679
10706 2679
10707 2679
10708 2679
10709 2679
10710 2679
10711 2679
10712 2679
10713 2679
10714 2679
10715 2679
10716 2679
10717 2679
10718 2679
10719 2679
10720 2679
10721 2679
10722 2679
10723 2679
10724 2679
10725 2679
10726 2679
10727 2679
10728 2679
10729 2679
10730 2679
10731 2679
10732 2679
10733 2679
10734 2679
10735 2679
10736 2679
10737 2679
10738 2679
10739 2679
10740 2679
10741 2679
10742 2679
10743 2679
10744 2679
10745 2679
10746 2679
10747 2679
10748 2679
10749 2679
10750 2679
10751 2679
10752 2679
10753 2679
10754 2679
10755 2679
10756 2679
10757 2679
10758 2679
10759 2679
10760 2679
10761 2679
10762 2679
10763 2679
10764 2679
10765 2679
10766 2679
10767 2679
10768 2679
10769 2679
10770 2679
10771 2679
10772 2679
10773 2679
10774 2679
10775 2679
10776 2679
10777 2679
10778 2679
10779 2679
10780 2679
10781 2679
10782 2679
10783 2679
10784 2679
10785 2679
10786 2679
10787 2679
10788 2679
10789 2679
10790 2679
10791 2679
10792 2679
10793 2679
10794 2679
10795 2679
10796 2679
10797 2679
10798 2679
10799 2679
10800 2679
10801 2679
10802 2679
10803 2679
10804 2679
10805 2679
10806 2679
10807 2679
10808 2679
10809 2679
10810 2679
10811 2679
10812 2679
10813 2674
10814 2674
10815 2674
10816 2674
10817 2674
10818 2674
10819 2674
10820 2674
10821 2674
10822 2674
10823 2674
10824 2674
10825 2674
10826 2674
10827 2674
10828 2674
10829 2674
10830 2674
10831 2674
10832 2674
10833 2674
10834 2674
10835 2674
10836 2674
10837 2674
10838 2662
10839 2662
10840 2662
10841 2662
10842 2662
10843 2662
10844 2662
10845 2662
10846 2662
10847 2662
10848 2662
10849 2662
10850 2662
10851 2662
10852 2662
10853 2662
10854 2662
10855 2662
10856 2662
10857 2662
10858 2662
10859 2662
10860 2662
10861 2662
10862 2662
10863 2662
10864 2662
10865 2662
10866 2662
10867 2662
10868 2662
10869 2662
10870 2662
10871 2662
10872 2662
10873 2662
10874 2662
10875 2662
10876 2662
10877 2662
10878 2662
10879 2662
10880 2662
10881 2662
10882 2662
10883 2662
10884 2662
10885 2662
10886 2662
10887 2662
10888 2662
10889 2662
10890 2662
10891 2662
10892 2662
10893 2662
10894 2662
10895 2662
10896 2662
10897 2662
10898 2662
10899 2662
10900 2662
10901 2662
10902 2662
10903 2662
10904 2662
10905 2662
10906 2662
10907 2662
10908 2662
10909 2662
10910 2662
10911 2662
10912 2662
10913 2662
10914 2656
10915 2656
10916 2656
10917 2656
10918 2656
10919 2656
10920 2656
10921 2651
10922 2651
10923 2651
10924 2651
10925 2651
10926 2651
10927 2651
10928 2651
10929 2651
10930 2651
10931 2651
10932 2651
10933 2651
10934 2651
10935 2651
10936 2648
10937 2648
10938 2648
10939 2648
10940 2648
10941 2648
10942 2648
10943 2648
10944 2648
10945 2648
10946 2648
10947 2648
10948 2648
10949 2648
10950 2648
10951 2648
10952 2648
10953 2648
10954 2648
10955 2648
10956 2648
10957 2648
10958 2648
10959 2648
10960 2648
10961 2648
10962 2648
10963 2648
10964 2648
10965 2648
10966 2648
10967 2648
10968 2648
10969 2648
10970 2648
10971 2648
10972 2648
10973 2648
10974 2648
10975 2648
10976 2648
10977 2648
10978 2648
10979 2648
10980 2648
10981 2648
10982 2648
10983 2648
10984 2648
10985 2648
10986 2648
10987 2648
10988 2648
10989 2648
10990 2648
10991 2648
10992 2648
10993 2648
10994 2648
10995 2648
10996 2643
10997 2643
10998 2643
10999 2643
11000 2643
11001 2643
11002 2609
11003 2609
11004 2609
11005 2609
11006 2609
11007 2609
11008 2609
11009 2609
11010 2609
11011 2609
11012 2609
11013 2609
11014 2609
11015 2609
11016 2609
11017 2609
11018 2609
11019 2609
11020 2609
11021 2609
11022 2609
11023 2609
11024 2609
11025 2609
11026 2609
11027 2609
11028 2609
11029 2609
11030 2609
11031 2609
11032 2609
11033 2609
11034 2609
11035 2609
11036 2609
11037 2609
11038 2609
11039 2609
11040 2609
11041 2609
11042 2609
11043 2609
11044 2609
11045 2609
11046 2609
11047 2609
11048 2609
11049 2609
11050 2609
11051 2609
11052 2609
11053 2609
11054 2609
11055 2609
11056 2609
11057 2609
11058 2609
11059 2609
11060 2609
11061 2609
11062 2609
11063 2609
11064 2609
11065 2609
11066 2609
11067 2609
11068 2609
11069 2609
11070 2609
11071 2609
11072 2609
11073 2609
11074 2609
11075 2609
11076 2609
11077 2609
11078 2609
11079 2609
11080 2609
11081 2609
11082 2609
11083 2609
11084 2609
11085 2609
11086 2609
11087 2609
11088 2609
11089 2609
11090 2609
11091 2609
11092 2609
11093 2609
11094 2609
11095 2609
11096 2609
11097 2609
11098 2609
11099 2609
11100 2609
11101 2609
11102 2609
11103 2609
11104 2609
11105 2609
11106 2609
11107 2609
11108 2609
11109 2609
11110 2609
11111 2609
11112 2609
11113 2609
11114 2609
11115 2609
11116 2609
11117 2609
11118 2609
11119 2609
11120 2609
11121 2609
11122 2609
11123 2609
11124 2609
11125 2609
11126 2609
11127 2609
11128 2609
11129 2609
11130 2609
11131 2609
11132 2609
11133 2609
11134 2609
11135 2609
11136 2609
11137 2609
11138 2609
11139 2609
11140 2609
11141 2609
11142 2609
11143 2609
11144 2609
11145 2609
11146 2609
11147 2609
11148 2609
11149 2609
11150 2609
11151 2609
11152 2609
11153 2609
11154 2609
11155 2609
11156 2609
11157 2609
11158 2609
11159 2609
11160 2609
11161 2609
11162 2609
11163 2609
11164 2609
11165 2609
11166 2609
11167 2609
11168 2609
11169 2609
11170 2609
11171 2609
11172 2609
11173 2609
11174 2609
11175 2609
11176 2609
11177 2609
11178 2609
11179 2608
11180 2608
11181 2608
11182 2608
11183 2608
11184 2608
11185 2608
11186 2608
11187 2608
11188 2608
11189 2608
11190 2608
11191 2608
11192 2608
11193 2608
11194 2608
11195 2608
11196 2608
11197 2608
11198 2608
11199 2608
11200 2608
11201 2608
11202 2608
11203 2608
11204 2608
11205 2608
11206 2608
11207 2608
11208 2608
11209 2608
11210 2608
11211 2608
11212 2608
11213 2608
11214 2608
11215 2608
11216 2608
11217 2608
11218 2608
11219 2608
11220 2608
11221 2608
11222 2608
11223 2608
11224 2608
11225 2608
11226 2608
11227 2608
11228 2608
11229 2608
11230 2608
11231 2608
11232 2608
11233 2608
11234 2608
11235 2608
11236 2608
11237 2608
11238 2608
11239 2608
11240 2608
11241 2608
11242 2608
11243 2608
11244 2608
11245 2608
11246 2608
11247 2608
11248 2608
11249 2608
11250 2608
11251 2608
11252 2608
11253 2608
11254 2608
11255 2608
11256 2608
11257 2608
11258 2608
11259 2608
11260 2608
11261 2608
11262 2608
11263 2608
11264 2608
11265 2608
11266 2608
11267 2608
11268 2608
11269 2608
11270 2608
11271 2606
11272 2606
11273 2606
11274 2606
11275 2606
11276 2606
11277 2606
11278 2606
11279 2606
11280 2606
11281 2606
11282 2606
11283 2606
11284 2606
11285 2606
11286 2606
11287 2606
11288 2606
11289 2606
11290 2606
11291 2606
11292 2606
11293 2606
11294 2606
11295 2606
11296 2606
11297 2606
11298 2606
11299 2606
11300 2606
11301 2606
11302 2606
11303 2606
11304 2606
11305 2606
11306 2606
11307 2606
11308 2606
11309 2606
11310 2606
11311 2606
11312 2606
11313 2606
11314 2606
11315 2606
11316 2606
11317 2606
11318 2606
11319 2606
11320 2606
11321 2606
11322 2606
11323 2606
11324 2606
11325 2606
11326 2606
11327 2606
11328 2606
11329 2606
11330 2606
11331 2606
11332 2606
11333 2606
11334 2606
11335 2606
11336 2606
11337 2606
11338 2606
11339 2606
11340 2606
11341 2606
11342 2606
11343 2606
11344 2606
11345 2606
11346 2606
11347 2606
11348 2606
11349 2606
11350 2606
11351 2606
11352 2606
11353 2606
11354 2606
11355 2606
11356 2606
11357 2606
11358 2606
11359 2606
11360 2606
11361 2606
11362 2606
11363 2606
11364 2606
11365 2606
11366 2606
11367 2606
11368 2606
11369 2606
11370 2606
11371 2606
11372 2606
11373 2606
11374 2606
11375 2606
11376 2606
11377 2606
11378 2606
11379 2606
11380 2606
11381 2606
11382 2606
11383 2606
11384 2606
11385 2606
11386 2606
11387 2606
11388 2606
11389 2606
11390 2606
11391 2606
11392 2606
11393 2606
11394 2606
11395 2606
11396 2606
11397 2606
11398 2606
11399 2606
11400 2606
11401 2606
11402 2606
11403 2606
11404 2606
11405 2606
11406 2606
11407 2606
11408 2606
11409 2606
11410 2606
11411 2606
11412 2606
11413 2606
11414 2606
11415 2606
11416 2606
11417 2606
11418 2606
11419 2606
11420 2606
11421 2606
11422 2606
11423 2606
11424 2606
11425 2606
11426 2606
11427 2606
11428 2606
11429 2606
11430 2606
11431 2606
11432 2606
11433 2606
11434 2606
11435 2606
11436 2606
11437 2606
11438 2606
11439 2606
11440 2606
11441 2606
11442 2606
11443 2606
11444 2606
11445 2606
11446 2606
11447 2606
11448 2606
11449 2606
11450 2606
11451 2606
11452 2606
11453 2606
11454 2606
11455 2606
11456 2606
11457 2606
11458 2606
11459 2606
11460 2606
11461 2606
11462 2606
11463 2606
11464 2606
11465 2606
11466 2606
11467 2606
11468 2606
11469 2606
11470 2606
11471 2606
11472 2606
11473 2606
11474 2606
11475 2606
11476 2606
11477 2606
11478 2606
11479 2606
11480 2606
11481 2606
11482 2606
11483 2606
11484 2606
11485 2606
11486 2606
11487 2606
11488 2606
11489 2606
11490 2606
11491 2606
11492 2606
11493 2606
11494 2606
11495 2606
11496 2606
11497 2606
11498 2606
11499 2606
11500 2606
11501 2606
11502 2606
11503 2606
11504 2606
11505 2606
11506 2606
11507 2606
11508 2606
11509 2606
11510 2606
11511 2606
11512 2606
11513 2606
11514 2606
11515 2606
11516 2606
11517 2606
11518 2606
11519 2606
11520 2606
11521 2606
11522 2606
11523 2606
11524 2606
11525 2606
11526 2606
11527 2606
11528 2606
11529 2606
11530 2606
11531 2606
11532 2606
11533 2606
11534 2606
11535 2606
11536 2606
11537 2606
11538 2606
11539 2606
11540 2606
11541 2606
11542 2606
11543 2606
11544 2606
11545 2606
11546 2606
11547 2606
11548 2606
11549 2606
11550 2606
11551 2606
11552 2606
11553 2606
11554 2606
11555 2606
11556 2606
11557 2606
11558 2606
11559 2606
11560 2606
11561 2606
11562 2606
11563 2606
11564 2606
11565 2606
11566 2606
11567 2606
11568 2606
11569 2606
11570 2606
11571 2606
11572 2606
11573 2606
11574 2605
11575 2605
11576 2605
11577 2605
11578 2605
11579 2605
11580 2605
11581 2605
11582 2605
11583 2605
11584 2605
11585 2605
11586 2605
11587 2605
11588 2605
11589 2605
11590 2605
11591 2605
11592 2605
11593 2605
11594 2605
11595 2605
11596 2605
11597 2605
11598 2605
11599 2605
11600 2605
11601 2605
11602 2605
11603 2605
11604 2605
11605 2605
11606 2605
11607 2605
11608 2605
11609 2605
11610 2605
11611 2605
11612 2605
11613 2605
11614 2605
11615 2605
11616 2605
11617 2605
11618 2605
11619 2605
11620 2605
11621 2605
11622 2605
11623 2605
11624 2605
11625 2605
11626 2605
11627 2605
11628 2605
11629 2605
11630 2605
11631 2605
11632 2605
11633 2605
11634 2605
11635 2605
11636 2605
11637 2605
11638 2605
11639 2605
11640 2605
11641 2605
11642 2605
11643 2605
11644 2605
11645 2605
11646 2605
11647 2605
11648 2605
11649 2605
11650 2605
11651 2605
11652 2605
11653 2605
11654 2605
11655 2605
11656 2605
11657 2605
11658 2605
11659 2605
11660 2605
11661 2605
11662 2605
11663 2605
11664 2605
11665 2605
11666 2605
11667 2605
11668 2605
11669 2605
11670 2605
11671 2605
11672 2605
11673 2605
11674 2605
11675 2605
11676 2605
11677 2605
11678 2605
11679 2605
11680 2605
11681 2605
11682 2605
11683 2605
11684 2605
11685 2605
11686 2605
11687 2605
11688 2605
11689 2605
11690 2605
11691 2605
11692 2605
11693 2605
11694 2605
11695 2605
11696 2605
11697 2605
11698 2605
11699 2605
11700 2605
11701 2605
11702 2605
11703 2605
11704 2605
11705 2605
11706 2605
11707 2605
11708 2605
11709 2605
11710 2605
11711 2605
11712 2605
11713 2605
11714 2605
11715 2605
11716 2605
11717 2605
11718 2605
11719 2605
11720 2605
11721 2605
11722 2605
11723 2605
11724 2605
11725 2605
11726 2605
11727 2605
11728 2605
11729 2605
11730 2605
11731 2605
11732 2605
11733 2605
11734 2605
11735 2605
11736 2605
11737 2605
11738 2605
11739 2605
11740 2605
11741 2605
11742 2605
11743 2605
11744 2605
11745 2605
11746 2605
11747 2605
11748 2605
11749 2603
11750 2603
11751 2603
11752 2603
11753 2603
11754 2603
11755 2603
11756 2603
11757 2603
11758 2603
11759 2603
11760 2601
11761 2601
11762 2601
11763 2601
11764 2601
11765 2601
11766 2601
11767 2601
11768 2601
11769 2601
11770 2601
11771 2601
11772 2601
11773 2601
11774 2601
11775 2601
11776 2601
11777 2601
11778 2601
11779 2601
11780 2601
11781 2601
11782 2601
11783 2601
11784 2601
11785 2601
11786 2601
11787 2601
11788 2601
11789 2601
11790 2601
11791 2601
11792 2601
11793 2597
11794 2597
11795 2597
11796 2597
11797 2597
11798 2597
11799 2597
11800 2597
11801 2597
11802 2597
11803 2597
11804 2597
11805 2597
11806 2597
11807 2597
11808 2597
11809 2597
11810 2597
11811 2597
11812 2597
11813 2597
11814 2597
11815 2597
11816 2597
11817 2597
11818 2597
11819 2597
11820 2597
11821 2597
11822 2597
11823 2597
11824 2597
11825 2597
11826 2597
11827 2597
11828 2597
11829 2597
11830 2597
11831 2596
11832 2596
11833 2596
11834 2596
11835 2596
11836 2596
11837 2596
11838 2596
11839 2596
11840 2596
11841 2596
11842 2596
11843 2596
11844 2596
11845 2596
11846 2596
11847 2596
11848 2596
11849 2596
11850 2596
11851 2596
11852 2596
11853 2596
11854 2596
11855 2596
11856 2596
11857 2596
11858 2596
11859 2596
11860 2596
11861 2596
11862 2596
11863 2596
11864 2596
11865 2596
11866 2596
11867 2596
11868 2596
11869 2596
11870 2596
11871 2596
11872 2596
11873 2596
11874 2596
11875 2592
11876 2592
11877 2592
11878 2592
11879 2592
11880 2592
11881 2592
11882 2592
11883 2592
11884 2592
11885 2592
11886 2592
11887 2592
11888 2592
11889 2592
11890 2588
11891 2588
11892 2588
11893 2588
11894 2588
11895 2588
11896 2588
11897 2588
11898 2588
11899 2588
11900 2585
11901 2585
11902 2585
11903 2585
11904 2585
11905 2585
11906 2585
11907 2585
11908 2585
11909 2585
11910 2585
11911 2585
11912 2585
11913 2585
11914 2585
11915 2585
11916 2585
11917 2585
11918 2585
11919 2585
11920 2585
11921 2585
11922 2585
11923 2585
11924 2585
11925 2585
11926 2585
11927 2585
11928 2585
11929 2585
11930 2585
11931 2585
11932 2585
11933 2585
11934 2585
11935 2585
11936 2585
11937 2585
11938 2585
11939 2585
11940 2585
11941 2585
11942 2585
11943 2585
11944 2585
11945 2585
11946 2585
11947 2585
11948 2585
11949 2585
11950 2585
11951 2585
11952 2585
11953 2585
11954 2585
11955 2585
11956 2585
11957 2585
11958 2585
11959 2585
11960 2585
11961 2585
11962 2585
11963 2585
11964 2585
11965 2585
11966 2585
11967 2585
11968 2585
11969 2585
11970 2585
11971 2585
11972 2585
11973 2585
11974 2585
11975 2585
11976 2585
11977 2585
11978 2585
11979 2585
11980 2585
11981 2585
11982 2585
11983 2585
11984 2585
11985 2585
11986 2585
11987 2585
11988 2585
11989 2585
11990 2585
11991 2585
11992 2585
11993 2585
11994 2585
11995 2585
11996 2585
11997 2585
11998 2585
11999 2585
12000 2585
12001 2585
12002 2585
12003 2585
12004 2585
12005 2585
12006 2585
12007 2585
12008 2585
12009 2585
12010 2585
12011 2585
12012 2585
12013 2585
12014 2585
12015 2585
12016 2585
12017 2585
12018 2585
12019 2585
12020 2585
12021 2585
12022 2585
12023 2585
12024 2585
12025 2585
12026 2585
12027 2585
12028 2585
12029 2585
12030 2585
12031 2585
12032 2585
12033 2585
12034 2585
12035 2585
12036 2585
12037 2585
12038 2585
12039 2585
12040 2585
12041 2585
12042 2585
12043 2585
12044 2585
12045 2585
12046 2585
12047 2585
12048 2585
12049 2585
12050 2585
12051 2585
12052 2585
12053 2585
12054 2585
12055 2585
12056 2585
12057 2585
12058 2585
12059 2585
12060 2585
12061 2585
12062 2585
12063 2585
12064 2585
12065 2585
12066 2585
12067 2585
12068 2585
12069 2585
12070 2585
12071 2585
12072 2585
12073 2585
12074 2585
12075 2585
12076 2585
12077 2585
12078 2585
12079 2585
12080 2585
12081 2585
12082 2585
12083 2585
12084 2585
12085 2585
12086 2585
12087 2585
12088 2585
12089 2585
12090 2585
12091 2585
12092 2585
12093 2585
12094 2585
12095 2585
12096 2585
12097 2585
12098 2585
12099 2585
12100 2585
12101 2585
12102 2585
12103 2585
12104 2585
12105 2585
12106 2585
12107 2585
12108 2585
12109 2585
12110 2585
12111 2585
12112 2585
12113 2585
12114 2585
12115 2585
12116 2585
12117 2585
12118 2585
12119 2585
12120 2585
12121 2585
12122 2585
12123 2585
12124 2585
12125 2585
12126 2585
12127 2585
12128 2585
12129 2585
12130 2585
12131 2585
12132 2585
12133 2585
12134 2585
12135 2585
12136 2585
12137 2585
12138 2585
12139 2585
12140 2585
12141 2585
12142 2582
12143 2582
12144 2582
12145 2582
12146 2582
12147 2582
12148 2582
12149 2582
12150 2582
12151 2582
12152 2582
12153 2582
12154 2582
12155 2582
12156 2582
12157 2582
12158 2582
12159 2582
12160 2582
12161 2582
12162 2582
12163 2582
12164 2582
12165 2582
12166 2582
12167 2582
12168 2582
12169 2582
12170 2582
12171 2582
12172 2582
12173 2582
12174 2582
12175 2582
12176 2582
12177 2582
12178 2582
12179 2582
12180 2582
12181 2582
12182 2582
12183 2582
12184 2582
12185 2582
12186 2582
12187 2582
12188 2582
12189 2582
12190 2582
12191 2582
12192 2582
12193 2582
12194 2582
12195 2582
12196 2582
12197 2582
12198 2582
12199 2582
12200 2582
12201 2582
12202 2582
12203 2582
12204 2582
12205 2582
12206 2582
12207 2582
12208 2582
12209 2582
12210 2582
12211 2582
12212 2582
12213 2582
12214 2582
12215 2582
12216 2582
12217 2582
12218 2582
12219 2582
12220 2582
12221 2582
12222 2582
12223 2582
12224 2582
12225 2582
12226 2582
12227 2582
12228 2582
12229 2582
12230 2582
12231 2582
12232 2582
12233 2582
12234 2582
12235 2582
12236 2582
12237 2582
12238 2582
12239 2582
12240 2582
12241 2582
12242 2582
12243 2582
12244 2582
12245 2582
12246 2582
12247 2582
12248 2582
12249 2582
12250 2582
12251 2582
12252 2582
12253 2582
12254 2582
12255 2582
12256 2582
12257 2582
12258 2582
12259 2582
12260 2582
12261 2582
12262 2582
12263 2582
12264 2582
12265 2582
12266 2582
12267 2582
12268 2582
12269 2582
12270 2582
12271 2582
12272 2582
12273 2582
12274 2582
12275 2582
12276 2582
12277 2582
12278 2582
12279 2582
12280 2582
12281 2582
12282 2582
12283 2582
12284 2582
12285 2582
12286 2582
12287 2582
12288 2582
12289 2582
12290 2582
12291 2582
12292 2582
12293 2582
12294 2582
12295 2582
12296 2582
12297 2582
12298 2582
12299 2582
12300 2582
12301 2582
12302 2582
12303 2582
12304 2582
12305 2582
12306 2582
12307 2582
12308 2582
12309 2582
12310 2582
12311 2582
12312 2582
12313 2582
12314 2582
12315 2582
12316 2582
12317 2582
12318 2582
12319 2582
12320 2582
12321 2582
12322 2582
12323 2582
12324 2582
12325 2582
12326 2582
12327 2582
12328 2582
12329 2582
12330 2582
12331 2582
12332 2582
12333 2582
12334 2582
12335 2582
12336 2582
12337 2582
12338 2582
12339 2582
12340 2582
12341 2582
12342 2582
12343 2582
12344 2582
12345 2582
12346 2582
12347 2582
12348 2582
12349 2582
12350 2582
12351 2582
12352 2582
12353 2582
12354 2582
12355 2582
12356 2582
12357 2582
12358 2582
12359 2582
12360 2582
12361 2582
12362 2582
12363 2582
12364 2582
12365 2582
12366 2582
12367 2582
12368 2582
12369 2582
12370 2582
12371 2582
12372 2582
12373 2582
12374 2582
12375 2582
12376 2582
12377 2582
12378 2582
12379 2582
12380 2582
12381 2582
12382 2582
12383 2582
12384 2582
12385 2582
12386 2582
12387 2582
12388 2582
12389 2582
12390 2582
12391 2582
12392 2582
12393 2582
12394 2582
12395 2582
12396 2582
12397 2582
12398 2582
12399 2582
12400 2582
12401 2582
12402 2582
12403 2582
12404 2582
12405 2582
12406 2582
12407 2582
12408 2582
12409 2582
12410 2582
12411 2582
12412 2582
12413 2582
12414 2582
12415 2582
12416 2580
12417 2580
12418 2580
12419 2580
12420 2580
12421 2580
12422 2580
12423 2580
12424 2580
12425 2580
12426 2580
12427 2580
12428 2580
12429 2580
12430 2580
12431 2580
12432 2580
12433 2580
12434 2580
12435 2580
12436 2580
12437 2580
12438 2580
12439 2580
12440 2580
12441 2580
12442 2580
12443 2580
12444 2580
12445 2580
12446 2580
12447 2580
12448 2580
12449 2580
12450 2580
12451 2580
12452 2580
12453 2580
12454 2580
12455 2580
12456 2580
12457 2580
12458 2580
12459 2580
12460 2580
12461 2580
12462 2580
12463 2580
12464 2580
12465 2580
12466 2580
12467 2580
12468 2580
12469 2580
12470 2580
12471 2580
12472 2580
12473 2580
12474 2580
12475 2580
12476 2580
12477 2580
12478 2580
12479 2580
12480 2580
12481 2578
12482 2578
12483 2578
12484 2578
12485 2578
12486 2578
12487 2578
12488 2578
12489 2578
12490 2578
12491 2578
12492 2578
12493 2578
12494 2578
12495 2578
12496 2578
12497 2578
12498 2578
12499 2578
12500 2578
12501 2578
12502 2578
12503 2578
12504 2578
12505 2578
12506 2578
12507 2578
12508 2578
12509 2578
12510 2578
12511 2578
12512 2578
12513 2578
12514 2578
12515 2578
12516 2578
12517 2578
12518 2578
12519 2578
12520 2578
12521 2578
12522 2578
12523 2578
12524 2578
12525 2578
12526 2578
12527 2578
12528 2578
12529 2578
12530 2578
12531 2578
12532 2578
12533 2578
12534 2578
12535 2578
12536 2578
12537 2578
12538 2578
12539 2578
12540 2578
12541 2578
12542 2578
12543 2578
12544 2578
12545 2578
12546 2578
12547 2578
12548 2578
12549 2578
12550 2578
12551 2578
12552 2578
12553 2578
12554 2578
12555 2578
12556 2578
12557 2578
12558 2578
12559 2578
12560 2578
12561 2578
12562 2578
12563 2578
12564 2578
12565 2578
12566 2578
12567 2578
12568 2578
12569 2578
12570 2578
12571 2578
12572 2578
12573 2578
12574 2578
12575 2578
12576 2578
12577 2578
12578 2578
12579 2578
12580 2578
12581 2578
12582 2578
12583 2578
12584 2578
12585 2578
12586 2578
12587 2578
12588 2578
12589 2578
12590 2578
12591 2578
12592 2578
12593 2578
12594 2578
12595 2578
12596 2578
12597 2578
12598 2578
12599 2578
12600 2578
12601 2578
12602 2578
12603 2578
12604 2578
12605 2578
12606 2578
12607 2578
12608 2578
12609 2578
12610 2578
12611 2578
12612 2578
12613 2578
12614 2578
12615 2578
12616 2578
12617 2578
12618 2578
12619 2578
12620 2578
12621 2578
12622 2578
12623 2578
12624 2569
12625 2569
12626 2569
12627 2569
12628 2569
12629 2569
12630 2569
12631 2569
12632 2569
12633 2569
12634 2558
12635 2558
12636 2558
12637 2558
12638 2558
12639 2558
12640 2558
12641 2558
12642 2558
12643 2558
12644 2558
12645 2558
12646 2558
12647 2558
12648 2558
12649 2558
12650 2558
12651 2558
12652 2558
12653 2558
12654 2558
12655 2558
12656 2558
12657 2558
12658 2558
12659 2558
12660 2558
12661 2558
12662 2558
12663 2558
12664 2558
12665 2558
12666 2558
12667 2558
12668 2558
12669 2558
12670 2558
12671 2558
12672 2558
12673 2558
12674 2558
12675 2558
12676 2558
12677 2558
12678 2558
12679 2558
12680 2558
12681 2558
12682 2558
12683 2558
12684 2558
12685 2558
12686 2558
12687 2558
12688 2558
12689 2558
12690 2558
12691 2558
12692 2558
12693 2558
12694 2558
12695 2558
12696 2558
12697 2558
12698 2558
12699 2558
12700 2558
12701 2558
12702 2558
12703 2558
12704 2558
12705 2558
12706 2558
12707 2558
12708 2558
12709 2558
12710 2558
12711 2558
12712 2558
12713 2558
12714 2558
12715 2558
12716 2558
12717 2558
12718 2558
12719 2558
12720 2558
12721 2558
12722 2558
12723 2558
12724 2558
12725 2558
12726 2558
12727 2558
12728 2558
12729 2558
12730 2558
12731 2558
12732 2558
12733 2558
12734 2558
12735 2558
12736 2558
12737 2558
12738 2558
12739 2558
12740 2558
12741 2558
12742 2558
12743 2558
12744 2558
12745 2558
12746 2558
12747 2558
12748 2558
12749 2558
12750 2558
12751 2558
12752 2558
12753 2558
12754 2558
12755 2558
12756 2558
12757 2558
12758 2558
12759 2558
12760 2558
12761 2558
12762 2558
12763 2558
12764 2558
12765 2558
12766 2558
12767 2558
12768 2558
12769 2558
12770 2558
12771 2558
12772 2558
12773 2558
12774 2558
12775 2558
12776 2558
12777 2558
12778 2558
12779 2558
12780 2558
12781 2558
12782 2558
12783 2558
12784 2558
12785 2558
12786 2558
12787 2558
12788 2558
12789 2558
12790 2558
12791 2558
12792 2558
12793 2558
12794 2558
12795 2558
12796 2558
12797 2558
12798 2558
12799 2558
12800 2558
12801 2558
12802 2558
12803 2558
12804 2558
12805 2558
12806 2558
12807 2558
12808 2558
12809 2558
12810 2558
12811 2558
12812 2558
12813 2558
12814 2558
12815 2558
12816 2558
12817 2558
12818 2558
12819 2558
12820 2558
12821 2558
12822 2558
12823 2558
12824 2558
12825 2558
12826 2558
12827 2558
12828 2558
12829 2558
12830 2558
12831 2558
12832 2558
12833 2558
12834 2558
12835 2558
12836 2558
12837 2558
12838 2558
12839 2558
12840 2558
12841 2556
12842 2556
12843 2556
12844 2556
12845 2556
12846 2556
12847 2556
12848 2556
12849 2556
12850 2556
12851 2556
12852 2556
12853 2556
12854 2556
12855 2556
12856 2556
12857 2556
12858 2556
12859 2556
12860 2556
12861 2556
12862 2556
12863 2556
12864 2556
12865 2556
12866 2556
12867 2556
12868 2556
12869 2556
12870 2553
12871 2553
12872 2553
12873 2553
12874 2550
12875 2550
12876 2550
12877 2550
12878 2550
12879 2550
12880 2550
12881 2550
12882 2550
12883 2550
12884 2550
12885 2550
12886 2550
12887 2550
12888 2550
12889 2550
12890 2550
12891 2550
12892 2550
12893 2550
12894 2550
12895 2550
12896 2550
12897 2550
12898 2550
12899 2550
12900 2550
12901 2550
12902 2550
12903 2550
12904 2550
12905 2550
12906 2550
12907 2550
12908 2550
12909 2550
12910 2550
12911 2550
12912 2550
12913 2550
12914 2550
12915 2550
12916 2550
12917 2550
12918 2550
12919 2550
12920 2550
12921 2550
12922 2550
12923 2550
12924 2550
12925 2550
12926 2550
12927 2550
12928 2550
12929 2550
12930 2550
12931 2550
12932 2550
12933 2550
12934 2550
12935 2550
12936 2550
12937 2550
12938 2550
12939 2550
12940 2550
12941 2550
12942 2550
12943 2550
12944 2550
12945 2550
12946 2550
12947 2550
12948 2550
12949 2550
12950 2550
12951 2550
12952 2550
12953 2550
12954 2550
12955 2550
12956 2550
12957 2550
12958 2550
12959 2550
12960 2550
12961 2550
12962 2550
12963 2550
12964 2550
12965 2550
12966 2550
12967 2550
12968 2550
12969 2550
12970 2550
12971 2550
12972 2550
12973 2550
12974 2550
12975 2550
12976 2550
12977 2550
12978 2550
12979 2550
12980 2550
12981 2550
12982 2550
12983 2550
12984 2550
12985 2550
12986 2550
12987 2550
12988 2550
12989 2550
12990 2550
12991 2550
12992 2550
12993 2550
12994 2550
12995 2550
12996 2550
12997 2544
12998 2544
12999 2544
13000 2544
13001 2544
13002 2544
13003 2544
13004 2544
13005 2544
13006 2544
13007 2544
13008 2544
13009 2544
13010 2544
13011 2544
13012 2544
13013 2544
13014 2544
13015 2544
13016 2544
13017 2544
13018 2544
13019 2544
13020 2544
13021 2544
13022 2544
13023 2544
13024 2544
13025 2544
13026 2544
13027 2544
13028 2544
13029 2544
13030 2544
13031 2544
13032 2544
13033 2544
13034 2544
13035 2544
13036 2544
13037 2544
13038 2544
13039 2544
13040 2544
13041 2544
13042 2544
13043 2544
13044 2544
13045 2544
13046 2544
13047 2544
13048 2544
13049 2544
13050 2544
13051 2544
13052 2544
13053 2544
13054 2544
13055 2544
13056 2544
13057 2544
13058 2544
13059 2544
13060 2544
13061 2544
13062 2544
13063 2544
13064 2544
13065 2544
13066 2544
13067 2544
13068 2544
13069 2544
13070 2544
13071 2544
13072 2544
13073 2544
13074 2544
13075 2544
13076 2544
13077 2544
13078 2544
13079 2544
13080 2544
13081 2544
13082 2544
13083 2544
13084 2544
13085 2544
13086 2544
13087 2544
13088 2544
13089 2544
13090 2544
13091 2544
13092 2544
13093 2544
13094 2544
13095 2544
13096 2544
13097 2544
13098 2544
13099 2544
13100 2544
13101 2544
13102 2544
13103 2544
13104 2544
13105 2544
13106 2544
13107 2544
13108 2544
13109 2544
13110 2544
13111 2544
13112 2544
13113 2544
13114 2544
13115 2544
13116 2544
13117 2544
13118 2544
13119 2544
13120 2544
13121 2544
13122 2544
13123 2544
13124 2544
13125 2544
13126 2544
13127 2544
13128 2544
13129 2544
13130 2544
13131 2544
13132 2544
13133 2544
13134 2544
13135 2544
13136 2544
13137 2544
13138 2544
13139 2544
13140 2544
13141 2544
13142 2544
13143 2544
13144 2544
13145 2544
13146 2544
13147 2544
13148 2544
13149 2544
13150 2544
13151 2544
13152 2544
13153 2544
13154 2544
13155 2544
13156 2544
13157 2544
13158 2544
13159 2544
13160 2544
13161 2544
13162 2544
13163 2544
13164 2544
13165 2544
13166 2544
13167 2544
13168 2544
13169 2544
13170 2544
13171 2544
13172 2544
13173 2544
13174 2544
13175 2544
13176 2544
13177 2544
13178 2544
13179 2544
13180 2544
13181 2544
13182 2544
13183 2544
13184 2544
13185 2544
13186 2544
13187 2544
13188 2544
13189 2544
13190 2544
13191 2544
13192 2544
13193 2544
13194 2544
13195 2544
13196 2544
13197 2544
13198 2544
13199 2544
13200 2544
13201 2544
13202 2544
13203 2544
13204 2544
13205 2544
13206 2544
13207 2544
13208 2544
13209 2544
13210 2544
13211 2544
13212 2544
13213 2544
13214 2544
13215 2544
13216 2544
13217 2544
13218 2544
13219 2544
13220 2544
13221 2544
13222 2544
13223 2544
13224 2544
13225 2544
13226 2544
13227 2544
13228 2544
13229 2544
13230 2544
13231 2544
13232 2544
13233 2544
13234 2544
13235 2544
13236 2544
13237 2544
13238 2544
13239 2544
13240 2544
13241 2544
13242 2544
13243 2544
13244 2544
13245 2544
13246 2544
13247 2544
13248 2544
13249 2544
13250 2544
13251 2544
13252 2544
13253 2544
13254 2544
13255 2544
13256 2544
13257 2544
13258 2544
13259 2544
13260 2544
13261 2544
13262 2544
13263 2544
13264 2544
13265 2544
13266 2544
13267 2544
13268 2544
13269 2544
13270 2544
13271 2544
13272 2544
13273 2544
13274 2544
13275 2544
13276 2544
13277 2544
13278 2544
13279 2544
13280 2544
13281 2544
13282 2544
13283 2544
13284 2544
13285 2544
13286 2544
13287 2544
13288 2544
13289 2544
13290 2544
13291 2544
13292 2544
13293 2544
13294 2544
13295 2544
13296 2544
13297 2544
13298 2544
13299 2544
13300 2544
13301 2544
13302 2544
13303 2544
13304 2544
13305 2544
13306 2544
13307 2544
13308 2544
13309 2544
13310 2544
13311 2544
13312 2544
13313 2544
13314 2544
13315 2544
13316 2544
13317 2544
13318 2544
13319 2544
13320 2544
13321 2544
13322 2544
13323 2544
13324 2544
13325 2544
13326 2544
13327 2544
13328 2544
13329 2544
13330 2544
13331 2544
13332 2544
13333 2544
13334 2544
13335 2544
13336 2544
13337 2544
13338 2544
13339 2544
13340 2544
13341 2544
13342 2544
13343 2544
13344 2544
13345 2544
13346 2544
13347 2544
13348 2544
13349 2544
13350 2544
13351 2544
13352 2544
13353 2544
13354 2544
13355 2544
13356 2544
13357 2544
13358 2544
13359 2544
13360 2544
13361 2544
13362 2544
13363 2544
13364 2544
13365 2544
13366 2544
13367 2544
13368 2544
13369 2543
13370 2543
13371 2543
13372 2543
13373 2543
13374 2543
13375 2543
13376 2543
13377 2543
13378 2543
13379 2543
13380 2543
13381 2543
13382 2543
13383 2543
13384 2543
13385 2543
13386 2543
13387 2543
13388 2543
13389 2543
13390 2543
13391 2543
13392 2543
13393 2543
